col_name,file,total_rows,missing_count,non_null_count,missing_rate,line,station,feature_type,feature_id
Id,numeric,1183747,0,1183747,0.0,,,Id,
L0_S0_F0,numeric,1183747,509885,673862,0.43073815604178933,0.0,0.0,Numeric/Cat,0.0
L0_S0_F2,numeric,1183747,509885,673862,0.43073815604178933,0.0,0.0,Numeric/Cat,2.0
L0_S0_F4,numeric,1183747,509885,673862,0.43073815604178933,0.0,0.0,Numeric/Cat,4.0
L0_S0_F6,numeric,1183747,509885,673862,0.43073815604178933,0.0,0.0,Numeric/Cat,6.0
L0_S0_F8,numeric,1183747,509885,673862,0.43073815604178933,0.0,0.0,Numeric/Cat,8.0
L0_S0_F10,numeric,1183747,509885,673862,0.43073815604178933,0.0,0.0,Numeric/Cat,10.0
L0_S0_F12,numeric,1183747,509885,673862,0.43073815604178933,0.0,0.0,Numeric/Cat,12.0
L0_S0_F14,numeric,1183747,509885,673862,0.43073815604178933,0.0,0.0,Numeric/Cat,14.0
L0_S0_F16,numeric,1183747,509885,673862,0.43073815604178933,0.0,0.0,Numeric/Cat,16.0
L0_S0_F18,numeric,1183747,509885,673862,0.43073815604178933,0.0,0.0,Numeric/Cat,18.0
L0_S0_F20,numeric,1183747,509885,673862,0.43073815604178933,0.0,0.0,Numeric/Cat,20.0
L0_S0_F22,numeric,1183747,509885,673862,0.43073815604178933,0.0,0.0,Numeric/Cat,22.0
L0_S1_F24,numeric,1183747,509845,673902,0.43070436503746157,0.0,1.0,Numeric/Cat,24.0
L0_S1_F28,numeric,1183747,509843,673904,0.43070267548724517,0.0,1.0,Numeric/Cat,28.0
L0_S2_F32,numeric,1183747,843973,339774,0.7129673823882975,0.0,2.0,Numeric/Cat,32.0
L0_S2_F36,numeric,1183747,843973,339774,0.7129673823882975,0.0,2.0,Numeric/Cat,36.0
L0_S2_F40,numeric,1183747,843973,339774,0.7129673823882975,0.0,2.0,Numeric/Cat,40.0
L0_S2_F44,numeric,1183747,843973,339774,0.7129673823882975,0.0,2.0,Numeric/Cat,44.0
L0_S2_F48,numeric,1183747,843973,339774,0.7129673823882975,0.0,2.0,Numeric/Cat,48.0
L0_S2_F52,numeric,1183747,843973,339774,0.7129673823882975,0.0,2.0,Numeric/Cat,52.0
L0_S2_F56,numeric,1183747,843973,339774,0.7129673823882975,0.0,2.0,Numeric/Cat,56.0
L0_S2_F60,numeric,1183747,843973,339774,0.7129673823882975,0.0,2.0,Numeric/Cat,60.0
L0_S2_F64,numeric,1183747,843973,339774,0.7129673823882975,0.0,2.0,Numeric/Cat,64.0
L0_S3_F68,numeric,1183747,849039,334708,0.7172470130864113,0.0,3.0,Numeric/Cat,68.0
L0_S3_F72,numeric,1183747,849039,334708,0.7172470130864113,0.0,3.0,Numeric/Cat,72.0
L0_S3_F76,numeric,1183747,849039,334708,0.7172470130864113,0.0,3.0,Numeric/Cat,76.0
L0_S3_F80,numeric,1183747,849039,334708,0.7172470130864113,0.0,3.0,Numeric/Cat,80.0
L0_S3_F84,numeric,1183747,849039,334708,0.7172470130864113,0.0,3.0,Numeric/Cat,84.0
L0_S3_F88,numeric,1183747,849039,334708,0.7172470130864113,0.0,3.0,Numeric/Cat,88.0
L0_S3_F92,numeric,1183747,849039,334708,0.7172470130864113,0.0,3.0,Numeric/Cat,92.0
L0_S3_F96,numeric,1183747,849039,334708,0.7172470130864113,0.0,3.0,Numeric/Cat,96.0
L0_S3_F100,numeric,1183747,849039,334708,0.7172470130864113,0.0,3.0,Numeric/Cat,100.0
L0_S4_F104,numeric,1183747,848452,335295,0.716751130097901,0.0,4.0,Numeric/Cat,104.0
L0_S4_F109,numeric,1183747,848504,335243,0.7167950584035271,0.0,4.0,Numeric/Cat,109.0
L0_S5_F114,numeric,1183747,844235,339512,0.7131887134666445,0.0,5.0,Numeric/Cat,114.0
L0_S5_F116,numeric,1183747,844235,339512,0.7131887134666445,0.0,5.0,Numeric/Cat,116.0
L0_S6_F118,numeric,1183747,844759,338988,0.7136313756233384,0.0,6.0,Numeric/Cat,118.0
L0_S6_F122,numeric,1183747,844759,338988,0.7136313756233384,0.0,6.0,Numeric/Cat,122.0
L0_S6_F132,numeric,1183747,844759,338988,0.7136313756233384,0.0,6.0,Numeric/Cat,132.0
L0_S7_F136,numeric,1183747,848049,335698,0.7164106857292986,0.0,7.0,Numeric/Cat,136.0
L0_S7_F138,numeric,1183747,848049,335698,0.7164106857292986,0.0,7.0,Numeric/Cat,138.0
L0_S7_F142,numeric,1183747,848049,335698,0.7164106857292986,0.0,7.0,Numeric/Cat,142.0
L0_S8_F144,numeric,1183747,509866,673881,0.43072210531473365,0.0,8.0,Numeric/Cat,144.0
L0_S8_F146,numeric,1183747,509866,673881,0.43072210531473365,0.0,8.0,Numeric/Cat,146.0
L0_S8_F149,numeric,1183747,509866,673881,0.43072210531473365,0.0,8.0,Numeric/Cat,149.0
L0_S9_F155,numeric,1183747,958088,225659,0.8093688938599211,0.0,9.0,Numeric/Cat,155.0
L0_S9_F160,numeric,1183747,958069,225678,0.8093528431328654,0.0,9.0,Numeric/Cat,160.0
L0_S9_F165,numeric,1183747,958076,225671,0.8093587565586228,0.0,9.0,Numeric/Cat,165.0
L0_S9_F170,numeric,1183747,958069,225678,0.8093528431328654,0.0,9.0,Numeric/Cat,170.0
L0_S9_F175,numeric,1183747,958088,225659,0.8093688938599211,0.0,9.0,Numeric/Cat,175.0
L0_S9_F180,numeric,1183747,958088,225659,0.8093688938599211,0.0,9.0,Numeric/Cat,180.0
L0_S9_F185,numeric,1183747,958088,225659,0.8093688938599211,0.0,9.0,Numeric/Cat,185.0
L0_S9_F190,numeric,1183747,958088,225659,0.8093688938599211,0.0,9.0,Numeric/Cat,190.0
L0_S9_F195,numeric,1183747,958088,225659,0.8093688938599211,0.0,9.0,Numeric/Cat,195.0
L0_S9_F200,numeric,1183747,958088,225659,0.8093688938599211,0.0,9.0,Numeric/Cat,200.0
L0_S9_F205,numeric,1183747,958088,225659,0.8093688938599211,0.0,9.0,Numeric/Cat,205.0
L0_S9_F210,numeric,1183747,958088,225659,0.8093688938599211,0.0,9.0,Numeric/Cat,210.0
L0_S10_F219,numeric,1183747,959224,224523,0.8103285583828301,0.0,10.0,Numeric/Cat,219.0
L0_S10_F224,numeric,1183747,959207,224540,0.8103141972059908,0.0,10.0,Numeric/Cat,224.0
L0_S10_F229,numeric,1183747,959220,224527,0.8103251792823973,0.0,10.0,Numeric/Cat,229.0
L0_S10_F234,numeric,1183747,959207,224540,0.8103141972059908,0.0,10.0,Numeric/Cat,234.0
L0_S10_F239,numeric,1183747,959224,224523,0.8103285583828301,0.0,10.0,Numeric/Cat,239.0
L0_S10_F244,numeric,1183747,959224,224523,0.8103285583828301,0.0,10.0,Numeric/Cat,244.0
L0_S10_F249,numeric,1183747,959224,224523,0.8103285583828301,0.0,10.0,Numeric/Cat,249.0
L0_S10_F254,numeric,1183747,959224,224523,0.8103285583828301,0.0,10.0,Numeric/Cat,254.0
L0_S10_F259,numeric,1183747,959224,224523,0.8103285583828301,0.0,10.0,Numeric/Cat,259.0
L0_S10_F264,numeric,1183747,959224,224523,0.8103285583828301,0.0,10.0,Numeric/Cat,264.0
L0_S10_F269,numeric,1183747,959224,224523,0.8103285583828301,0.0,10.0,Numeric/Cat,269.0
L0_S10_F274,numeric,1183747,959224,224523,0.8103285583828301,0.0,10.0,Numeric/Cat,274.0
L0_S11_F282,numeric,1183747,958295,225452,0.8095437623073174,0.0,11.0,Numeric/Cat,282.0
L0_S11_F286,numeric,1183747,958295,225452,0.8095437623073174,0.0,11.0,Numeric/Cat,286.0
L0_S11_F290,numeric,1183747,958295,225452,0.8095437623073174,0.0,11.0,Numeric/Cat,290.0
L0_S11_F294,numeric,1183747,958295,225452,0.8095437623073174,0.0,11.0,Numeric/Cat,294.0
L0_S11_F298,numeric,1183747,958295,225452,0.8095437623073174,0.0,11.0,Numeric/Cat,298.0
L0_S11_F302,numeric,1183747,958295,225452,0.8095437623073174,0.0,11.0,Numeric/Cat,302.0
L0_S11_F306,numeric,1183747,958295,225452,0.8095437623073174,0.0,11.0,Numeric/Cat,306.0
L0_S11_F310,numeric,1183747,958295,225452,0.8095437623073174,0.0,11.0,Numeric/Cat,310.0
L0_S11_F314,numeric,1183747,958295,225452,0.8095437623073174,0.0,11.0,Numeric/Cat,314.0
L0_S11_F318,numeric,1183747,958295,225452,0.8095437623073174,0.0,11.0,Numeric/Cat,318.0
L0_S11_F322,numeric,1183747,958295,225452,0.8095437623073174,0.0,11.0,Numeric/Cat,322.0
L0_S11_F326,numeric,1183747,958295,225452,0.8095437623073174,0.0,11.0,Numeric/Cat,326.0
L0_S12_F330,numeric,1183747,941686,242061,0.7955128925353138,0.0,12.0,Numeric/Cat,330.0
L0_S12_F332,numeric,1183747,941686,242061,0.7955128925353138,0.0,12.0,Numeric/Cat,332.0
L0_S12_F334,numeric,1183747,941686,242061,0.7955128925353138,0.0,12.0,Numeric/Cat,334.0
L0_S12_F336,numeric,1183747,941686,242061,0.7955128925353138,0.0,12.0,Numeric/Cat,336.0
L0_S12_F338,numeric,1183747,941686,242061,0.7955128925353138,0.0,12.0,Numeric/Cat,338.0
L0_S12_F340,numeric,1183747,941686,242061,0.7955128925353138,0.0,12.0,Numeric/Cat,340.0
L0_S12_F342,numeric,1183747,941686,242061,0.7955128925353138,0.0,12.0,Numeric/Cat,342.0
L0_S12_F344,numeric,1183747,941686,242061,0.7955128925353138,0.0,12.0,Numeric/Cat,344.0
L0_S12_F346,numeric,1183747,941686,242061,0.7955128925353138,0.0,12.0,Numeric/Cat,346.0
L0_S12_F348,numeric,1183747,941686,242061,0.7955128925353138,0.0,12.0,Numeric/Cat,348.0
L0_S12_F350,numeric,1183747,941686,242061,0.7955128925353138,0.0,12.0,Numeric/Cat,350.0
L0_S12_F352,numeric,1183747,941686,242061,0.7955128925353138,0.0,12.0,Numeric/Cat,352.0
L0_S13_F354,numeric,1183747,941682,242065,0.795509513434881,0.0,13.0,Numeric/Cat,354.0
L0_S13_F356,numeric,1183747,941682,242065,0.795509513434881,0.0,13.0,Numeric/Cat,356.0
L0_S14_F358,numeric,1183747,1063122,120625,0.8980990025740297,0.0,14.0,Numeric/Cat,358.0
L0_S14_F362,numeric,1183747,1063122,120625,0.8980990025740297,0.0,14.0,Numeric/Cat,362.0
L0_S14_F366,numeric,1183747,1063122,120625,0.8980990025740297,0.0,14.0,Numeric/Cat,366.0
L0_S14_F370,numeric,1183747,1063122,120625,0.8980990025740297,0.0,14.0,Numeric/Cat,370.0
L0_S14_F374,numeric,1183747,1063122,120625,0.8980990025740297,0.0,14.0,Numeric/Cat,374.0
L0_S14_F378,numeric,1183747,1063122,120625,0.8980990025740297,0.0,14.0,Numeric/Cat,378.0
L0_S14_F382,numeric,1183747,1063122,120625,0.8980990025740297,0.0,14.0,Numeric/Cat,382.0
L0_S14_F386,numeric,1183747,1063122,120625,0.8980990025740297,0.0,14.0,Numeric/Cat,386.0
L0_S14_F390,numeric,1183747,1063122,120625,0.8980990025740297,0.0,14.0,Numeric/Cat,390.0
L0_S15_F394,numeric,1183747,1062302,121445,0.8974062869853102,0.0,15.0,Numeric/Cat,394.0
L0_S15_F397,numeric,1183747,1062302,121445,0.8974062869853102,0.0,15.0,Numeric/Cat,397.0
L0_S15_F400,numeric,1183747,1062302,121445,0.8974062869853102,0.0,15.0,Numeric/Cat,400.0
L0_S15_F403,numeric,1183747,1062302,121445,0.8974062869853102,0.0,15.0,Numeric/Cat,403.0
L0_S15_F406,numeric,1183747,1062302,121445,0.8974062869853102,0.0,15.0,Numeric/Cat,406.0
L0_S15_F409,numeric,1183747,1062302,121445,0.8974062869853102,0.0,15.0,Numeric/Cat,409.0
L0_S15_F412,numeric,1183747,1062302,121445,0.8974062869853102,0.0,15.0,Numeric/Cat,412.0
L0_S15_F415,numeric,1183747,1062302,121445,0.8974062869853102,0.0,15.0,Numeric/Cat,415.0
L0_S15_F418,numeric,1183747,1062302,121445,0.8974062869853102,0.0,15.0,Numeric/Cat,418.0
L0_S16_F421,numeric,1183747,1064608,119139,0.8993543383848069,0.0,16.0,Numeric/Cat,421.0
L0_S16_F426,numeric,1183747,1064608,119139,0.8993543383848069,0.0,16.0,Numeric/Cat,426.0
L0_S17_F431,numeric,1183747,1060720,123027,0.8960698527641464,0.0,17.0,Numeric/Cat,431.0
L0_S17_F433,numeric,1183747,1060720,123027,0.8960698527641464,0.0,17.0,Numeric/Cat,433.0
L0_S18_F435,numeric,1183747,1062666,121081,0.897713785124693,0.0,18.0,Numeric/Cat,435.0
L0_S18_F439,numeric,1183747,1062666,121081,0.897713785124693,0.0,18.0,Numeric/Cat,439.0
L0_S18_F449,numeric,1183747,1062666,121081,0.897713785124693,0.0,18.0,Numeric/Cat,449.0
L0_S19_F453,numeric,1183747,1062720,121027,0.8977594029805356,0.0,19.0,Numeric/Cat,453.0
L0_S19_F455,numeric,1183747,1062720,121027,0.8977594029805356,0.0,19.0,Numeric/Cat,455.0
L0_S19_F459,numeric,1183747,1062720,121027,0.8977594029805356,0.0,19.0,Numeric/Cat,459.0
L0_S20_F461,numeric,1183747,941636,242111,0.795470653779904,0.0,20.0,Numeric/Cat,461.0
L0_S20_F463,numeric,1183747,941636,242111,0.795470653779904,0.0,20.0,Numeric/Cat,463.0
L0_S20_F466,numeric,1183747,941636,242111,0.795470653779904,0.0,20.0,Numeric/Cat,466.0
L0_S21_F472,numeric,1183747,1102379,81368,0.9312623389964241,0.0,21.0,Numeric/Cat,472.0
L0_S21_F477,numeric,1183747,1102338,81409,0.9312277032169881,0.0,21.0,Numeric/Cat,477.0
L0_S21_F482,numeric,1183747,1102374,81373,0.9312581151208831,0.0,21.0,Numeric/Cat,482.0
L0_S21_F487,numeric,1183747,1102338,81409,0.9312277032169881,0.0,21.0,Numeric/Cat,487.0
L0_S21_F492,numeric,1183747,1102379,81368,0.9312623389964241,0.0,21.0,Numeric/Cat,492.0
L0_S21_F497,numeric,1183747,1102379,81368,0.9312623389964241,0.0,21.0,Numeric/Cat,497.0
L0_S21_F502,numeric,1183747,1102379,81368,0.9312623389964241,0.0,21.0,Numeric/Cat,502.0
L0_S21_F507,numeric,1183747,1102379,81368,0.9312623389964241,0.0,21.0,Numeric/Cat,507.0
L0_S21_F512,numeric,1183747,1102379,81368,0.9312623389964241,0.0,21.0,Numeric/Cat,512.0
L0_S21_F517,numeric,1183747,1102379,81368,0.9312623389964241,0.0,21.0,Numeric/Cat,517.0
L0_S21_F522,numeric,1183747,1102379,81368,0.9312623389964241,0.0,21.0,Numeric/Cat,522.0
L0_S21_F527,numeric,1183747,1102379,81368,0.9312623389964241,0.0,21.0,Numeric/Cat,527.0
L0_S21_F532,numeric,1183747,1102379,81368,0.9312623389964241,0.0,21.0,Numeric/Cat,532.0
L0_S21_F537,numeric,1183747,1102379,81368,0.9312623389964241,0.0,21.0,Numeric/Cat,537.0
L0_S22_F546,numeric,1183747,1103156,80591,0.9319187292554912,0.0,22.0,Numeric/Cat,546.0
L0_S22_F551,numeric,1183747,1103148,80599,0.9319119710546256,0.0,22.0,Numeric/Cat,551.0
L0_S22_F556,numeric,1183747,1103152,80595,0.9319153501550584,0.0,22.0,Numeric/Cat,556.0
L0_S22_F561,numeric,1183747,1103148,80599,0.9319119710546256,0.0,22.0,Numeric/Cat,561.0
L0_S22_F566,numeric,1183747,1103156,80591,0.9319187292554912,0.0,22.0,Numeric/Cat,566.0
L0_S22_F571,numeric,1183747,1103156,80591,0.9319187292554912,0.0,22.0,Numeric/Cat,571.0
L0_S22_F576,numeric,1183747,1103156,80591,0.9319187292554912,0.0,22.0,Numeric/Cat,576.0
L0_S22_F581,numeric,1183747,1103156,80591,0.9319187292554912,0.0,22.0,Numeric/Cat,581.0
L0_S22_F586,numeric,1183747,1103156,80591,0.9319187292554912,0.0,22.0,Numeric/Cat,586.0
L0_S22_F591,numeric,1183747,1103156,80591,0.9319187292554912,0.0,22.0,Numeric/Cat,591.0
L0_S22_F596,numeric,1183747,1103156,80591,0.9319187292554912,0.0,22.0,Numeric/Cat,596.0
L0_S22_F601,numeric,1183747,1103156,80591,0.9319187292554912,0.0,22.0,Numeric/Cat,601.0
L0_S22_F606,numeric,1183747,1103156,80591,0.9319187292554912,0.0,22.0,Numeric/Cat,606.0
L0_S22_F611,numeric,1183747,1103156,80591,0.9319187292554912,0.0,22.0,Numeric/Cat,611.0
L0_S23_F619,numeric,1183747,1103457,80290,0.9321730065630578,0.0,23.0,Numeric/Cat,619.0
L0_S23_F623,numeric,1183747,1103457,80290,0.9321730065630578,0.0,23.0,Numeric/Cat,623.0
L0_S23_F627,numeric,1183747,1103457,80290,0.9321730065630578,0.0,23.0,Numeric/Cat,627.0
L0_S23_F631,numeric,1183747,1103457,80290,0.9321730065630578,0.0,23.0,Numeric/Cat,631.0
L0_S23_F635,numeric,1183747,1103457,80290,0.9321730065630578,0.0,23.0,Numeric/Cat,635.0
L0_S23_F639,numeric,1183747,1103457,80290,0.9321730065630578,0.0,23.0,Numeric/Cat,639.0
L0_S23_F643,numeric,1183747,1103457,80290,0.9321730065630578,0.0,23.0,Numeric/Cat,643.0
L0_S23_F647,numeric,1183747,1103457,80290,0.9321730065630578,0.0,23.0,Numeric/Cat,647.0
L0_S23_F651,numeric,1183747,1103457,80290,0.9321730065630578,0.0,23.0,Numeric/Cat,651.0
L0_S23_F655,numeric,1183747,1103457,80290,0.9321730065630578,0.0,23.0,Numeric/Cat,655.0
L0_S23_F659,numeric,1183747,1103457,80290,0.9321730065630578,0.0,23.0,Numeric/Cat,659.0
L0_S23_F663,numeric,1183747,1103457,80290,0.9321730065630578,0.0,23.0,Numeric/Cat,663.0
L0_S23_F667,numeric,1183747,1103457,80290,0.9321730065630578,0.0,23.0,Numeric/Cat,667.0
L0_S23_F671,numeric,1183747,1103457,80290,0.9321730065630578,0.0,23.0,Numeric/Cat,671.0
L1_S24_F679,numeric,1183747,1159885,23862,0.9798419763682611,1.0,24.0,Numeric/Cat,679.0
L1_S24_F683,numeric,1183747,1159885,23862,0.9798419763682611,1.0,24.0,Numeric/Cat,683.0
L1_S24_F687,numeric,1183747,1159885,23862,0.9798419763682611,1.0,24.0,Numeric/Cat,687.0
L1_S24_F691,numeric,1183747,1159885,23862,0.9798419763682611,1.0,24.0,Numeric/Cat,691.0
L1_S24_F700,numeric,1183747,1159921,23826,0.9798723882721562,1.0,24.0,Numeric/Cat,700.0
L1_S24_F719,numeric,1183747,1160110,23637,0.9800320507676049,1.0,24.0,Numeric/Cat,719.0
L1_S24_F728,numeric,1183747,1159921,23826,0.9798723882721562,1.0,24.0,Numeric/Cat,728.0
L1_S24_F733,numeric,1183747,1159921,23826,0.9798723882721562,1.0,24.0,Numeric/Cat,733.0
L1_S24_F746,numeric,1183747,1160110,23637,0.9800320507676049,1.0,24.0,Numeric/Cat,746.0
L1_S24_F751,numeric,1183747,1160110,23637,0.9800320507676049,1.0,24.0,Numeric/Cat,751.0
L1_S24_F756,numeric,1183747,1160110,23637,0.9800320507676049,1.0,24.0,Numeric/Cat,756.0
L1_S24_F761,numeric,1183747,1160110,23637,0.9800320507676049,1.0,24.0,Numeric/Cat,761.0
L1_S24_F766,numeric,1183747,1160110,23637,0.9800320507676049,1.0,24.0,Numeric/Cat,766.0
L1_S24_F775,numeric,1183747,1160110,23637,0.9800320507676049,1.0,24.0,Numeric/Cat,775.0
L1_S24_F780,numeric,1183747,1160110,23637,0.9800320507676049,1.0,24.0,Numeric/Cat,780.0
L1_S24_F785,numeric,1183747,1160110,23637,0.9800320507676049,1.0,24.0,Numeric/Cat,785.0
L1_S24_F790,numeric,1183747,1160110,23637,0.9800320507676049,1.0,24.0,Numeric/Cat,790.0
L1_S24_F795,numeric,1183747,1160110,23637,0.9800320507676049,1.0,24.0,Numeric/Cat,795.0
L1_S24_F800,numeric,1183747,1159906,23841,0.9798597166455332,1.0,24.0,Numeric/Cat,800.0
L1_S24_F802,numeric,1183747,1159906,23841,0.9798597166455332,1.0,24.0,Numeric/Cat,802.0
L1_S24_F806,numeric,1183747,1159911,23836,0.9798639405210742,1.0,24.0,Numeric/Cat,806.0
L1_S24_F808,numeric,1183747,1159911,23836,0.9798639405210742,1.0,24.0,Numeric/Cat,808.0
L1_S24_F810,numeric,1183747,1159911,23836,0.9798639405210742,1.0,24.0,Numeric/Cat,810.0
L1_S24_F812,numeric,1183747,1159908,23839,0.9798614061957496,1.0,24.0,Numeric/Cat,812.0
L1_S24_F814,numeric,1183747,1159908,23839,0.9798614061957496,1.0,24.0,Numeric/Cat,814.0
L1_S24_F816,numeric,1183747,1171721,12026,0.9898407345488521,1.0,24.0,Numeric/Cat,816.0
L1_S24_F829,numeric,1183747,1171721,12026,0.9898407345488521,1.0,24.0,Numeric/Cat,829.0
L1_S24_F834,numeric,1183747,1171721,12026,0.9898407345488521,1.0,24.0,Numeric/Cat,834.0
L1_S24_F839,numeric,1183747,1171721,12026,0.9898407345488521,1.0,24.0,Numeric/Cat,839.0
L1_S24_F844,numeric,1183747,1171721,12026,0.9898407345488521,1.0,24.0,Numeric/Cat,844.0
L1_S24_F857,numeric,1183747,1171721,12026,0.9898407345488521,1.0,24.0,Numeric/Cat,857.0
L1_S24_F862,numeric,1183747,1171721,12026,0.9898407345488521,1.0,24.0,Numeric/Cat,862.0
L1_S24_F867,numeric,1183747,1171721,12026,0.9898407345488521,1.0,24.0,Numeric/Cat,867.0
L1_S24_F872,numeric,1183747,1171721,12026,0.9898407345488521,1.0,24.0,Numeric/Cat,872.0
L1_S24_F877,numeric,1183747,1171721,12026,0.9898407345488521,1.0,24.0,Numeric/Cat,877.0
L1_S24_F882,numeric,1183747,1171721,12026,0.9898407345488521,1.0,24.0,Numeric/Cat,882.0
L1_S24_F887,numeric,1183747,1171721,12026,0.9898407345488521,1.0,24.0,Numeric/Cat,887.0
L1_S24_F892,numeric,1183747,1171721,12026,0.9898407345488521,1.0,24.0,Numeric/Cat,892.0
L1_S24_F897,numeric,1183747,1171721,12026,0.9898407345488521,1.0,24.0,Numeric/Cat,897.0
L1_S24_F902,numeric,1183747,1171721,12026,0.9898407345488521,1.0,24.0,Numeric/Cat,902.0
L1_S24_F907,numeric,1183747,1171913,11834,0.9900029313696255,1.0,24.0,Numeric/Cat,907.0
L1_S24_F920,numeric,1183747,1171913,11834,0.9900029313696255,1.0,24.0,Numeric/Cat,920.0
L1_S24_F925,numeric,1183747,1171913,11834,0.9900029313696255,1.0,24.0,Numeric/Cat,925.0
L1_S24_F930,numeric,1183747,1171913,11834,0.9900029313696255,1.0,24.0,Numeric/Cat,930.0
L1_S24_F935,numeric,1183747,1171913,11834,0.9900029313696255,1.0,24.0,Numeric/Cat,935.0
L1_S24_F948,numeric,1183747,1171913,11834,0.9900029313696255,1.0,24.0,Numeric/Cat,948.0
L1_S24_F953,numeric,1183747,1171913,11834,0.9900029313696255,1.0,24.0,Numeric/Cat,953.0
L1_S24_F958,numeric,1183747,1171913,11834,0.9900029313696255,1.0,24.0,Numeric/Cat,958.0
L1_S24_F963,numeric,1183747,1171913,11834,0.9900029313696255,1.0,24.0,Numeric/Cat,963.0
L1_S24_F968,numeric,1183747,1171913,11834,0.9900029313696255,1.0,24.0,Numeric/Cat,968.0
L1_S24_F973,numeric,1183747,1171913,11834,0.9900029313696255,1.0,24.0,Numeric/Cat,973.0
L1_S24_F978,numeric,1183747,1171913,11834,0.9900029313696255,1.0,24.0,Numeric/Cat,978.0
L1_S24_F983,numeric,1183747,1171913,11834,0.9900029313696255,1.0,24.0,Numeric/Cat,983.0
L1_S24_F988,numeric,1183747,1171913,11834,0.9900029313696255,1.0,24.0,Numeric/Cat,988.0
L1_S24_F993,numeric,1183747,1171913,11834,0.9900029313696255,1.0,24.0,Numeric/Cat,993.0
L1_S24_F998,numeric,1183747,1171868,11879,0.9899649164897567,1.0,24.0,Numeric/Cat,998.0
L1_S24_F1000,numeric,1183747,1171868,11879,0.9899649164897567,1.0,24.0,Numeric/Cat,1000.0
L1_S24_F1002,numeric,1183747,1171868,11879,0.9899649164897567,1.0,24.0,Numeric/Cat,1002.0
L1_S24_F1004,numeric,1183747,1171868,11879,0.9899649164897567,1.0,24.0,Numeric/Cat,1004.0
L1_S24_F1006,numeric,1183747,1171868,11879,0.9899649164897567,1.0,24.0,Numeric/Cat,1006.0
L1_S24_F1008,numeric,1183747,1171868,11879,0.9899649164897567,1.0,24.0,Numeric/Cat,1008.0
L1_S24_F1010,numeric,1183747,1171868,11879,0.9899649164897567,1.0,24.0,Numeric/Cat,1010.0
L1_S24_F1012,numeric,1183747,1171868,11879,0.9899649164897567,1.0,24.0,Numeric/Cat,1012.0
L1_S24_F1014,numeric,1183747,1171868,11879,0.9899649164897567,1.0,24.0,Numeric/Cat,1014.0
L1_S24_F1016,numeric,1183747,1171796,11951,0.9899040926819667,1.0,24.0,Numeric/Cat,1016.0
L1_S24_F1021,numeric,1183747,1171796,11951,0.9899040926819667,1.0,24.0,Numeric/Cat,1021.0
L1_S24_F1026,numeric,1183747,1171796,11951,0.9899040926819667,1.0,24.0,Numeric/Cat,1026.0
L1_S24_F1031,numeric,1183747,1171796,11951,0.9899040926819667,1.0,24.0,Numeric/Cat,1031.0
L1_S24_F1036,numeric,1183747,1171796,11951,0.9899040926819667,1.0,24.0,Numeric/Cat,1036.0
L1_S24_F1041,numeric,1183747,1171796,11951,0.9899040926819667,1.0,24.0,Numeric/Cat,1041.0
L1_S24_F1046,numeric,1183747,1171796,11951,0.9899040926819667,1.0,24.0,Numeric/Cat,1046.0
L1_S24_F1051,numeric,1183747,1171796,11951,0.9899040926819667,1.0,24.0,Numeric/Cat,1051.0
L1_S24_F1056,numeric,1183747,1171796,11951,0.9899040926819667,1.0,24.0,Numeric/Cat,1056.0
L1_S24_F1068,numeric,1183747,1159920,23827,0.979871543497048,1.0,24.0,Numeric/Cat,1068.0
L1_S24_F1072,numeric,1183747,1159920,23827,0.979871543497048,1.0,24.0,Numeric/Cat,1072.0
L1_S24_F1079,numeric,1183747,1159920,23827,0.979871543497048,1.0,24.0,Numeric/Cat,1079.0
L1_S24_F1083,numeric,1183747,1159920,23827,0.979871543497048,1.0,24.0,Numeric/Cat,1083.0
L1_S24_F1087,numeric,1183747,1159920,23827,0.979871543497048,1.0,24.0,Numeric/Cat,1087.0
L1_S24_F1094,numeric,1183747,1159920,23827,0.979871543497048,1.0,24.0,Numeric/Cat,1094.0
L1_S24_F1098,numeric,1183747,1159920,23827,0.979871543497048,1.0,24.0,Numeric/Cat,1098.0
L1_S24_F1102,numeric,1183747,1159920,23827,0.979871543497048,1.0,24.0,Numeric/Cat,1102.0
L1_S24_F1106,numeric,1183747,1159920,23827,0.979871543497048,1.0,24.0,Numeric/Cat,1106.0
L1_S24_F1110,numeric,1183747,1159920,23827,0.979871543497048,1.0,24.0,Numeric/Cat,1110.0
L1_S24_F1118,numeric,1183747,1156545,27202,0.9770204275068912,1.0,24.0,Numeric/Cat,1118.0
L1_S24_F1122,numeric,1183747,1156545,27202,0.9770204275068912,1.0,24.0,Numeric/Cat,1122.0
L1_S24_F1126,numeric,1183747,1156545,27202,0.9770204275068912,1.0,24.0,Numeric/Cat,1126.0
L1_S24_F1130,numeric,1183747,1156545,27202,0.9770204275068912,1.0,24.0,Numeric/Cat,1130.0
L1_S24_F1134,numeric,1183747,1156570,27177,0.9770415468845961,1.0,24.0,Numeric/Cat,1134.0
L1_S24_F1145,numeric,1183747,1156570,27177,0.9770415468845961,1.0,24.0,Numeric/Cat,1145.0
L1_S24_F1148,numeric,1183747,1156570,27177,0.9770415468845961,1.0,24.0,Numeric/Cat,1148.0
L1_S24_F1161,numeric,1183747,1156546,27201,0.9770212722819994,1.0,24.0,Numeric/Cat,1161.0
L1_S24_F1166,numeric,1183747,1156550,27197,0.9770246513824322,1.0,24.0,Numeric/Cat,1166.0
L1_S24_F1170,numeric,1183747,1156550,27197,0.9770246513824322,1.0,24.0,Numeric/Cat,1170.0
L1_S24_F1172,numeric,1183747,1156550,27197,0.9770246513824322,1.0,24.0,Numeric/Cat,1172.0
L1_S24_F1174,numeric,1183747,1156550,27197,0.9770246513824322,1.0,24.0,Numeric/Cat,1174.0
L1_S24_F1176,numeric,1183747,1156550,27197,0.9770246513824322,1.0,24.0,Numeric/Cat,1176.0
L1_S24_F1180,numeric,1183747,1156550,27197,0.9770246513824322,1.0,24.0,Numeric/Cat,1180.0
L1_S24_F1184,numeric,1183747,1170106,13641,0.9884764227491178,1.0,24.0,Numeric/Cat,1184.0
L1_S24_F1197,numeric,1183747,1170106,13641,0.9884764227491178,1.0,24.0,Numeric/Cat,1197.0
L1_S24_F1202,numeric,1183747,1170106,13641,0.9884764227491178,1.0,24.0,Numeric/Cat,1202.0
L1_S24_F1207,numeric,1183747,1170106,13641,0.9884764227491178,1.0,24.0,Numeric/Cat,1207.0
L1_S24_F1212,numeric,1183747,1170106,13641,0.9884764227491178,1.0,24.0,Numeric/Cat,1212.0
L1_S24_F1225,numeric,1183747,1170106,13641,0.9884764227491178,1.0,24.0,Numeric/Cat,1225.0
L1_S24_F1230,numeric,1183747,1170106,13641,0.9884764227491178,1.0,24.0,Numeric/Cat,1230.0
L1_S24_F1235,numeric,1183747,1170106,13641,0.9884764227491178,1.0,24.0,Numeric/Cat,1235.0
L1_S24_F1240,numeric,1183747,1170106,13641,0.9884764227491178,1.0,24.0,Numeric/Cat,1240.0
L1_S24_F1245,numeric,1183747,1170106,13641,0.9884764227491178,1.0,24.0,Numeric/Cat,1245.0
L1_S24_F1250,numeric,1183747,1170106,13641,0.9884764227491178,1.0,24.0,Numeric/Cat,1250.0
L1_S24_F1255,numeric,1183747,1170106,13641,0.9884764227491178,1.0,24.0,Numeric/Cat,1255.0
L1_S24_F1260,numeric,1183747,1170106,13641,0.9884764227491178,1.0,24.0,Numeric/Cat,1260.0
L1_S24_F1265,numeric,1183747,1170106,13641,0.9884764227491178,1.0,24.0,Numeric/Cat,1265.0
L1_S24_F1270,numeric,1183747,1170106,13641,0.9884764227491178,1.0,24.0,Numeric/Cat,1270.0
L1_S24_F1275,numeric,1183747,1170184,13563,0.988542315207557,1.0,24.0,Numeric/Cat,1275.0
L1_S24_F1288,numeric,1183747,1170184,13563,0.988542315207557,1.0,24.0,Numeric/Cat,1288.0
L1_S24_F1293,numeric,1183747,1170184,13563,0.988542315207557,1.0,24.0,Numeric/Cat,1293.0
L1_S24_F1298,numeric,1183747,1170184,13563,0.988542315207557,1.0,24.0,Numeric/Cat,1298.0
L1_S24_F1303,numeric,1183747,1170184,13563,0.988542315207557,1.0,24.0,Numeric/Cat,1303.0
L1_S24_F1316,numeric,1183747,1170184,13563,0.988542315207557,1.0,24.0,Numeric/Cat,1316.0
L1_S24_F1321,numeric,1183747,1170184,13563,0.988542315207557,1.0,24.0,Numeric/Cat,1321.0
L1_S24_F1326,numeric,1183747,1170184,13563,0.988542315207557,1.0,24.0,Numeric/Cat,1326.0
L1_S24_F1331,numeric,1183747,1170184,13563,0.988542315207557,1.0,24.0,Numeric/Cat,1331.0
L1_S24_F1336,numeric,1183747,1170184,13563,0.988542315207557,1.0,24.0,Numeric/Cat,1336.0
L1_S24_F1341,numeric,1183747,1170184,13563,0.988542315207557,1.0,24.0,Numeric/Cat,1341.0
L1_S24_F1346,numeric,1183747,1170184,13563,0.988542315207557,1.0,24.0,Numeric/Cat,1346.0
L1_S24_F1351,numeric,1183747,1170184,13563,0.988542315207557,1.0,24.0,Numeric/Cat,1351.0
L1_S24_F1356,numeric,1183747,1170184,13563,0.988542315207557,1.0,24.0,Numeric/Cat,1356.0
L1_S24_F1361,numeric,1183747,1170184,13563,0.988542315207557,1.0,24.0,Numeric/Cat,1361.0
L1_S24_F1366,numeric,1183747,1170187,13560,0.9885448495328816,1.0,24.0,Numeric/Cat,1366.0
L1_S24_F1371,numeric,1183747,1170187,13560,0.9885448495328816,1.0,24.0,Numeric/Cat,1371.0
L1_S24_F1376,numeric,1183747,1170187,13560,0.9885448495328816,1.0,24.0,Numeric/Cat,1376.0
L1_S24_F1381,numeric,1183747,1170187,13560,0.9885448495328816,1.0,24.0,Numeric/Cat,1381.0
L1_S24_F1386,numeric,1183747,1170187,13560,0.9885448495328816,1.0,24.0,Numeric/Cat,1386.0
L1_S24_F1391,numeric,1183747,1170187,13560,0.9885448495328816,1.0,24.0,Numeric/Cat,1391.0
L1_S24_F1396,numeric,1183747,1170187,13560,0.9885448495328816,1.0,24.0,Numeric/Cat,1396.0
L1_S24_F1401,numeric,1183747,1170187,13560,0.9885448495328816,1.0,24.0,Numeric/Cat,1401.0
L1_S24_F1406,numeric,1183747,1170187,13560,0.9885448495328816,1.0,24.0,Numeric/Cat,1406.0
L1_S24_F1411,numeric,1183747,1170151,13596,0.9885144376289866,1.0,24.0,Numeric/Cat,1411.0
L1_S24_F1416,numeric,1183747,1170151,13596,0.9885144376289866,1.0,24.0,Numeric/Cat,1416.0
L1_S24_F1421,numeric,1183747,1170151,13596,0.9885144376289866,1.0,24.0,Numeric/Cat,1421.0
L1_S24_F1426,numeric,1183747,1170151,13596,0.9885144376289866,1.0,24.0,Numeric/Cat,1426.0
L1_S24_F1431,numeric,1183747,1170151,13596,0.9885144376289866,1.0,24.0,Numeric/Cat,1431.0
L1_S24_F1436,numeric,1183747,1170151,13596,0.9885144376289866,1.0,24.0,Numeric/Cat,1436.0
L1_S24_F1441,numeric,1183747,1170151,13596,0.9885144376289866,1.0,24.0,Numeric/Cat,1441.0
L1_S24_F1446,numeric,1183747,1170151,13596,0.9885144376289866,1.0,24.0,Numeric/Cat,1446.0
L1_S24_F1451,numeric,1183747,1170151,13596,0.9885144376289866,1.0,24.0,Numeric/Cat,1451.0
L1_S24_F1463,numeric,1183747,1156595,27152,0.977062666262301,1.0,24.0,Numeric/Cat,1463.0
L1_S24_F1467,numeric,1183747,1156595,27152,0.977062666262301,1.0,24.0,Numeric/Cat,1467.0
L1_S24_F1474,numeric,1183747,1156595,27152,0.977062666262301,1.0,24.0,Numeric/Cat,1474.0
L1_S24_F1478,numeric,1183747,1156595,27152,0.977062666262301,1.0,24.0,Numeric/Cat,1478.0
L1_S24_F1482,numeric,1183747,1156595,27152,0.977062666262301,1.0,24.0,Numeric/Cat,1482.0
L1_S24_F1486,numeric,1183747,1156595,27152,0.977062666262301,1.0,24.0,Numeric/Cat,1486.0
L1_S24_F1490,numeric,1183747,1156595,27152,0.977062666262301,1.0,24.0,Numeric/Cat,1490.0
L1_S24_F1494,numeric,1183747,1156595,27152,0.977062666262301,1.0,24.0,Numeric/Cat,1494.0
L1_S24_F1498,numeric,1183747,1156595,27152,0.977062666262301,1.0,24.0,Numeric/Cat,1498.0
L1_S24_F1502,numeric,1183747,1156595,27152,0.977062666262301,1.0,24.0,Numeric/Cat,1502.0
L1_S24_F1506,numeric,1183747,1156595,27152,0.977062666262301,1.0,24.0,Numeric/Cat,1506.0
L1_S24_F1512,numeric,1183747,1050840,132907,0.887723474695184,1.0,24.0,Numeric/Cat,1512.0
L1_S24_F1514,numeric,1183747,1050840,132907,0.887723474695184,1.0,24.0,Numeric/Cat,1514.0
L1_S24_F1516,numeric,1183747,1050840,132907,0.887723474695184,1.0,24.0,Numeric/Cat,1516.0
L1_S24_F1518,numeric,1183747,1050840,132907,0.887723474695184,1.0,24.0,Numeric/Cat,1518.0
L1_S24_F1520,numeric,1183747,1051175,132572,0.8880064743564292,1.0,24.0,Numeric/Cat,1520.0
L1_S24_F1539,numeric,1183747,1051175,132572,0.8880064743564292,1.0,24.0,Numeric/Cat,1539.0
L1_S24_F1544,numeric,1183747,1051175,132572,0.8880064743564292,1.0,24.0,Numeric/Cat,1544.0
L1_S24_F1565,numeric,1183747,1050839,132908,0.8877226299200758,1.0,24.0,Numeric/Cat,1565.0
L1_S24_F1567,numeric,1183747,1050838,132909,0.8877217851449676,1.0,24.0,Numeric/Cat,1567.0
L1_S24_F1569,numeric,1183747,1050841,132906,0.8877243194702922,1.0,24.0,Numeric/Cat,1569.0
L1_S24_F1571,numeric,1183747,1050841,132906,0.8877243194702922,1.0,24.0,Numeric/Cat,1571.0
L1_S24_F1573,numeric,1183747,1050841,132906,0.8877243194702922,1.0,24.0,Numeric/Cat,1573.0
L1_S24_F1575,numeric,1183747,1050841,132906,0.8877243194702922,1.0,24.0,Numeric/Cat,1575.0
L1_S24_F1578,numeric,1183747,1050841,132906,0.8877243194702922,1.0,24.0,Numeric/Cat,1578.0
L1_S24_F1581,numeric,1183747,1117164,66583,0.9437523389710808,1.0,24.0,Numeric/Cat,1581.0
L1_S24_F1594,numeric,1183747,1117164,66583,0.9437523389710808,1.0,24.0,Numeric/Cat,1594.0
L1_S24_F1599,numeric,1183747,1117164,66583,0.9437523389710808,1.0,24.0,Numeric/Cat,1599.0
L1_S24_F1604,numeric,1183747,1117164,66583,0.9437523389710808,1.0,24.0,Numeric/Cat,1604.0
L1_S24_F1609,numeric,1183747,1117164,66583,0.9437523389710808,1.0,24.0,Numeric/Cat,1609.0
L1_S24_F1622,numeric,1183747,1117164,66583,0.9437523389710808,1.0,24.0,Numeric/Cat,1622.0
L1_S24_F1627,numeric,1183747,1117164,66583,0.9437523389710808,1.0,24.0,Numeric/Cat,1627.0
L1_S24_F1632,numeric,1183747,1117164,66583,0.9437523389710808,1.0,24.0,Numeric/Cat,1632.0
L1_S24_F1637,numeric,1183747,1117164,66583,0.9437523389710808,1.0,24.0,Numeric/Cat,1637.0
L1_S24_F1642,numeric,1183747,1117164,66583,0.9437523389710808,1.0,24.0,Numeric/Cat,1642.0
L1_S24_F1647,numeric,1183747,1117164,66583,0.9437523389710808,1.0,24.0,Numeric/Cat,1647.0
L1_S24_F1652,numeric,1183747,1117164,66583,0.9437523389710808,1.0,24.0,Numeric/Cat,1652.0
L1_S24_F1657,numeric,1183747,1117164,66583,0.9437523389710808,1.0,24.0,Numeric/Cat,1657.0
L1_S24_F1662,numeric,1183747,1117164,66583,0.9437523389710808,1.0,24.0,Numeric/Cat,1662.0
L1_S24_F1667,numeric,1183747,1117164,66583,0.9437523389710808,1.0,24.0,Numeric/Cat,1667.0
L1_S24_F1672,numeric,1183747,1117247,66500,0.9438224553050609,1.0,24.0,Numeric/Cat,1672.0
L1_S24_F1685,numeric,1183747,1117247,66500,0.9438224553050609,1.0,24.0,Numeric/Cat,1685.0
L1_S24_F1690,numeric,1183747,1117247,66500,0.9438224553050609,1.0,24.0,Numeric/Cat,1690.0
L1_S24_F1695,numeric,1183747,1117247,66500,0.9438224553050609,1.0,24.0,Numeric/Cat,1695.0
L1_S24_F1700,numeric,1183747,1117247,66500,0.9438224553050609,1.0,24.0,Numeric/Cat,1700.0
L1_S24_F1713,numeric,1183747,1117247,66500,0.9438224553050609,1.0,24.0,Numeric/Cat,1713.0
L1_S24_F1718,numeric,1183747,1117247,66500,0.9438224553050609,1.0,24.0,Numeric/Cat,1718.0
L1_S24_F1723,numeric,1183747,1117247,66500,0.9438224553050609,1.0,24.0,Numeric/Cat,1723.0
L1_S24_F1728,numeric,1183747,1117247,66500,0.9438224553050609,1.0,24.0,Numeric/Cat,1728.0
L1_S24_F1733,numeric,1183747,1117247,66500,0.9438224553050609,1.0,24.0,Numeric/Cat,1733.0
L1_S24_F1738,numeric,1183747,1117247,66500,0.9438224553050609,1.0,24.0,Numeric/Cat,1738.0
L1_S24_F1743,numeric,1183747,1117247,66500,0.9438224553050609,1.0,24.0,Numeric/Cat,1743.0
L1_S24_F1748,numeric,1183747,1117247,66500,0.9438224553050609,1.0,24.0,Numeric/Cat,1748.0
L1_S24_F1753,numeric,1183747,1117247,66500,0.9438224553050609,1.0,24.0,Numeric/Cat,1753.0
L1_S24_F1758,numeric,1183747,1117247,66500,0.9438224553050609,1.0,24.0,Numeric/Cat,1758.0
L1_S24_F1763,numeric,1183747,1117263,66484,0.9438359717067921,1.0,24.0,Numeric/Cat,1763.0
L1_S24_F1768,numeric,1183747,1117276,66471,0.9438469537831986,1.0,24.0,Numeric/Cat,1768.0
L1_S24_F1773,numeric,1183747,1117263,66484,0.9438359717067921,1.0,24.0,Numeric/Cat,1773.0
L1_S24_F1778,numeric,1183747,1117263,66484,0.9438359717067921,1.0,24.0,Numeric/Cat,1778.0
L1_S24_F1783,numeric,1183747,1117263,66484,0.9438359717067921,1.0,24.0,Numeric/Cat,1783.0
L1_S24_F1788,numeric,1183747,1117263,66484,0.9438359717067921,1.0,24.0,Numeric/Cat,1788.0
L1_S24_F1793,numeric,1183747,1117263,66484,0.9438359717067921,1.0,24.0,Numeric/Cat,1793.0
L1_S24_F1798,numeric,1183747,1117263,66484,0.9438359717067921,1.0,24.0,Numeric/Cat,1798.0
L1_S24_F1803,numeric,1183747,1117263,66484,0.9438359717067921,1.0,24.0,Numeric/Cat,1803.0
L1_S24_F1808,numeric,1183747,1117281,66466,0.9438511776587396,1.0,24.0,Numeric/Cat,1808.0
L1_S24_F1810,numeric,1183747,1117281,66466,0.9438511776587396,1.0,24.0,Numeric/Cat,1810.0
L1_S24_F1812,numeric,1183747,1117281,66466,0.9438511776587396,1.0,24.0,Numeric/Cat,1812.0
L1_S24_F1814,numeric,1183747,1117281,66466,0.9438511776587396,1.0,24.0,Numeric/Cat,1814.0
L1_S24_F1816,numeric,1183747,1117281,66466,0.9438511776587396,1.0,24.0,Numeric/Cat,1816.0
L1_S24_F1818,numeric,1183747,1117281,66466,0.9438511776587396,1.0,24.0,Numeric/Cat,1818.0
L1_S24_F1820,numeric,1183747,1117281,66466,0.9438511776587396,1.0,24.0,Numeric/Cat,1820.0
L1_S24_F1822,numeric,1183747,1117281,66466,0.9438511776587396,1.0,24.0,Numeric/Cat,1822.0
L1_S24_F1824,numeric,1183747,1117281,66466,0.9438511776587396,1.0,24.0,Numeric/Cat,1824.0
L1_S24_F1829,numeric,1183747,1050825,132922,0.8877108030685611,1.0,24.0,Numeric/Cat,1829.0
L1_S24_F1831,numeric,1183747,1050825,132922,0.8877108030685611,1.0,24.0,Numeric/Cat,1831.0
L1_S24_F1834,numeric,1183747,1050825,132922,0.8877108030685611,1.0,24.0,Numeric/Cat,1834.0
L1_S24_F1836,numeric,1183747,1050825,132922,0.8877108030685611,1.0,24.0,Numeric/Cat,1836.0
L1_S24_F1838,numeric,1183747,1050825,132922,0.8877108030685611,1.0,24.0,Numeric/Cat,1838.0
L1_S24_F1840,numeric,1183747,1050825,132922,0.8877108030685611,1.0,24.0,Numeric/Cat,1840.0
L1_S24_F1842,numeric,1183747,1050825,132922,0.8877108030685611,1.0,24.0,Numeric/Cat,1842.0
L1_S24_F1844,numeric,1183747,1050825,132922,0.8877108030685611,1.0,24.0,Numeric/Cat,1844.0
L1_S24_F1846,numeric,1183747,1050825,132922,0.8877108030685611,1.0,24.0,Numeric/Cat,1846.0
L1_S24_F1848,numeric,1183747,1050825,132922,0.8877108030685611,1.0,24.0,Numeric/Cat,1848.0
L1_S24_F1850,numeric,1183747,1050825,132922,0.8877108030685611,1.0,24.0,Numeric/Cat,1850.0
L1_S25_F1855,numeric,1183747,1128281,55466,0.9531437038488799,1.0,25.0,Numeric/Cat,1855.0
L1_S25_F1858,numeric,1183747,1128281,55466,0.9531437038488799,1.0,25.0,Numeric/Cat,1858.0
L1_S25_F1865,numeric,1183747,1128458,55289,0.9532932290430303,1.0,25.0,Numeric/Cat,1865.0
L1_S25_F1869,numeric,1183747,1128458,55289,0.9532932290430303,1.0,25.0,Numeric/Cat,1869.0
L1_S25_F1873,numeric,1183747,1128458,55289,0.9532932290430303,1.0,25.0,Numeric/Cat,1873.0
L1_S25_F1877,numeric,1183747,1128458,55289,0.9532932290430303,1.0,25.0,Numeric/Cat,1877.0
L1_S25_F1881,numeric,1183747,1128452,55295,0.9532881603923812,1.0,25.0,Numeric/Cat,1881.0
L1_S25_F1885,numeric,1183747,1128329,55418,0.9531842530540732,1.0,25.0,Numeric/Cat,1885.0
L1_S25_F1890,numeric,1183747,1128338,55409,0.953191856030047,1.0,25.0,Numeric/Cat,1890.0
L1_S25_F1892,numeric,1183747,1128338,55409,0.953191856030047,1.0,25.0,Numeric/Cat,1892.0
L1_S25_F1894,numeric,1183747,1128338,55409,0.953191856030047,1.0,25.0,Numeric/Cat,1894.0
L1_S25_F1896,numeric,1183747,1128986,54761,0.953739270300157,1.0,25.0,Numeric/Cat,1896.0
L1_S25_F1900,numeric,1183747,1155768,27979,0.9763640372478241,1.0,25.0,Numeric/Cat,1900.0
L1_S25_F1909,numeric,1183747,1155768,27979,0.9763640372478241,1.0,25.0,Numeric/Cat,1909.0
L1_S25_F1914,numeric,1183747,1155768,27979,0.9763640372478241,1.0,25.0,Numeric/Cat,1914.0
L1_S25_F1919,numeric,1183747,1155768,27979,0.9763640372478241,1.0,25.0,Numeric/Cat,1919.0
L1_S25_F1924,numeric,1183747,1155768,27979,0.9763640372478241,1.0,25.0,Numeric/Cat,1924.0
L1_S25_F1929,numeric,1183747,1155768,27979,0.9763640372478241,1.0,25.0,Numeric/Cat,1929.0
L1_S25_F1938,numeric,1183747,1155768,27979,0.9763640372478241,1.0,25.0,Numeric/Cat,1938.0
L1_S25_F1943,numeric,1183747,1155768,27979,0.9763640372478241,1.0,25.0,Numeric/Cat,1943.0
L1_S25_F1948,numeric,1183747,1155768,27979,0.9763640372478241,1.0,25.0,Numeric/Cat,1948.0
L1_S25_F1953,numeric,1183747,1155768,27979,0.9763640372478241,1.0,25.0,Numeric/Cat,1953.0
L1_S25_F1958,numeric,1183747,1155768,27979,0.9763640372478241,1.0,25.0,Numeric/Cat,1958.0
L1_S25_F1963,numeric,1183747,1155768,27979,0.9763640372478241,1.0,25.0,Numeric/Cat,1963.0
L1_S25_F1968,numeric,1183747,1155768,27979,0.9763640372478241,1.0,25.0,Numeric/Cat,1968.0
L1_S25_F1973,numeric,1183747,1155768,27979,0.9763640372478241,1.0,25.0,Numeric/Cat,1973.0
L1_S25_F1978,numeric,1183747,1156219,27528,0.9767450308216198,1.0,25.0,Numeric/Cat,1978.0
L1_S25_F1987,numeric,1183747,1156219,27528,0.9767450308216198,1.0,25.0,Numeric/Cat,1987.0
L1_S25_F1992,numeric,1183747,1156219,27528,0.9767450308216198,1.0,25.0,Numeric/Cat,1992.0
L1_S25_F1997,numeric,1183747,1156219,27528,0.9767450308216198,1.0,25.0,Numeric/Cat,1997.0
L1_S25_F2002,numeric,1183747,1156219,27528,0.9767450308216198,1.0,25.0,Numeric/Cat,2002.0
L1_S25_F2007,numeric,1183747,1156219,27528,0.9767450308216198,1.0,25.0,Numeric/Cat,2007.0
L1_S25_F2016,numeric,1183747,1156219,27528,0.9767450308216198,1.0,25.0,Numeric/Cat,2016.0
L1_S25_F2021,numeric,1183747,1156219,27528,0.9767450308216198,1.0,25.0,Numeric/Cat,2021.0
L1_S25_F2026,numeric,1183747,1156219,27528,0.9767450308216198,1.0,25.0,Numeric/Cat,2026.0
L1_S25_F2031,numeric,1183747,1156219,27528,0.9767450308216198,1.0,25.0,Numeric/Cat,2031.0
L1_S25_F2036,numeric,1183747,1156219,27528,0.9767450308216198,1.0,25.0,Numeric/Cat,2036.0
L1_S25_F2041,numeric,1183747,1156219,27528,0.9767450308216198,1.0,25.0,Numeric/Cat,2041.0
L1_S25_F2046,numeric,1183747,1156219,27528,0.9767450308216198,1.0,25.0,Numeric/Cat,2046.0
L1_S25_F2051,numeric,1183747,1156219,27528,0.9767450308216198,1.0,25.0,Numeric/Cat,2051.0
L1_S25_F2056,numeric,1183747,1156372,27375,0.9768742814131736,1.0,25.0,Numeric/Cat,2056.0
L1_S25_F2061,numeric,1183747,1156372,27375,0.9768742814131736,1.0,25.0,Numeric/Cat,2061.0
L1_S25_F2066,numeric,1183747,1156372,27375,0.9768742814131736,1.0,25.0,Numeric/Cat,2066.0
L1_S25_F2071,numeric,1183747,1156372,27375,0.9768742814131736,1.0,25.0,Numeric/Cat,2071.0
L1_S25_F2076,numeric,1183747,1156372,27375,0.9768742814131736,1.0,25.0,Numeric/Cat,2076.0
L1_S25_F2081,numeric,1183747,1156372,27375,0.9768742814131736,1.0,25.0,Numeric/Cat,2081.0
L1_S25_F2086,numeric,1183747,1156372,27375,0.9768742814131736,1.0,25.0,Numeric/Cat,2086.0
L1_S25_F2091,numeric,1183747,1156372,27375,0.9768742814131736,1.0,25.0,Numeric/Cat,2091.0
L1_S25_F2096,numeric,1183747,1155978,27769,0.9765414400205449,1.0,25.0,Numeric/Cat,2096.0
L1_S25_F2101,numeric,1183747,1155978,27769,0.9765414400205449,1.0,25.0,Numeric/Cat,2101.0
L1_S25_F2106,numeric,1183747,1155978,27769,0.9765414400205449,1.0,25.0,Numeric/Cat,2106.0
L1_S25_F2111,numeric,1183747,1155978,27769,0.9765414400205449,1.0,25.0,Numeric/Cat,2111.0
L1_S25_F2116,numeric,1183747,1155978,27769,0.9765414400205449,1.0,25.0,Numeric/Cat,2116.0
L1_S25_F2121,numeric,1183747,1155978,27769,0.9765414400205449,1.0,25.0,Numeric/Cat,2121.0
L1_S25_F2126,numeric,1183747,1155978,27769,0.9765414400205449,1.0,25.0,Numeric/Cat,2126.0
L1_S25_F2131,numeric,1183747,1155978,27769,0.9765414400205449,1.0,25.0,Numeric/Cat,2131.0
L1_S25_F2136,numeric,1183747,1128755,54992,0.9535441272501641,1.0,25.0,Numeric/Cat,2136.0
L1_S25_F2144,numeric,1183747,1128755,54992,0.9535441272501641,1.0,25.0,Numeric/Cat,2144.0
L1_S25_F2147,numeric,1183747,1128755,54992,0.9535441272501641,1.0,25.0,Numeric/Cat,2147.0
L1_S25_F2152,numeric,1183747,1128755,54992,0.9535441272501641,1.0,25.0,Numeric/Cat,2152.0
L1_S25_F2155,numeric,1183747,1128755,54992,0.9535441272501641,1.0,25.0,Numeric/Cat,2155.0
L1_S25_F2158,numeric,1183747,1128755,54992,0.9535441272501641,1.0,25.0,Numeric/Cat,2158.0
L1_S25_F2161,numeric,1183747,1128755,54992,0.9535441272501641,1.0,25.0,Numeric/Cat,2161.0
L1_S25_F2164,numeric,1183747,1128755,54992,0.9535441272501641,1.0,25.0,Numeric/Cat,2164.0
L1_S25_F2167,numeric,1183747,1128755,54992,0.9535441272501641,1.0,25.0,Numeric/Cat,2167.0
L1_S25_F2170,numeric,1183747,1128755,54992,0.9535441272501641,1.0,25.0,Numeric/Cat,2170.0
L1_S25_F2173,numeric,1183747,1128755,54992,0.9535441272501641,1.0,25.0,Numeric/Cat,2173.0
L1_S25_F2176,numeric,1183747,1128755,54992,0.9535441272501641,1.0,25.0,Numeric/Cat,2176.0
L1_S25_F2181,numeric,1183747,1182504,1243,0.9989499445405141,1.0,25.0,Numeric/Cat,2181.0
L1_S25_F2184,numeric,1183747,1182504,1243,0.9989499445405141,1.0,25.0,Numeric/Cat,2184.0
L1_S25_F2187,numeric,1183747,1182504,1243,0.9989499445405141,1.0,25.0,Numeric/Cat,2187.0
L1_S25_F2190,numeric,1183747,1182504,1243,0.9989499445405141,1.0,25.0,Numeric/Cat,2190.0
L1_S25_F2193,numeric,1183747,1182504,1243,0.9989499445405141,1.0,25.0,Numeric/Cat,2193.0
L1_S25_F2196,numeric,1183747,1182504,1243,0.9989499445405141,1.0,25.0,Numeric/Cat,2196.0
L1_S25_F2199,numeric,1183747,1182504,1243,0.9989499445405141,1.0,25.0,Numeric/Cat,2199.0
L1_S25_F2202,numeric,1183747,1182504,1243,0.9989499445405141,1.0,25.0,Numeric/Cat,2202.0
L1_S25_F2207,numeric,1183747,1180131,3616,0.9969452932087685,1.0,25.0,Numeric/Cat,2207.0
L1_S25_F2210,numeric,1183747,1180131,3616,0.9969452932087685,1.0,25.0,Numeric/Cat,2210.0
L1_S25_F2217,numeric,1183747,1180131,3616,0.9969452932087685,1.0,25.0,Numeric/Cat,2217.0
L1_S25_F2220,numeric,1183747,1180131,3616,0.9969452932087685,1.0,25.0,Numeric/Cat,2220.0
L1_S25_F2223,numeric,1183747,1180131,3616,0.9969452932087685,1.0,25.0,Numeric/Cat,2223.0
L1_S25_F2226,numeric,1183747,1180131,3616,0.9969452932087685,1.0,25.0,Numeric/Cat,2226.0
L1_S25_F2231,numeric,1183747,1176589,7158,0.9939530997755432,1.0,25.0,Numeric/Cat,2231.0
L1_S25_F2233,numeric,1183747,1176589,7158,0.9939530997755432,1.0,25.0,Numeric/Cat,2233.0
L1_S25_F2237,numeric,1183747,1176598,7149,0.993960702751517,1.0,25.0,Numeric/Cat,2237.0
L1_S25_F2239,numeric,1183747,1176601,7146,0.9939632370768416,1.0,25.0,Numeric/Cat,2239.0
L1_S25_F2241,numeric,1183747,1179245,4502,0.9961968224629081,1.0,25.0,Numeric/Cat,2241.0
L1_S25_F2243,numeric,1183747,1179245,4502,0.9961968224629081,1.0,25.0,Numeric/Cat,2243.0
L1_S25_F2245,numeric,1183747,1179245,4502,0.9961968224629081,1.0,25.0,Numeric/Cat,2245.0
L1_S25_F2247,numeric,1183747,1176600,7147,0.9939623923017334,1.0,25.0,Numeric/Cat,2247.0
L1_S25_F2249,numeric,1183747,1180168,3579,0.9969765498877716,1.0,25.0,Numeric/Cat,2249.0
L1_S25_F2258,numeric,1183747,1180168,3579,0.9969765498877716,1.0,25.0,Numeric/Cat,2258.0
L1_S25_F2263,numeric,1183747,1180168,3579,0.9969765498877716,1.0,25.0,Numeric/Cat,2263.0
L1_S25_F2268,numeric,1183747,1180168,3579,0.9969765498877716,1.0,25.0,Numeric/Cat,2268.0
L1_S25_F2273,numeric,1183747,1180168,3579,0.9969765498877716,1.0,25.0,Numeric/Cat,2273.0
L1_S25_F2278,numeric,1183747,1180168,3579,0.9969765498877716,1.0,25.0,Numeric/Cat,2278.0
L1_S25_F2287,numeric,1183747,1180168,3579,0.9969765498877716,1.0,25.0,Numeric/Cat,2287.0
L1_S25_F2292,numeric,1183747,1180168,3579,0.9969765498877716,1.0,25.0,Numeric/Cat,2292.0
L1_S25_F2297,numeric,1183747,1180168,3579,0.9969765498877716,1.0,25.0,Numeric/Cat,2297.0
L1_S25_F2302,numeric,1183747,1180168,3579,0.9969765498877716,1.0,25.0,Numeric/Cat,2302.0
L1_S25_F2307,numeric,1183747,1180168,3579,0.9969765498877716,1.0,25.0,Numeric/Cat,2307.0
L1_S25_F2312,numeric,1183747,1180168,3579,0.9969765498877716,1.0,25.0,Numeric/Cat,2312.0
L1_S25_F2317,numeric,1183747,1180168,3579,0.9969765498877716,1.0,25.0,Numeric/Cat,2317.0
L1_S25_F2322,numeric,1183747,1180168,3579,0.9969765498877716,1.0,25.0,Numeric/Cat,2322.0
L1_S25_F2327,numeric,1183747,1180149,3598,0.9969604991607159,1.0,25.0,Numeric/Cat,2327.0
L1_S25_F2336,numeric,1183747,1180149,3598,0.9969604991607159,1.0,25.0,Numeric/Cat,2336.0
L1_S25_F2341,numeric,1183747,1180149,3598,0.9969604991607159,1.0,25.0,Numeric/Cat,2341.0
L1_S25_F2346,numeric,1183747,1180149,3598,0.9969604991607159,1.0,25.0,Numeric/Cat,2346.0
L1_S25_F2351,numeric,1183747,1180149,3598,0.9969604991607159,1.0,25.0,Numeric/Cat,2351.0
L1_S25_F2356,numeric,1183747,1180149,3598,0.9969604991607159,1.0,25.0,Numeric/Cat,2356.0
L1_S25_F2365,numeric,1183747,1180149,3598,0.9969604991607159,1.0,25.0,Numeric/Cat,2365.0
L1_S25_F2370,numeric,1183747,1180149,3598,0.9969604991607159,1.0,25.0,Numeric/Cat,2370.0
L1_S25_F2375,numeric,1183747,1180149,3598,0.9969604991607159,1.0,25.0,Numeric/Cat,2375.0
L1_S25_F2380,numeric,1183747,1180149,3598,0.9969604991607159,1.0,25.0,Numeric/Cat,2380.0
L1_S25_F2385,numeric,1183747,1180149,3598,0.9969604991607159,1.0,25.0,Numeric/Cat,2385.0
L1_S25_F2390,numeric,1183747,1180149,3598,0.9969604991607159,1.0,25.0,Numeric/Cat,2390.0
L1_S25_F2395,numeric,1183747,1180149,3598,0.9969604991607159,1.0,25.0,Numeric/Cat,2395.0
L1_S25_F2400,numeric,1183747,1180149,3598,0.9969604991607159,1.0,25.0,Numeric/Cat,2400.0
L1_S25_F2405,numeric,1183747,1180283,3464,0.997073699025214,1.0,25.0,Numeric/Cat,2405.0
L1_S25_F2408,numeric,1183747,1180283,3464,0.997073699025214,1.0,25.0,Numeric/Cat,2408.0
L1_S25_F2411,numeric,1183747,1180283,3464,0.997073699025214,1.0,25.0,Numeric/Cat,2411.0
L1_S25_F2414,numeric,1183747,1180283,3464,0.997073699025214,1.0,25.0,Numeric/Cat,2414.0
L1_S25_F2417,numeric,1183747,1180283,3464,0.997073699025214,1.0,25.0,Numeric/Cat,2417.0
L1_S25_F2420,numeric,1183747,1180283,3464,0.997073699025214,1.0,25.0,Numeric/Cat,2420.0
L1_S25_F2423,numeric,1183747,1180283,3464,0.997073699025214,1.0,25.0,Numeric/Cat,2423.0
L1_S25_F2426,numeric,1183747,1180283,3464,0.997073699025214,1.0,25.0,Numeric/Cat,2426.0
L1_S25_F2429,numeric,1183747,1180132,3615,0.9969461379838767,1.0,25.0,Numeric/Cat,2429.0
L1_S25_F2431,numeric,1183747,1180132,3615,0.9969461379838767,1.0,25.0,Numeric/Cat,2431.0
L1_S25_F2433,numeric,1183747,1180132,3615,0.9969461379838767,1.0,25.0,Numeric/Cat,2433.0
L1_S25_F2435,numeric,1183747,1180132,3615,0.9969461379838767,1.0,25.0,Numeric/Cat,2435.0
L1_S25_F2437,numeric,1183747,1180132,3615,0.9969461379838767,1.0,25.0,Numeric/Cat,2437.0
L1_S25_F2439,numeric,1183747,1180132,3615,0.9969461379838767,1.0,25.0,Numeric/Cat,2439.0
L1_S25_F2441,numeric,1183747,1180132,3615,0.9969461379838767,1.0,25.0,Numeric/Cat,2441.0
L1_S25_F2443,numeric,1183747,1180132,3615,0.9969461379838767,1.0,25.0,Numeric/Cat,2443.0
L1_S25_F2449,numeric,1183747,1176685,7062,0.99403419818593,1.0,25.0,Numeric/Cat,2449.0
L1_S25_F2451,numeric,1183747,1176685,7062,0.99403419818593,1.0,25.0,Numeric/Cat,2451.0
L1_S25_F2454,numeric,1183747,1176685,7062,0.99403419818593,1.0,25.0,Numeric/Cat,2454.0
L1_S25_F2456,numeric,1183747,1176685,7062,0.99403419818593,1.0,25.0,Numeric/Cat,2456.0
L1_S25_F2458,numeric,1183747,1176685,7062,0.99403419818593,1.0,25.0,Numeric/Cat,2458.0
L1_S25_F2460,numeric,1183747,1176685,7062,0.99403419818593,1.0,25.0,Numeric/Cat,2460.0
L1_S25_F2462,numeric,1183747,1176685,7062,0.99403419818593,1.0,25.0,Numeric/Cat,2462.0
L1_S25_F2464,numeric,1183747,1176685,7062,0.99403419818593,1.0,25.0,Numeric/Cat,2464.0
L1_S25_F2466,numeric,1183747,1176685,7062,0.99403419818593,1.0,25.0,Numeric/Cat,2466.0
L1_S25_F2468,numeric,1183747,1176685,7062,0.99403419818593,1.0,25.0,Numeric/Cat,2468.0
L1_S25_F2472,numeric,1183747,1173883,9864,0.9916671383327688,1.0,25.0,Numeric/Cat,2472.0
L1_S25_F2475,numeric,1183747,1173883,9864,0.9916671383327688,1.0,25.0,Numeric/Cat,2475.0
L1_S25_F2478,numeric,1183747,1173883,9864,0.9916671383327688,1.0,25.0,Numeric/Cat,2478.0
L1_S25_F2481,numeric,1183747,1173883,9864,0.9916671383327688,1.0,25.0,Numeric/Cat,2481.0
L1_S25_F2484,numeric,1183747,1173883,9864,0.9916671383327688,1.0,25.0,Numeric/Cat,2484.0
L1_S25_F2487,numeric,1183747,1173883,9864,0.9916671383327688,1.0,25.0,Numeric/Cat,2487.0
L1_S25_F2490,numeric,1183747,1173883,9864,0.9916671383327688,1.0,25.0,Numeric/Cat,2490.0
L1_S25_F2493,numeric,1183747,1173883,9864,0.9916671383327688,1.0,25.0,Numeric/Cat,2493.0
L1_S25_F2498,numeric,1183747,1179450,4297,0.9963700013600879,1.0,25.0,Numeric/Cat,2498.0
L1_S25_F2500,numeric,1183747,1179450,4297,0.9963700013600879,1.0,25.0,Numeric/Cat,2500.0
L1_S25_F2504,numeric,1183747,1179450,4297,0.9963700013600879,1.0,25.0,Numeric/Cat,2504.0
L1_S25_F2506,numeric,1183747,1179451,4296,0.9963708461351961,1.0,25.0,Numeric/Cat,2506.0
L1_S25_F2508,numeric,1183747,1180173,3574,0.9969807737633126,1.0,25.0,Numeric/Cat,2508.0
L1_S25_F2510,numeric,1183747,1180173,3574,0.9969807737633126,1.0,25.0,Numeric/Cat,2510.0
L1_S25_F2512,numeric,1183747,1180173,3574,0.9969807737633126,1.0,25.0,Numeric/Cat,2512.0
L1_S25_F2514,numeric,1183747,1179452,4295,0.9963716909103043,1.0,25.0,Numeric/Cat,2514.0
L1_S25_F2516,numeric,1183747,1181600,2147,0.9981862678427063,1.0,25.0,Numeric/Cat,2516.0
L1_S25_F2525,numeric,1183747,1181600,2147,0.9981862678427063,1.0,25.0,Numeric/Cat,2525.0
L1_S25_F2530,numeric,1183747,1181600,2147,0.9981862678427063,1.0,25.0,Numeric/Cat,2530.0
L1_S25_F2535,numeric,1183747,1181600,2147,0.9981862678427063,1.0,25.0,Numeric/Cat,2535.0
L1_S25_F2540,numeric,1183747,1181600,2147,0.9981862678427063,1.0,25.0,Numeric/Cat,2540.0
L1_S25_F2545,numeric,1183747,1181600,2147,0.9981862678427063,1.0,25.0,Numeric/Cat,2545.0
L1_S25_F2554,numeric,1183747,1181600,2147,0.9981862678427063,1.0,25.0,Numeric/Cat,2554.0
L1_S25_F2559,numeric,1183747,1181600,2147,0.9981862678427063,1.0,25.0,Numeric/Cat,2559.0
L1_S25_F2564,numeric,1183747,1181600,2147,0.9981862678427063,1.0,25.0,Numeric/Cat,2564.0
L1_S25_F2569,numeric,1183747,1181600,2147,0.9981862678427063,1.0,25.0,Numeric/Cat,2569.0
L1_S25_F2574,numeric,1183747,1181600,2147,0.9981862678427063,1.0,25.0,Numeric/Cat,2574.0
L1_S25_F2579,numeric,1183747,1181600,2147,0.9981862678427063,1.0,25.0,Numeric/Cat,2579.0
L1_S25_F2584,numeric,1183747,1181600,2147,0.9981862678427063,1.0,25.0,Numeric/Cat,2584.0
L1_S25_F2589,numeric,1183747,1181600,2147,0.9981862678427063,1.0,25.0,Numeric/Cat,2589.0
L1_S25_F2594,numeric,1183747,1181593,2154,0.9981803544169489,1.0,25.0,Numeric/Cat,2594.0
L1_S25_F2603,numeric,1183747,1181593,2154,0.9981803544169489,1.0,25.0,Numeric/Cat,2603.0
L1_S25_F2608,numeric,1183747,1181593,2154,0.9981803544169489,1.0,25.0,Numeric/Cat,2608.0
L1_S25_F2613,numeric,1183747,1181593,2154,0.9981803544169489,1.0,25.0,Numeric/Cat,2613.0
L1_S25_F2618,numeric,1183747,1181593,2154,0.9981803544169489,1.0,25.0,Numeric/Cat,2618.0
L1_S25_F2623,numeric,1183747,1181593,2154,0.9981803544169489,1.0,25.0,Numeric/Cat,2623.0
L1_S25_F2632,numeric,1183747,1181593,2154,0.9981803544169489,1.0,25.0,Numeric/Cat,2632.0
L1_S25_F2637,numeric,1183747,1181593,2154,0.9981803544169489,1.0,25.0,Numeric/Cat,2637.0
L1_S25_F2642,numeric,1183747,1181593,2154,0.9981803544169489,1.0,25.0,Numeric/Cat,2642.0
L1_S25_F2647,numeric,1183747,1181593,2154,0.9981803544169489,1.0,25.0,Numeric/Cat,2647.0
L1_S25_F2652,numeric,1183747,1181593,2154,0.9981803544169489,1.0,25.0,Numeric/Cat,2652.0
L1_S25_F2657,numeric,1183747,1181593,2154,0.9981803544169489,1.0,25.0,Numeric/Cat,2657.0
L1_S25_F2662,numeric,1183747,1181593,2154,0.9981803544169489,1.0,25.0,Numeric/Cat,2662.0
L1_S25_F2667,numeric,1183747,1181593,2154,0.9981803544169489,1.0,25.0,Numeric/Cat,2667.0
L1_S25_F2672,numeric,1183747,1181579,2168,0.9981685275654342,1.0,25.0,Numeric/Cat,2672.0
L1_S25_F2677,numeric,1183747,1181579,2168,0.9981685275654342,1.0,25.0,Numeric/Cat,2677.0
L1_S25_F2682,numeric,1183747,1181579,2168,0.9981685275654342,1.0,25.0,Numeric/Cat,2682.0
L1_S25_F2687,numeric,1183747,1181579,2168,0.9981685275654342,1.0,25.0,Numeric/Cat,2687.0
L1_S25_F2692,numeric,1183747,1181579,2168,0.9981685275654342,1.0,25.0,Numeric/Cat,2692.0
L1_S25_F2697,numeric,1183747,1181579,2168,0.9981685275654342,1.0,25.0,Numeric/Cat,2697.0
L1_S25_F2702,numeric,1183747,1181579,2168,0.9981685275654342,1.0,25.0,Numeric/Cat,2702.0
L1_S25_F2707,numeric,1183747,1181579,2168,0.9981685275654342,1.0,25.0,Numeric/Cat,2707.0
L1_S25_F2712,numeric,1183747,1181630,2117,0.9982116110959521,1.0,25.0,Numeric/Cat,2712.0
L1_S25_F2714,numeric,1183747,1181630,2117,0.9982116110959521,1.0,25.0,Numeric/Cat,2714.0
L1_S25_F2716,numeric,1183747,1181630,2117,0.9982116110959521,1.0,25.0,Numeric/Cat,2716.0
L1_S25_F2718,numeric,1183747,1181630,2117,0.9982116110959521,1.0,25.0,Numeric/Cat,2718.0
L1_S25_F2720,numeric,1183747,1181630,2117,0.9982116110959521,1.0,25.0,Numeric/Cat,2720.0
L1_S25_F2722,numeric,1183747,1181630,2117,0.9982116110959521,1.0,25.0,Numeric/Cat,2722.0
L1_S25_F2724,numeric,1183747,1181630,2117,0.9982116110959521,1.0,25.0,Numeric/Cat,2724.0
L1_S25_F2726,numeric,1183747,1181630,2117,0.9982116110959521,1.0,25.0,Numeric/Cat,2726.0
L1_S25_F2732,numeric,1183747,1179479,4268,0.9963944998382256,1.0,25.0,Numeric/Cat,2732.0
L1_S25_F2734,numeric,1183747,1179479,4268,0.9963944998382256,1.0,25.0,Numeric/Cat,2734.0
L1_S25_F2737,numeric,1183747,1179479,4268,0.9963944998382256,1.0,25.0,Numeric/Cat,2737.0
L1_S25_F2739,numeric,1183747,1179479,4268,0.9963944998382256,1.0,25.0,Numeric/Cat,2739.0
L1_S25_F2741,numeric,1183747,1179479,4268,0.9963944998382256,1.0,25.0,Numeric/Cat,2741.0
L1_S25_F2743,numeric,1183747,1179479,4268,0.9963944998382256,1.0,25.0,Numeric/Cat,2743.0
L1_S25_F2745,numeric,1183747,1179479,4268,0.9963944998382256,1.0,25.0,Numeric/Cat,2745.0
L1_S25_F2747,numeric,1183747,1179479,4268,0.9963944998382256,1.0,25.0,Numeric/Cat,2747.0
L1_S25_F2749,numeric,1183747,1179479,4268,0.9963944998382256,1.0,25.0,Numeric/Cat,2749.0
L1_S25_F2751,numeric,1183747,1179479,4268,0.9963944998382256,1.0,25.0,Numeric/Cat,2751.0
L1_S25_F2755,numeric,1183747,1181270,2477,0.997907492057002,1.0,25.0,Numeric/Cat,2755.0
L1_S25_F2758,numeric,1183747,1181270,2477,0.997907492057002,1.0,25.0,Numeric/Cat,2758.0
L1_S25_F2761,numeric,1183747,1181270,2477,0.997907492057002,1.0,25.0,Numeric/Cat,2761.0
L1_S25_F2764,numeric,1183747,1181270,2477,0.997907492057002,1.0,25.0,Numeric/Cat,2764.0
L1_S25_F2767,numeric,1183747,1181270,2477,0.997907492057002,1.0,25.0,Numeric/Cat,2767.0
L1_S25_F2770,numeric,1183747,1181270,2477,0.997907492057002,1.0,25.0,Numeric/Cat,2770.0
L1_S25_F2773,numeric,1183747,1181270,2477,0.997907492057002,1.0,25.0,Numeric/Cat,2773.0
L1_S25_F2776,numeric,1183747,1181270,2477,0.997907492057002,1.0,25.0,Numeric/Cat,2776.0
L1_S25_F2781,numeric,1183747,1165969,17778,0.9849815881265169,1.0,25.0,Numeric/Cat,2781.0
L1_S25_F2783,numeric,1183747,1165969,17778,0.9849815881265169,1.0,25.0,Numeric/Cat,2783.0
L1_S25_F2787,numeric,1183747,1165968,17779,0.9849807433514087,1.0,25.0,Numeric/Cat,2787.0
L1_S25_F2789,numeric,1183747,1165971,17776,0.9849832776767333,1.0,25.0,Numeric/Cat,2789.0
L1_S25_F2791,numeric,1183747,1169558,14189,0.9880134859898272,1.0,25.0,Numeric/Cat,2791.0
L1_S25_F2793,numeric,1183747,1169558,14189,0.9880134859898272,1.0,25.0,Numeric/Cat,2793.0
L1_S25_F2795,numeric,1183747,1169558,14189,0.9880134859898272,1.0,25.0,Numeric/Cat,2795.0
L1_S25_F2797,numeric,1183747,1165970,17777,0.9849824329016251,1.0,25.0,Numeric/Cat,2797.0
L1_S25_F2799,numeric,1183747,1174875,8872,0.9925051552400977,1.0,25.0,Numeric/Cat,2799.0
L1_S25_F2808,numeric,1183747,1174875,8872,0.9925051552400977,1.0,25.0,Numeric/Cat,2808.0
L1_S25_F2813,numeric,1183747,1174875,8872,0.9925051552400977,1.0,25.0,Numeric/Cat,2813.0
L1_S25_F2818,numeric,1183747,1174875,8872,0.9925051552400977,1.0,25.0,Numeric/Cat,2818.0
L1_S25_F2823,numeric,1183747,1174875,8872,0.9925051552400977,1.0,25.0,Numeric/Cat,2823.0
L1_S25_F2828,numeric,1183747,1174875,8872,0.9925051552400977,1.0,25.0,Numeric/Cat,2828.0
L1_S25_F2837,numeric,1183747,1174875,8872,0.9925051552400977,1.0,25.0,Numeric/Cat,2837.0
L1_S25_F2842,numeric,1183747,1174875,8872,0.9925051552400977,1.0,25.0,Numeric/Cat,2842.0
L1_S25_F2847,numeric,1183747,1174875,8872,0.9925051552400977,1.0,25.0,Numeric/Cat,2847.0
L1_S25_F2852,numeric,1183747,1174875,8872,0.9925051552400977,1.0,25.0,Numeric/Cat,2852.0
L1_S25_F2857,numeric,1183747,1174875,8872,0.9925051552400977,1.0,25.0,Numeric/Cat,2857.0
L1_S25_F2862,numeric,1183747,1174875,8872,0.9925051552400977,1.0,25.0,Numeric/Cat,2862.0
L1_S25_F2867,numeric,1183747,1174875,8872,0.9925051552400977,1.0,25.0,Numeric/Cat,2867.0
L1_S25_F2872,numeric,1183747,1174875,8872,0.9925051552400977,1.0,25.0,Numeric/Cat,2872.0
L1_S25_F2877,numeric,1183747,1174811,8936,0.9924510896331733,1.0,25.0,Numeric/Cat,2877.0
L1_S25_F2886,numeric,1183747,1174811,8936,0.9924510896331733,1.0,25.0,Numeric/Cat,2886.0
L1_S25_F2891,numeric,1183747,1174811,8936,0.9924510896331733,1.0,25.0,Numeric/Cat,2891.0
L1_S25_F2896,numeric,1183747,1174811,8936,0.9924510896331733,1.0,25.0,Numeric/Cat,2896.0
L1_S25_F2901,numeric,1183747,1174811,8936,0.9924510896331733,1.0,25.0,Numeric/Cat,2901.0
L1_S25_F2906,numeric,1183747,1174811,8936,0.9924510896331733,1.0,25.0,Numeric/Cat,2906.0
L1_S25_F2915,numeric,1183747,1174811,8936,0.9924510896331733,1.0,25.0,Numeric/Cat,2915.0
L1_S25_F2920,numeric,1183747,1174811,8936,0.9924510896331733,1.0,25.0,Numeric/Cat,2920.0
L1_S25_F2925,numeric,1183747,1174811,8936,0.9924510896331733,1.0,25.0,Numeric/Cat,2925.0
L1_S25_F2930,numeric,1183747,1174811,8936,0.9924510896331733,1.0,25.0,Numeric/Cat,2930.0
L1_S25_F2935,numeric,1183747,1174811,8936,0.9924510896331733,1.0,25.0,Numeric/Cat,2935.0
L1_S25_F2940,numeric,1183747,1174811,8936,0.9924510896331733,1.0,25.0,Numeric/Cat,2940.0
L1_S25_F2945,numeric,1183747,1174811,8936,0.9924510896331733,1.0,25.0,Numeric/Cat,2945.0
L1_S25_F2950,numeric,1183747,1174811,8936,0.9924510896331733,1.0,25.0,Numeric/Cat,2950.0
L1_S25_F2955,numeric,1183747,1174947,8800,0.9925659790478878,1.0,25.0,Numeric/Cat,2955.0
L1_S25_F2960,numeric,1183747,1174947,8800,0.9925659790478878,1.0,25.0,Numeric/Cat,2960.0
L1_S25_F2965,numeric,1183747,1174947,8800,0.9925659790478878,1.0,25.0,Numeric/Cat,2965.0
L1_S25_F2970,numeric,1183747,1174947,8800,0.9925659790478878,1.0,25.0,Numeric/Cat,2970.0
L1_S25_F2975,numeric,1183747,1174947,8800,0.9925659790478878,1.0,25.0,Numeric/Cat,2975.0
L1_S25_F2980,numeric,1183747,1174947,8800,0.9925659790478878,1.0,25.0,Numeric/Cat,2980.0
L1_S25_F2985,numeric,1183747,1174947,8800,0.9925659790478878,1.0,25.0,Numeric/Cat,2985.0
L1_S25_F2990,numeric,1183747,1174947,8800,0.9925659790478878,1.0,25.0,Numeric/Cat,2990.0
L1_S25_F2995,numeric,1183747,1174774,8973,0.9924198329541701,1.0,25.0,Numeric/Cat,2995.0
L1_S25_F2997,numeric,1183747,1174774,8973,0.9924198329541701,1.0,25.0,Numeric/Cat,2997.0
L1_S25_F2999,numeric,1183747,1174774,8973,0.9924198329541701,1.0,25.0,Numeric/Cat,2999.0
L1_S25_F3001,numeric,1183747,1174774,8973,0.9924198329541701,1.0,25.0,Numeric/Cat,3001.0
L1_S25_F3003,numeric,1183747,1174774,8973,0.9924198329541701,1.0,25.0,Numeric/Cat,3003.0
L1_S25_F3005,numeric,1183747,1174774,8973,0.9924198329541701,1.0,25.0,Numeric/Cat,3005.0
L1_S25_F3007,numeric,1183747,1174774,8973,0.9924198329541701,1.0,25.0,Numeric/Cat,3007.0
L1_S25_F3009,numeric,1183747,1174774,8973,0.9924198329541701,1.0,25.0,Numeric/Cat,3009.0
L1_S25_F3015,numeric,1183747,1165975,17772,0.984986656777166,1.0,25.0,Numeric/Cat,3015.0
L1_S25_F3017,numeric,1183747,1165975,17772,0.984986656777166,1.0,25.0,Numeric/Cat,3017.0
L1_S25_F3020,numeric,1183747,1165975,17772,0.984986656777166,1.0,25.0,Numeric/Cat,3020.0
L1_S25_F3022,numeric,1183747,1165975,17772,0.984986656777166,1.0,25.0,Numeric/Cat,3022.0
L1_S25_F3024,numeric,1183747,1165975,17772,0.984986656777166,1.0,25.0,Numeric/Cat,3024.0
L1_S25_F3026,numeric,1183747,1165975,17772,0.984986656777166,1.0,25.0,Numeric/Cat,3026.0
L1_S25_F3028,numeric,1183747,1165975,17772,0.984986656777166,1.0,25.0,Numeric/Cat,3028.0
L1_S25_F3030,numeric,1183747,1165975,17772,0.984986656777166,1.0,25.0,Numeric/Cat,3030.0
L1_S25_F3032,numeric,1183747,1165975,17772,0.984986656777166,1.0,25.0,Numeric/Cat,3032.0
L1_S25_F3034,numeric,1183747,1165975,17772,0.984986656777166,1.0,25.0,Numeric/Cat,3034.0
L2_S26_F3036,numeric,1183747,956736,227011,0.8082267579136421,2.0,26.0,Numeric/Cat,3036.0
L2_S26_F3040,numeric,1183747,956736,227011,0.8082267579136421,2.0,26.0,Numeric/Cat,3040.0
L2_S26_F3047,numeric,1183747,956736,227011,0.8082267579136421,2.0,26.0,Numeric/Cat,3047.0
L2_S26_F3051,numeric,1183747,956736,227011,0.8082267579136421,2.0,26.0,Numeric/Cat,3051.0
L2_S26_F3055,numeric,1183747,956736,227011,0.8082267579136421,2.0,26.0,Numeric/Cat,3055.0
L2_S26_F3062,numeric,1183747,956736,227011,0.8082267579136421,2.0,26.0,Numeric/Cat,3062.0
L2_S26_F3069,numeric,1183747,956736,227011,0.8082267579136421,2.0,26.0,Numeric/Cat,3069.0
L2_S26_F3073,numeric,1183747,956736,227011,0.8082267579136421,2.0,26.0,Numeric/Cat,3073.0
L2_S26_F3077,numeric,1183747,956736,227011,0.8082267579136421,2.0,26.0,Numeric/Cat,3077.0
L2_S26_F3106,numeric,1183747,956736,227011,0.8082267579136421,2.0,26.0,Numeric/Cat,3106.0
L2_S26_F3113,numeric,1183747,956736,227011,0.8082267579136421,2.0,26.0,Numeric/Cat,3113.0
L2_S26_F3117,numeric,1183747,956736,227011,0.8082267579136421,2.0,26.0,Numeric/Cat,3117.0
L2_S26_F3121,numeric,1183747,956736,227011,0.8082267579136421,2.0,26.0,Numeric/Cat,3121.0
L2_S26_F3125,numeric,1183747,956736,227011,0.8082267579136421,2.0,26.0,Numeric/Cat,3125.0
L2_S27_F3129,numeric,1183747,1063018,120729,0.8980111459627775,2.0,27.0,Numeric/Cat,3129.0
L2_S27_F3133,numeric,1183747,1063018,120729,0.8980111459627775,2.0,27.0,Numeric/Cat,3133.0
L2_S27_F3140,numeric,1183747,1063018,120729,0.8980111459627775,2.0,27.0,Numeric/Cat,3140.0
L2_S27_F3144,numeric,1183747,1063018,120729,0.8980111459627775,2.0,27.0,Numeric/Cat,3144.0
L2_S27_F3148,numeric,1183747,1063018,120729,0.8980111459627775,2.0,27.0,Numeric/Cat,3148.0
L2_S27_F3155,numeric,1183747,1063018,120729,0.8980111459627775,2.0,27.0,Numeric/Cat,3155.0
L2_S27_F3162,numeric,1183747,1063018,120729,0.8980111459627775,2.0,27.0,Numeric/Cat,3162.0
L2_S27_F3166,numeric,1183747,1063018,120729,0.8980111459627775,2.0,27.0,Numeric/Cat,3166.0
L2_S27_F3170,numeric,1183747,1063018,120729,0.8980111459627775,2.0,27.0,Numeric/Cat,3170.0
L2_S27_F3199,numeric,1183747,1063018,120729,0.8980111459627775,2.0,27.0,Numeric/Cat,3199.0
L2_S27_F3206,numeric,1183747,1063018,120729,0.8980111459627775,2.0,27.0,Numeric/Cat,3206.0
L2_S27_F3210,numeric,1183747,1063018,120729,0.8980111459627775,2.0,27.0,Numeric/Cat,3210.0
L2_S27_F3214,numeric,1183747,1063018,120729,0.8980111459627775,2.0,27.0,Numeric/Cat,3214.0
L2_S27_F3218,numeric,1183747,1063018,120729,0.8980111459627775,2.0,27.0,Numeric/Cat,3218.0
L2_S28_F3222,numeric,1183747,1174164,9583,0.9919045201381714,2.0,28.0,Numeric/Cat,3222.0
L2_S28_F3226,numeric,1183747,1174164,9583,0.9919045201381714,2.0,28.0,Numeric/Cat,3226.0
L2_S28_F3233,numeric,1183747,1174164,9583,0.9919045201381714,2.0,28.0,Numeric/Cat,3233.0
L2_S28_F3237,numeric,1183747,1174164,9583,0.9919045201381714,2.0,28.0,Numeric/Cat,3237.0
L2_S28_F3241,numeric,1183747,1174164,9583,0.9919045201381714,2.0,28.0,Numeric/Cat,3241.0
L2_S28_F3248,numeric,1183747,1174164,9583,0.9919045201381714,2.0,28.0,Numeric/Cat,3248.0
L2_S28_F3255,numeric,1183747,1174164,9583,0.9919045201381714,2.0,28.0,Numeric/Cat,3255.0
L2_S28_F3259,numeric,1183747,1174164,9583,0.9919045201381714,2.0,28.0,Numeric/Cat,3259.0
L2_S28_F3263,numeric,1183747,1174164,9583,0.9919045201381714,2.0,28.0,Numeric/Cat,3263.0
L2_S28_F3292,numeric,1183747,1174164,9583,0.9919045201381714,2.0,28.0,Numeric/Cat,3292.0
L2_S28_F3299,numeric,1183747,1174164,9583,0.9919045201381714,2.0,28.0,Numeric/Cat,3299.0
L2_S28_F3303,numeric,1183747,1174164,9583,0.9919045201381714,2.0,28.0,Numeric/Cat,3303.0
L2_S28_F3307,numeric,1183747,1174164,9583,0.9919045201381714,2.0,28.0,Numeric/Cat,3307.0
L2_S28_F3311,numeric,1183747,1174164,9583,0.9919045201381714,2.0,28.0,Numeric/Cat,3311.0
L3_S29_F3315,numeric,1183747,64118,1119629,0.05416529038721957,3.0,29.0,Numeric/Cat,3315.0
L3_S29_F3318,numeric,1183747,64118,1119629,0.05416529038721957,3.0,29.0,Numeric/Cat,3318.0
L3_S29_F3321,numeric,1183747,64118,1119629,0.05416529038721957,3.0,29.0,Numeric/Cat,3321.0
L3_S29_F3324,numeric,1183747,64118,1119629,0.05416529038721957,3.0,29.0,Numeric/Cat,3324.0
L3_S29_F3327,numeric,1183747,64118,1119629,0.05416529038721957,3.0,29.0,Numeric/Cat,3327.0
L3_S29_F3330,numeric,1183747,64118,1119629,0.05416529038721957,3.0,29.0,Numeric/Cat,3330.0
L3_S29_F3333,numeric,1183747,64118,1119629,0.05416529038721957,3.0,29.0,Numeric/Cat,3333.0
L3_S29_F3336,numeric,1183747,64118,1119629,0.05416529038721957,3.0,29.0,Numeric/Cat,3336.0
L3_S29_F3339,numeric,1183747,64118,1119629,0.05416529038721957,3.0,29.0,Numeric/Cat,3339.0
L3_S29_F3342,numeric,1183747,64118,1119629,0.05416529038721957,3.0,29.0,Numeric/Cat,3342.0
L3_S29_F3345,numeric,1183747,64118,1119629,0.05416529038721957,3.0,29.0,Numeric/Cat,3345.0
L3_S29_F3348,numeric,1183747,64118,1119629,0.05416529038721957,3.0,29.0,Numeric/Cat,3348.0
L3_S29_F3351,numeric,1183747,64118,1119629,0.05416529038721957,3.0,29.0,Numeric/Cat,3351.0
L3_S29_F3354,numeric,1183747,64118,1119629,0.05416529038721957,3.0,29.0,Numeric/Cat,3354.0
L3_S29_F3357,numeric,1183747,64118,1119629,0.05416529038721957,3.0,29.0,Numeric/Cat,3357.0
L3_S29_F3360,numeric,1183747,64118,1119629,0.05416529038721957,3.0,29.0,Numeric/Cat,3360.0
L3_S29_F3367,numeric,1183747,64118,1119629,0.05416529038721957,3.0,29.0,Numeric/Cat,3367.0
L3_S29_F3370,numeric,1183747,64118,1119629,0.05416529038721957,3.0,29.0,Numeric/Cat,3370.0
L3_S29_F3373,numeric,1183747,64118,1119629,0.05416529038721957,3.0,29.0,Numeric/Cat,3373.0
L3_S29_F3376,numeric,1183747,64118,1119629,0.05416529038721957,3.0,29.0,Numeric/Cat,3376.0
L3_S29_F3379,numeric,1183747,64118,1119629,0.05416529038721957,3.0,29.0,Numeric/Cat,3379.0
L3_S29_F3382,numeric,1183747,64118,1119629,0.05416529038721957,3.0,29.0,Numeric/Cat,3382.0
L3_S29_F3385,numeric,1183747,64118,1119629,0.05416529038721957,3.0,29.0,Numeric/Cat,3385.0
L3_S29_F3388,numeric,1183747,64118,1119629,0.05416529038721957,3.0,29.0,Numeric/Cat,3388.0
L3_S29_F3395,numeric,1183747,64118,1119629,0.05416529038721957,3.0,29.0,Numeric/Cat,3395.0
L3_S29_F3398,numeric,1183747,64118,1119629,0.05416529038721957,3.0,29.0,Numeric/Cat,3398.0
L3_S29_F3401,numeric,1183747,64118,1119629,0.05416529038721957,3.0,29.0,Numeric/Cat,3401.0
L3_S29_F3404,numeric,1183747,64118,1119629,0.05416529038721957,3.0,29.0,Numeric/Cat,3404.0
L3_S29_F3407,numeric,1183747,64118,1119629,0.05416529038721957,3.0,29.0,Numeric/Cat,3407.0
L3_S29_F3412,numeric,1183747,64118,1119629,0.05416529038721957,3.0,29.0,Numeric/Cat,3412.0
L3_S29_F3421,numeric,1183747,64118,1119629,0.05416529038721957,3.0,29.0,Numeric/Cat,3421.0
L3_S29_F3424,numeric,1183747,64118,1119629,0.05416529038721957,3.0,29.0,Numeric/Cat,3424.0
L3_S29_F3427,numeric,1183747,64118,1119629,0.05416529038721957,3.0,29.0,Numeric/Cat,3427.0
L3_S29_F3430,numeric,1183747,64118,1119629,0.05416529038721957,3.0,29.0,Numeric/Cat,3430.0
L3_S29_F3433,numeric,1183747,64118,1119629,0.05416529038721957,3.0,29.0,Numeric/Cat,3433.0
L3_S29_F3436,numeric,1183747,64118,1119629,0.05416529038721957,3.0,29.0,Numeric/Cat,3436.0
L3_S29_F3439,numeric,1183747,64118,1119629,0.05416529038721957,3.0,29.0,Numeric/Cat,3439.0
L3_S29_F3442,numeric,1183747,64118,1119629,0.05416529038721957,3.0,29.0,Numeric/Cat,3442.0
L3_S29_F3449,numeric,1183747,64118,1119629,0.05416529038721957,3.0,29.0,Numeric/Cat,3449.0
L3_S29_F3452,numeric,1183747,64118,1119629,0.05416529038721957,3.0,29.0,Numeric/Cat,3452.0
L3_S29_F3455,numeric,1183747,64118,1119629,0.05416529038721957,3.0,29.0,Numeric/Cat,3455.0
L3_S29_F3458,numeric,1183747,64118,1119629,0.05416529038721957,3.0,29.0,Numeric/Cat,3458.0
L3_S29_F3461,numeric,1183747,64118,1119629,0.05416529038721957,3.0,29.0,Numeric/Cat,3461.0
L3_S29_F3464,numeric,1183747,64118,1119629,0.05416529038721957,3.0,29.0,Numeric/Cat,3464.0
L3_S29_F3467,numeric,1183747,64118,1119629,0.05416529038721957,3.0,29.0,Numeric/Cat,3467.0
L3_S29_F3470,numeric,1183747,64118,1119629,0.05416529038721957,3.0,29.0,Numeric/Cat,3470.0
L3_S29_F3473,numeric,1183747,114423,1069324,0.0966617022049475,3.0,29.0,Numeric/Cat,3473.0
L3_S29_F3476,numeric,1183747,114423,1069324,0.0966617022049475,3.0,29.0,Numeric/Cat,3476.0
L3_S29_F3479,numeric,1183747,114423,1069324,0.0966617022049475,3.0,29.0,Numeric/Cat,3479.0
L3_S29_F3482,numeric,1183747,64118,1119629,0.05416529038721957,3.0,29.0,Numeric/Cat,3482.0
L3_S29_F3485,numeric,1183747,64118,1119629,0.05416529038721957,3.0,29.0,Numeric/Cat,3485.0
L3_S29_F3488,numeric,1183747,64118,1119629,0.05416529038721957,3.0,29.0,Numeric/Cat,3488.0
L3_S29_F3491,numeric,1183747,64118,1119629,0.05416529038721957,3.0,29.0,Numeric/Cat,3491.0
L3_S30_F3494,numeric,1183747,63942,1119805,0.05401660996817732,3.0,30.0,Numeric/Cat,3494.0
L3_S30_F3499,numeric,1183747,63945,1119802,0.05401914429350191,3.0,30.0,Numeric/Cat,3499.0
L3_S30_F3504,numeric,1183747,64178,1119569,0.05421597689371124,3.0,30.0,Numeric/Cat,3504.0
L3_S30_F3509,numeric,1183747,64178,1119569,0.05421597689371124,3.0,30.0,Numeric/Cat,3509.0
L3_S30_F3514,numeric,1183747,64178,1119569,0.05421597689371124,3.0,30.0,Numeric/Cat,3514.0
L3_S30_F3519,numeric,1183747,64178,1119569,0.05421597689371124,3.0,30.0,Numeric/Cat,3519.0
L3_S30_F3524,numeric,1183747,64178,1119569,0.05421597689371124,3.0,30.0,Numeric/Cat,3524.0
L3_S30_F3529,numeric,1183747,64178,1119569,0.05421597689371124,3.0,30.0,Numeric/Cat,3529.0
L3_S30_F3534,numeric,1183747,64178,1119569,0.05421597689371124,3.0,30.0,Numeric/Cat,3534.0
L3_S30_F3539,numeric,1183747,64178,1119569,0.05421597689371124,3.0,30.0,Numeric/Cat,3539.0
L3_S30_F3544,numeric,1183747,64178,1119569,0.05421597689371124,3.0,30.0,Numeric/Cat,3544.0
L3_S30_F3549,numeric,1183747,64178,1119569,0.05421597689371124,3.0,30.0,Numeric/Cat,3549.0
L3_S30_F3554,numeric,1183747,64178,1119569,0.05421597689371124,3.0,30.0,Numeric/Cat,3554.0
L3_S30_F3559,numeric,1183747,64178,1119569,0.05421597689371124,3.0,30.0,Numeric/Cat,3559.0
L3_S30_F3564,numeric,1183747,373491,810256,0.31551589993469886,3.0,30.0,Numeric/Cat,3564.0
L3_S30_F3569,numeric,1183747,373491,810256,0.31551589993469886,3.0,30.0,Numeric/Cat,3569.0
L3_S30_F3574,numeric,1183747,373491,810256,0.31551589993469886,3.0,30.0,Numeric/Cat,3574.0
L3_S30_F3579,numeric,1183747,373491,810256,0.31551589993469886,3.0,30.0,Numeric/Cat,3579.0
L3_S30_F3584,numeric,1183747,373491,810256,0.31551589993469886,3.0,30.0,Numeric/Cat,3584.0
L3_S30_F3589,numeric,1183747,373491,810256,0.31551589993469886,3.0,30.0,Numeric/Cat,3589.0
L3_S30_F3594,numeric,1183747,373491,810256,0.31551589993469886,3.0,30.0,Numeric/Cat,3594.0
L3_S30_F3599,numeric,1183747,373491,810256,0.31551589993469886,3.0,30.0,Numeric/Cat,3599.0
L3_S30_F3604,numeric,1183747,373491,810256,0.31551589993469886,3.0,30.0,Numeric/Cat,3604.0
L3_S30_F3609,numeric,1183747,373491,810256,0.31551589993469886,3.0,30.0,Numeric/Cat,3609.0
L3_S30_F3614,numeric,1183747,373491,810256,0.31551589993469886,3.0,30.0,Numeric/Cat,3614.0
L3_S30_F3619,numeric,1183747,373491,810256,0.31551589993469886,3.0,30.0,Numeric/Cat,3619.0
L3_S30_F3624,numeric,1183747,373491,810256,0.31551589993469886,3.0,30.0,Numeric/Cat,3624.0
L3_S30_F3629,numeric,1183747,373491,810256,0.31551589993469886,3.0,30.0,Numeric/Cat,3629.0
L3_S30_F3634,numeric,1183747,373491,810256,0.31551589993469886,3.0,30.0,Numeric/Cat,3634.0
L3_S30_F3639,numeric,1183747,373491,810256,0.31551589993469886,3.0,30.0,Numeric/Cat,3639.0
L3_S30_F3644,numeric,1183747,373491,810256,0.31551589993469886,3.0,30.0,Numeric/Cat,3644.0
L3_S30_F3649,numeric,1183747,373491,810256,0.31551589993469886,3.0,30.0,Numeric/Cat,3649.0
L3_S30_F3654,numeric,1183747,373491,810256,0.31551589993469886,3.0,30.0,Numeric/Cat,3654.0
L3_S30_F3659,numeric,1183747,373491,810256,0.31551589993469886,3.0,30.0,Numeric/Cat,3659.0
L3_S30_F3664,numeric,1183747,373491,810256,0.31551589993469886,3.0,30.0,Numeric/Cat,3664.0
L3_S30_F3669,numeric,1183747,373491,810256,0.31551589993469886,3.0,30.0,Numeric/Cat,3669.0
L3_S30_F3674,numeric,1183747,373491,810256,0.31551589993469886,3.0,30.0,Numeric/Cat,3674.0
L3_S30_F3679,numeric,1183747,373491,810256,0.31551589993469886,3.0,30.0,Numeric/Cat,3679.0
L3_S30_F3684,numeric,1183747,373491,810256,0.31551589993469886,3.0,30.0,Numeric/Cat,3684.0
L3_S30_F3689,numeric,1183747,373491,810256,0.31551589993469886,3.0,30.0,Numeric/Cat,3689.0
L3_S30_F3694,numeric,1183747,373491,810256,0.31551589993469886,3.0,30.0,Numeric/Cat,3694.0
L3_S30_F3699,numeric,1183747,373491,810256,0.31551589993469886,3.0,30.0,Numeric/Cat,3699.0
L3_S30_F3704,numeric,1183747,373491,810256,0.31551589993469886,3.0,30.0,Numeric/Cat,3704.0
L3_S30_F3709,numeric,1183747,373491,810256,0.31551589993469886,3.0,30.0,Numeric/Cat,3709.0
L3_S30_F3714,numeric,1183747,373491,810256,0.31551589993469886,3.0,30.0,Numeric/Cat,3714.0
L3_S30_F3719,numeric,1183747,373491,810256,0.31551589993469886,3.0,30.0,Numeric/Cat,3719.0
L3_S30_F3724,numeric,1183747,63936,1119811,0.05401154131752815,3.0,30.0,Numeric/Cat,3724.0
L3_S30_F3729,numeric,1183747,63936,1119811,0.05401154131752815,3.0,30.0,Numeric/Cat,3729.0
L3_S30_F3734,numeric,1183747,63936,1119811,0.05401154131752815,3.0,30.0,Numeric/Cat,3734.0
L3_S30_F3739,numeric,1183747,63936,1119811,0.05401154131752815,3.0,30.0,Numeric/Cat,3739.0
L3_S30_F3744,numeric,1183747,64178,1119569,0.05421597689371124,3.0,30.0,Numeric/Cat,3744.0
L3_S30_F3749,numeric,1183747,64178,1119569,0.05421597689371124,3.0,30.0,Numeric/Cat,3749.0
L3_S30_F3754,numeric,1183747,64178,1119569,0.05421597689371124,3.0,30.0,Numeric/Cat,3754.0
L3_S30_F3759,numeric,1183747,64178,1119569,0.05421597689371124,3.0,30.0,Numeric/Cat,3759.0
L3_S30_F3764,numeric,1183747,63936,1119811,0.05401154131752815,3.0,30.0,Numeric/Cat,3764.0
L3_S30_F3769,numeric,1183747,63936,1119811,0.05401154131752815,3.0,30.0,Numeric/Cat,3769.0
L3_S30_F3774,numeric,1183747,63936,1119811,0.05401154131752815,3.0,30.0,Numeric/Cat,3774.0
L3_S30_F3779,numeric,1183747,63936,1119811,0.05401154131752815,3.0,30.0,Numeric/Cat,3779.0
L3_S30_F3784,numeric,1183747,63936,1119811,0.05401154131752815,3.0,30.0,Numeric/Cat,3784.0
L3_S30_F3789,numeric,1183747,63936,1119811,0.05401154131752815,3.0,30.0,Numeric/Cat,3789.0
L3_S30_F3794,numeric,1183747,63936,1119811,0.05401154131752815,3.0,30.0,Numeric/Cat,3794.0
L3_S30_F3799,numeric,1183747,63936,1119811,0.05401154131752815,3.0,30.0,Numeric/Cat,3799.0
L3_S30_F3804,numeric,1183747,63936,1119811,0.05401154131752815,3.0,30.0,Numeric/Cat,3804.0
L3_S30_F3809,numeric,1183747,63936,1119811,0.05401154131752815,3.0,30.0,Numeric/Cat,3809.0
L3_S30_F3814,numeric,1183747,63936,1119811,0.05401154131752815,3.0,30.0,Numeric/Cat,3814.0
L3_S30_F3819,numeric,1183747,63936,1119811,0.05401154131752815,3.0,30.0,Numeric/Cat,3819.0
L3_S30_F3824,numeric,1183747,63936,1119811,0.05401154131752815,3.0,30.0,Numeric/Cat,3824.0
L3_S30_F3829,numeric,1183747,63936,1119811,0.05401154131752815,3.0,30.0,Numeric/Cat,3829.0
L3_S31_F3834,numeric,1183747,1144744,39003,0.9670512364550871,3.0,31.0,Numeric/Cat,3834.0
L3_S31_F3838,numeric,1183747,1144744,39003,0.9670512364550871,3.0,31.0,Numeric/Cat,3838.0
L3_S31_F3842,numeric,1183747,1144744,39003,0.9670512364550871,3.0,31.0,Numeric/Cat,3842.0
L3_S31_F3846,numeric,1183747,1144744,39003,0.9670512364550871,3.0,31.0,Numeric/Cat,3846.0
L3_S32_F3850,numeric,1183747,1159204,24543,0.9792666845195807,3.0,32.0,Numeric/Cat,3850.0
L3_S33_F3855,numeric,1183747,69052,1114695,0.058333410771051586,3.0,33.0,Numeric/Cat,3855.0
L3_S33_F3857,numeric,1183747,69052,1114695,0.058333410771051586,3.0,33.0,Numeric/Cat,3857.0
L3_S33_F3859,numeric,1183747,69052,1114695,0.058333410771051586,3.0,33.0,Numeric/Cat,3859.0
L3_S33_F3861,numeric,1183747,69052,1114695,0.058333410771051586,3.0,33.0,Numeric/Cat,3861.0
L3_S33_F3863,numeric,1183747,69052,1114695,0.058333410771051586,3.0,33.0,Numeric/Cat,3863.0
L3_S33_F3865,numeric,1183747,69052,1114695,0.058333410771051586,3.0,33.0,Numeric/Cat,3865.0
L3_S33_F3867,numeric,1183747,69052,1114695,0.058333410771051586,3.0,33.0,Numeric/Cat,3867.0
L3_S33_F3869,numeric,1183747,69052,1114695,0.058333410771051586,3.0,33.0,Numeric/Cat,3869.0
L3_S33_F3871,numeric,1183747,69052,1114695,0.058333410771051586,3.0,33.0,Numeric/Cat,3871.0
L3_S33_F3873,numeric,1183747,69052,1114695,0.058333410771051586,3.0,33.0,Numeric/Cat,3873.0
L3_S34_F3876,numeric,1183747,68629,1115118,0.05797607090028528,3.0,34.0,Numeric/Cat,3876.0
L3_S34_F3878,numeric,1183747,68629,1115118,0.05797607090028528,3.0,34.0,Numeric/Cat,3878.0
L3_S34_F3880,numeric,1183747,68629,1115118,0.05797607090028528,3.0,34.0,Numeric/Cat,3880.0
L3_S34_F3882,numeric,1183747,68629,1115118,0.05797607090028528,3.0,34.0,Numeric/Cat,3882.0
L3_S35_F3884,numeric,1183747,631690,552057,0.5336359880954292,3.0,35.0,Numeric/Cat,3884.0
L3_S35_F3889,numeric,1183747,631690,552057,0.5336359880954292,3.0,35.0,Numeric/Cat,3889.0
L3_S35_F3894,numeric,1183747,631700,552047,0.5336444358465111,3.0,35.0,Numeric/Cat,3894.0
L3_S35_F3896,numeric,1183747,631700,552047,0.5336444358465111,3.0,35.0,Numeric/Cat,3896.0
L3_S35_F3898,numeric,1183747,631639,552108,0.5335929045649113,3.0,35.0,Numeric/Cat,3898.0
L3_S35_F3903,numeric,1183747,631639,552108,0.5335929045649113,3.0,35.0,Numeric/Cat,3903.0
L3_S35_F3908,numeric,1183747,631639,552108,0.5335929045649113,3.0,35.0,Numeric/Cat,3908.0
L3_S35_F3913,numeric,1183747,631639,552108,0.5335929045649113,3.0,35.0,Numeric/Cat,3913.0
L3_S36_F3918,numeric,1183747,614716,569031,0.5192967754089345,3.0,36.0,Numeric/Cat,3918.0
L3_S36_F3920,numeric,1183747,614716,569031,0.5192967754089345,3.0,36.0,Numeric/Cat,3920.0
L3_S36_F3922,numeric,1183747,614716,569031,0.5192967754089345,3.0,36.0,Numeric/Cat,3922.0
L3_S36_F3924,numeric,1183747,614716,569031,0.5192967754089345,3.0,36.0,Numeric/Cat,3924.0
L3_S36_F3926,numeric,1183747,614715,569032,0.5192959306338263,3.0,36.0,Numeric/Cat,3926.0
L3_S36_F3930,numeric,1183747,614715,569032,0.5192959306338263,3.0,36.0,Numeric/Cat,3930.0
L3_S36_F3934,numeric,1183747,614715,569032,0.5192959306338263,3.0,36.0,Numeric/Cat,3934.0
L3_S36_F3938,numeric,1183747,614715,569032,0.5192959306338263,3.0,36.0,Numeric/Cat,3938.0
L3_S37_F3944,numeric,1183747,63353,1120394,0.053519037429450717,3.0,37.0,Numeric/Cat,3944.0
L3_S37_F3946,numeric,1183747,63353,1120394,0.053519037429450717,3.0,37.0,Numeric/Cat,3946.0
L3_S37_F3948,numeric,1183747,63353,1120394,0.053519037429450717,3.0,37.0,Numeric/Cat,3948.0
L3_S37_F3950,numeric,1183747,63353,1120394,0.053519037429450717,3.0,37.0,Numeric/Cat,3950.0
L3_S38_F3952,numeric,1183747,1156605,27142,0.977071114013383,3.0,38.0,Numeric/Cat,3952.0
L3_S38_F3956,numeric,1183747,1156605,27142,0.977071114013383,3.0,38.0,Numeric/Cat,3956.0
L3_S38_F3960,numeric,1183747,1156605,27142,0.977071114013383,3.0,38.0,Numeric/Cat,3960.0
L3_S39_F3964,numeric,1183747,1123839,59908,0.9493912128182795,3.0,39.0,Numeric/Cat,3964.0
L3_S39_F3968,numeric,1183747,1123839,59908,0.9493912128182795,3.0,39.0,Numeric/Cat,3968.0
L3_S39_F3972,numeric,1183747,1123839,59908,0.9493912128182795,3.0,39.0,Numeric/Cat,3972.0
L3_S39_F3976,numeric,1183747,1123839,59908,0.9493912128182795,3.0,39.0,Numeric/Cat,3976.0
L3_S40_F3980,numeric,1183747,1123851,59896,0.9494013501195779,3.0,40.0,Numeric/Cat,3980.0
L3_S40_F3982,numeric,1183747,1123851,59896,0.9494013501195779,3.0,40.0,Numeric/Cat,3982.0
L3_S40_F3984,numeric,1183747,1123833,59914,0.9493861441676305,3.0,40.0,Numeric/Cat,3984.0
L3_S40_F3986,numeric,1183747,1123833,59914,0.9493861441676305,3.0,40.0,Numeric/Cat,3986.0
L3_S40_F3988,numeric,1183747,1123833,59914,0.9493861441676305,3.0,40.0,Numeric/Cat,3988.0
L3_S40_F3990,numeric,1183747,1123833,59914,0.9493861441676305,3.0,40.0,Numeric/Cat,3990.0
L3_S40_F3992,numeric,1183747,1123833,59914,0.9493861441676305,3.0,40.0,Numeric/Cat,3992.0
L3_S40_F3994,numeric,1183747,1123833,59914,0.9493861441676305,3.0,40.0,Numeric/Cat,3994.0
L3_S41_F3996,numeric,1183747,1123834,59913,0.9493869889427387,3.0,41.0,Numeric/Cat,3996.0
L3_S41_F3998,numeric,1183747,1123834,59913,0.9493869889427387,3.0,41.0,Numeric/Cat,3998.0
L3_S41_F4000,numeric,1183747,1123834,59913,0.9493869889427387,3.0,41.0,Numeric/Cat,4000.0
L3_S41_F4002,numeric,1183747,1123834,59913,0.9493869889427387,3.0,41.0,Numeric/Cat,4002.0
L3_S41_F4004,numeric,1183747,1123834,59913,0.9493869889427387,3.0,41.0,Numeric/Cat,4004.0
L3_S41_F4006,numeric,1183747,1123834,59913,0.9493869889427387,3.0,41.0,Numeric/Cat,4006.0
L3_S41_F4008,numeric,1183747,1123834,59913,0.9493869889427387,3.0,41.0,Numeric/Cat,4008.0
L3_S41_F4011,numeric,1183747,1123834,59913,0.9493869889427387,3.0,41.0,Numeric/Cat,4011.0
L3_S41_F4014,numeric,1183747,1123834,59913,0.9493869889427387,3.0,41.0,Numeric/Cat,4014.0
L3_S41_F4016,numeric,1183747,1123834,59913,0.9493869889427387,3.0,41.0,Numeric/Cat,4016.0
L3_S41_F4018,numeric,1183747,1123834,59913,0.9493869889427387,3.0,41.0,Numeric/Cat,4018.0
L3_S41_F4020,numeric,1183747,1123834,59913,0.9493869889427387,3.0,41.0,Numeric/Cat,4020.0
L3_S41_F4023,numeric,1183747,1123834,59913,0.9493869889427387,3.0,41.0,Numeric/Cat,4023.0
L3_S41_F4026,numeric,1183747,1123834,59913,0.9493869889427387,3.0,41.0,Numeric/Cat,4026.0
L3_S43_F4060,numeric,1183747,1153196,30551,0.9741912756695477,3.0,43.0,Numeric/Cat,4060.0
L3_S43_F4065,numeric,1183747,1153196,30551,0.9741912756695477,3.0,43.0,Numeric/Cat,4065.0
L3_S43_F4070,numeric,1183747,1153196,30551,0.9741912756695477,3.0,43.0,Numeric/Cat,4070.0
L3_S43_F4075,numeric,1183747,1153196,30551,0.9741912756695477,3.0,43.0,Numeric/Cat,4075.0
L3_S43_F4080,numeric,1183747,1153202,30545,0.9741963443201967,3.0,43.0,Numeric/Cat,4080.0
L3_S43_F4085,numeric,1183747,1153202,30545,0.9741963443201967,3.0,43.0,Numeric/Cat,4085.0
L3_S43_F4090,numeric,1183747,1153202,30545,0.9741963443201967,3.0,43.0,Numeric/Cat,4090.0
L3_S43_F4095,numeric,1183747,1153202,30545,0.9741963443201967,3.0,43.0,Numeric/Cat,4095.0
L3_S44_F4100,numeric,1183747,1153943,29804,0.974822322675369,3.0,44.0,Numeric/Cat,4100.0
L3_S44_F4103,numeric,1183747,1153943,29804,0.974822322675369,3.0,44.0,Numeric/Cat,4103.0
L3_S44_F4106,numeric,1183747,1153943,29804,0.974822322675369,3.0,44.0,Numeric/Cat,4106.0
L3_S44_F4109,numeric,1183747,1153943,29804,0.974822322675369,3.0,44.0,Numeric/Cat,4109.0
L3_S44_F4112,numeric,1183747,1153943,29804,0.974822322675369,3.0,44.0,Numeric/Cat,4112.0
L3_S44_F4115,numeric,1183747,1153943,29804,0.974822322675369,3.0,44.0,Numeric/Cat,4115.0
L3_S44_F4118,numeric,1183747,1153943,29804,0.974822322675369,3.0,44.0,Numeric/Cat,4118.0
L3_S44_F4121,numeric,1183747,1153943,29804,0.974822322675369,3.0,44.0,Numeric/Cat,4121.0
L3_S45_F4124,numeric,1183747,1123815,59932,0.9493709382156829,3.0,45.0,Numeric/Cat,4124.0
L3_S45_F4126,numeric,1183747,1123815,59932,0.9493709382156829,3.0,45.0,Numeric/Cat,4126.0
L3_S45_F4128,numeric,1183747,1123815,59932,0.9493709382156829,3.0,45.0,Numeric/Cat,4128.0
L3_S45_F4130,numeric,1183747,1123815,59932,0.9493709382156829,3.0,45.0,Numeric/Cat,4130.0
L3_S45_F4132,numeric,1183747,1123815,59932,0.9493709382156829,3.0,45.0,Numeric/Cat,4132.0
L3_S47_F4138,numeric,1183747,1123792,59955,0.9493515083881945,3.0,47.0,Numeric/Cat,4138.0
L3_S47_F4143,numeric,1183747,1123792,59955,0.9493515083881945,3.0,47.0,Numeric/Cat,4143.0
L3_S47_F4148,numeric,1183747,1123792,59955,0.9493515083881945,3.0,47.0,Numeric/Cat,4148.0
L3_S47_F4153,numeric,1183747,1123792,59955,0.9493515083881945,3.0,47.0,Numeric/Cat,4153.0
L3_S47_F4158,numeric,1183747,1123792,59955,0.9493515083881945,3.0,47.0,Numeric/Cat,4158.0
L3_S47_F4163,numeric,1183747,1123792,59955,0.9493515083881945,3.0,47.0,Numeric/Cat,4163.0
L3_S47_F4168,numeric,1183747,1123792,59955,0.9493515083881945,3.0,47.0,Numeric/Cat,4168.0
L3_S47_F4173,numeric,1183747,1123792,59955,0.9493515083881945,3.0,47.0,Numeric/Cat,4173.0
L3_S47_F4178,numeric,1183747,1123792,59955,0.9493515083881945,3.0,47.0,Numeric/Cat,4178.0
L3_S47_F4183,numeric,1183747,1123792,59955,0.9493515083881945,3.0,47.0,Numeric/Cat,4183.0
L3_S47_F4188,numeric,1183747,1123792,59955,0.9493515083881945,3.0,47.0,Numeric/Cat,4188.0
L3_S48_F4193,numeric,1183747,1123824,59923,0.9493785411916567,3.0,48.0,Numeric/Cat,4193.0
L3_S48_F4196,numeric,1183747,1123824,59923,0.9493785411916567,3.0,48.0,Numeric/Cat,4196.0
L3_S48_F4198,numeric,1183747,1123824,59923,0.9493785411916567,3.0,48.0,Numeric/Cat,4198.0
L3_S48_F4200,numeric,1183747,1123824,59923,0.9493785411916567,3.0,48.0,Numeric/Cat,4200.0
L3_S48_F4202,numeric,1183747,1123824,59923,0.9493785411916567,3.0,48.0,Numeric/Cat,4202.0
L3_S48_F4204,numeric,1183747,1123824,59923,0.9493785411916567,3.0,48.0,Numeric/Cat,4204.0
L3_S49_F4206,numeric,1183747,1154084,29663,0.9749414359656244,3.0,49.0,Numeric/Cat,4206.0
L3_S49_F4211,numeric,1183747,1154084,29663,0.9749414359656244,3.0,49.0,Numeric/Cat,4211.0
L3_S49_F4216,numeric,1183747,1154074,29673,0.9749329882145424,3.0,49.0,Numeric/Cat,4216.0
L3_S49_F4221,numeric,1183747,1154074,29673,0.9749329882145424,3.0,49.0,Numeric/Cat,4221.0
L3_S49_F4226,numeric,1183747,1154074,29673,0.9749329882145424,3.0,49.0,Numeric/Cat,4226.0
L3_S49_F4231,numeric,1183747,1154074,29673,0.9749329882145424,3.0,49.0,Numeric/Cat,4231.0
L3_S49_F4236,numeric,1183747,1154074,29673,0.9749329882145424,3.0,49.0,Numeric/Cat,4236.0
L3_S50_F4241,numeric,1183747,1153388,30359,0.974353472490321,3.0,50.0,Numeric/Cat,4241.0
L3_S50_F4243,numeric,1183747,1153388,30359,0.974353472490321,3.0,50.0,Numeric/Cat,4243.0
L3_S50_F4245,numeric,1183747,1153388,30359,0.974353472490321,3.0,50.0,Numeric/Cat,4245.0
L3_S50_F4247,numeric,1183747,1153388,30359,0.974353472490321,3.0,50.0,Numeric/Cat,4247.0
L3_S50_F4249,numeric,1183747,1153388,30359,0.974353472490321,3.0,50.0,Numeric/Cat,4249.0
L3_S50_F4251,numeric,1183747,1153388,30359,0.974353472490321,3.0,50.0,Numeric/Cat,4251.0
L3_S50_F4253,numeric,1183747,1153388,30359,0.974353472490321,3.0,50.0,Numeric/Cat,4253.0
L3_S51_F4256,numeric,1183747,1123894,59853,0.9494376754492303,3.0,51.0,Numeric/Cat,4256.0
L3_S51_F4258,numeric,1183747,1123894,59853,0.9494376754492303,3.0,51.0,Numeric/Cat,4258.0
L3_S51_F4260,numeric,1183747,1123894,59853,0.9494376754492303,3.0,51.0,Numeric/Cat,4260.0
L3_S51_F4262,numeric,1183747,1123894,59853,0.9494376754492303,3.0,51.0,Numeric/Cat,4262.0
Response,numeric,1183747,0,1183747,0.0,,,Response,
Id,date,1183747,0,1183747,0.0,,,Id,
L0_S0_D1,date,1183747,509885,673862,0.43073815604178933,0.0,0.0,Date,1.0
L0_S0_D3,date,1183747,509885,673862,0.43073815604178933,0.0,0.0,Date,3.0
L0_S0_D5,date,1183747,509885,673862,0.43073815604178933,0.0,0.0,Date,5.0
L0_S0_D7,date,1183747,509885,673862,0.43073815604178933,0.0,0.0,Date,7.0
L0_S0_D9,date,1183747,509885,673862,0.43073815604178933,0.0,0.0,Date,9.0
L0_S0_D11,date,1183747,509885,673862,0.43073815604178933,0.0,0.0,Date,11.0
L0_S0_D13,date,1183747,509885,673862,0.43073815604178933,0.0,0.0,Date,13.0
L0_S0_D15,date,1183747,509885,673862,0.43073815604178933,0.0,0.0,Date,15.0
L0_S0_D17,date,1183747,509885,673862,0.43073815604178933,0.0,0.0,Date,17.0
L0_S0_D19,date,1183747,509885,673862,0.43073815604178933,0.0,0.0,Date,19.0
L0_S0_D21,date,1183747,509885,673862,0.43073815604178933,0.0,0.0,Date,21.0
L0_S0_D23,date,1183747,509885,673862,0.43073815604178933,0.0,0.0,Date,23.0
L0_S1_D26,date,1183747,509845,673902,0.43070436503746157,0.0,1.0,Date,26.0
L0_S1_D30,date,1183747,509843,673904,0.43070267548724517,0.0,1.0,Date,30.0
L0_S2_D34,date,1183747,843973,339774,0.7129673823882975,0.0,2.0,Date,34.0
L0_S2_D38,date,1183747,843973,339774,0.7129673823882975,0.0,2.0,Date,38.0
L0_S2_D42,date,1183747,843973,339774,0.7129673823882975,0.0,2.0,Date,42.0
L0_S2_D46,date,1183747,843973,339774,0.7129673823882975,0.0,2.0,Date,46.0
L0_S2_D50,date,1183747,843973,339774,0.7129673823882975,0.0,2.0,Date,50.0
L0_S2_D54,date,1183747,843973,339774,0.7129673823882975,0.0,2.0,Date,54.0
L0_S2_D58,date,1183747,843973,339774,0.7129673823882975,0.0,2.0,Date,58.0
L0_S2_D62,date,1183747,843973,339774,0.7129673823882975,0.0,2.0,Date,62.0
L0_S2_D66,date,1183747,843973,339774,0.7129673823882975,0.0,2.0,Date,66.0
L0_S3_D70,date,1183747,849039,334708,0.7172470130864113,0.0,3.0,Date,70.0
L0_S3_D74,date,1183747,849039,334708,0.7172470130864113,0.0,3.0,Date,74.0
L0_S3_D78,date,1183747,849039,334708,0.7172470130864113,0.0,3.0,Date,78.0
L0_S3_D82,date,1183747,849039,334708,0.7172470130864113,0.0,3.0,Date,82.0
L0_S3_D86,date,1183747,849039,334708,0.7172470130864113,0.0,3.0,Date,86.0
L0_S3_D90,date,1183747,849039,334708,0.7172470130864113,0.0,3.0,Date,90.0
L0_S3_D94,date,1183747,849039,334708,0.7172470130864113,0.0,3.0,Date,94.0
L0_S3_D98,date,1183747,849039,334708,0.7172470130864113,0.0,3.0,Date,98.0
L0_S3_D102,date,1183747,849039,334708,0.7172470130864113,0.0,3.0,Date,102.0
L0_S4_D106,date,1183747,848452,335295,0.716751130097901,0.0,4.0,Date,106.0
L0_S4_D111,date,1183747,848504,335243,0.7167950584035271,0.0,4.0,Date,111.0
L0_S5_D115,date,1183747,844235,339512,0.7131887134666445,0.0,5.0,Date,115.0
L0_S5_D117,date,1183747,844235,339512,0.7131887134666445,0.0,5.0,Date,117.0
L0_S6_D120,date,1183747,844759,338988,0.7136313756233384,0.0,6.0,Date,120.0
L0_S6_D124,date,1183747,844759,338988,0.7136313756233384,0.0,6.0,Date,124.0
L0_S6_D127,date,1183747,844759,338988,0.7136313756233384,0.0,6.0,Date,127.0
L0_S6_D130,date,1183747,844759,338988,0.7136313756233384,0.0,6.0,Date,130.0
L0_S6_D134,date,1183747,844759,338988,0.7136313756233384,0.0,6.0,Date,134.0
L0_S7_D137,date,1183747,848049,335698,0.7164106857292986,0.0,7.0,Date,137.0
L0_S7_D139,date,1183747,848049,335698,0.7164106857292986,0.0,7.0,Date,139.0
L0_S7_D140,date,1183747,848049,335698,0.7164106857292986,0.0,7.0,Date,140.0
L0_S7_D141,date,1183747,848049,335698,0.7164106857292986,0.0,7.0,Date,141.0
L0_S7_D143,date,1183747,848049,335698,0.7164106857292986,0.0,7.0,Date,143.0
L0_S8_D145,date,1183747,509866,673881,0.43072210531473365,0.0,8.0,Date,145.0
L0_S8_D147,date,1183747,509866,673881,0.43072210531473365,0.0,8.0,Date,147.0
L0_S8_D148,date,1183747,509866,673881,0.43072210531473365,0.0,8.0,Date,148.0
L0_S8_D150,date,1183747,509866,673881,0.43072210531473365,0.0,8.0,Date,150.0
L0_S9_D152,date,1183747,958068,225679,0.8093519983577572,0.0,9.0,Date,152.0
L0_S9_D157,date,1183747,958088,225659,0.8093688938599211,0.0,9.0,Date,157.0
L0_S9_D162,date,1183747,958069,225678,0.8093528431328654,0.0,9.0,Date,162.0
L0_S9_D167,date,1183747,958076,225671,0.8093587565586228,0.0,9.0,Date,167.0
L0_S9_D172,date,1183747,958069,225678,0.8093528431328654,0.0,9.0,Date,172.0
L0_S9_D177,date,1183747,958088,225659,0.8093688938599211,0.0,9.0,Date,177.0
L0_S9_D182,date,1183747,958088,225659,0.8093688938599211,0.0,9.0,Date,182.0
L0_S9_D187,date,1183747,958088,225659,0.8093688938599211,0.0,9.0,Date,187.0
L0_S9_D192,date,1183747,958088,225659,0.8093688938599211,0.0,9.0,Date,192.0
L0_S9_D197,date,1183747,958088,225659,0.8093688938599211,0.0,9.0,Date,197.0
L0_S9_D202,date,1183747,958088,225659,0.8093688938599211,0.0,9.0,Date,202.0
L0_S9_D207,date,1183747,958088,225659,0.8093688938599211,0.0,9.0,Date,207.0
L0_S9_D212,date,1183747,958088,225659,0.8093688938599211,0.0,9.0,Date,212.0
L0_S10_D216,date,1183747,959207,224540,0.8103141972059908,0.0,10.0,Date,216.0
L0_S10_D221,date,1183747,959224,224523,0.8103285583828301,0.0,10.0,Date,221.0
L0_S10_D226,date,1183747,959207,224540,0.8103141972059908,0.0,10.0,Date,226.0
L0_S10_D231,date,1183747,959220,224527,0.8103251792823973,0.0,10.0,Date,231.0
L0_S10_D236,date,1183747,959207,224540,0.8103141972059908,0.0,10.0,Date,236.0
L0_S10_D241,date,1183747,959224,224523,0.8103285583828301,0.0,10.0,Date,241.0
L0_S10_D246,date,1183747,959224,224523,0.8103285583828301,0.0,10.0,Date,246.0
L0_S10_D251,date,1183747,959224,224523,0.8103285583828301,0.0,10.0,Date,251.0
L0_S10_D256,date,1183747,959224,224523,0.8103285583828301,0.0,10.0,Date,256.0
L0_S10_D261,date,1183747,959224,224523,0.8103285583828301,0.0,10.0,Date,261.0
L0_S10_D266,date,1183747,959224,224523,0.8103285583828301,0.0,10.0,Date,266.0
L0_S10_D271,date,1183747,959224,224523,0.8103285583828301,0.0,10.0,Date,271.0
L0_S10_D276,date,1183747,959224,224523,0.8103285583828301,0.0,10.0,Date,276.0
L0_S11_D280,date,1183747,958295,225452,0.8095437623073174,0.0,11.0,Date,280.0
L0_S11_D284,date,1183747,958295,225452,0.8095437623073174,0.0,11.0,Date,284.0
L0_S11_D288,date,1183747,958295,225452,0.8095437623073174,0.0,11.0,Date,288.0
L0_S11_D292,date,1183747,958295,225452,0.8095437623073174,0.0,11.0,Date,292.0
L0_S11_D296,date,1183747,958295,225452,0.8095437623073174,0.0,11.0,Date,296.0
L0_S11_D300,date,1183747,958295,225452,0.8095437623073174,0.0,11.0,Date,300.0
L0_S11_D304,date,1183747,958295,225452,0.8095437623073174,0.0,11.0,Date,304.0
L0_S11_D308,date,1183747,958295,225452,0.8095437623073174,0.0,11.0,Date,308.0
L0_S11_D312,date,1183747,958295,225452,0.8095437623073174,0.0,11.0,Date,312.0
L0_S11_D316,date,1183747,958295,225452,0.8095437623073174,0.0,11.0,Date,316.0
L0_S11_D320,date,1183747,958295,225452,0.8095437623073174,0.0,11.0,Date,320.0
L0_S11_D324,date,1183747,958295,225452,0.8095437623073174,0.0,11.0,Date,324.0
L0_S11_D328,date,1183747,958295,225452,0.8095437623073174,0.0,11.0,Date,328.0
L0_S12_D331,date,1183747,941686,242061,0.7955128925353138,0.0,12.0,Date,331.0
L0_S12_D333,date,1183747,941686,242061,0.7955128925353138,0.0,12.0,Date,333.0
L0_S12_D335,date,1183747,941686,242061,0.7955128925353138,0.0,12.0,Date,335.0
L0_S12_D337,date,1183747,941686,242061,0.7955128925353138,0.0,12.0,Date,337.0
L0_S12_D339,date,1183747,941686,242061,0.7955128925353138,0.0,12.0,Date,339.0
L0_S12_D341,date,1183747,941686,242061,0.7955128925353138,0.0,12.0,Date,341.0
L0_S12_D343,date,1183747,941686,242061,0.7955128925353138,0.0,12.0,Date,343.0
L0_S12_D345,date,1183747,941686,242061,0.7955128925353138,0.0,12.0,Date,345.0
L0_S12_D347,date,1183747,941686,242061,0.7955128925353138,0.0,12.0,Date,347.0
L0_S12_D349,date,1183747,941686,242061,0.7955128925353138,0.0,12.0,Date,349.0
L0_S12_D351,date,1183747,941686,242061,0.7955128925353138,0.0,12.0,Date,351.0
L0_S12_D353,date,1183747,941686,242061,0.7955128925353138,0.0,12.0,Date,353.0
L0_S13_D355,date,1183747,941682,242065,0.795509513434881,0.0,13.0,Date,355.0
L0_S13_D357,date,1183747,941682,242065,0.795509513434881,0.0,13.0,Date,357.0
L0_S14_D360,date,1183747,1063122,120625,0.8980990025740297,0.0,14.0,Date,360.0
L0_S14_D364,date,1183747,1063122,120625,0.8980990025740297,0.0,14.0,Date,364.0
L0_S14_D368,date,1183747,1063122,120625,0.8980990025740297,0.0,14.0,Date,368.0
L0_S14_D372,date,1183747,1063122,120625,0.8980990025740297,0.0,14.0,Date,372.0
L0_S14_D376,date,1183747,1063122,120625,0.8980990025740297,0.0,14.0,Date,376.0
L0_S14_D380,date,1183747,1063122,120625,0.8980990025740297,0.0,14.0,Date,380.0
L0_S14_D384,date,1183747,1063122,120625,0.8980990025740297,0.0,14.0,Date,384.0
L0_S14_D388,date,1183747,1063122,120625,0.8980990025740297,0.0,14.0,Date,388.0
L0_S14_D392,date,1183747,1063122,120625,0.8980990025740297,0.0,14.0,Date,392.0
L0_S15_D395,date,1183747,1062302,121445,0.8974062869853102,0.0,15.0,Date,395.0
L0_S15_D398,date,1183747,1062302,121445,0.8974062869853102,0.0,15.0,Date,398.0
L0_S15_D401,date,1183747,1062302,121445,0.8974062869853102,0.0,15.0,Date,401.0
L0_S15_D404,date,1183747,1062302,121445,0.8974062869853102,0.0,15.0,Date,404.0
L0_S15_D407,date,1183747,1062302,121445,0.8974062869853102,0.0,15.0,Date,407.0
L0_S15_D410,date,1183747,1062302,121445,0.8974062869853102,0.0,15.0,Date,410.0
L0_S15_D413,date,1183747,1062302,121445,0.8974062869853102,0.0,15.0,Date,413.0
L0_S15_D416,date,1183747,1062302,121445,0.8974062869853102,0.0,15.0,Date,416.0
L0_S15_D419,date,1183747,1062302,121445,0.8974062869853102,0.0,15.0,Date,419.0
L0_S16_D423,date,1183747,1064608,119139,0.8993543383848069,0.0,16.0,Date,423.0
L0_S16_D428,date,1183747,1064608,119139,0.8993543383848069,0.0,16.0,Date,428.0
L0_S17_D432,date,1183747,1060720,123027,0.8960698527641464,0.0,17.0,Date,432.0
L0_S17_D434,date,1183747,1060720,123027,0.8960698527641464,0.0,17.0,Date,434.0
L0_S18_D437,date,1183747,1062666,121081,0.897713785124693,0.0,18.0,Date,437.0
L0_S18_D441,date,1183747,1062666,121081,0.897713785124693,0.0,18.0,Date,441.0
L0_S18_D444,date,1183747,1062666,121081,0.897713785124693,0.0,18.0,Date,444.0
L0_S18_D447,date,1183747,1062666,121081,0.897713785124693,0.0,18.0,Date,447.0
L0_S18_D451,date,1183747,1062666,121081,0.897713785124693,0.0,18.0,Date,451.0
L0_S19_D454,date,1183747,1062720,121027,0.8977594029805356,0.0,19.0,Date,454.0
L0_S19_D456,date,1183747,1062720,121027,0.8977594029805356,0.0,19.0,Date,456.0
L0_S19_D457,date,1183747,1062720,121027,0.8977594029805356,0.0,19.0,Date,457.0
L0_S19_D458,date,1183747,1062720,121027,0.8977594029805356,0.0,19.0,Date,458.0
L0_S19_D460,date,1183747,1062720,121027,0.8977594029805356,0.0,19.0,Date,460.0
L0_S20_D462,date,1183747,941636,242111,0.795470653779904,0.0,20.0,Date,462.0
L0_S20_D464,date,1183747,941636,242111,0.795470653779904,0.0,20.0,Date,464.0
L0_S20_D465,date,1183747,941636,242111,0.795470653779904,0.0,20.0,Date,465.0
L0_S20_D467,date,1183747,941636,242111,0.795470653779904,0.0,20.0,Date,467.0
L0_S21_D469,date,1183747,1102338,81409,0.9312277032169881,0.0,21.0,Date,469.0
L0_S21_D474,date,1183747,1102379,81368,0.9312623389964241,0.0,21.0,Date,474.0
L0_S21_D479,date,1183747,1102338,81409,0.9312277032169881,0.0,21.0,Date,479.0
L0_S21_D484,date,1183747,1102374,81373,0.9312581151208831,0.0,21.0,Date,484.0
L0_S21_D489,date,1183747,1102338,81409,0.9312277032169881,0.0,21.0,Date,489.0
L0_S21_D494,date,1183747,1102379,81368,0.9312623389964241,0.0,21.0,Date,494.0
L0_S21_D499,date,1183747,1102379,81368,0.9312623389964241,0.0,21.0,Date,499.0
L0_S21_D504,date,1183747,1102379,81368,0.9312623389964241,0.0,21.0,Date,504.0
L0_S21_D509,date,1183747,1102379,81368,0.9312623389964241,0.0,21.0,Date,509.0
L0_S21_D514,date,1183747,1102379,81368,0.9312623389964241,0.0,21.0,Date,514.0
L0_S21_D519,date,1183747,1102379,81368,0.9312623389964241,0.0,21.0,Date,519.0
L0_S21_D524,date,1183747,1102379,81368,0.9312623389964241,0.0,21.0,Date,524.0
L0_S21_D529,date,1183747,1102379,81368,0.9312623389964241,0.0,21.0,Date,529.0
L0_S21_D534,date,1183747,1102379,81368,0.9312623389964241,0.0,21.0,Date,534.0
L0_S21_D539,date,1183747,1102379,81368,0.9312623389964241,0.0,21.0,Date,539.0
L0_S22_D543,date,1183747,1103147,80600,0.9319111262795174,0.0,22.0,Date,543.0
L0_S22_D548,date,1183747,1103156,80591,0.9319187292554912,0.0,22.0,Date,548.0
L0_S22_D553,date,1183747,1103148,80599,0.9319119710546256,0.0,22.0,Date,553.0
L0_S22_D558,date,1183747,1103152,80595,0.9319153501550584,0.0,22.0,Date,558.0
L0_S22_D563,date,1183747,1103148,80599,0.9319119710546256,0.0,22.0,Date,563.0
L0_S22_D568,date,1183747,1103156,80591,0.9319187292554912,0.0,22.0,Date,568.0
L0_S22_D573,date,1183747,1103156,80591,0.9319187292554912,0.0,22.0,Date,573.0
L0_S22_D578,date,1183747,1103156,80591,0.9319187292554912,0.0,22.0,Date,578.0
L0_S22_D583,date,1183747,1103156,80591,0.9319187292554912,0.0,22.0,Date,583.0
L0_S22_D588,date,1183747,1103156,80591,0.9319187292554912,0.0,22.0,Date,588.0
L0_S22_D593,date,1183747,1103156,80591,0.9319187292554912,0.0,22.0,Date,593.0
L0_S22_D598,date,1183747,1103156,80591,0.9319187292554912,0.0,22.0,Date,598.0
L0_S22_D603,date,1183747,1103156,80591,0.9319187292554912,0.0,22.0,Date,603.0
L0_S22_D608,date,1183747,1103156,80591,0.9319187292554912,0.0,22.0,Date,608.0
L0_S22_D613,date,1183747,1103156,80591,0.9319187292554912,0.0,22.0,Date,613.0
L0_S23_D617,date,1183747,1103457,80290,0.9321730065630578,0.0,23.0,Date,617.0
L0_S23_D621,date,1183747,1103457,80290,0.9321730065630578,0.0,23.0,Date,621.0
L0_S23_D625,date,1183747,1103457,80290,0.9321730065630578,0.0,23.0,Date,625.0
L0_S23_D629,date,1183747,1103457,80290,0.9321730065630578,0.0,23.0,Date,629.0
L0_S23_D633,date,1183747,1103457,80290,0.9321730065630578,0.0,23.0,Date,633.0
L0_S23_D637,date,1183747,1103457,80290,0.9321730065630578,0.0,23.0,Date,637.0
L0_S23_D641,date,1183747,1103457,80290,0.9321730065630578,0.0,23.0,Date,641.0
L0_S23_D645,date,1183747,1103457,80290,0.9321730065630578,0.0,23.0,Date,645.0
L0_S23_D649,date,1183747,1103457,80290,0.9321730065630578,0.0,23.0,Date,649.0
L0_S23_D653,date,1183747,1103457,80290,0.9321730065630578,0.0,23.0,Date,653.0
L0_S23_D657,date,1183747,1103457,80290,0.9321730065630578,0.0,23.0,Date,657.0
L0_S23_D661,date,1183747,1103457,80290,0.9321730065630578,0.0,23.0,Date,661.0
L0_S23_D665,date,1183747,1103457,80290,0.9321730065630578,0.0,23.0,Date,665.0
L0_S23_D669,date,1183747,1103457,80290,0.9321730065630578,0.0,23.0,Date,669.0
L0_S23_D673,date,1183747,1103457,80290,0.9321730065630578,0.0,23.0,Date,673.0
L1_S24_D677,date,1183747,1159885,23862,0.9798419763682611,1.0,24.0,Date,677.0
L1_S24_D681,date,1183747,1159885,23862,0.9798419763682611,1.0,24.0,Date,681.0
L1_S24_D685,date,1183747,1159885,23862,0.9798419763682611,1.0,24.0,Date,685.0
L1_S24_D689,date,1183747,1159885,23862,0.9798419763682611,1.0,24.0,Date,689.0
L1_S24_D693,date,1183747,1159885,23862,0.9798419763682611,1.0,24.0,Date,693.0
L1_S24_D697,date,1183747,1160110,23637,0.9800320507676049,1.0,24.0,Date,697.0
L1_S24_D702,date,1183747,1159921,23826,0.9798723882721562,1.0,24.0,Date,702.0
L1_S24_D707,date,1183747,1159921,23826,0.9798723882721562,1.0,24.0,Date,707.0
L1_S24_D712,date,1183747,1159921,23826,0.9798723882721562,1.0,24.0,Date,712.0
L1_S24_D716,date,1183747,1160110,23637,0.9800320507676049,1.0,24.0,Date,716.0
L1_S24_D721,date,1183747,1160110,23637,0.9800320507676049,1.0,24.0,Date,721.0
L1_S24_D725,date,1183747,1159921,23826,0.9798723882721562,1.0,24.0,Date,725.0
L1_S24_D730,date,1183747,1159921,23826,0.9798723882721562,1.0,24.0,Date,730.0
L1_S24_D735,date,1183747,1159921,23826,0.9798723882721562,1.0,24.0,Date,735.0
L1_S24_D739,date,1183747,1159921,23826,0.9798723882721562,1.0,24.0,Date,739.0
L1_S24_D743,date,1183747,1159921,23826,0.9798723882721562,1.0,24.0,Date,743.0
L1_S24_D748,date,1183747,1160110,23637,0.9800320507676049,1.0,24.0,Date,748.0
L1_S24_D753,date,1183747,1160110,23637,0.9800320507676049,1.0,24.0,Date,753.0
L1_S24_D758,date,1183747,1160110,23637,0.9800320507676049,1.0,24.0,Date,758.0
L1_S24_D763,date,1183747,1160110,23637,0.9800320507676049,1.0,24.0,Date,763.0
L1_S24_D768,date,1183747,1160110,23637,0.9800320507676049,1.0,24.0,Date,768.0
L1_S24_D772,date,1183747,1160201,23546,0.9801089253024506,1.0,24.0,Date,772.0
L1_S24_D777,date,1183747,1160110,23637,0.9800320507676049,1.0,24.0,Date,777.0
L1_S24_D782,date,1183747,1160110,23637,0.9800320507676049,1.0,24.0,Date,782.0
L1_S24_D787,date,1183747,1160110,23637,0.9800320507676049,1.0,24.0,Date,787.0
L1_S24_D792,date,1183747,1160110,23637,0.9800320507676049,1.0,24.0,Date,792.0
L1_S24_D797,date,1183747,1160110,23637,0.9800320507676049,1.0,24.0,Date,797.0
L1_S24_D801,date,1183747,1159906,23841,0.9798597166455332,1.0,24.0,Date,801.0
L1_S24_D804,date,1183747,1159906,23841,0.9798597166455332,1.0,24.0,Date,804.0
L1_S24_D807,date,1183747,1159911,23836,0.9798639405210742,1.0,24.0,Date,807.0
L1_S24_D809,date,1183747,1159911,23836,0.9798639405210742,1.0,24.0,Date,809.0
L1_S24_D811,date,1183747,1159911,23836,0.9798639405210742,1.0,24.0,Date,811.0
L1_S24_D813,date,1183747,1159908,23839,0.9798614061957496,1.0,24.0,Date,813.0
L1_S24_D815,date,1183747,1159908,23839,0.9798614061957496,1.0,24.0,Date,815.0
L1_S24_D818,date,1183747,1171721,12026,0.9898407345488521,1.0,24.0,Date,818.0
L1_S24_D822,date,1183747,1171721,12026,0.9898407345488521,1.0,24.0,Date,822.0
L1_S24_D826,date,1183747,1171721,12026,0.9898407345488521,1.0,24.0,Date,826.0
L1_S24_D831,date,1183747,1171721,12026,0.9898407345488521,1.0,24.0,Date,831.0
L1_S24_D836,date,1183747,1171721,12026,0.9898407345488521,1.0,24.0,Date,836.0
L1_S24_D841,date,1183747,1171721,12026,0.9898407345488521,1.0,24.0,Date,841.0
L1_S24_D846,date,1183747,1171721,12026,0.9898407345488521,1.0,24.0,Date,846.0
L1_S24_D850,date,1183747,1171721,12026,0.9898407345488521,1.0,24.0,Date,850.0
L1_S24_D854,date,1183747,1171721,12026,0.9898407345488521,1.0,24.0,Date,854.0
L1_S24_D859,date,1183747,1171721,12026,0.9898407345488521,1.0,24.0,Date,859.0
L1_S24_D864,date,1183747,1171721,12026,0.9898407345488521,1.0,24.0,Date,864.0
L1_S24_D869,date,1183747,1171721,12026,0.9898407345488521,1.0,24.0,Date,869.0
L1_S24_D874,date,1183747,1171721,12026,0.9898407345488521,1.0,24.0,Date,874.0
L1_S24_D879,date,1183747,1171721,12026,0.9898407345488521,1.0,24.0,Date,879.0
L1_S24_D884,date,1183747,1171721,12026,0.9898407345488521,1.0,24.0,Date,884.0
L1_S24_D889,date,1183747,1171721,12026,0.9898407345488521,1.0,24.0,Date,889.0
L1_S24_D894,date,1183747,1171721,12026,0.9898407345488521,1.0,24.0,Date,894.0
L1_S24_D899,date,1183747,1171721,12026,0.9898407345488521,1.0,24.0,Date,899.0
L1_S24_D904,date,1183747,1171721,12026,0.9898407345488521,1.0,24.0,Date,904.0
L1_S24_D909,date,1183747,1171913,11834,0.9900029313696255,1.0,24.0,Date,909.0
L1_S24_D913,date,1183747,1171913,11834,0.9900029313696255,1.0,24.0,Date,913.0
L1_S24_D917,date,1183747,1171913,11834,0.9900029313696255,1.0,24.0,Date,917.0
L1_S24_D922,date,1183747,1171913,11834,0.9900029313696255,1.0,24.0,Date,922.0
L1_S24_D927,date,1183747,1171913,11834,0.9900029313696255,1.0,24.0,Date,927.0
L1_S24_D932,date,1183747,1171913,11834,0.9900029313696255,1.0,24.0,Date,932.0
L1_S24_D937,date,1183747,1171913,11834,0.9900029313696255,1.0,24.0,Date,937.0
L1_S24_D941,date,1183747,1171913,11834,0.9900029313696255,1.0,24.0,Date,941.0
L1_S24_D945,date,1183747,1171913,11834,0.9900029313696255,1.0,24.0,Date,945.0
L1_S24_D950,date,1183747,1171913,11834,0.9900029313696255,1.0,24.0,Date,950.0
L1_S24_D955,date,1183747,1171913,11834,0.9900029313696255,1.0,24.0,Date,955.0
L1_S24_D960,date,1183747,1171913,11834,0.9900029313696255,1.0,24.0,Date,960.0
L1_S24_D965,date,1183747,1171913,11834,0.9900029313696255,1.0,24.0,Date,965.0
L1_S24_D970,date,1183747,1171913,11834,0.9900029313696255,1.0,24.0,Date,970.0
L1_S24_D975,date,1183747,1171913,11834,0.9900029313696255,1.0,24.0,Date,975.0
L1_S24_D980,date,1183747,1171913,11834,0.9900029313696255,1.0,24.0,Date,980.0
L1_S24_D985,date,1183747,1171913,11834,0.9900029313696255,1.0,24.0,Date,985.0
L1_S24_D990,date,1183747,1171913,11834,0.9900029313696255,1.0,24.0,Date,990.0
L1_S24_D995,date,1183747,1171913,11834,0.9900029313696255,1.0,24.0,Date,995.0
L1_S24_D999,date,1183747,1171868,11879,0.9899649164897567,1.0,24.0,Date,999.0
L1_S24_D1001,date,1183747,1171868,11879,0.9899649164897567,1.0,24.0,Date,1001.0
L1_S24_D1003,date,1183747,1171868,11879,0.9899649164897567,1.0,24.0,Date,1003.0
L1_S24_D1005,date,1183747,1171868,11879,0.9899649164897567,1.0,24.0,Date,1005.0
L1_S24_D1007,date,1183747,1171868,11879,0.9899649164897567,1.0,24.0,Date,1007.0
L1_S24_D1009,date,1183747,1171868,11879,0.9899649164897567,1.0,24.0,Date,1009.0
L1_S24_D1011,date,1183747,1171868,11879,0.9899649164897567,1.0,24.0,Date,1011.0
L1_S24_D1013,date,1183747,1171868,11879,0.9899649164897567,1.0,24.0,Date,1013.0
L1_S24_D1015,date,1183747,1171868,11879,0.9899649164897567,1.0,24.0,Date,1015.0
L1_S24_D1018,date,1183747,1171796,11951,0.9899040926819667,1.0,24.0,Date,1018.0
L1_S24_D1023,date,1183747,1171796,11951,0.9899040926819667,1.0,24.0,Date,1023.0
L1_S24_D1028,date,1183747,1171796,11951,0.9899040926819667,1.0,24.0,Date,1028.0
L1_S24_D1033,date,1183747,1171796,11951,0.9899040926819667,1.0,24.0,Date,1033.0
L1_S24_D1038,date,1183747,1171796,11951,0.9899040926819667,1.0,24.0,Date,1038.0
L1_S24_D1043,date,1183747,1171796,11951,0.9899040926819667,1.0,24.0,Date,1043.0
L1_S24_D1048,date,1183747,1171796,11951,0.9899040926819667,1.0,24.0,Date,1048.0
L1_S24_D1053,date,1183747,1171796,11951,0.9899040926819667,1.0,24.0,Date,1053.0
L1_S24_D1058,date,1183747,1171796,11951,0.9899040926819667,1.0,24.0,Date,1058.0
L1_S24_D1062,date,1183747,1159920,23827,0.979871543497048,1.0,24.0,Date,1062.0
L1_S24_D1066,date,1183747,1159920,23827,0.979871543497048,1.0,24.0,Date,1066.0
L1_S24_D1070,date,1183747,1159920,23827,0.979871543497048,1.0,24.0,Date,1070.0
L1_S24_D1074,date,1183747,1159920,23827,0.979871543497048,1.0,24.0,Date,1074.0
L1_S24_D1077,date,1183747,1159920,23827,0.979871543497048,1.0,24.0,Date,1077.0
L1_S24_D1081,date,1183747,1159920,23827,0.979871543497048,1.0,24.0,Date,1081.0
L1_S24_D1085,date,1183747,1159920,23827,0.979871543497048,1.0,24.0,Date,1085.0
L1_S24_D1089,date,1183747,1159920,23827,0.979871543497048,1.0,24.0,Date,1089.0
L1_S24_D1092,date,1183747,1159920,23827,0.979871543497048,1.0,24.0,Date,1092.0
L1_S24_D1096,date,1183747,1159920,23827,0.979871543497048,1.0,24.0,Date,1096.0
L1_S24_D1100,date,1183747,1159920,23827,0.979871543497048,1.0,24.0,Date,1100.0
L1_S24_D1104,date,1183747,1159920,23827,0.979871543497048,1.0,24.0,Date,1104.0
L1_S24_D1108,date,1183747,1159920,23827,0.979871543497048,1.0,24.0,Date,1108.0
L1_S24_D1112,date,1183747,1159920,23827,0.979871543497048,1.0,24.0,Date,1112.0
L1_S24_D1116,date,1183747,1156545,27202,0.9770204275068912,1.0,24.0,Date,1116.0
L1_S24_D1120,date,1183747,1156545,27202,0.9770204275068912,1.0,24.0,Date,1120.0
L1_S24_D1124,date,1183747,1156545,27202,0.9770204275068912,1.0,24.0,Date,1124.0
L1_S24_D1128,date,1183747,1156545,27202,0.9770204275068912,1.0,24.0,Date,1128.0
L1_S24_D1132,date,1183747,1156545,27202,0.9770204275068912,1.0,24.0,Date,1132.0
L1_S24_D1135,date,1183747,1156570,27177,0.9770415468845961,1.0,24.0,Date,1135.0
L1_S24_D1138,date,1183747,1156570,27177,0.9770415468845961,1.0,24.0,Date,1138.0
L1_S24_D1141,date,1183747,1156570,27177,0.9770415468845961,1.0,24.0,Date,1141.0
L1_S24_D1143,date,1183747,1156570,27177,0.9770415468845961,1.0,24.0,Date,1143.0
L1_S24_D1146,date,1183747,1156570,27177,0.9770415468845961,1.0,24.0,Date,1146.0
L1_S24_D1149,date,1183747,1156570,27177,0.9770415468845961,1.0,24.0,Date,1149.0
L1_S24_D1151,date,1183747,1156570,27177,0.9770415468845961,1.0,24.0,Date,1151.0
L1_S24_D1153,date,1183747,1156570,27177,0.9770415468845961,1.0,24.0,Date,1153.0
L1_S24_D1155,date,1183747,1156935,26812,0.9773498897990871,1.0,24.0,Date,1155.0
L1_S24_D1158,date,1183747,1183746,1,0.9999991552248918,1.0,24.0,Date,1158.0
L1_S24_D1163,date,1183747,1156546,27201,0.9770212722819994,1.0,24.0,Date,1163.0
L1_S24_D1168,date,1183747,1156550,27197,0.9770246513824322,1.0,24.0,Date,1168.0
L1_S24_D1171,date,1183747,1156550,27197,0.9770246513824322,1.0,24.0,Date,1171.0
L1_S24_D1173,date,1183747,1156550,27197,0.9770246513824322,1.0,24.0,Date,1173.0
L1_S24_D1175,date,1183747,1156550,27197,0.9770246513824322,1.0,24.0,Date,1175.0
L1_S24_D1178,date,1183747,1156550,27197,0.9770246513824322,1.0,24.0,Date,1178.0
L1_S24_D1182,date,1183747,1156550,27197,0.9770246513824322,1.0,24.0,Date,1182.0
L1_S24_D1186,date,1183747,1170106,13641,0.9884764227491178,1.0,24.0,Date,1186.0
L1_S24_D1190,date,1183747,1170106,13641,0.9884764227491178,1.0,24.0,Date,1190.0
L1_S24_D1194,date,1183747,1170106,13641,0.9884764227491178,1.0,24.0,Date,1194.0
L1_S24_D1199,date,1183747,1170106,13641,0.9884764227491178,1.0,24.0,Date,1199.0
L1_S24_D1204,date,1183747,1170106,13641,0.9884764227491178,1.0,24.0,Date,1204.0
L1_S24_D1209,date,1183747,1170106,13641,0.9884764227491178,1.0,24.0,Date,1209.0
L1_S24_D1214,date,1183747,1170106,13641,0.9884764227491178,1.0,24.0,Date,1214.0
L1_S24_D1218,date,1183747,1170106,13641,0.9884764227491178,1.0,24.0,Date,1218.0
L1_S24_D1222,date,1183747,1170106,13641,0.9884764227491178,1.0,24.0,Date,1222.0
L1_S24_D1227,date,1183747,1170106,13641,0.9884764227491178,1.0,24.0,Date,1227.0
L1_S24_D1232,date,1183747,1170106,13641,0.9884764227491178,1.0,24.0,Date,1232.0
L1_S24_D1237,date,1183747,1170106,13641,0.9884764227491178,1.0,24.0,Date,1237.0
L1_S24_D1242,date,1183747,1170106,13641,0.9884764227491178,1.0,24.0,Date,1242.0
L1_S24_D1247,date,1183747,1170106,13641,0.9884764227491178,1.0,24.0,Date,1247.0
L1_S24_D1252,date,1183747,1170106,13641,0.9884764227491178,1.0,24.0,Date,1252.0
L1_S24_D1257,date,1183747,1170106,13641,0.9884764227491178,1.0,24.0,Date,1257.0
L1_S24_D1262,date,1183747,1170106,13641,0.9884764227491178,1.0,24.0,Date,1262.0
L1_S24_D1267,date,1183747,1170106,13641,0.9884764227491178,1.0,24.0,Date,1267.0
L1_S24_D1272,date,1183747,1170106,13641,0.9884764227491178,1.0,24.0,Date,1272.0
L1_S24_D1277,date,1183747,1170184,13563,0.988542315207557,1.0,24.0,Date,1277.0
L1_S24_D1281,date,1183747,1170184,13563,0.988542315207557,1.0,24.0,Date,1281.0
L1_S24_D1285,date,1183747,1170184,13563,0.988542315207557,1.0,24.0,Date,1285.0
L1_S24_D1290,date,1183747,1170184,13563,0.988542315207557,1.0,24.0,Date,1290.0
L1_S24_D1295,date,1183747,1170184,13563,0.988542315207557,1.0,24.0,Date,1295.0
L1_S24_D1300,date,1183747,1170184,13563,0.988542315207557,1.0,24.0,Date,1300.0
L1_S24_D1305,date,1183747,1170184,13563,0.988542315207557,1.0,24.0,Date,1305.0
L1_S24_D1309,date,1183747,1170184,13563,0.988542315207557,1.0,24.0,Date,1309.0
L1_S24_D1313,date,1183747,1170184,13563,0.988542315207557,1.0,24.0,Date,1313.0
L1_S24_D1318,date,1183747,1170184,13563,0.988542315207557,1.0,24.0,Date,1318.0
L1_S24_D1323,date,1183747,1170184,13563,0.988542315207557,1.0,24.0,Date,1323.0
L1_S24_D1328,date,1183747,1170184,13563,0.988542315207557,1.0,24.0,Date,1328.0
L1_S24_D1333,date,1183747,1170184,13563,0.988542315207557,1.0,24.0,Date,1333.0
L1_S24_D1338,date,1183747,1170184,13563,0.988542315207557,1.0,24.0,Date,1338.0
L1_S24_D1343,date,1183747,1170184,13563,0.988542315207557,1.0,24.0,Date,1343.0
L1_S24_D1348,date,1183747,1170184,13563,0.988542315207557,1.0,24.0,Date,1348.0
L1_S24_D1353,date,1183747,1170184,13563,0.988542315207557,1.0,24.0,Date,1353.0
L1_S24_D1358,date,1183747,1170184,13563,0.988542315207557,1.0,24.0,Date,1358.0
L1_S24_D1363,date,1183747,1170184,13563,0.988542315207557,1.0,24.0,Date,1363.0
L1_S24_D1368,date,1183747,1170187,13560,0.9885448495328816,1.0,24.0,Date,1368.0
L1_S24_D1373,date,1183747,1170187,13560,0.9885448495328816,1.0,24.0,Date,1373.0
L1_S24_D1378,date,1183747,1170187,13560,0.9885448495328816,1.0,24.0,Date,1378.0
L1_S24_D1383,date,1183747,1170187,13560,0.9885448495328816,1.0,24.0,Date,1383.0
L1_S24_D1388,date,1183747,1170187,13560,0.9885448495328816,1.0,24.0,Date,1388.0
L1_S24_D1393,date,1183747,1170187,13560,0.9885448495328816,1.0,24.0,Date,1393.0
L1_S24_D1398,date,1183747,1170187,13560,0.9885448495328816,1.0,24.0,Date,1398.0
L1_S24_D1403,date,1183747,1170187,13560,0.9885448495328816,1.0,24.0,Date,1403.0
L1_S24_D1408,date,1183747,1170187,13560,0.9885448495328816,1.0,24.0,Date,1408.0
L1_S24_D1413,date,1183747,1170151,13596,0.9885144376289866,1.0,24.0,Date,1413.0
L1_S24_D1418,date,1183747,1170151,13596,0.9885144376289866,1.0,24.0,Date,1418.0
L1_S24_D1423,date,1183747,1170151,13596,0.9885144376289866,1.0,24.0,Date,1423.0
L1_S24_D1428,date,1183747,1170151,13596,0.9885144376289866,1.0,24.0,Date,1428.0
L1_S24_D1433,date,1183747,1170151,13596,0.9885144376289866,1.0,24.0,Date,1433.0
L1_S24_D1438,date,1183747,1170151,13596,0.9885144376289866,1.0,24.0,Date,1438.0
L1_S24_D1443,date,1183747,1170151,13596,0.9885144376289866,1.0,24.0,Date,1443.0
L1_S24_D1448,date,1183747,1170151,13596,0.9885144376289866,1.0,24.0,Date,1448.0
L1_S24_D1453,date,1183747,1170151,13596,0.9885144376289866,1.0,24.0,Date,1453.0
L1_S24_D1457,date,1183747,1156595,27152,0.977062666262301,1.0,24.0,Date,1457.0
L1_S24_D1461,date,1183747,1156595,27152,0.977062666262301,1.0,24.0,Date,1461.0
L1_S24_D1465,date,1183747,1156595,27152,0.977062666262301,1.0,24.0,Date,1465.0
L1_S24_D1469,date,1183747,1156595,27152,0.977062666262301,1.0,24.0,Date,1469.0
L1_S24_D1472,date,1183747,1156595,27152,0.977062666262301,1.0,24.0,Date,1472.0
L1_S24_D1476,date,1183747,1156595,27152,0.977062666262301,1.0,24.0,Date,1476.0
L1_S24_D1480,date,1183747,1156595,27152,0.977062666262301,1.0,24.0,Date,1480.0
L1_S24_D1484,date,1183747,1156595,27152,0.977062666262301,1.0,24.0,Date,1484.0
L1_S24_D1488,date,1183747,1156595,27152,0.977062666262301,1.0,24.0,Date,1488.0
L1_S24_D1492,date,1183747,1156595,27152,0.977062666262301,1.0,24.0,Date,1492.0
L1_S24_D1496,date,1183747,1156595,27152,0.977062666262301,1.0,24.0,Date,1496.0
L1_S24_D1500,date,1183747,1156595,27152,0.977062666262301,1.0,24.0,Date,1500.0
L1_S24_D1504,date,1183747,1156595,27152,0.977062666262301,1.0,24.0,Date,1504.0
L1_S24_D1508,date,1183747,1156595,27152,0.977062666262301,1.0,24.0,Date,1508.0
L1_S24_D1511,date,1183747,1050840,132907,0.887723474695184,1.0,24.0,Date,1511.0
L1_S24_D1513,date,1183747,1050840,132907,0.887723474695184,1.0,24.0,Date,1513.0
L1_S24_D1515,date,1183747,1050840,132907,0.887723474695184,1.0,24.0,Date,1515.0
L1_S24_D1517,date,1183747,1050840,132907,0.887723474695184,1.0,24.0,Date,1517.0
L1_S24_D1519,date,1183747,1050840,132907,0.887723474695184,1.0,24.0,Date,1519.0
L1_S24_D1522,date,1183747,1051175,132572,0.8880064743564292,1.0,24.0,Date,1522.0
L1_S24_D1527,date,1183747,1051175,132572,0.8880064743564292,1.0,24.0,Date,1527.0
L1_S24_D1532,date,1183747,1051175,132572,0.8880064743564292,1.0,24.0,Date,1532.0
L1_S24_D1536,date,1183747,1051177,132570,0.8880081639066456,1.0,24.0,Date,1536.0
L1_S24_D1541,date,1183747,1051175,132572,0.8880064743564292,1.0,24.0,Date,1541.0
L1_S24_D1546,date,1183747,1051175,132572,0.8880064743564292,1.0,24.0,Date,1546.0
L1_S24_D1550,date,1183747,1051175,132572,0.8880064743564292,1.0,24.0,Date,1550.0
L1_S24_D1554,date,1183747,1051175,132572,0.8880064743564292,1.0,24.0,Date,1554.0
L1_S24_D1558,date,1183747,1053560,130187,0.8900212629894733,1.0,24.0,Date,1558.0
L1_S24_D1562,date,1183747,1183715,32,0.9999729671965377,1.0,24.0,Date,1562.0
L1_S24_D1566,date,1183747,1050839,132908,0.8877226299200758,1.0,24.0,Date,1566.0
L1_S24_D1568,date,1183747,1050838,132909,0.8877217851449676,1.0,24.0,Date,1568.0
L1_S24_D1570,date,1183747,1050841,132906,0.8877243194702922,1.0,24.0,Date,1570.0
L1_S24_D1572,date,1183747,1050841,132906,0.8877243194702922,1.0,24.0,Date,1572.0
L1_S24_D1574,date,1183747,1050841,132906,0.8877243194702922,1.0,24.0,Date,1574.0
L1_S24_D1576,date,1183747,1050841,132906,0.8877243194702922,1.0,24.0,Date,1576.0
L1_S24_D1579,date,1183747,1050841,132906,0.8877243194702922,1.0,24.0,Date,1579.0
L1_S24_D1583,date,1183747,1117164,66583,0.9437523389710808,1.0,24.0,Date,1583.0
L1_S24_D1587,date,1183747,1117164,66583,0.9437523389710808,1.0,24.0,Date,1587.0
L1_S24_D1591,date,1183747,1117164,66583,0.9437523389710808,1.0,24.0,Date,1591.0
L1_S24_D1596,date,1183747,1117164,66583,0.9437523389710808,1.0,24.0,Date,1596.0
L1_S24_D1601,date,1183747,1117164,66583,0.9437523389710808,1.0,24.0,Date,1601.0
L1_S24_D1606,date,1183747,1117164,66583,0.9437523389710808,1.0,24.0,Date,1606.0
L1_S24_D1611,date,1183747,1117164,66583,0.9437523389710808,1.0,24.0,Date,1611.0
L1_S24_D1615,date,1183747,1117164,66583,0.9437523389710808,1.0,24.0,Date,1615.0
L1_S24_D1619,date,1183747,1117164,66583,0.9437523389710808,1.0,24.0,Date,1619.0
L1_S24_D1624,date,1183747,1117164,66583,0.9437523389710808,1.0,24.0,Date,1624.0
L1_S24_D1629,date,1183747,1117164,66583,0.9437523389710808,1.0,24.0,Date,1629.0
L1_S24_D1634,date,1183747,1117164,66583,0.9437523389710808,1.0,24.0,Date,1634.0
L1_S24_D1639,date,1183747,1117164,66583,0.9437523389710808,1.0,24.0,Date,1639.0
L1_S24_D1644,date,1183747,1117164,66583,0.9437523389710808,1.0,24.0,Date,1644.0
L1_S24_D1649,date,1183747,1117164,66583,0.9437523389710808,1.0,24.0,Date,1649.0
L1_S24_D1654,date,1183747,1117164,66583,0.9437523389710808,1.0,24.0,Date,1654.0
L1_S24_D1659,date,1183747,1117164,66583,0.9437523389710808,1.0,24.0,Date,1659.0
L1_S24_D1664,date,1183747,1117164,66583,0.9437523389710808,1.0,24.0,Date,1664.0
L1_S24_D1669,date,1183747,1117164,66583,0.9437523389710808,1.0,24.0,Date,1669.0
L1_S24_D1674,date,1183747,1117247,66500,0.9438224553050609,1.0,24.0,Date,1674.0
L1_S24_D1678,date,1183747,1117247,66500,0.9438224553050609,1.0,24.0,Date,1678.0
L1_S24_D1682,date,1183747,1117247,66500,0.9438224553050609,1.0,24.0,Date,1682.0
L1_S24_D1687,date,1183747,1117247,66500,0.9438224553050609,1.0,24.0,Date,1687.0
L1_S24_D1692,date,1183747,1117247,66500,0.9438224553050609,1.0,24.0,Date,1692.0
L1_S24_D1697,date,1183747,1117247,66500,0.9438224553050609,1.0,24.0,Date,1697.0
L1_S24_D1702,date,1183747,1117247,66500,0.9438224553050609,1.0,24.0,Date,1702.0
L1_S24_D1706,date,1183747,1117247,66500,0.9438224553050609,1.0,24.0,Date,1706.0
L1_S24_D1710,date,1183747,1117247,66500,0.9438224553050609,1.0,24.0,Date,1710.0
L1_S24_D1715,date,1183747,1117247,66500,0.9438224553050609,1.0,24.0,Date,1715.0
L1_S24_D1720,date,1183747,1117247,66500,0.9438224553050609,1.0,24.0,Date,1720.0
L1_S24_D1725,date,1183747,1117247,66500,0.9438224553050609,1.0,24.0,Date,1725.0
L1_S24_D1730,date,1183747,1117247,66500,0.9438224553050609,1.0,24.0,Date,1730.0
L1_S24_D1735,date,1183747,1117247,66500,0.9438224553050609,1.0,24.0,Date,1735.0
L1_S24_D1740,date,1183747,1117247,66500,0.9438224553050609,1.0,24.0,Date,1740.0
L1_S24_D1745,date,1183747,1117247,66500,0.9438224553050609,1.0,24.0,Date,1745.0
L1_S24_D1750,date,1183747,1117247,66500,0.9438224553050609,1.0,24.0,Date,1750.0
L1_S24_D1755,date,1183747,1117247,66500,0.9438224553050609,1.0,24.0,Date,1755.0
L1_S24_D1760,date,1183747,1117247,66500,0.9438224553050609,1.0,24.0,Date,1760.0
L1_S24_D1765,date,1183747,1117263,66484,0.9438359717067921,1.0,24.0,Date,1765.0
L1_S24_D1770,date,1183747,1117276,66471,0.9438469537831986,1.0,24.0,Date,1770.0
L1_S24_D1775,date,1183747,1117263,66484,0.9438359717067921,1.0,24.0,Date,1775.0
L1_S24_D1780,date,1183747,1117263,66484,0.9438359717067921,1.0,24.0,Date,1780.0
L1_S24_D1785,date,1183747,1117263,66484,0.9438359717067921,1.0,24.0,Date,1785.0
L1_S24_D1790,date,1183747,1117263,66484,0.9438359717067921,1.0,24.0,Date,1790.0
L1_S24_D1795,date,1183747,1117263,66484,0.9438359717067921,1.0,24.0,Date,1795.0
L1_S24_D1800,date,1183747,1117263,66484,0.9438359717067921,1.0,24.0,Date,1800.0
L1_S24_D1805,date,1183747,1117263,66484,0.9438359717067921,1.0,24.0,Date,1805.0
L1_S24_D1809,date,1183747,1117281,66466,0.9438511776587396,1.0,24.0,Date,1809.0
L1_S24_D1811,date,1183747,1117281,66466,0.9438511776587396,1.0,24.0,Date,1811.0
L1_S24_D1813,date,1183747,1117281,66466,0.9438511776587396,1.0,24.0,Date,1813.0
L1_S24_D1815,date,1183747,1117281,66466,0.9438511776587396,1.0,24.0,Date,1815.0
L1_S24_D1817,date,1183747,1117281,66466,0.9438511776587396,1.0,24.0,Date,1817.0
L1_S24_D1819,date,1183747,1117281,66466,0.9438511776587396,1.0,24.0,Date,1819.0
L1_S24_D1821,date,1183747,1117281,66466,0.9438511776587396,1.0,24.0,Date,1821.0
L1_S24_D1823,date,1183747,1117281,66466,0.9438511776587396,1.0,24.0,Date,1823.0
L1_S24_D1825,date,1183747,1117281,66466,0.9438511776587396,1.0,24.0,Date,1825.0
L1_S24_D1826,date,1183747,1050825,132922,0.8877108030685611,1.0,24.0,Date,1826.0
L1_S24_D1828,date,1183747,1050825,132922,0.8877108030685611,1.0,24.0,Date,1828.0
L1_S24_D1830,date,1183747,1050825,132922,0.8877108030685611,1.0,24.0,Date,1830.0
L1_S24_D1832,date,1183747,1050825,132922,0.8877108030685611,1.0,24.0,Date,1832.0
L1_S24_D1833,date,1183747,1050825,132922,0.8877108030685611,1.0,24.0,Date,1833.0
L1_S24_D1835,date,1183747,1050825,132922,0.8877108030685611,1.0,24.0,Date,1835.0
L1_S24_D1837,date,1183747,1050825,132922,0.8877108030685611,1.0,24.0,Date,1837.0
L1_S24_D1839,date,1183747,1050825,132922,0.8877108030685611,1.0,24.0,Date,1839.0
L1_S24_D1841,date,1183747,1050825,132922,0.8877108030685611,1.0,24.0,Date,1841.0
L1_S24_D1843,date,1183747,1050825,132922,0.8877108030685611,1.0,24.0,Date,1843.0
L1_S24_D1845,date,1183747,1050825,132922,0.8877108030685611,1.0,24.0,Date,1845.0
L1_S24_D1847,date,1183747,1050825,132922,0.8877108030685611,1.0,24.0,Date,1847.0
L1_S24_D1849,date,1183747,1050825,132922,0.8877108030685611,1.0,24.0,Date,1849.0
L1_S24_D1851,date,1183747,1050825,132922,0.8877108030685611,1.0,24.0,Date,1851.0
L1_S25_D1854,date,1183747,1128281,55466,0.9531437038488799,1.0,25.0,Date,1854.0
L1_S25_D1857,date,1183747,1128281,55466,0.9531437038488799,1.0,25.0,Date,1857.0
L1_S25_D1860,date,1183747,1128281,55466,0.9531437038488799,1.0,25.0,Date,1860.0
L1_S25_D1862,date,1183747,1128281,55466,0.9531437038488799,1.0,25.0,Date,1862.0
L1_S25_D1864,date,1183747,1128281,55466,0.9531437038488799,1.0,25.0,Date,1864.0
L1_S25_D1867,date,1183747,1128458,55289,0.9532932290430303,1.0,25.0,Date,1867.0
L1_S25_D1871,date,1183747,1128458,55289,0.9532932290430303,1.0,25.0,Date,1871.0
L1_S25_D1875,date,1183747,1128458,55289,0.9532932290430303,1.0,25.0,Date,1875.0
L1_S25_D1879,date,1183747,1128458,55289,0.9532932290430303,1.0,25.0,Date,1879.0
L1_S25_D1883,date,1183747,1128452,55295,0.9532881603923812,1.0,25.0,Date,1883.0
L1_S25_D1887,date,1183747,1128329,55418,0.9531842530540732,1.0,25.0,Date,1887.0
L1_S25_D1891,date,1183747,1128338,55409,0.953191856030047,1.0,25.0,Date,1891.0
L1_S25_D1893,date,1183747,1128338,55409,0.953191856030047,1.0,25.0,Date,1893.0
L1_S25_D1895,date,1183747,1128338,55409,0.953191856030047,1.0,25.0,Date,1895.0
L1_S25_D1898,date,1183747,1128986,54761,0.953739270300157,1.0,25.0,Date,1898.0
L1_S25_D1902,date,1183747,1155768,27979,0.9763640372478241,1.0,25.0,Date,1902.0
L1_S25_D1906,date,1183747,1155768,27979,0.9763640372478241,1.0,25.0,Date,1906.0
L1_S25_D1911,date,1183747,1155768,27979,0.9763640372478241,1.0,25.0,Date,1911.0
L1_S25_D1916,date,1183747,1155768,27979,0.9763640372478241,1.0,25.0,Date,1916.0
L1_S25_D1921,date,1183747,1155768,27979,0.9763640372478241,1.0,25.0,Date,1921.0
L1_S25_D1926,date,1183747,1155768,27979,0.9763640372478241,1.0,25.0,Date,1926.0
L1_S25_D1931,date,1183747,1155768,27979,0.9763640372478241,1.0,25.0,Date,1931.0
L1_S25_D1935,date,1183747,1155768,27979,0.9763640372478241,1.0,25.0,Date,1935.0
L1_S25_D1940,date,1183747,1155768,27979,0.9763640372478241,1.0,25.0,Date,1940.0
L1_S25_D1945,date,1183747,1155768,27979,0.9763640372478241,1.0,25.0,Date,1945.0
L1_S25_D1950,date,1183747,1155768,27979,0.9763640372478241,1.0,25.0,Date,1950.0
L1_S25_D1955,date,1183747,1155768,27979,0.9763640372478241,1.0,25.0,Date,1955.0
L1_S25_D1960,date,1183747,1155768,27979,0.9763640372478241,1.0,25.0,Date,1960.0
L1_S25_D1965,date,1183747,1155768,27979,0.9763640372478241,1.0,25.0,Date,1965.0
L1_S25_D1970,date,1183747,1155768,27979,0.9763640372478241,1.0,25.0,Date,1970.0
L1_S25_D1975,date,1183747,1155768,27979,0.9763640372478241,1.0,25.0,Date,1975.0
L1_S25_D1980,date,1183747,1156219,27528,0.9767450308216198,1.0,25.0,Date,1980.0
L1_S25_D1984,date,1183747,1156219,27528,0.9767450308216198,1.0,25.0,Date,1984.0
L1_S25_D1989,date,1183747,1156219,27528,0.9767450308216198,1.0,25.0,Date,1989.0
L1_S25_D1994,date,1183747,1156219,27528,0.9767450308216198,1.0,25.0,Date,1994.0
L1_S25_D1999,date,1183747,1156219,27528,0.9767450308216198,1.0,25.0,Date,1999.0
L1_S25_D2004,date,1183747,1156219,27528,0.9767450308216198,1.0,25.0,Date,2004.0
L1_S25_D2009,date,1183747,1156219,27528,0.9767450308216198,1.0,25.0,Date,2009.0
L1_S25_D2013,date,1183747,1156219,27528,0.9767450308216198,1.0,25.0,Date,2013.0
L1_S25_D2018,date,1183747,1156219,27528,0.9767450308216198,1.0,25.0,Date,2018.0
L1_S25_D2023,date,1183747,1156219,27528,0.9767450308216198,1.0,25.0,Date,2023.0
L1_S25_D2028,date,1183747,1156219,27528,0.9767450308216198,1.0,25.0,Date,2028.0
L1_S25_D2033,date,1183747,1156219,27528,0.9767450308216198,1.0,25.0,Date,2033.0
L1_S25_D2038,date,1183747,1156219,27528,0.9767450308216198,1.0,25.0,Date,2038.0
L1_S25_D2043,date,1183747,1156219,27528,0.9767450308216198,1.0,25.0,Date,2043.0
L1_S25_D2048,date,1183747,1156219,27528,0.9767450308216198,1.0,25.0,Date,2048.0
L1_S25_D2053,date,1183747,1156219,27528,0.9767450308216198,1.0,25.0,Date,2053.0
L1_S25_D2058,date,1183747,1156372,27375,0.9768742814131736,1.0,25.0,Date,2058.0
L1_S25_D2063,date,1183747,1156372,27375,0.9768742814131736,1.0,25.0,Date,2063.0
L1_S25_D2068,date,1183747,1156372,27375,0.9768742814131736,1.0,25.0,Date,2068.0
L1_S25_D2073,date,1183747,1156372,27375,0.9768742814131736,1.0,25.0,Date,2073.0
L1_S25_D2078,date,1183747,1156372,27375,0.9768742814131736,1.0,25.0,Date,2078.0
L1_S25_D2083,date,1183747,1156372,27375,0.9768742814131736,1.0,25.0,Date,2083.0
L1_S25_D2088,date,1183747,1156372,27375,0.9768742814131736,1.0,25.0,Date,2088.0
L1_S25_D2093,date,1183747,1156372,27375,0.9768742814131736,1.0,25.0,Date,2093.0
L1_S25_D2098,date,1183747,1155978,27769,0.9765414400205449,1.0,25.0,Date,2098.0
L1_S25_D2103,date,1183747,1155978,27769,0.9765414400205449,1.0,25.0,Date,2103.0
L1_S25_D2108,date,1183747,1155978,27769,0.9765414400205449,1.0,25.0,Date,2108.0
L1_S25_D2113,date,1183747,1155978,27769,0.9765414400205449,1.0,25.0,Date,2113.0
L1_S25_D2118,date,1183747,1155978,27769,0.9765414400205449,1.0,25.0,Date,2118.0
L1_S25_D2123,date,1183747,1155978,27769,0.9765414400205449,1.0,25.0,Date,2123.0
L1_S25_D2128,date,1183747,1155978,27769,0.9765414400205449,1.0,25.0,Date,2128.0
L1_S25_D2133,date,1183747,1155978,27769,0.9765414400205449,1.0,25.0,Date,2133.0
L1_S25_D2138,date,1183747,1128755,54992,0.9535441272501641,1.0,25.0,Date,2138.0
L1_S25_D2140,date,1183747,1128755,54992,0.9535441272501641,1.0,25.0,Date,2140.0
L1_S25_D2143,date,1183747,1128755,54992,0.9535441272501641,1.0,25.0,Date,2143.0
L1_S25_D2146,date,1183747,1128755,54992,0.9535441272501641,1.0,25.0,Date,2146.0
L1_S25_D2149,date,1183747,1128755,54992,0.9535441272501641,1.0,25.0,Date,2149.0
L1_S25_D2151,date,1183747,1128755,54992,0.9535441272501641,1.0,25.0,Date,2151.0
L1_S25_D2154,date,1183747,1128755,54992,0.9535441272501641,1.0,25.0,Date,2154.0
L1_S25_D2157,date,1183747,1128755,54992,0.9535441272501641,1.0,25.0,Date,2157.0
L1_S25_D2160,date,1183747,1128755,54992,0.9535441272501641,1.0,25.0,Date,2160.0
L1_S25_D2163,date,1183747,1128755,54992,0.9535441272501641,1.0,25.0,Date,2163.0
L1_S25_D2166,date,1183747,1128755,54992,0.9535441272501641,1.0,25.0,Date,2166.0
L1_S25_D2169,date,1183747,1128755,54992,0.9535441272501641,1.0,25.0,Date,2169.0
L1_S25_D2172,date,1183747,1128755,54992,0.9535441272501641,1.0,25.0,Date,2172.0
L1_S25_D2175,date,1183747,1128755,54992,0.9535441272501641,1.0,25.0,Date,2175.0
L1_S25_D2178,date,1183747,1128755,54992,0.9535441272501641,1.0,25.0,Date,2178.0
L1_S25_D2180,date,1183747,1182504,1243,0.9989499445405141,1.0,25.0,Date,2180.0
L1_S25_D2183,date,1183747,1182504,1243,0.9989499445405141,1.0,25.0,Date,2183.0
L1_S25_D2186,date,1183747,1182504,1243,0.9989499445405141,1.0,25.0,Date,2186.0
L1_S25_D2189,date,1183747,1182504,1243,0.9989499445405141,1.0,25.0,Date,2189.0
L1_S25_D2192,date,1183747,1182504,1243,0.9989499445405141,1.0,25.0,Date,2192.0
L1_S25_D2195,date,1183747,1182504,1243,0.9989499445405141,1.0,25.0,Date,2195.0
L1_S25_D2198,date,1183747,1182504,1243,0.9989499445405141,1.0,25.0,Date,2198.0
L1_S25_D2201,date,1183747,1182504,1243,0.9989499445405141,1.0,25.0,Date,2201.0
L1_S25_D2204,date,1183747,1182504,1243,0.9989499445405141,1.0,25.0,Date,2204.0
L1_S25_D2206,date,1183747,1180131,3616,0.9969452932087685,1.0,25.0,Date,2206.0
L1_S25_D2209,date,1183747,1180131,3616,0.9969452932087685,1.0,25.0,Date,2209.0
L1_S25_D2212,date,1183747,1180131,3616,0.9969452932087685,1.0,25.0,Date,2212.0
L1_S25_D2214,date,1183747,1180131,3616,0.9969452932087685,1.0,25.0,Date,2214.0
L1_S25_D2216,date,1183747,1180131,3616,0.9969452932087685,1.0,25.0,Date,2216.0
L1_S25_D2219,date,1183747,1180131,3616,0.9969452932087685,1.0,25.0,Date,2219.0
L1_S25_D2222,date,1183747,1180131,3616,0.9969452932087685,1.0,25.0,Date,2222.0
L1_S25_D2225,date,1183747,1180131,3616,0.9969452932087685,1.0,25.0,Date,2225.0
L1_S25_D2228,date,1183747,1180131,3616,0.9969452932087685,1.0,25.0,Date,2228.0
L1_S25_D2230,date,1183747,1176589,7158,0.9939530997755432,1.0,25.0,Date,2230.0
L1_S25_D2232,date,1183747,1176589,7158,0.9939530997755432,1.0,25.0,Date,2232.0
L1_S25_D2234,date,1183747,1176589,7158,0.9939530997755432,1.0,25.0,Date,2234.0
L1_S25_D2235,date,1183747,1176589,7158,0.9939530997755432,1.0,25.0,Date,2235.0
L1_S25_D2236,date,1183747,1176589,7158,0.9939530997755432,1.0,25.0,Date,2236.0
L1_S25_D2238,date,1183747,1176598,7149,0.993960702751517,1.0,25.0,Date,2238.0
L1_S25_D2240,date,1183747,1176601,7146,0.9939632370768416,1.0,25.0,Date,2240.0
L1_S25_D2242,date,1183747,1179245,4502,0.9961968224629081,1.0,25.0,Date,2242.0
L1_S25_D2244,date,1183747,1179245,4502,0.9961968224629081,1.0,25.0,Date,2244.0
L1_S25_D2246,date,1183747,1179245,4502,0.9961968224629081,1.0,25.0,Date,2246.0
L1_S25_D2248,date,1183747,1176600,7147,0.9939623923017334,1.0,25.0,Date,2248.0
L1_S25_D2251,date,1183747,1180168,3579,0.9969765498877716,1.0,25.0,Date,2251.0
L1_S25_D2255,date,1183747,1180168,3579,0.9969765498877716,1.0,25.0,Date,2255.0
L1_S25_D2260,date,1183747,1180168,3579,0.9969765498877716,1.0,25.0,Date,2260.0
L1_S25_D2265,date,1183747,1180168,3579,0.9969765498877716,1.0,25.0,Date,2265.0
L1_S25_D2270,date,1183747,1180168,3579,0.9969765498877716,1.0,25.0,Date,2270.0
L1_S25_D2275,date,1183747,1180168,3579,0.9969765498877716,1.0,25.0,Date,2275.0
L1_S25_D2280,date,1183747,1180168,3579,0.9969765498877716,1.0,25.0,Date,2280.0
L1_S25_D2284,date,1183747,1180168,3579,0.9969765498877716,1.0,25.0,Date,2284.0
L1_S25_D2289,date,1183747,1180168,3579,0.9969765498877716,1.0,25.0,Date,2289.0
L1_S25_D2294,date,1183747,1180168,3579,0.9969765498877716,1.0,25.0,Date,2294.0
L1_S25_D2299,date,1183747,1180168,3579,0.9969765498877716,1.0,25.0,Date,2299.0
L1_S25_D2304,date,1183747,1180168,3579,0.9969765498877716,1.0,25.0,Date,2304.0
L1_S25_D2309,date,1183747,1180168,3579,0.9969765498877716,1.0,25.0,Date,2309.0
L1_S25_D2314,date,1183747,1180168,3579,0.9969765498877716,1.0,25.0,Date,2314.0
L1_S25_D2319,date,1183747,1180168,3579,0.9969765498877716,1.0,25.0,Date,2319.0
L1_S25_D2324,date,1183747,1180168,3579,0.9969765498877716,1.0,25.0,Date,2324.0
L1_S25_D2329,date,1183747,1180149,3598,0.9969604991607159,1.0,25.0,Date,2329.0
L1_S25_D2333,date,1183747,1180149,3598,0.9969604991607159,1.0,25.0,Date,2333.0
L1_S25_D2338,date,1183747,1180149,3598,0.9969604991607159,1.0,25.0,Date,2338.0
L1_S25_D2343,date,1183747,1180149,3598,0.9969604991607159,1.0,25.0,Date,2343.0
L1_S25_D2348,date,1183747,1180149,3598,0.9969604991607159,1.0,25.0,Date,2348.0
L1_S25_D2353,date,1183747,1180149,3598,0.9969604991607159,1.0,25.0,Date,2353.0
L1_S25_D2358,date,1183747,1180149,3598,0.9969604991607159,1.0,25.0,Date,2358.0
L1_S25_D2362,date,1183747,1180149,3598,0.9969604991607159,1.0,25.0,Date,2362.0
L1_S25_D2367,date,1183747,1180149,3598,0.9969604991607159,1.0,25.0,Date,2367.0
L1_S25_D2372,date,1183747,1180149,3598,0.9969604991607159,1.0,25.0,Date,2372.0
L1_S25_D2377,date,1183747,1180149,3598,0.9969604991607159,1.0,25.0,Date,2377.0
L1_S25_D2382,date,1183747,1180149,3598,0.9969604991607159,1.0,25.0,Date,2382.0
L1_S25_D2387,date,1183747,1180149,3598,0.9969604991607159,1.0,25.0,Date,2387.0
L1_S25_D2392,date,1183747,1180149,3598,0.9969604991607159,1.0,25.0,Date,2392.0
L1_S25_D2397,date,1183747,1180149,3598,0.9969604991607159,1.0,25.0,Date,2397.0
L1_S25_D2402,date,1183747,1180149,3598,0.9969604991607159,1.0,25.0,Date,2402.0
L1_S25_D2406,date,1183747,1180283,3464,0.997073699025214,1.0,25.0,Date,2406.0
L1_S25_D2409,date,1183747,1180283,3464,0.997073699025214,1.0,25.0,Date,2409.0
L1_S25_D2412,date,1183747,1180283,3464,0.997073699025214,1.0,25.0,Date,2412.0
L1_S25_D2415,date,1183747,1180283,3464,0.997073699025214,1.0,25.0,Date,2415.0
L1_S25_D2418,date,1183747,1180283,3464,0.997073699025214,1.0,25.0,Date,2418.0
L1_S25_D2421,date,1183747,1180283,3464,0.997073699025214,1.0,25.0,Date,2421.0
L1_S25_D2424,date,1183747,1180283,3464,0.997073699025214,1.0,25.0,Date,2424.0
L1_S25_D2427,date,1183747,1180283,3464,0.997073699025214,1.0,25.0,Date,2427.0
L1_S25_D2430,date,1183747,1180132,3615,0.9969461379838767,1.0,25.0,Date,2430.0
L1_S25_D2432,date,1183747,1180132,3615,0.9969461379838767,1.0,25.0,Date,2432.0
L1_S25_D2434,date,1183747,1180132,3615,0.9969461379838767,1.0,25.0,Date,2434.0
L1_S25_D2436,date,1183747,1180132,3615,0.9969461379838767,1.0,25.0,Date,2436.0
L1_S25_D2438,date,1183747,1180132,3615,0.9969461379838767,1.0,25.0,Date,2438.0
L1_S25_D2440,date,1183747,1180132,3615,0.9969461379838767,1.0,25.0,Date,2440.0
L1_S25_D2442,date,1183747,1180132,3615,0.9969461379838767,1.0,25.0,Date,2442.0
L1_S25_D2444,date,1183747,1180132,3615,0.9969461379838767,1.0,25.0,Date,2444.0
L1_S25_D2445,date,1183747,1176685,7062,0.99403419818593,1.0,25.0,Date,2445.0
L1_S25_D2446,date,1183747,1176685,7062,0.99403419818593,1.0,25.0,Date,2446.0
L1_S25_D2448,date,1183747,1176685,7062,0.99403419818593,1.0,25.0,Date,2448.0
L1_S25_D2450,date,1183747,1176685,7062,0.99403419818593,1.0,25.0,Date,2450.0
L1_S25_D2452,date,1183747,1176685,7062,0.99403419818593,1.0,25.0,Date,2452.0
L1_S25_D2453,date,1183747,1176685,7062,0.99403419818593,1.0,25.0,Date,2453.0
L1_S25_D2455,date,1183747,1176685,7062,0.99403419818593,1.0,25.0,Date,2455.0
L1_S25_D2457,date,1183747,1176685,7062,0.99403419818593,1.0,25.0,Date,2457.0
L1_S25_D2459,date,1183747,1176685,7062,0.99403419818593,1.0,25.0,Date,2459.0
L1_S25_D2461,date,1183747,1176685,7062,0.99403419818593,1.0,25.0,Date,2461.0
L1_S25_D2463,date,1183747,1176685,7062,0.99403419818593,1.0,25.0,Date,2463.0
L1_S25_D2465,date,1183747,1176685,7062,0.99403419818593,1.0,25.0,Date,2465.0
L1_S25_D2467,date,1183747,1176685,7062,0.99403419818593,1.0,25.0,Date,2467.0
L1_S25_D2469,date,1183747,1176685,7062,0.99403419818593,1.0,25.0,Date,2469.0
L1_S25_D2471,date,1183747,1173883,9864,0.9916671383327688,1.0,25.0,Date,2471.0
L1_S25_D2474,date,1183747,1173883,9864,0.9916671383327688,1.0,25.0,Date,2474.0
L1_S25_D2477,date,1183747,1173883,9864,0.9916671383327688,1.0,25.0,Date,2477.0
L1_S25_D2480,date,1183747,1173883,9864,0.9916671383327688,1.0,25.0,Date,2480.0
L1_S25_D2483,date,1183747,1173883,9864,0.9916671383327688,1.0,25.0,Date,2483.0
L1_S25_D2486,date,1183747,1173883,9864,0.9916671383327688,1.0,25.0,Date,2486.0
L1_S25_D2489,date,1183747,1173883,9864,0.9916671383327688,1.0,25.0,Date,2489.0
L1_S25_D2492,date,1183747,1173883,9864,0.9916671383327688,1.0,25.0,Date,2492.0
L1_S25_D2495,date,1183747,1173883,9864,0.9916671383327688,1.0,25.0,Date,2495.0
L1_S25_D2497,date,1183747,1179450,4297,0.9963700013600879,1.0,25.0,Date,2497.0
L1_S25_D2499,date,1183747,1179450,4297,0.9963700013600879,1.0,25.0,Date,2499.0
L1_S25_D2501,date,1183747,1179450,4297,0.9963700013600879,1.0,25.0,Date,2501.0
L1_S25_D2502,date,1183747,1179450,4297,0.9963700013600879,1.0,25.0,Date,2502.0
L1_S25_D2503,date,1183747,1179450,4297,0.9963700013600879,1.0,25.0,Date,2503.0
L1_S25_D2505,date,1183747,1179450,4297,0.9963700013600879,1.0,25.0,Date,2505.0
L1_S25_D2507,date,1183747,1179451,4296,0.9963708461351961,1.0,25.0,Date,2507.0
L1_S25_D2509,date,1183747,1180173,3574,0.9969807737633126,1.0,25.0,Date,2509.0
L1_S25_D2511,date,1183747,1180173,3574,0.9969807737633126,1.0,25.0,Date,2511.0
L1_S25_D2513,date,1183747,1180173,3574,0.9969807737633126,1.0,25.0,Date,2513.0
L1_S25_D2515,date,1183747,1179452,4295,0.9963716909103043,1.0,25.0,Date,2515.0
L1_S25_D2518,date,1183747,1181600,2147,0.9981862678427063,1.0,25.0,Date,2518.0
L1_S25_D2522,date,1183747,1181600,2147,0.9981862678427063,1.0,25.0,Date,2522.0
L1_S25_D2527,date,1183747,1181600,2147,0.9981862678427063,1.0,25.0,Date,2527.0
L1_S25_D2532,date,1183747,1181600,2147,0.9981862678427063,1.0,25.0,Date,2532.0
L1_S25_D2537,date,1183747,1181600,2147,0.9981862678427063,1.0,25.0,Date,2537.0
L1_S25_D2542,date,1183747,1181600,2147,0.9981862678427063,1.0,25.0,Date,2542.0
L1_S25_D2547,date,1183747,1181600,2147,0.9981862678427063,1.0,25.0,Date,2547.0
L1_S25_D2551,date,1183747,1181600,2147,0.9981862678427063,1.0,25.0,Date,2551.0
L1_S25_D2556,date,1183747,1181600,2147,0.9981862678427063,1.0,25.0,Date,2556.0
L1_S25_D2561,date,1183747,1181600,2147,0.9981862678427063,1.0,25.0,Date,2561.0
L1_S25_D2566,date,1183747,1181600,2147,0.9981862678427063,1.0,25.0,Date,2566.0
L1_S25_D2571,date,1183747,1181600,2147,0.9981862678427063,1.0,25.0,Date,2571.0
L1_S25_D2576,date,1183747,1181600,2147,0.9981862678427063,1.0,25.0,Date,2576.0
L1_S25_D2581,date,1183747,1181600,2147,0.9981862678427063,1.0,25.0,Date,2581.0
L1_S25_D2586,date,1183747,1181600,2147,0.9981862678427063,1.0,25.0,Date,2586.0
L1_S25_D2591,date,1183747,1181600,2147,0.9981862678427063,1.0,25.0,Date,2591.0
L1_S25_D2596,date,1183747,1181593,2154,0.9981803544169489,1.0,25.0,Date,2596.0
L1_S25_D2600,date,1183747,1181593,2154,0.9981803544169489,1.0,25.0,Date,2600.0
L1_S25_D2605,date,1183747,1181593,2154,0.9981803544169489,1.0,25.0,Date,2605.0
L1_S25_D2610,date,1183747,1181593,2154,0.9981803544169489,1.0,25.0,Date,2610.0
L1_S25_D2615,date,1183747,1181593,2154,0.9981803544169489,1.0,25.0,Date,2615.0
L1_S25_D2620,date,1183747,1181593,2154,0.9981803544169489,1.0,25.0,Date,2620.0
L1_S25_D2625,date,1183747,1181593,2154,0.9981803544169489,1.0,25.0,Date,2625.0
L1_S25_D2629,date,1183747,1181593,2154,0.9981803544169489,1.0,25.0,Date,2629.0
L1_S25_D2634,date,1183747,1181593,2154,0.9981803544169489,1.0,25.0,Date,2634.0
L1_S25_D2639,date,1183747,1181593,2154,0.9981803544169489,1.0,25.0,Date,2639.0
L1_S25_D2644,date,1183747,1181593,2154,0.9981803544169489,1.0,25.0,Date,2644.0
L1_S25_D2649,date,1183747,1181593,2154,0.9981803544169489,1.0,25.0,Date,2649.0
L1_S25_D2654,date,1183747,1181593,2154,0.9981803544169489,1.0,25.0,Date,2654.0
L1_S25_D2659,date,1183747,1181593,2154,0.9981803544169489,1.0,25.0,Date,2659.0
L1_S25_D2664,date,1183747,1181593,2154,0.9981803544169489,1.0,25.0,Date,2664.0
L1_S25_D2669,date,1183747,1181593,2154,0.9981803544169489,1.0,25.0,Date,2669.0
L1_S25_D2674,date,1183747,1181579,2168,0.9981685275654342,1.0,25.0,Date,2674.0
L1_S25_D2679,date,1183747,1181579,2168,0.9981685275654342,1.0,25.0,Date,2679.0
L1_S25_D2684,date,1183747,1181579,2168,0.9981685275654342,1.0,25.0,Date,2684.0
L1_S25_D2689,date,1183747,1181579,2168,0.9981685275654342,1.0,25.0,Date,2689.0
L1_S25_D2694,date,1183747,1181579,2168,0.9981685275654342,1.0,25.0,Date,2694.0
L1_S25_D2699,date,1183747,1181579,2168,0.9981685275654342,1.0,25.0,Date,2699.0
L1_S25_D2704,date,1183747,1181579,2168,0.9981685275654342,1.0,25.0,Date,2704.0
L1_S25_D2709,date,1183747,1181579,2168,0.9981685275654342,1.0,25.0,Date,2709.0
L1_S25_D2713,date,1183747,1181630,2117,0.9982116110959521,1.0,25.0,Date,2713.0
L1_S25_D2715,date,1183747,1181630,2117,0.9982116110959521,1.0,25.0,Date,2715.0
L1_S25_D2717,date,1183747,1181630,2117,0.9982116110959521,1.0,25.0,Date,2717.0
L1_S25_D2719,date,1183747,1181630,2117,0.9982116110959521,1.0,25.0,Date,2719.0
L1_S25_D2721,date,1183747,1181630,2117,0.9982116110959521,1.0,25.0,Date,2721.0
L1_S25_D2723,date,1183747,1181630,2117,0.9982116110959521,1.0,25.0,Date,2723.0
L1_S25_D2725,date,1183747,1181630,2117,0.9982116110959521,1.0,25.0,Date,2725.0
L1_S25_D2727,date,1183747,1181630,2117,0.9982116110959521,1.0,25.0,Date,2727.0
L1_S25_D2728,date,1183747,1179479,4268,0.9963944998382256,1.0,25.0,Date,2728.0
L1_S25_D2729,date,1183747,1179479,4268,0.9963944998382256,1.0,25.0,Date,2729.0
L1_S25_D2731,date,1183747,1179479,4268,0.9963944998382256,1.0,25.0,Date,2731.0
L1_S25_D2733,date,1183747,1179479,4268,0.9963944998382256,1.0,25.0,Date,2733.0
L1_S25_D2735,date,1183747,1179479,4268,0.9963944998382256,1.0,25.0,Date,2735.0
L1_S25_D2736,date,1183747,1179479,4268,0.9963944998382256,1.0,25.0,Date,2736.0
L1_S25_D2738,date,1183747,1179479,4268,0.9963944998382256,1.0,25.0,Date,2738.0
L1_S25_D2740,date,1183747,1179479,4268,0.9963944998382256,1.0,25.0,Date,2740.0
L1_S25_D2742,date,1183747,1179479,4268,0.9963944998382256,1.0,25.0,Date,2742.0
L1_S25_D2744,date,1183747,1179479,4268,0.9963944998382256,1.0,25.0,Date,2744.0
L1_S25_D2746,date,1183747,1179479,4268,0.9963944998382256,1.0,25.0,Date,2746.0
L1_S25_D2748,date,1183747,1179479,4268,0.9963944998382256,1.0,25.0,Date,2748.0
L1_S25_D2750,date,1183747,1179479,4268,0.9963944998382256,1.0,25.0,Date,2750.0
L1_S25_D2752,date,1183747,1179479,4268,0.9963944998382256,1.0,25.0,Date,2752.0
L1_S25_D2754,date,1183747,1181270,2477,0.997907492057002,1.0,25.0,Date,2754.0
L1_S25_D2757,date,1183747,1181270,2477,0.997907492057002,1.0,25.0,Date,2757.0
L1_S25_D2760,date,1183747,1181270,2477,0.997907492057002,1.0,25.0,Date,2760.0
L1_S25_D2763,date,1183747,1181270,2477,0.997907492057002,1.0,25.0,Date,2763.0
L1_S25_D2766,date,1183747,1181270,2477,0.997907492057002,1.0,25.0,Date,2766.0
L1_S25_D2769,date,1183747,1181270,2477,0.997907492057002,1.0,25.0,Date,2769.0
L1_S25_D2772,date,1183747,1181270,2477,0.997907492057002,1.0,25.0,Date,2772.0
L1_S25_D2775,date,1183747,1181270,2477,0.997907492057002,1.0,25.0,Date,2775.0
L1_S25_D2778,date,1183747,1181270,2477,0.997907492057002,1.0,25.0,Date,2778.0
L1_S25_D2780,date,1183747,1165969,17778,0.9849815881265169,1.0,25.0,Date,2780.0
L1_S25_D2782,date,1183747,1165969,17778,0.9849815881265169,1.0,25.0,Date,2782.0
L1_S25_D2784,date,1183747,1165969,17778,0.9849815881265169,1.0,25.0,Date,2784.0
L1_S25_D2785,date,1183747,1165969,17778,0.9849815881265169,1.0,25.0,Date,2785.0
L1_S25_D2786,date,1183747,1165969,17778,0.9849815881265169,1.0,25.0,Date,2786.0
L1_S25_D2788,date,1183747,1165968,17779,0.9849807433514087,1.0,25.0,Date,2788.0
L1_S25_D2790,date,1183747,1165971,17776,0.9849832776767333,1.0,25.0,Date,2790.0
L1_S25_D2792,date,1183747,1169558,14189,0.9880134859898272,1.0,25.0,Date,2792.0
L1_S25_D2794,date,1183747,1169558,14189,0.9880134859898272,1.0,25.0,Date,2794.0
L1_S25_D2796,date,1183747,1169558,14189,0.9880134859898272,1.0,25.0,Date,2796.0
L1_S25_D2798,date,1183747,1165970,17777,0.9849824329016251,1.0,25.0,Date,2798.0
L1_S25_D2801,date,1183747,1174875,8872,0.9925051552400977,1.0,25.0,Date,2801.0
L1_S25_D2805,date,1183747,1174875,8872,0.9925051552400977,1.0,25.0,Date,2805.0
L1_S25_D2810,date,1183747,1174875,8872,0.9925051552400977,1.0,25.0,Date,2810.0
L1_S25_D2815,date,1183747,1174875,8872,0.9925051552400977,1.0,25.0,Date,2815.0
L1_S25_D2820,date,1183747,1174875,8872,0.9925051552400977,1.0,25.0,Date,2820.0
L1_S25_D2825,date,1183747,1174875,8872,0.9925051552400977,1.0,25.0,Date,2825.0
L1_S25_D2830,date,1183747,1174875,8872,0.9925051552400977,1.0,25.0,Date,2830.0
L1_S25_D2834,date,1183747,1174875,8872,0.9925051552400977,1.0,25.0,Date,2834.0
L1_S25_D2839,date,1183747,1174875,8872,0.9925051552400977,1.0,25.0,Date,2839.0
L1_S25_D2844,date,1183747,1174875,8872,0.9925051552400977,1.0,25.0,Date,2844.0
L1_S25_D2849,date,1183747,1174875,8872,0.9925051552400977,1.0,25.0,Date,2849.0
L1_S25_D2854,date,1183747,1174875,8872,0.9925051552400977,1.0,25.0,Date,2854.0
L1_S25_D2859,date,1183747,1174875,8872,0.9925051552400977,1.0,25.0,Date,2859.0
L1_S25_D2864,date,1183747,1174875,8872,0.9925051552400977,1.0,25.0,Date,2864.0
L1_S25_D2869,date,1183747,1174875,8872,0.9925051552400977,1.0,25.0,Date,2869.0
L1_S25_D2874,date,1183747,1174875,8872,0.9925051552400977,1.0,25.0,Date,2874.0
L1_S25_D2879,date,1183747,1174811,8936,0.9924510896331733,1.0,25.0,Date,2879.0
L1_S25_D2883,date,1183747,1174811,8936,0.9924510896331733,1.0,25.0,Date,2883.0
L1_S25_D2888,date,1183747,1174811,8936,0.9924510896331733,1.0,25.0,Date,2888.0
L1_S25_D2893,date,1183747,1174811,8936,0.9924510896331733,1.0,25.0,Date,2893.0
L1_S25_D2898,date,1183747,1174811,8936,0.9924510896331733,1.0,25.0,Date,2898.0
L1_S25_D2903,date,1183747,1174811,8936,0.9924510896331733,1.0,25.0,Date,2903.0
L1_S25_D2908,date,1183747,1174811,8936,0.9924510896331733,1.0,25.0,Date,2908.0
L1_S25_D2912,date,1183747,1174811,8936,0.9924510896331733,1.0,25.0,Date,2912.0
L1_S25_D2917,date,1183747,1174811,8936,0.9924510896331733,1.0,25.0,Date,2917.0
L1_S25_D2922,date,1183747,1174811,8936,0.9924510896331733,1.0,25.0,Date,2922.0
L1_S25_D2927,date,1183747,1174811,8936,0.9924510896331733,1.0,25.0,Date,2927.0
L1_S25_D2932,date,1183747,1174811,8936,0.9924510896331733,1.0,25.0,Date,2932.0
L1_S25_D2937,date,1183747,1174811,8936,0.9924510896331733,1.0,25.0,Date,2937.0
L1_S25_D2942,date,1183747,1174811,8936,0.9924510896331733,1.0,25.0,Date,2942.0
L1_S25_D2947,date,1183747,1174811,8936,0.9924510896331733,1.0,25.0,Date,2947.0
L1_S25_D2952,date,1183747,1174811,8936,0.9924510896331733,1.0,25.0,Date,2952.0
L1_S25_D2957,date,1183747,1174947,8800,0.9925659790478878,1.0,25.0,Date,2957.0
L1_S25_D2962,date,1183747,1174947,8800,0.9925659790478878,1.0,25.0,Date,2962.0
L1_S25_D2967,date,1183747,1174947,8800,0.9925659790478878,1.0,25.0,Date,2967.0
L1_S25_D2972,date,1183747,1174947,8800,0.9925659790478878,1.0,25.0,Date,2972.0
L1_S25_D2977,date,1183747,1174947,8800,0.9925659790478878,1.0,25.0,Date,2977.0
L1_S25_D2982,date,1183747,1174947,8800,0.9925659790478878,1.0,25.0,Date,2982.0
L1_S25_D2987,date,1183747,1174947,8800,0.9925659790478878,1.0,25.0,Date,2987.0
L1_S25_D2992,date,1183747,1174947,8800,0.9925659790478878,1.0,25.0,Date,2992.0
L1_S25_D2996,date,1183747,1174774,8973,0.9924198329541701,1.0,25.0,Date,2996.0
L1_S25_D2998,date,1183747,1174774,8973,0.9924198329541701,1.0,25.0,Date,2998.0
L1_S25_D3000,date,1183747,1174774,8973,0.9924198329541701,1.0,25.0,Date,3000.0
L1_S25_D3002,date,1183747,1174774,8973,0.9924198329541701,1.0,25.0,Date,3002.0
L1_S25_D3004,date,1183747,1174774,8973,0.9924198329541701,1.0,25.0,Date,3004.0
L1_S25_D3006,date,1183747,1174774,8973,0.9924198329541701,1.0,25.0,Date,3006.0
L1_S25_D3008,date,1183747,1174774,8973,0.9924198329541701,1.0,25.0,Date,3008.0
L1_S25_D3010,date,1183747,1174774,8973,0.9924198329541701,1.0,25.0,Date,3010.0
L1_S25_D3011,date,1183747,1165975,17772,0.984986656777166,1.0,25.0,Date,3011.0
L1_S25_D3012,date,1183747,1165975,17772,0.984986656777166,1.0,25.0,Date,3012.0
L1_S25_D3014,date,1183747,1165975,17772,0.984986656777166,1.0,25.0,Date,3014.0
L1_S25_D3016,date,1183747,1165975,17772,0.984986656777166,1.0,25.0,Date,3016.0
L1_S25_D3018,date,1183747,1165975,17772,0.984986656777166,1.0,25.0,Date,3018.0
L1_S25_D3019,date,1183747,1165975,17772,0.984986656777166,1.0,25.0,Date,3019.0
L1_S25_D3021,date,1183747,1165975,17772,0.984986656777166,1.0,25.0,Date,3021.0
L1_S25_D3023,date,1183747,1165975,17772,0.984986656777166,1.0,25.0,Date,3023.0
L1_S25_D3025,date,1183747,1165975,17772,0.984986656777166,1.0,25.0,Date,3025.0
L1_S25_D3027,date,1183747,1165975,17772,0.984986656777166,1.0,25.0,Date,3027.0
L1_S25_D3029,date,1183747,1165975,17772,0.984986656777166,1.0,25.0,Date,3029.0
L1_S25_D3031,date,1183747,1165975,17772,0.984986656777166,1.0,25.0,Date,3031.0
L1_S25_D3033,date,1183747,1165975,17772,0.984986656777166,1.0,25.0,Date,3033.0
L1_S25_D3035,date,1183747,1165975,17772,0.984986656777166,1.0,25.0,Date,3035.0
L2_S26_D3037,date,1183747,956736,227011,0.8082267579136421,2.0,26.0,Date,3037.0
L2_S26_D3041,date,1183747,956736,227011,0.8082267579136421,2.0,26.0,Date,3041.0
L2_S26_D3044,date,1183747,956736,227011,0.8082267579136421,2.0,26.0,Date,3044.0
L2_S26_D3048,date,1183747,956736,227011,0.8082267579136421,2.0,26.0,Date,3048.0
L2_S26_D3052,date,1183747,956736,227011,0.8082267579136421,2.0,26.0,Date,3052.0
L2_S26_D3056,date,1183747,956736,227011,0.8082267579136421,2.0,26.0,Date,3056.0
L2_S26_D3059,date,1183747,956736,227011,0.8082267579136421,2.0,26.0,Date,3059.0
L2_S26_D3063,date,1183747,956736,227011,0.8082267579136421,2.0,26.0,Date,3063.0
L2_S26_D3066,date,1183747,956736,227011,0.8082267579136421,2.0,26.0,Date,3066.0
L2_S26_D3070,date,1183747,956736,227011,0.8082267579136421,2.0,26.0,Date,3070.0
L2_S26_D3074,date,1183747,956736,227011,0.8082267579136421,2.0,26.0,Date,3074.0
L2_S26_D3078,date,1183747,956736,227011,0.8082267579136421,2.0,26.0,Date,3078.0
L2_S26_D3081,date,1183747,956737,227010,0.8082276026887503,2.0,26.0,Date,3081.0
L2_S26_D3084,date,1183747,956737,227010,0.8082276026887503,2.0,26.0,Date,3084.0
L2_S26_D3087,date,1183747,956737,227010,0.8082276026887503,2.0,26.0,Date,3087.0
L2_S26_D3090,date,1183747,956737,227010,0.8082276026887503,2.0,26.0,Date,3090.0
L2_S26_D3093,date,1183747,956737,227010,0.8082276026887503,2.0,26.0,Date,3093.0
L2_S26_D3096,date,1183747,956737,227010,0.8082276026887503,2.0,26.0,Date,3096.0
L2_S26_D3100,date,1183747,956736,227011,0.8082267579136421,2.0,26.0,Date,3100.0
L2_S26_D3103,date,1183747,956736,227011,0.8082267579136421,2.0,26.0,Date,3103.0
L2_S26_D3107,date,1183747,956736,227011,0.8082267579136421,2.0,26.0,Date,3107.0
L2_S26_D3110,date,1183747,956736,227011,0.8082267579136421,2.0,26.0,Date,3110.0
L2_S26_D3114,date,1183747,956736,227011,0.8082267579136421,2.0,26.0,Date,3114.0
L2_S26_D3118,date,1183747,956736,227011,0.8082267579136421,2.0,26.0,Date,3118.0
L2_S26_D3122,date,1183747,956736,227011,0.8082267579136421,2.0,26.0,Date,3122.0
L2_S26_D3126,date,1183747,956736,227011,0.8082267579136421,2.0,26.0,Date,3126.0
L2_S27_D3130,date,1183747,1063018,120729,0.8980111459627775,2.0,27.0,Date,3130.0
L2_S27_D3134,date,1183747,1063018,120729,0.8980111459627775,2.0,27.0,Date,3134.0
L2_S27_D3137,date,1183747,1063018,120729,0.8980111459627775,2.0,27.0,Date,3137.0
L2_S27_D3141,date,1183747,1063018,120729,0.8980111459627775,2.0,27.0,Date,3141.0
L2_S27_D3145,date,1183747,1063018,120729,0.8980111459627775,2.0,27.0,Date,3145.0
L2_S27_D3149,date,1183747,1063018,120729,0.8980111459627775,2.0,27.0,Date,3149.0
L2_S27_D3152,date,1183747,1063018,120729,0.8980111459627775,2.0,27.0,Date,3152.0
L2_S27_D3156,date,1183747,1063018,120729,0.8980111459627775,2.0,27.0,Date,3156.0
L2_S27_D3159,date,1183747,1063018,120729,0.8980111459627775,2.0,27.0,Date,3159.0
L2_S27_D3163,date,1183747,1063018,120729,0.8980111459627775,2.0,27.0,Date,3163.0
L2_S27_D3167,date,1183747,1063018,120729,0.8980111459627775,2.0,27.0,Date,3167.0
L2_S27_D3171,date,1183747,1063018,120729,0.8980111459627775,2.0,27.0,Date,3171.0
L2_S27_D3174,date,1183747,1063018,120729,0.8980111459627775,2.0,27.0,Date,3174.0
L2_S27_D3177,date,1183747,1063018,120729,0.8980111459627775,2.0,27.0,Date,3177.0
L2_S27_D3180,date,1183747,1063018,120729,0.8980111459627775,2.0,27.0,Date,3180.0
L2_S27_D3183,date,1183747,1063018,120729,0.8980111459627775,2.0,27.0,Date,3183.0
L2_S27_D3186,date,1183747,1063018,120729,0.8980111459627775,2.0,27.0,Date,3186.0
L2_S27_D3189,date,1183747,1063018,120729,0.8980111459627775,2.0,27.0,Date,3189.0
L2_S27_D3193,date,1183747,1063018,120729,0.8980111459627775,2.0,27.0,Date,3193.0
L2_S27_D3196,date,1183747,1063018,120729,0.8980111459627775,2.0,27.0,Date,3196.0
L2_S27_D3200,date,1183747,1063018,120729,0.8980111459627775,2.0,27.0,Date,3200.0
L2_S27_D3203,date,1183747,1063018,120729,0.8980111459627775,2.0,27.0,Date,3203.0
L2_S27_D3207,date,1183747,1063018,120729,0.8980111459627775,2.0,27.0,Date,3207.0
L2_S27_D3211,date,1183747,1063018,120729,0.8980111459627775,2.0,27.0,Date,3211.0
L2_S27_D3215,date,1183747,1063018,120729,0.8980111459627775,2.0,27.0,Date,3215.0
L2_S27_D3219,date,1183747,1063018,120729,0.8980111459627775,2.0,27.0,Date,3219.0
L2_S28_D3223,date,1183747,1174164,9583,0.9919045201381714,2.0,28.0,Date,3223.0
L2_S28_D3227,date,1183747,1174164,9583,0.9919045201381714,2.0,28.0,Date,3227.0
L2_S28_D3230,date,1183747,1174164,9583,0.9919045201381714,2.0,28.0,Date,3230.0
L2_S28_D3234,date,1183747,1174164,9583,0.9919045201381714,2.0,28.0,Date,3234.0
L2_S28_D3238,date,1183747,1174164,9583,0.9919045201381714,2.0,28.0,Date,3238.0
L2_S28_D3242,date,1183747,1174164,9583,0.9919045201381714,2.0,28.0,Date,3242.0
L2_S28_D3245,date,1183747,1174164,9583,0.9919045201381714,2.0,28.0,Date,3245.0
L2_S28_D3249,date,1183747,1174164,9583,0.9919045201381714,2.0,28.0,Date,3249.0
L2_S28_D3252,date,1183747,1174164,9583,0.9919045201381714,2.0,28.0,Date,3252.0
L2_S28_D3256,date,1183747,1174164,9583,0.9919045201381714,2.0,28.0,Date,3256.0
L2_S28_D3260,date,1183747,1174164,9583,0.9919045201381714,2.0,28.0,Date,3260.0
L2_S28_D3264,date,1183747,1174164,9583,0.9919045201381714,2.0,28.0,Date,3264.0
L2_S28_D3267,date,1183747,1174164,9583,0.9919045201381714,2.0,28.0,Date,3267.0
L2_S28_D3270,date,1183747,1174164,9583,0.9919045201381714,2.0,28.0,Date,3270.0
L2_S28_D3273,date,1183747,1174164,9583,0.9919045201381714,2.0,28.0,Date,3273.0
L2_S28_D3276,date,1183747,1174164,9583,0.9919045201381714,2.0,28.0,Date,3276.0
L2_S28_D3279,date,1183747,1174164,9583,0.9919045201381714,2.0,28.0,Date,3279.0
L2_S28_D3282,date,1183747,1174164,9583,0.9919045201381714,2.0,28.0,Date,3282.0
L2_S28_D3286,date,1183747,1174164,9583,0.9919045201381714,2.0,28.0,Date,3286.0
L2_S28_D3289,date,1183747,1174164,9583,0.9919045201381714,2.0,28.0,Date,3289.0
L2_S28_D3293,date,1183747,1174164,9583,0.9919045201381714,2.0,28.0,Date,3293.0
L2_S28_D3296,date,1183747,1174164,9583,0.9919045201381714,2.0,28.0,Date,3296.0
L2_S28_D3300,date,1183747,1174164,9583,0.9919045201381714,2.0,28.0,Date,3300.0
L2_S28_D3304,date,1183747,1174164,9583,0.9919045201381714,2.0,28.0,Date,3304.0
L2_S28_D3308,date,1183747,1174164,9583,0.9919045201381714,2.0,28.0,Date,3308.0
L2_S28_D3312,date,1183747,1174164,9583,0.9919045201381714,2.0,28.0,Date,3312.0
L3_S29_D3316,date,1183747,64118,1119629,0.05416529038721957,3.0,29.0,Date,3316.0
L3_S29_D3319,date,1183747,64118,1119629,0.05416529038721957,3.0,29.0,Date,3319.0
L3_S29_D3322,date,1183747,64118,1119629,0.05416529038721957,3.0,29.0,Date,3322.0
L3_S29_D3325,date,1183747,64118,1119629,0.05416529038721957,3.0,29.0,Date,3325.0
L3_S29_D3328,date,1183747,64118,1119629,0.05416529038721957,3.0,29.0,Date,3328.0
L3_S29_D3331,date,1183747,64118,1119629,0.05416529038721957,3.0,29.0,Date,3331.0
L3_S29_D3334,date,1183747,64118,1119629,0.05416529038721957,3.0,29.0,Date,3334.0
L3_S29_D3337,date,1183747,64118,1119629,0.05416529038721957,3.0,29.0,Date,3337.0
L3_S29_D3340,date,1183747,64118,1119629,0.05416529038721957,3.0,29.0,Date,3340.0
L3_S29_D3343,date,1183747,64118,1119629,0.05416529038721957,3.0,29.0,Date,3343.0
L3_S29_D3346,date,1183747,64118,1119629,0.05416529038721957,3.0,29.0,Date,3346.0
L3_S29_D3349,date,1183747,64118,1119629,0.05416529038721957,3.0,29.0,Date,3349.0
L3_S29_D3352,date,1183747,64118,1119629,0.05416529038721957,3.0,29.0,Date,3352.0
L3_S29_D3355,date,1183747,64118,1119629,0.05416529038721957,3.0,29.0,Date,3355.0
L3_S29_D3358,date,1183747,64118,1119629,0.05416529038721957,3.0,29.0,Date,3358.0
L3_S29_D3361,date,1183747,64118,1119629,0.05416529038721957,3.0,29.0,Date,3361.0
L3_S29_D3363,date,1183747,64118,1119629,0.05416529038721957,3.0,29.0,Date,3363.0
L3_S29_D3365,date,1183747,64118,1119629,0.05416529038721957,3.0,29.0,Date,3365.0
L3_S29_D3368,date,1183747,64118,1119629,0.05416529038721957,3.0,29.0,Date,3368.0
L3_S29_D3371,date,1183747,64118,1119629,0.05416529038721957,3.0,29.0,Date,3371.0
L3_S29_D3374,date,1183747,64118,1119629,0.05416529038721957,3.0,29.0,Date,3374.0
L3_S29_D3377,date,1183747,64118,1119629,0.05416529038721957,3.0,29.0,Date,3377.0
L3_S29_D3380,date,1183747,64118,1119629,0.05416529038721957,3.0,29.0,Date,3380.0
L3_S29_D3383,date,1183747,64118,1119629,0.05416529038721957,3.0,29.0,Date,3383.0
L3_S29_D3386,date,1183747,64118,1119629,0.05416529038721957,3.0,29.0,Date,3386.0
L3_S29_D3389,date,1183747,64118,1119629,0.05416529038721957,3.0,29.0,Date,3389.0
L3_S29_D3391,date,1183747,64118,1119629,0.05416529038721957,3.0,29.0,Date,3391.0
L3_S29_D3393,date,1183747,64118,1119629,0.05416529038721957,3.0,29.0,Date,3393.0
L3_S29_D3396,date,1183747,64118,1119629,0.05416529038721957,3.0,29.0,Date,3396.0
L3_S29_D3399,date,1183747,64118,1119629,0.05416529038721957,3.0,29.0,Date,3399.0
L3_S29_D3402,date,1183747,64118,1119629,0.05416529038721957,3.0,29.0,Date,3402.0
L3_S29_D3405,date,1183747,64118,1119629,0.05416529038721957,3.0,29.0,Date,3405.0
L3_S29_D3408,date,1183747,64118,1119629,0.05416529038721957,3.0,29.0,Date,3408.0
L3_S29_D3410,date,1183747,64118,1119629,0.05416529038721957,3.0,29.0,Date,3410.0
L3_S29_D3413,date,1183747,64118,1119629,0.05416529038721957,3.0,29.0,Date,3413.0
L3_S29_D3415,date,1183747,64118,1119629,0.05416529038721957,3.0,29.0,Date,3415.0
L3_S29_D3417,date,1183747,64118,1119629,0.05416529038721957,3.0,29.0,Date,3417.0
L3_S29_D3419,date,1183747,64118,1119629,0.05416529038721957,3.0,29.0,Date,3419.0
L3_S29_D3422,date,1183747,64118,1119629,0.05416529038721957,3.0,29.0,Date,3422.0
L3_S29_D3425,date,1183747,64118,1119629,0.05416529038721957,3.0,29.0,Date,3425.0
L3_S29_D3428,date,1183747,64118,1119629,0.05416529038721957,3.0,29.0,Date,3428.0
L3_S29_D3431,date,1183747,64118,1119629,0.05416529038721957,3.0,29.0,Date,3431.0
L3_S29_D3434,date,1183747,64118,1119629,0.05416529038721957,3.0,29.0,Date,3434.0
L3_S29_D3437,date,1183747,64118,1119629,0.05416529038721957,3.0,29.0,Date,3437.0
L3_S29_D3440,date,1183747,64118,1119629,0.05416529038721957,3.0,29.0,Date,3440.0
L3_S29_D3443,date,1183747,64118,1119629,0.05416529038721957,3.0,29.0,Date,3443.0
L3_S29_D3445,date,1183747,64118,1119629,0.05416529038721957,3.0,29.0,Date,3445.0
L3_S29_D3447,date,1183747,64118,1119629,0.05416529038721957,3.0,29.0,Date,3447.0
L3_S29_D3450,date,1183747,64118,1119629,0.05416529038721957,3.0,29.0,Date,3450.0
L3_S29_D3453,date,1183747,64118,1119629,0.05416529038721957,3.0,29.0,Date,3453.0
L3_S29_D3456,date,1183747,64118,1119629,0.05416529038721957,3.0,29.0,Date,3456.0
L3_S29_D3459,date,1183747,64118,1119629,0.05416529038721957,3.0,29.0,Date,3459.0
L3_S29_D3462,date,1183747,64118,1119629,0.05416529038721957,3.0,29.0,Date,3462.0
L3_S29_D3465,date,1183747,64118,1119629,0.05416529038721957,3.0,29.0,Date,3465.0
L3_S29_D3468,date,1183747,64118,1119629,0.05416529038721957,3.0,29.0,Date,3468.0
L3_S29_D3471,date,1183747,64118,1119629,0.05416529038721957,3.0,29.0,Date,3471.0
L3_S29_D3474,date,1183747,114423,1069324,0.0966617022049475,3.0,29.0,Date,3474.0
L3_S29_D3477,date,1183747,114423,1069324,0.0966617022049475,3.0,29.0,Date,3477.0
L3_S29_D3480,date,1183747,114423,1069324,0.0966617022049475,3.0,29.0,Date,3480.0
L3_S29_D3483,date,1183747,64118,1119629,0.05416529038721957,3.0,29.0,Date,3483.0
L3_S29_D3486,date,1183747,64118,1119629,0.05416529038721957,3.0,29.0,Date,3486.0
L3_S29_D3489,date,1183747,64118,1119629,0.05416529038721957,3.0,29.0,Date,3489.0
L3_S29_D3492,date,1183747,64118,1119629,0.05416529038721957,3.0,29.0,Date,3492.0
L3_S30_D3496,date,1183747,63942,1119805,0.05401660996817732,3.0,30.0,Date,3496.0
L3_S30_D3501,date,1183747,63945,1119802,0.05401914429350191,3.0,30.0,Date,3501.0
L3_S30_D3506,date,1183747,64178,1119569,0.05421597689371124,3.0,30.0,Date,3506.0
L3_S30_D3511,date,1183747,64178,1119569,0.05421597689371124,3.0,30.0,Date,3511.0
L3_S30_D3516,date,1183747,64178,1119569,0.05421597689371124,3.0,30.0,Date,3516.0
L3_S30_D3521,date,1183747,64178,1119569,0.05421597689371124,3.0,30.0,Date,3521.0
L3_S30_D3526,date,1183747,64178,1119569,0.05421597689371124,3.0,30.0,Date,3526.0
L3_S30_D3531,date,1183747,64178,1119569,0.05421597689371124,3.0,30.0,Date,3531.0
L3_S30_D3536,date,1183747,64178,1119569,0.05421597689371124,3.0,30.0,Date,3536.0
L3_S30_D3541,date,1183747,64178,1119569,0.05421597689371124,3.0,30.0,Date,3541.0
L3_S30_D3546,date,1183747,64178,1119569,0.05421597689371124,3.0,30.0,Date,3546.0
L3_S30_D3551,date,1183747,64178,1119569,0.05421597689371124,3.0,30.0,Date,3551.0
L3_S30_D3556,date,1183747,64178,1119569,0.05421597689371124,3.0,30.0,Date,3556.0
L3_S30_D3561,date,1183747,64178,1119569,0.05421597689371124,3.0,30.0,Date,3561.0
L3_S30_D3566,date,1183747,373491,810256,0.31551589993469886,3.0,30.0,Date,3566.0
L3_S30_D3571,date,1183747,373491,810256,0.31551589993469886,3.0,30.0,Date,3571.0
L3_S30_D3576,date,1183747,373491,810256,0.31551589993469886,3.0,30.0,Date,3576.0
L3_S30_D3581,date,1183747,373491,810256,0.31551589993469886,3.0,30.0,Date,3581.0
L3_S30_D3586,date,1183747,373491,810256,0.31551589993469886,3.0,30.0,Date,3586.0
L3_S30_D3591,date,1183747,373491,810256,0.31551589993469886,3.0,30.0,Date,3591.0
L3_S30_D3596,date,1183747,373491,810256,0.31551589993469886,3.0,30.0,Date,3596.0
L3_S30_D3601,date,1183747,373491,810256,0.31551589993469886,3.0,30.0,Date,3601.0
L3_S30_D3606,date,1183747,373491,810256,0.31551589993469886,3.0,30.0,Date,3606.0
L3_S30_D3611,date,1183747,373491,810256,0.31551589993469886,3.0,30.0,Date,3611.0
L3_S30_D3616,date,1183747,373491,810256,0.31551589993469886,3.0,30.0,Date,3616.0
L3_S30_D3621,date,1183747,373491,810256,0.31551589993469886,3.0,30.0,Date,3621.0
L3_S30_D3626,date,1183747,373491,810256,0.31551589993469886,3.0,30.0,Date,3626.0
L3_S30_D3631,date,1183747,373491,810256,0.31551589993469886,3.0,30.0,Date,3631.0
L3_S30_D3636,date,1183747,373491,810256,0.31551589993469886,3.0,30.0,Date,3636.0
L3_S30_D3641,date,1183747,373491,810256,0.31551589993469886,3.0,30.0,Date,3641.0
L3_S30_D3646,date,1183747,373491,810256,0.31551589993469886,3.0,30.0,Date,3646.0
L3_S30_D3651,date,1183747,373491,810256,0.31551589993469886,3.0,30.0,Date,3651.0
L3_S30_D3656,date,1183747,373491,810256,0.31551589993469886,3.0,30.0,Date,3656.0
L3_S30_D3661,date,1183747,373491,810256,0.31551589993469886,3.0,30.0,Date,3661.0
L3_S30_D3666,date,1183747,373491,810256,0.31551589993469886,3.0,30.0,Date,3666.0
L3_S30_D3671,date,1183747,373491,810256,0.31551589993469886,3.0,30.0,Date,3671.0
L3_S30_D3676,date,1183747,373491,810256,0.31551589993469886,3.0,30.0,Date,3676.0
L3_S30_D3681,date,1183747,373491,810256,0.31551589993469886,3.0,30.0,Date,3681.0
L3_S30_D3686,date,1183747,373491,810256,0.31551589993469886,3.0,30.0,Date,3686.0
L3_S30_D3691,date,1183747,373491,810256,0.31551589993469886,3.0,30.0,Date,3691.0
L3_S30_D3696,date,1183747,373491,810256,0.31551589993469886,3.0,30.0,Date,3696.0
L3_S30_D3701,date,1183747,373491,810256,0.31551589993469886,3.0,30.0,Date,3701.0
L3_S30_D3706,date,1183747,373491,810256,0.31551589993469886,3.0,30.0,Date,3706.0
L3_S30_D3711,date,1183747,373491,810256,0.31551589993469886,3.0,30.0,Date,3711.0
L3_S30_D3716,date,1183747,373491,810256,0.31551589993469886,3.0,30.0,Date,3716.0
L3_S30_D3721,date,1183747,373491,810256,0.31551589993469886,3.0,30.0,Date,3721.0
L3_S30_D3726,date,1183747,63936,1119811,0.05401154131752815,3.0,30.0,Date,3726.0
L3_S30_D3731,date,1183747,63936,1119811,0.05401154131752815,3.0,30.0,Date,3731.0
L3_S30_D3736,date,1183747,63936,1119811,0.05401154131752815,3.0,30.0,Date,3736.0
L3_S30_D3741,date,1183747,63936,1119811,0.05401154131752815,3.0,30.0,Date,3741.0
L3_S30_D3746,date,1183747,64178,1119569,0.05421597689371124,3.0,30.0,Date,3746.0
L3_S30_D3751,date,1183747,64178,1119569,0.05421597689371124,3.0,30.0,Date,3751.0
L3_S30_D3756,date,1183747,64178,1119569,0.05421597689371124,3.0,30.0,Date,3756.0
L3_S30_D3761,date,1183747,64178,1119569,0.05421597689371124,3.0,30.0,Date,3761.0
L3_S30_D3766,date,1183747,63936,1119811,0.05401154131752815,3.0,30.0,Date,3766.0
L3_S30_D3771,date,1183747,63936,1119811,0.05401154131752815,3.0,30.0,Date,3771.0
L3_S30_D3776,date,1183747,63936,1119811,0.05401154131752815,3.0,30.0,Date,3776.0
L3_S30_D3781,date,1183747,63936,1119811,0.05401154131752815,3.0,30.0,Date,3781.0
L3_S30_D3786,date,1183747,63936,1119811,0.05401154131752815,3.0,30.0,Date,3786.0
L3_S30_D3791,date,1183747,63936,1119811,0.05401154131752815,3.0,30.0,Date,3791.0
L3_S30_D3796,date,1183747,63936,1119811,0.05401154131752815,3.0,30.0,Date,3796.0
L3_S30_D3801,date,1183747,63936,1119811,0.05401154131752815,3.0,30.0,Date,3801.0
L3_S30_D3806,date,1183747,63936,1119811,0.05401154131752815,3.0,30.0,Date,3806.0
L3_S30_D3811,date,1183747,63936,1119811,0.05401154131752815,3.0,30.0,Date,3811.0
L3_S30_D3816,date,1183747,63936,1119811,0.05401154131752815,3.0,30.0,Date,3816.0
L3_S30_D3821,date,1183747,63936,1119811,0.05401154131752815,3.0,30.0,Date,3821.0
L3_S30_D3826,date,1183747,63936,1119811,0.05401154131752815,3.0,30.0,Date,3826.0
L3_S30_D3831,date,1183747,63936,1119811,0.05401154131752815,3.0,30.0,Date,3831.0
L3_S31_D3836,date,1183747,1144744,39003,0.9670512364550871,3.0,31.0,Date,3836.0
L3_S31_D3840,date,1183747,1144744,39003,0.9670512364550871,3.0,31.0,Date,3840.0
L3_S31_D3844,date,1183747,1144744,39003,0.9670512364550871,3.0,31.0,Date,3844.0
L3_S31_D3848,date,1183747,1144744,39003,0.9670512364550871,3.0,31.0,Date,3848.0
L3_S32_D3852,date,1183747,1159204,24543,0.9792666845195807,3.0,32.0,Date,3852.0
L3_S33_D3856,date,1183747,69052,1114695,0.058333410771051586,3.0,33.0,Date,3856.0
L3_S33_D3858,date,1183747,69052,1114695,0.058333410771051586,3.0,33.0,Date,3858.0
L3_S33_D3860,date,1183747,69052,1114695,0.058333410771051586,3.0,33.0,Date,3860.0
L3_S33_D3862,date,1183747,69052,1114695,0.058333410771051586,3.0,33.0,Date,3862.0
L3_S33_D3864,date,1183747,69052,1114695,0.058333410771051586,3.0,33.0,Date,3864.0
L3_S33_D3866,date,1183747,69052,1114695,0.058333410771051586,3.0,33.0,Date,3866.0
L3_S33_D3868,date,1183747,69052,1114695,0.058333410771051586,3.0,33.0,Date,3868.0
L3_S33_D3870,date,1183747,69052,1114695,0.058333410771051586,3.0,33.0,Date,3870.0
L3_S33_D3872,date,1183747,69052,1114695,0.058333410771051586,3.0,33.0,Date,3872.0
L3_S33_D3874,date,1183747,69052,1114695,0.058333410771051586,3.0,33.0,Date,3874.0
L3_S34_D3875,date,1183747,68629,1115118,0.05797607090028528,3.0,34.0,Date,3875.0
L3_S34_D3877,date,1183747,68629,1115118,0.05797607090028528,3.0,34.0,Date,3877.0
L3_S34_D3879,date,1183747,68629,1115118,0.05797607090028528,3.0,34.0,Date,3879.0
L3_S34_D3881,date,1183747,68629,1115118,0.05797607090028528,3.0,34.0,Date,3881.0
L3_S34_D3883,date,1183747,68629,1115118,0.05797607090028528,3.0,34.0,Date,3883.0
L3_S35_D3886,date,1183747,631690,552057,0.5336359880954292,3.0,35.0,Date,3886.0
L3_S35_D3891,date,1183747,631690,552057,0.5336359880954292,3.0,35.0,Date,3891.0
L3_S35_D3895,date,1183747,631700,552047,0.5336444358465111,3.0,35.0,Date,3895.0
L3_S35_D3897,date,1183747,631700,552047,0.5336444358465111,3.0,35.0,Date,3897.0
L3_S35_D3900,date,1183747,631639,552108,0.5335929045649113,3.0,35.0,Date,3900.0
L3_S35_D3905,date,1183747,631639,552108,0.5335929045649113,3.0,35.0,Date,3905.0
L3_S35_D3910,date,1183747,631639,552108,0.5335929045649113,3.0,35.0,Date,3910.0
L3_S35_D3915,date,1183747,631639,552108,0.5335929045649113,3.0,35.0,Date,3915.0
L3_S36_D3919,date,1183747,614716,569031,0.5192967754089345,3.0,36.0,Date,3919.0
L3_S36_D3921,date,1183747,614716,569031,0.5192967754089345,3.0,36.0,Date,3921.0
L3_S36_D3923,date,1183747,614716,569031,0.5192967754089345,3.0,36.0,Date,3923.0
L3_S36_D3925,date,1183747,614716,569031,0.5192967754089345,3.0,36.0,Date,3925.0
L3_S36_D3928,date,1183747,614715,569032,0.5192959306338263,3.0,36.0,Date,3928.0
L3_S36_D3932,date,1183747,614715,569032,0.5192959306338263,3.0,36.0,Date,3932.0
L3_S36_D3936,date,1183747,614715,569032,0.5192959306338263,3.0,36.0,Date,3936.0
L3_S36_D3940,date,1183747,614715,569032,0.5192959306338263,3.0,36.0,Date,3940.0
L3_S37_D3942,date,1183747,63353,1120394,0.053519037429450717,3.0,37.0,Date,3942.0
L3_S37_D3943,date,1183747,63353,1120394,0.053519037429450717,3.0,37.0,Date,3943.0
L3_S37_D3945,date,1183747,63353,1120394,0.053519037429450717,3.0,37.0,Date,3945.0
L3_S37_D3947,date,1183747,63353,1120394,0.053519037429450717,3.0,37.0,Date,3947.0
L3_S37_D3949,date,1183747,63353,1120394,0.053519037429450717,3.0,37.0,Date,3949.0
L3_S37_D3951,date,1183747,63353,1120394,0.053519037429450717,3.0,37.0,Date,3951.0
L3_S38_D3953,date,1183747,1156605,27142,0.977071114013383,3.0,38.0,Date,3953.0
L3_S38_D3957,date,1183747,1156605,27142,0.977071114013383,3.0,38.0,Date,3957.0
L3_S38_D3961,date,1183747,1156605,27142,0.977071114013383,3.0,38.0,Date,3961.0
L3_S39_D3966,date,1183747,1123839,59908,0.9493912128182795,3.0,39.0,Date,3966.0
L3_S39_D3970,date,1183747,1123839,59908,0.9493912128182795,3.0,39.0,Date,3970.0
L3_S39_D3974,date,1183747,1123839,59908,0.9493912128182795,3.0,39.0,Date,3974.0
L3_S39_D3978,date,1183747,1123839,59908,0.9493912128182795,3.0,39.0,Date,3978.0
L3_S40_D3981,date,1183747,1123851,59896,0.9494013501195779,3.0,40.0,Date,3981.0
L3_S40_D3983,date,1183747,1123851,59896,0.9494013501195779,3.0,40.0,Date,3983.0
L3_S40_D3985,date,1183747,1123833,59914,0.9493861441676305,3.0,40.0,Date,3985.0
L3_S40_D3987,date,1183747,1123833,59914,0.9493861441676305,3.0,40.0,Date,3987.0
L3_S40_D3989,date,1183747,1123833,59914,0.9493861441676305,3.0,40.0,Date,3989.0
L3_S40_D3991,date,1183747,1123833,59914,0.9493861441676305,3.0,40.0,Date,3991.0
L3_S40_D3993,date,1183747,1123833,59914,0.9493861441676305,3.0,40.0,Date,3993.0
L3_S40_D3995,date,1183747,1123833,59914,0.9493861441676305,3.0,40.0,Date,3995.0
L3_S41_D3997,date,1183747,1123834,59913,0.9493869889427387,3.0,41.0,Date,3997.0
L3_S41_D3999,date,1183747,1123834,59913,0.9493869889427387,3.0,41.0,Date,3999.0
L3_S41_D4001,date,1183747,1123834,59913,0.9493869889427387,3.0,41.0,Date,4001.0
L3_S41_D4003,date,1183747,1123834,59913,0.9493869889427387,3.0,41.0,Date,4003.0
L3_S41_D4005,date,1183747,1123834,59913,0.9493869889427387,3.0,41.0,Date,4005.0
L3_S41_D4007,date,1183747,1123834,59913,0.9493869889427387,3.0,41.0,Date,4007.0
L3_S41_D4009,date,1183747,1123834,59913,0.9493869889427387,3.0,41.0,Date,4009.0
L3_S41_D4010,date,1183747,1123834,59913,0.9493869889427387,3.0,41.0,Date,4010.0
L3_S41_D4012,date,1183747,1123834,59913,0.9493869889427387,3.0,41.0,Date,4012.0
L3_S41_D4013,date,1183747,1123834,59913,0.9493869889427387,3.0,41.0,Date,4013.0
L3_S41_D4015,date,1183747,1123834,59913,0.9493869889427387,3.0,41.0,Date,4015.0
L3_S41_D4017,date,1183747,1123834,59913,0.9493869889427387,3.0,41.0,Date,4017.0
L3_S41_D4019,date,1183747,1123834,59913,0.9493869889427387,3.0,41.0,Date,4019.0
L3_S41_D4021,date,1183747,1123834,59913,0.9493869889427387,3.0,41.0,Date,4021.0
L3_S41_D4022,date,1183747,1123834,59913,0.9493869889427387,3.0,41.0,Date,4022.0
L3_S41_D4024,date,1183747,1123834,59913,0.9493869889427387,3.0,41.0,Date,4024.0
L3_S41_D4025,date,1183747,1123834,59913,0.9493869889427387,3.0,41.0,Date,4025.0
L3_S41_D4027,date,1183747,1123834,59913,0.9493869889427387,3.0,41.0,Date,4027.0
L3_S42_D4029,date,1183747,1183732,15,0.9999873283733771,3.0,42.0,Date,4029.0
L3_S42_D4033,date,1183747,1183732,15,0.9999873283733771,3.0,42.0,Date,4033.0
L3_S42_D4037,date,1183747,1183732,15,0.9999873283733771,3.0,42.0,Date,4037.0
L3_S42_D4041,date,1183747,1183732,15,0.9999873283733771,3.0,42.0,Date,4041.0
L3_S42_D4045,date,1183747,1183739,8,0.9999932417991344,3.0,42.0,Date,4045.0
L3_S42_D4049,date,1183747,1183739,8,0.9999932417991344,3.0,42.0,Date,4049.0
L3_S42_D4053,date,1183747,1183739,8,0.9999932417991344,3.0,42.0,Date,4053.0
L3_S42_D4057,date,1183747,1183739,8,0.9999932417991344,3.0,42.0,Date,4057.0
L3_S43_D4062,date,1183747,1153196,30551,0.9741912756695477,3.0,43.0,Date,4062.0
L3_S43_D4067,date,1183747,1153196,30551,0.9741912756695477,3.0,43.0,Date,4067.0
L3_S43_D4072,date,1183747,1153196,30551,0.9741912756695477,3.0,43.0,Date,4072.0
L3_S43_D4077,date,1183747,1153196,30551,0.9741912756695477,3.0,43.0,Date,4077.0
L3_S43_D4082,date,1183747,1153202,30545,0.9741963443201967,3.0,43.0,Date,4082.0
L3_S43_D4087,date,1183747,1153202,30545,0.9741963443201967,3.0,43.0,Date,4087.0
L3_S43_D4092,date,1183747,1153202,30545,0.9741963443201967,3.0,43.0,Date,4092.0
L3_S43_D4097,date,1183747,1153202,30545,0.9741963443201967,3.0,43.0,Date,4097.0
L3_S44_D4101,date,1183747,1153943,29804,0.974822322675369,3.0,44.0,Date,4101.0
L3_S44_D4104,date,1183747,1153943,29804,0.974822322675369,3.0,44.0,Date,4104.0
L3_S44_D4107,date,1183747,1153943,29804,0.974822322675369,3.0,44.0,Date,4107.0
L3_S44_D4110,date,1183747,1153943,29804,0.974822322675369,3.0,44.0,Date,4110.0
L3_S44_D4113,date,1183747,1153943,29804,0.974822322675369,3.0,44.0,Date,4113.0
L3_S44_D4116,date,1183747,1153943,29804,0.974822322675369,3.0,44.0,Date,4116.0
L3_S44_D4119,date,1183747,1153943,29804,0.974822322675369,3.0,44.0,Date,4119.0
L3_S44_D4122,date,1183747,1153943,29804,0.974822322675369,3.0,44.0,Date,4122.0
L3_S45_D4125,date,1183747,1123815,59932,0.9493709382156829,3.0,45.0,Date,4125.0
L3_S45_D4127,date,1183747,1123815,59932,0.9493709382156829,3.0,45.0,Date,4127.0
L3_S45_D4129,date,1183747,1123815,59932,0.9493709382156829,3.0,45.0,Date,4129.0
L3_S45_D4131,date,1183747,1123815,59932,0.9493709382156829,3.0,45.0,Date,4131.0
L3_S45_D4133,date,1183747,1123815,59932,0.9493709382156829,3.0,45.0,Date,4133.0
L3_S46_D4135,date,1183747,1183746,1,0.9999991552248918,3.0,46.0,Date,4135.0
L3_S47_D4140,date,1183747,1123792,59955,0.9493515083881945,3.0,47.0,Date,4140.0
L3_S47_D4145,date,1183747,1123792,59955,0.9493515083881945,3.0,47.0,Date,4145.0
L3_S47_D4150,date,1183747,1123792,59955,0.9493515083881945,3.0,47.0,Date,4150.0
L3_S47_D4155,date,1183747,1123792,59955,0.9493515083881945,3.0,47.0,Date,4155.0
L3_S47_D4160,date,1183747,1123792,59955,0.9493515083881945,3.0,47.0,Date,4160.0
L3_S47_D4165,date,1183747,1123792,59955,0.9493515083881945,3.0,47.0,Date,4165.0
L3_S47_D4170,date,1183747,1123792,59955,0.9493515083881945,3.0,47.0,Date,4170.0
L3_S47_D4175,date,1183747,1123792,59955,0.9493515083881945,3.0,47.0,Date,4175.0
L3_S47_D4180,date,1183747,1123792,59955,0.9493515083881945,3.0,47.0,Date,4180.0
L3_S47_D4185,date,1183747,1123792,59955,0.9493515083881945,3.0,47.0,Date,4185.0
L3_S47_D4190,date,1183747,1123792,59955,0.9493515083881945,3.0,47.0,Date,4190.0
L3_S48_D4194,date,1183747,1123824,59923,0.9493785411916567,3.0,48.0,Date,4194.0
L3_S48_D4195,date,1183747,1123824,59923,0.9493785411916567,3.0,48.0,Date,4195.0
L3_S48_D4197,date,1183747,1123824,59923,0.9493785411916567,3.0,48.0,Date,4197.0
L3_S48_D4199,date,1183747,1123824,59923,0.9493785411916567,3.0,48.0,Date,4199.0
L3_S48_D4201,date,1183747,1123824,59923,0.9493785411916567,3.0,48.0,Date,4201.0
L3_S48_D4203,date,1183747,1123824,59923,0.9493785411916567,3.0,48.0,Date,4203.0
L3_S48_D4205,date,1183747,1123824,59923,0.9493785411916567,3.0,48.0,Date,4205.0
L3_S49_D4208,date,1183747,1154084,29663,0.9749414359656244,3.0,49.0,Date,4208.0
L3_S49_D4213,date,1183747,1154084,29663,0.9749414359656244,3.0,49.0,Date,4213.0
L3_S49_D4218,date,1183747,1154074,29673,0.9749329882145424,3.0,49.0,Date,4218.0
L3_S49_D4223,date,1183747,1154074,29673,0.9749329882145424,3.0,49.0,Date,4223.0
L3_S49_D4228,date,1183747,1154074,29673,0.9749329882145424,3.0,49.0,Date,4228.0
L3_S49_D4233,date,1183747,1154074,29673,0.9749329882145424,3.0,49.0,Date,4233.0
L3_S49_D4238,date,1183747,1154074,29673,0.9749329882145424,3.0,49.0,Date,4238.0
L3_S50_D4242,date,1183747,1153388,30359,0.974353472490321,3.0,50.0,Date,4242.0
L3_S50_D4244,date,1183747,1153388,30359,0.974353472490321,3.0,50.0,Date,4244.0
L3_S50_D4246,date,1183747,1153388,30359,0.974353472490321,3.0,50.0,Date,4246.0
L3_S50_D4248,date,1183747,1153388,30359,0.974353472490321,3.0,50.0,Date,4248.0
L3_S50_D4250,date,1183747,1153388,30359,0.974353472490321,3.0,50.0,Date,4250.0
L3_S50_D4252,date,1183747,1153388,30359,0.974353472490321,3.0,50.0,Date,4252.0
L3_S50_D4254,date,1183747,1153388,30359,0.974353472490321,3.0,50.0,Date,4254.0
L3_S51_D4255,date,1183747,1123894,59853,0.9494376754492303,3.0,51.0,Date,4255.0
L3_S51_D4257,date,1183747,1123894,59853,0.9494376754492303,3.0,51.0,Date,4257.0
L3_S51_D4259,date,1183747,1123894,59853,0.9494376754492303,3.0,51.0,Date,4259.0
L3_S51_D4261,date,1183747,1123894,59853,0.9494376754492303,3.0,51.0,Date,4261.0
L3_S51_D4263,date,1183747,1123894,59853,0.9494376754492303,3.0,51.0,Date,4263.0
Id,categorical,1183747,0,1183747,0.0,,,Id,
L0_S1_F25,categorical,1183747,1183722,25,0.9999788806222951,0.0,1.0,Numeric/Cat,25.0
L0_S1_F27,categorical,1183747,1183722,25,0.9999788806222951,0.0,1.0,Numeric/Cat,27.0
L0_S1_F29,categorical,1183747,1183720,27,0.9999771910720787,0.0,1.0,Numeric/Cat,29.0
L0_S1_F31,categorical,1183747,1183720,27,0.9999771910720787,0.0,1.0,Numeric/Cat,31.0
L0_S2_F33,categorical,1183747,1183484,263,0.9997778241465448,0.0,2.0,Numeric/Cat,33.0
L0_S2_F35,categorical,1183747,1183484,263,0.9997778241465448,0.0,2.0,Numeric/Cat,35.0
L0_S2_F37,categorical,1183747,1183484,263,0.9997778241465448,0.0,2.0,Numeric/Cat,37.0
L0_S2_F39,categorical,1183747,1183484,263,0.9997778241465448,0.0,2.0,Numeric/Cat,39.0
L0_S2_F41,categorical,1183747,1183484,263,0.9997778241465448,0.0,2.0,Numeric/Cat,41.0
L0_S2_F43,categorical,1183747,1183484,263,0.9997778241465448,0.0,2.0,Numeric/Cat,43.0
L0_S2_F45,categorical,1183747,1183484,263,0.9997778241465448,0.0,2.0,Numeric/Cat,45.0
L0_S2_F47,categorical,1183747,1183484,263,0.9997778241465448,0.0,2.0,Numeric/Cat,47.0
L0_S2_F49,categorical,1183747,1183484,263,0.9997778241465448,0.0,2.0,Numeric/Cat,49.0
L0_S2_F51,categorical,1183747,1183484,263,0.9997778241465448,0.0,2.0,Numeric/Cat,51.0
L0_S2_F53,categorical,1183747,1183484,263,0.9997778241465448,0.0,2.0,Numeric/Cat,53.0
L0_S2_F55,categorical,1183747,1183484,263,0.9997778241465448,0.0,2.0,Numeric/Cat,55.0
L0_S2_F57,categorical,1183747,1183484,263,0.9997778241465448,0.0,2.0,Numeric/Cat,57.0
L0_S2_F59,categorical,1183747,1183484,263,0.9997778241465448,0.0,2.0,Numeric/Cat,59.0
L0_S2_F61,categorical,1183747,1183484,263,0.9997778241465448,0.0,2.0,Numeric/Cat,61.0
L0_S2_F63,categorical,1183747,1183484,263,0.9997778241465448,0.0,2.0,Numeric/Cat,63.0
L0_S2_F65,categorical,1183747,1183484,263,0.9997778241465448,0.0,2.0,Numeric/Cat,65.0
L0_S2_F67,categorical,1183747,1183484,263,0.9997778241465448,0.0,2.0,Numeric/Cat,67.0
L0_S3_F69,categorical,1183747,1183747,0,1.0,0.0,3.0,Numeric/Cat,69.0
L0_S3_F71,categorical,1183747,1183747,0,1.0,0.0,3.0,Numeric/Cat,71.0
L0_S3_F73,categorical,1183747,1183747,0,1.0,0.0,3.0,Numeric/Cat,73.0
L0_S3_F75,categorical,1183747,1183747,0,1.0,0.0,3.0,Numeric/Cat,75.0
L0_S3_F77,categorical,1183747,1183747,0,1.0,0.0,3.0,Numeric/Cat,77.0
L0_S3_F79,categorical,1183747,1183747,0,1.0,0.0,3.0,Numeric/Cat,79.0
L0_S3_F81,categorical,1183747,1183747,0,1.0,0.0,3.0,Numeric/Cat,81.0
L0_S3_F83,categorical,1183747,1183747,0,1.0,0.0,3.0,Numeric/Cat,83.0
L0_S3_F85,categorical,1183747,1183747,0,1.0,0.0,3.0,Numeric/Cat,85.0
L0_S3_F87,categorical,1183747,1183747,0,1.0,0.0,3.0,Numeric/Cat,87.0
L0_S3_F89,categorical,1183747,1183747,0,1.0,0.0,3.0,Numeric/Cat,89.0
L0_S3_F91,categorical,1183747,1183747,0,1.0,0.0,3.0,Numeric/Cat,91.0
L0_S3_F93,categorical,1183747,1183747,0,1.0,0.0,3.0,Numeric/Cat,93.0
L0_S3_F95,categorical,1183747,1183747,0,1.0,0.0,3.0,Numeric/Cat,95.0
L0_S3_F97,categorical,1183747,1183747,0,1.0,0.0,3.0,Numeric/Cat,97.0
L0_S3_F99,categorical,1183747,1183747,0,1.0,0.0,3.0,Numeric/Cat,99.0
L0_S3_F101,categorical,1183747,1183747,0,1.0,0.0,3.0,Numeric/Cat,101.0
L0_S3_F103,categorical,1183747,1183747,0,1.0,0.0,3.0,Numeric/Cat,103.0
L0_S4_F105,categorical,1183747,1183624,123,0.9998960926616921,0.0,4.0,Numeric/Cat,105.0
L0_S4_F107,categorical,1183747,1183674,73,0.9999383314171018,0.0,4.0,Numeric/Cat,107.0
L0_S4_F108,categorical,1183747,1183624,123,0.9998960926616921,0.0,4.0,Numeric/Cat,108.0
L0_S4_F110,categorical,1183747,1183676,71,0.9999400209673182,0.0,4.0,Numeric/Cat,110.0
L0_S4_F112,categorical,1183747,1183719,28,0.9999763462969705,0.0,4.0,Numeric/Cat,112.0
L0_S4_F113,categorical,1183747,1183676,71,0.9999400209673182,0.0,4.0,Numeric/Cat,113.0
L0_S6_F119,categorical,1183747,1183740,7,0.9999940865742426,0.0,6.0,Numeric/Cat,119.0
L0_S6_F121,categorical,1183747,1183740,7,0.9999940865742426,0.0,6.0,Numeric/Cat,121.0
L0_S6_F123,categorical,1183747,1183740,7,0.9999940865742426,0.0,6.0,Numeric/Cat,123.0
L0_S6_F125,categorical,1183747,1183740,7,0.9999940865742426,0.0,6.0,Numeric/Cat,125.0
L0_S6_F126,categorical,1183747,1183740,7,0.9999940865742426,0.0,6.0,Numeric/Cat,126.0
L0_S6_F128,categorical,1183747,1183740,7,0.9999940865742426,0.0,6.0,Numeric/Cat,128.0
L0_S6_F129,categorical,1183747,1183740,7,0.9999940865742426,0.0,6.0,Numeric/Cat,129.0
L0_S6_F131,categorical,1183747,1183740,7,0.9999940865742426,0.0,6.0,Numeric/Cat,131.0
L0_S6_F133,categorical,1183747,1183740,7,0.9999940865742426,0.0,6.0,Numeric/Cat,133.0
L0_S6_F135,categorical,1183747,1183740,7,0.9999940865742426,0.0,6.0,Numeric/Cat,135.0
L0_S9_F151,categorical,1183747,1183252,495,0.9995818363214437,0.0,9.0,Numeric/Cat,151.0
L0_S9_F153,categorical,1183747,1183664,83,0.9999298836660199,0.0,9.0,Numeric/Cat,153.0
L0_S9_F154,categorical,1183747,1183251,496,0.9995809915463355,0.0,9.0,Numeric/Cat,154.0
L0_S9_F156,categorical,1183747,1183271,476,0.9995978870484994,0.0,9.0,Numeric/Cat,156.0
L0_S9_F158,categorical,1183747,1183667,80,0.9999324179913445,0.0,9.0,Numeric/Cat,158.0
L0_S9_F159,categorical,1183747,1183271,476,0.9995978870484994,0.0,9.0,Numeric/Cat,159.0
L0_S9_F161,categorical,1183747,1183252,495,0.9995818363214437,0.0,9.0,Numeric/Cat,161.0
L0_S9_F163,categorical,1183747,1183664,83,0.9999298836660199,0.0,9.0,Numeric/Cat,163.0
L0_S9_F164,categorical,1183747,1183252,495,0.9995818363214437,0.0,9.0,Numeric/Cat,164.0
L0_S9_F166,categorical,1183747,1183259,488,0.9995877497472011,0.0,9.0,Numeric/Cat,166.0
L0_S9_F168,categorical,1183747,1183667,80,0.9999324179913445,0.0,9.0,Numeric/Cat,168.0
L0_S9_F169,categorical,1183747,1183259,488,0.9995877497472011,0.0,9.0,Numeric/Cat,169.0
L0_S9_F171,categorical,1183747,1183252,495,0.9995818363214437,0.0,9.0,Numeric/Cat,171.0
L0_S9_F173,categorical,1183747,1183664,83,0.9999298836660199,0.0,9.0,Numeric/Cat,173.0
L0_S9_F174,categorical,1183747,1183252,495,0.9995818363214437,0.0,9.0,Numeric/Cat,174.0
L0_S9_F176,categorical,1183747,1183271,476,0.9995978870484994,0.0,9.0,Numeric/Cat,176.0
L0_S9_F178,categorical,1183747,1183667,80,0.9999324179913445,0.0,9.0,Numeric/Cat,178.0
L0_S9_F179,categorical,1183747,1183271,476,0.9995978870484994,0.0,9.0,Numeric/Cat,179.0
L0_S9_F181,categorical,1183747,1183271,476,0.9995978870484994,0.0,9.0,Numeric/Cat,181.0
L0_S9_F183,categorical,1183747,1183667,80,0.9999324179913445,0.0,9.0,Numeric/Cat,183.0
L0_S9_F184,categorical,1183747,1183271,476,0.9995978870484994,0.0,9.0,Numeric/Cat,184.0
L0_S9_F186,categorical,1183747,1183271,476,0.9995978870484994,0.0,9.0,Numeric/Cat,186.0
L0_S9_F188,categorical,1183747,1183667,80,0.9999324179913445,0.0,9.0,Numeric/Cat,188.0
L0_S9_F189,categorical,1183747,1183271,476,0.9995978870484994,0.0,9.0,Numeric/Cat,189.0
L0_S9_F191,categorical,1183747,1183271,476,0.9995978870484994,0.0,9.0,Numeric/Cat,191.0
L0_S9_F193,categorical,1183747,1183667,80,0.9999324179913445,0.0,9.0,Numeric/Cat,193.0
L0_S9_F194,categorical,1183747,1183271,476,0.9995978870484994,0.0,9.0,Numeric/Cat,194.0
L0_S9_F196,categorical,1183747,1183271,476,0.9995978870484994,0.0,9.0,Numeric/Cat,196.0
L0_S9_F198,categorical,1183747,1183667,80,0.9999324179913445,0.0,9.0,Numeric/Cat,198.0
L0_S9_F199,categorical,1183747,1183271,476,0.9995978870484994,0.0,9.0,Numeric/Cat,199.0
L0_S9_F201,categorical,1183747,1183271,476,0.9995978870484994,0.0,9.0,Numeric/Cat,201.0
L0_S9_F203,categorical,1183747,1183667,80,0.9999324179913445,0.0,9.0,Numeric/Cat,203.0
L0_S9_F204,categorical,1183747,1183271,476,0.9995978870484994,0.0,9.0,Numeric/Cat,204.0
L0_S9_F206,categorical,1183747,1183271,476,0.9995978870484994,0.0,9.0,Numeric/Cat,206.0
L0_S9_F208,categorical,1183747,1183667,80,0.9999324179913445,0.0,9.0,Numeric/Cat,208.0
L0_S9_F209,categorical,1183747,1183271,476,0.9995978870484994,0.0,9.0,Numeric/Cat,209.0
L0_S9_F211,categorical,1183747,1183271,476,0.9995978870484994,0.0,9.0,Numeric/Cat,211.0
L0_S9_F213,categorical,1183747,1183667,80,0.9999324179913445,0.0,9.0,Numeric/Cat,213.0
L0_S9_F214,categorical,1183747,1183271,476,0.9995978870484994,0.0,9.0,Numeric/Cat,214.0
L0_S10_F215,categorical,1183747,1183244,503,0.9995750781205781,0.0,10.0,Numeric/Cat,215.0
L0_S10_F217,categorical,1183747,1183445,302,0.9997448779173252,0.0,10.0,Numeric/Cat,217.0
L0_S10_F218,categorical,1183747,1183244,503,0.9995750781205781,0.0,10.0,Numeric/Cat,218.0
L0_S10_F220,categorical,1183747,1183261,486,0.9995894392974174,0.0,10.0,Numeric/Cat,220.0
L0_S10_F222,categorical,1183747,1183453,294,0.9997516361181908,0.0,10.0,Numeric/Cat,222.0
L0_S10_F223,categorical,1183747,1183261,486,0.9995894392974174,0.0,10.0,Numeric/Cat,223.0
L0_S10_F225,categorical,1183747,1183244,503,0.9995750781205781,0.0,10.0,Numeric/Cat,225.0
L0_S10_F227,categorical,1183747,1183445,302,0.9997448779173252,0.0,10.0,Numeric/Cat,227.0
L0_S10_F228,categorical,1183747,1183244,503,0.9995750781205781,0.0,10.0,Numeric/Cat,228.0
L0_S10_F230,categorical,1183747,1183257,490,0.9995860601969847,0.0,10.0,Numeric/Cat,230.0
L0_S10_F232,categorical,1183747,1183453,294,0.9997516361181908,0.0,10.0,Numeric/Cat,232.0
L0_S10_F233,categorical,1183747,1183257,490,0.9995860601969847,0.0,10.0,Numeric/Cat,233.0
L0_S10_F235,categorical,1183747,1183244,503,0.9995750781205781,0.0,10.0,Numeric/Cat,235.0
L0_S10_F237,categorical,1183747,1183445,302,0.9997448779173252,0.0,10.0,Numeric/Cat,237.0
L0_S10_F238,categorical,1183747,1183244,503,0.9995750781205781,0.0,10.0,Numeric/Cat,238.0
L0_S10_F240,categorical,1183747,1183261,486,0.9995894392974174,0.0,10.0,Numeric/Cat,240.0
L0_S10_F242,categorical,1183747,1183453,294,0.9997516361181908,0.0,10.0,Numeric/Cat,242.0
L0_S10_F243,categorical,1183747,1183261,486,0.9995894392974174,0.0,10.0,Numeric/Cat,243.0
L0_S10_F245,categorical,1183747,1183261,486,0.9995894392974174,0.0,10.0,Numeric/Cat,245.0
L0_S10_F247,categorical,1183747,1183453,294,0.9997516361181908,0.0,10.0,Numeric/Cat,247.0
L0_S10_F248,categorical,1183747,1183261,486,0.9995894392974174,0.0,10.0,Numeric/Cat,248.0
L0_S10_F250,categorical,1183747,1183261,486,0.9995894392974174,0.0,10.0,Numeric/Cat,250.0
L0_S10_F252,categorical,1183747,1183453,294,0.9997516361181908,0.0,10.0,Numeric/Cat,252.0
L0_S10_F253,categorical,1183747,1183261,486,0.9995894392974174,0.0,10.0,Numeric/Cat,253.0
L0_S10_F255,categorical,1183747,1183261,486,0.9995894392974174,0.0,10.0,Numeric/Cat,255.0
L0_S10_F257,categorical,1183747,1183453,294,0.9997516361181908,0.0,10.0,Numeric/Cat,257.0
L0_S10_F258,categorical,1183747,1183261,486,0.9995894392974174,0.0,10.0,Numeric/Cat,258.0
L0_S10_F260,categorical,1183747,1183261,486,0.9995894392974174,0.0,10.0,Numeric/Cat,260.0
L0_S10_F262,categorical,1183747,1183453,294,0.9997516361181908,0.0,10.0,Numeric/Cat,262.0
L0_S10_F263,categorical,1183747,1183261,486,0.9995894392974174,0.0,10.0,Numeric/Cat,263.0
L0_S10_F265,categorical,1183747,1183261,486,0.9995894392974174,0.0,10.0,Numeric/Cat,265.0
L0_S10_F267,categorical,1183747,1183453,294,0.9997516361181908,0.0,10.0,Numeric/Cat,267.0
L0_S10_F268,categorical,1183747,1183261,486,0.9995894392974174,0.0,10.0,Numeric/Cat,268.0
L0_S10_F270,categorical,1183747,1183261,486,0.9995894392974174,0.0,10.0,Numeric/Cat,270.0
L0_S10_F272,categorical,1183747,1183453,294,0.9997516361181908,0.0,10.0,Numeric/Cat,272.0
L0_S10_F273,categorical,1183747,1183261,486,0.9995894392974174,0.0,10.0,Numeric/Cat,273.0
L0_S10_F275,categorical,1183747,1183261,486,0.9995894392974174,0.0,10.0,Numeric/Cat,275.0
L0_S10_F277,categorical,1183747,1183453,294,0.9997516361181908,0.0,10.0,Numeric/Cat,277.0
L0_S10_F278,categorical,1183747,1183261,486,0.9995894392974174,0.0,10.0,Numeric/Cat,278.0
L0_S11_F279,categorical,1183747,1183741,6,0.9999949313493508,0.0,11.0,Numeric/Cat,279.0
L0_S11_F281,categorical,1183747,1183741,6,0.9999949313493508,0.0,11.0,Numeric/Cat,281.0
L0_S11_F283,categorical,1183747,1183741,6,0.9999949313493508,0.0,11.0,Numeric/Cat,283.0
L0_S11_F285,categorical,1183747,1183741,6,0.9999949313493508,0.0,11.0,Numeric/Cat,285.0
L0_S11_F287,categorical,1183747,1183741,6,0.9999949313493508,0.0,11.0,Numeric/Cat,287.0
L0_S11_F289,categorical,1183747,1183741,6,0.9999949313493508,0.0,11.0,Numeric/Cat,289.0
L0_S11_F291,categorical,1183747,1183741,6,0.9999949313493508,0.0,11.0,Numeric/Cat,291.0
L0_S11_F293,categorical,1183747,1183741,6,0.9999949313493508,0.0,11.0,Numeric/Cat,293.0
L0_S11_F295,categorical,1183747,1183741,6,0.9999949313493508,0.0,11.0,Numeric/Cat,295.0
L0_S11_F297,categorical,1183747,1183741,6,0.9999949313493508,0.0,11.0,Numeric/Cat,297.0
L0_S11_F299,categorical,1183747,1183741,6,0.9999949313493508,0.0,11.0,Numeric/Cat,299.0
L0_S11_F301,categorical,1183747,1183741,6,0.9999949313493508,0.0,11.0,Numeric/Cat,301.0
L0_S11_F303,categorical,1183747,1183741,6,0.9999949313493508,0.0,11.0,Numeric/Cat,303.0
L0_S11_F305,categorical,1183747,1183741,6,0.9999949313493508,0.0,11.0,Numeric/Cat,305.0
L0_S11_F307,categorical,1183747,1183741,6,0.9999949313493508,0.0,11.0,Numeric/Cat,307.0
L0_S11_F309,categorical,1183747,1183741,6,0.9999949313493508,0.0,11.0,Numeric/Cat,309.0
L0_S11_F311,categorical,1183747,1183741,6,0.9999949313493508,0.0,11.0,Numeric/Cat,311.0
L0_S11_F313,categorical,1183747,1183741,6,0.9999949313493508,0.0,11.0,Numeric/Cat,313.0
L0_S11_F315,categorical,1183747,1183741,6,0.9999949313493508,0.0,11.0,Numeric/Cat,315.0
L0_S11_F317,categorical,1183747,1183741,6,0.9999949313493508,0.0,11.0,Numeric/Cat,317.0
L0_S11_F319,categorical,1183747,1183741,6,0.9999949313493508,0.0,11.0,Numeric/Cat,319.0
L0_S11_F321,categorical,1183747,1183741,6,0.9999949313493508,0.0,11.0,Numeric/Cat,321.0
L0_S11_F323,categorical,1183747,1183741,6,0.9999949313493508,0.0,11.0,Numeric/Cat,323.0
L0_S11_F325,categorical,1183747,1183741,6,0.9999949313493508,0.0,11.0,Numeric/Cat,325.0
L0_S11_F327,categorical,1183747,1183741,6,0.9999949313493508,0.0,11.0,Numeric/Cat,327.0
L0_S11_F329,categorical,1183747,1183741,6,0.9999949313493508,0.0,11.0,Numeric/Cat,329.0
L0_S14_F359,categorical,1183747,1183679,68,0.9999425552926428,0.0,14.0,Numeric/Cat,359.0
L0_S14_F361,categorical,1183747,1183679,68,0.9999425552926428,0.0,14.0,Numeric/Cat,361.0
L0_S14_F363,categorical,1183747,1183679,68,0.9999425552926428,0.0,14.0,Numeric/Cat,363.0
L0_S14_F365,categorical,1183747,1183679,68,0.9999425552926428,0.0,14.0,Numeric/Cat,365.0
L0_S14_F367,categorical,1183747,1183679,68,0.9999425552926428,0.0,14.0,Numeric/Cat,367.0
L0_S14_F369,categorical,1183747,1183679,68,0.9999425552926428,0.0,14.0,Numeric/Cat,369.0
L0_S14_F371,categorical,1183747,1183679,68,0.9999425552926428,0.0,14.0,Numeric/Cat,371.0
L0_S14_F373,categorical,1183747,1183679,68,0.9999425552926428,0.0,14.0,Numeric/Cat,373.0
L0_S14_F375,categorical,1183747,1183679,68,0.9999425552926428,0.0,14.0,Numeric/Cat,375.0
L0_S14_F377,categorical,1183747,1183679,68,0.9999425552926428,0.0,14.0,Numeric/Cat,377.0
L0_S14_F379,categorical,1183747,1183679,68,0.9999425552926428,0.0,14.0,Numeric/Cat,379.0
L0_S14_F381,categorical,1183747,1183679,68,0.9999425552926428,0.0,14.0,Numeric/Cat,381.0
L0_S14_F383,categorical,1183747,1183679,68,0.9999425552926428,0.0,14.0,Numeric/Cat,383.0
L0_S14_F385,categorical,1183747,1183679,68,0.9999425552926428,0.0,14.0,Numeric/Cat,385.0
L0_S14_F387,categorical,1183747,1183679,68,0.9999425552926428,0.0,14.0,Numeric/Cat,387.0
L0_S14_F389,categorical,1183747,1183679,68,0.9999425552926428,0.0,14.0,Numeric/Cat,389.0
L0_S14_F391,categorical,1183747,1183679,68,0.9999425552926428,0.0,14.0,Numeric/Cat,391.0
L0_S14_F393,categorical,1183747,1183679,68,0.9999425552926428,0.0,14.0,Numeric/Cat,393.0
L0_S15_F396,categorical,1183747,1183746,1,0.9999991552248918,0.0,15.0,Numeric/Cat,396.0
L0_S15_F399,categorical,1183747,1183746,1,0.9999991552248918,0.0,15.0,Numeric/Cat,399.0
L0_S15_F402,categorical,1183747,1183746,1,0.9999991552248918,0.0,15.0,Numeric/Cat,402.0
L0_S15_F405,categorical,1183747,1183746,1,0.9999991552248918,0.0,15.0,Numeric/Cat,405.0
L0_S15_F408,categorical,1183747,1183746,1,0.9999991552248918,0.0,15.0,Numeric/Cat,408.0
L0_S15_F411,categorical,1183747,1183746,1,0.9999991552248918,0.0,15.0,Numeric/Cat,411.0
L0_S15_F414,categorical,1183747,1183746,1,0.9999991552248918,0.0,15.0,Numeric/Cat,414.0
L0_S15_F417,categorical,1183747,1183746,1,0.9999991552248918,0.0,15.0,Numeric/Cat,417.0
L0_S15_F420,categorical,1183747,1183746,1,0.9999991552248918,0.0,15.0,Numeric/Cat,420.0
L0_S16_F422,categorical,1183747,1183670,77,0.9999349523166691,0.0,16.0,Numeric/Cat,422.0
L0_S16_F424,categorical,1183747,1183714,33,0.9999721224214296,0.0,16.0,Numeric/Cat,424.0
L0_S16_F425,categorical,1183747,1183670,77,0.9999349523166691,0.0,16.0,Numeric/Cat,425.0
L0_S16_F427,categorical,1183747,1183670,77,0.9999349523166691,0.0,16.0,Numeric/Cat,427.0
L0_S16_F429,categorical,1183747,1183714,33,0.9999721224214296,0.0,16.0,Numeric/Cat,429.0
L0_S16_F430,categorical,1183747,1183670,77,0.9999349523166691,0.0,16.0,Numeric/Cat,430.0
L0_S18_F436,categorical,1183747,1183747,0,1.0,0.0,18.0,Numeric/Cat,436.0
L0_S18_F438,categorical,1183747,1183747,0,1.0,0.0,18.0,Numeric/Cat,438.0
L0_S18_F440,categorical,1183747,1183747,0,1.0,0.0,18.0,Numeric/Cat,440.0
L0_S18_F442,categorical,1183747,1183747,0,1.0,0.0,18.0,Numeric/Cat,442.0
L0_S18_F443,categorical,1183747,1183747,0,1.0,0.0,18.0,Numeric/Cat,443.0
L0_S18_F445,categorical,1183747,1183747,0,1.0,0.0,18.0,Numeric/Cat,445.0
L0_S18_F446,categorical,1183747,1183747,0,1.0,0.0,18.0,Numeric/Cat,446.0
L0_S18_F448,categorical,1183747,1183747,0,1.0,0.0,18.0,Numeric/Cat,448.0
L0_S18_F450,categorical,1183747,1183747,0,1.0,0.0,18.0,Numeric/Cat,450.0
L0_S18_F452,categorical,1183747,1183747,0,1.0,0.0,18.0,Numeric/Cat,452.0
L0_S21_F468,categorical,1183747,1183640,107,0.9999096090634232,0.0,21.0,Numeric/Cat,468.0
L0_S21_F470,categorical,1183747,1183727,20,0.9999831044978361,0.0,21.0,Numeric/Cat,470.0
L0_S21_F471,categorical,1183747,1183640,107,0.9999096090634232,0.0,21.0,Numeric/Cat,471.0
L0_S21_F473,categorical,1183747,1183681,66,0.9999442448428592,0.0,21.0,Numeric/Cat,473.0
L0_S21_F475,categorical,1183747,1183730,17,0.9999856388231607,0.0,21.0,Numeric/Cat,475.0
L0_S21_F476,categorical,1183747,1183681,66,0.9999442448428592,0.0,21.0,Numeric/Cat,476.0
L0_S21_F478,categorical,1183747,1183640,107,0.9999096090634232,0.0,21.0,Numeric/Cat,478.0
L0_S21_F480,categorical,1183747,1183727,20,0.9999831044978361,0.0,21.0,Numeric/Cat,480.0
L0_S21_F481,categorical,1183747,1183640,107,0.9999096090634232,0.0,21.0,Numeric/Cat,481.0
L0_S21_F483,categorical,1183747,1183676,71,0.9999400209673182,0.0,21.0,Numeric/Cat,483.0
L0_S21_F485,categorical,1183747,1183730,17,0.9999856388231607,0.0,21.0,Numeric/Cat,485.0
L0_S21_F486,categorical,1183747,1183676,71,0.9999400209673182,0.0,21.0,Numeric/Cat,486.0
L0_S21_F488,categorical,1183747,1183640,107,0.9999096090634232,0.0,21.0,Numeric/Cat,488.0
L0_S21_F490,categorical,1183747,1183727,20,0.9999831044978361,0.0,21.0,Numeric/Cat,490.0
L0_S21_F491,categorical,1183747,1183640,107,0.9999096090634232,0.0,21.0,Numeric/Cat,491.0
L0_S21_F493,categorical,1183747,1183681,66,0.9999442448428592,0.0,21.0,Numeric/Cat,493.0
L0_S21_F495,categorical,1183747,1183730,17,0.9999856388231607,0.0,21.0,Numeric/Cat,495.0
L0_S21_F496,categorical,1183747,1183681,66,0.9999442448428592,0.0,21.0,Numeric/Cat,496.0
L0_S21_F498,categorical,1183747,1183681,66,0.9999442448428592,0.0,21.0,Numeric/Cat,498.0
L0_S21_F500,categorical,1183747,1183730,17,0.9999856388231607,0.0,21.0,Numeric/Cat,500.0
L0_S21_F501,categorical,1183747,1183681,66,0.9999442448428592,0.0,21.0,Numeric/Cat,501.0
L0_S21_F503,categorical,1183747,1183681,66,0.9999442448428592,0.0,21.0,Numeric/Cat,503.0
L0_S21_F505,categorical,1183747,1183730,17,0.9999856388231607,0.0,21.0,Numeric/Cat,505.0
L0_S21_F506,categorical,1183747,1183681,66,0.9999442448428592,0.0,21.0,Numeric/Cat,506.0
L0_S21_F508,categorical,1183747,1183681,66,0.9999442448428592,0.0,21.0,Numeric/Cat,508.0
L0_S21_F510,categorical,1183747,1183730,17,0.9999856388231607,0.0,21.0,Numeric/Cat,510.0
L0_S21_F511,categorical,1183747,1183681,66,0.9999442448428592,0.0,21.0,Numeric/Cat,511.0
L0_S21_F513,categorical,1183747,1183681,66,0.9999442448428592,0.0,21.0,Numeric/Cat,513.0
L0_S21_F515,categorical,1183747,1183730,17,0.9999856388231607,0.0,21.0,Numeric/Cat,515.0
L0_S21_F516,categorical,1183747,1183681,66,0.9999442448428592,0.0,21.0,Numeric/Cat,516.0
L0_S21_F518,categorical,1183747,1183681,66,0.9999442448428592,0.0,21.0,Numeric/Cat,518.0
L0_S21_F520,categorical,1183747,1183730,17,0.9999856388231607,0.0,21.0,Numeric/Cat,520.0
L0_S21_F521,categorical,1183747,1183681,66,0.9999442448428592,0.0,21.0,Numeric/Cat,521.0
L0_S21_F523,categorical,1183747,1183681,66,0.9999442448428592,0.0,21.0,Numeric/Cat,523.0
L0_S21_F525,categorical,1183747,1183730,17,0.9999856388231607,0.0,21.0,Numeric/Cat,525.0
L0_S21_F526,categorical,1183747,1183681,66,0.9999442448428592,0.0,21.0,Numeric/Cat,526.0
L0_S21_F528,categorical,1183747,1183681,66,0.9999442448428592,0.0,21.0,Numeric/Cat,528.0
L0_S21_F530,categorical,1183747,1183730,17,0.9999856388231607,0.0,21.0,Numeric/Cat,530.0
L0_S21_F531,categorical,1183747,1183681,66,0.9999442448428592,0.0,21.0,Numeric/Cat,531.0
L0_S21_F533,categorical,1183747,1183681,66,0.9999442448428592,0.0,21.0,Numeric/Cat,533.0
L0_S21_F535,categorical,1183747,1183730,17,0.9999856388231607,0.0,21.0,Numeric/Cat,535.0
L0_S21_F536,categorical,1183747,1183681,66,0.9999442448428592,0.0,21.0,Numeric/Cat,536.0
L0_S21_F538,categorical,1183747,1183681,66,0.9999442448428592,0.0,21.0,Numeric/Cat,538.0
L0_S21_F540,categorical,1183747,1183730,17,0.9999856388231607,0.0,21.0,Numeric/Cat,540.0
L0_S21_F541,categorical,1183747,1183681,66,0.9999442448428592,0.0,21.0,Numeric/Cat,541.0
L0_S22_F542,categorical,1183747,1183669,78,0.9999341075415609,0.0,22.0,Numeric/Cat,542.0
L0_S22_F544,categorical,1183747,1183718,29,0.9999755015218623,0.0,22.0,Numeric/Cat,544.0
L0_S22_F545,categorical,1183747,1183667,80,0.9999324179913445,0.0,22.0,Numeric/Cat,545.0
L0_S22_F547,categorical,1183747,1183677,70,0.9999408657424264,0.0,22.0,Numeric/Cat,547.0
L0_S22_F549,categorical,1183747,1183719,28,0.9999763462969705,0.0,22.0,Numeric/Cat,549.0
L0_S22_F550,categorical,1183747,1183677,70,0.9999408657424264,0.0,22.0,Numeric/Cat,550.0
L0_S22_F552,categorical,1183747,1183669,78,0.9999341075415609,0.0,22.0,Numeric/Cat,552.0
L0_S22_F554,categorical,1183747,1183718,29,0.9999755015218623,0.0,22.0,Numeric/Cat,554.0
L0_S22_F555,categorical,1183747,1183669,78,0.9999341075415609,0.0,22.0,Numeric/Cat,555.0
L0_S22_F557,categorical,1183747,1183673,74,0.9999374866419936,0.0,22.0,Numeric/Cat,557.0
L0_S22_F559,categorical,1183747,1183719,28,0.9999763462969705,0.0,22.0,Numeric/Cat,559.0
L0_S22_F560,categorical,1183747,1183673,74,0.9999374866419936,0.0,22.0,Numeric/Cat,560.0
L0_S22_F562,categorical,1183747,1183669,78,0.9999341075415609,0.0,22.0,Numeric/Cat,562.0
L0_S22_F564,categorical,1183747,1183718,29,0.9999755015218623,0.0,22.0,Numeric/Cat,564.0
L0_S22_F565,categorical,1183747,1183669,78,0.9999341075415609,0.0,22.0,Numeric/Cat,565.0
L0_S22_F567,categorical,1183747,1183677,70,0.9999408657424264,0.0,22.0,Numeric/Cat,567.0
L0_S22_F569,categorical,1183747,1183719,28,0.9999763462969705,0.0,22.0,Numeric/Cat,569.0
L0_S22_F570,categorical,1183747,1183677,70,0.9999408657424264,0.0,22.0,Numeric/Cat,570.0
L0_S22_F572,categorical,1183747,1183677,70,0.9999408657424264,0.0,22.0,Numeric/Cat,572.0
L0_S22_F574,categorical,1183747,1183719,28,0.9999763462969705,0.0,22.0,Numeric/Cat,574.0
L0_S22_F575,categorical,1183747,1183677,70,0.9999408657424264,0.0,22.0,Numeric/Cat,575.0
L0_S22_F577,categorical,1183747,1183677,70,0.9999408657424264,0.0,22.0,Numeric/Cat,577.0
L0_S22_F579,categorical,1183747,1183719,28,0.9999763462969705,0.0,22.0,Numeric/Cat,579.0
L0_S22_F580,categorical,1183747,1183677,70,0.9999408657424264,0.0,22.0,Numeric/Cat,580.0
L0_S22_F582,categorical,1183747,1183677,70,0.9999408657424264,0.0,22.0,Numeric/Cat,582.0
L0_S22_F584,categorical,1183747,1183719,28,0.9999763462969705,0.0,22.0,Numeric/Cat,584.0
L0_S22_F585,categorical,1183747,1183677,70,0.9999408657424264,0.0,22.0,Numeric/Cat,585.0
L0_S22_F587,categorical,1183747,1183677,70,0.9999408657424264,0.0,22.0,Numeric/Cat,587.0
L0_S22_F589,categorical,1183747,1183719,28,0.9999763462969705,0.0,22.0,Numeric/Cat,589.0
L0_S22_F590,categorical,1183747,1183677,70,0.9999408657424264,0.0,22.0,Numeric/Cat,590.0
L0_S22_F592,categorical,1183747,1183677,70,0.9999408657424264,0.0,22.0,Numeric/Cat,592.0
L0_S22_F594,categorical,1183747,1183719,28,0.9999763462969705,0.0,22.0,Numeric/Cat,594.0
L0_S22_F595,categorical,1183747,1183677,70,0.9999408657424264,0.0,22.0,Numeric/Cat,595.0
L0_S22_F597,categorical,1183747,1183677,70,0.9999408657424264,0.0,22.0,Numeric/Cat,597.0
L0_S22_F599,categorical,1183747,1183719,28,0.9999763462969705,0.0,22.0,Numeric/Cat,599.0
L0_S22_F600,categorical,1183747,1183677,70,0.9999408657424264,0.0,22.0,Numeric/Cat,600.0
L0_S22_F602,categorical,1183747,1183677,70,0.9999408657424264,0.0,22.0,Numeric/Cat,602.0
L0_S22_F604,categorical,1183747,1183719,28,0.9999763462969705,0.0,22.0,Numeric/Cat,604.0
L0_S22_F605,categorical,1183747,1183677,70,0.9999408657424264,0.0,22.0,Numeric/Cat,605.0
L0_S22_F607,categorical,1183747,1183677,70,0.9999408657424264,0.0,22.0,Numeric/Cat,607.0
L0_S22_F609,categorical,1183747,1183719,28,0.9999763462969705,0.0,22.0,Numeric/Cat,609.0
L0_S22_F610,categorical,1183747,1183677,70,0.9999408657424264,0.0,22.0,Numeric/Cat,610.0
L0_S22_F612,categorical,1183747,1183677,70,0.9999408657424264,0.0,22.0,Numeric/Cat,612.0
L0_S22_F614,categorical,1183747,1183719,28,0.9999763462969705,0.0,22.0,Numeric/Cat,614.0
L0_S22_F615,categorical,1183747,1183677,70,0.9999408657424264,0.0,22.0,Numeric/Cat,615.0
L0_S23_F616,categorical,1183747,1183747,0,1.0,0.0,23.0,Numeric/Cat,616.0
L0_S23_F618,categorical,1183747,1183747,0,1.0,0.0,23.0,Numeric/Cat,618.0
L0_S23_F620,categorical,1183747,1183747,0,1.0,0.0,23.0,Numeric/Cat,620.0
L0_S23_F622,categorical,1183747,1183747,0,1.0,0.0,23.0,Numeric/Cat,622.0
L0_S23_F624,categorical,1183747,1183747,0,1.0,0.0,23.0,Numeric/Cat,624.0
L0_S23_F626,categorical,1183747,1183747,0,1.0,0.0,23.0,Numeric/Cat,626.0
L0_S23_F628,categorical,1183747,1183747,0,1.0,0.0,23.0,Numeric/Cat,628.0
L0_S23_F630,categorical,1183747,1183747,0,1.0,0.0,23.0,Numeric/Cat,630.0
L0_S23_F632,categorical,1183747,1183747,0,1.0,0.0,23.0,Numeric/Cat,632.0
L0_S23_F634,categorical,1183747,1183747,0,1.0,0.0,23.0,Numeric/Cat,634.0
L0_S23_F636,categorical,1183747,1183747,0,1.0,0.0,23.0,Numeric/Cat,636.0
L0_S23_F638,categorical,1183747,1183747,0,1.0,0.0,23.0,Numeric/Cat,638.0
L0_S23_F640,categorical,1183747,1183747,0,1.0,0.0,23.0,Numeric/Cat,640.0
L0_S23_F642,categorical,1183747,1183747,0,1.0,0.0,23.0,Numeric/Cat,642.0
L0_S23_F644,categorical,1183747,1183747,0,1.0,0.0,23.0,Numeric/Cat,644.0
L0_S23_F646,categorical,1183747,1183747,0,1.0,0.0,23.0,Numeric/Cat,646.0
L0_S23_F648,categorical,1183747,1183747,0,1.0,0.0,23.0,Numeric/Cat,648.0
L0_S23_F650,categorical,1183747,1183747,0,1.0,0.0,23.0,Numeric/Cat,650.0
L0_S23_F652,categorical,1183747,1183747,0,1.0,0.0,23.0,Numeric/Cat,652.0
L0_S23_F654,categorical,1183747,1183747,0,1.0,0.0,23.0,Numeric/Cat,654.0
L0_S23_F656,categorical,1183747,1183747,0,1.0,0.0,23.0,Numeric/Cat,656.0
L0_S23_F658,categorical,1183747,1183747,0,1.0,0.0,23.0,Numeric/Cat,658.0
L0_S23_F660,categorical,1183747,1183747,0,1.0,0.0,23.0,Numeric/Cat,660.0
L0_S23_F662,categorical,1183747,1183747,0,1.0,0.0,23.0,Numeric/Cat,662.0
L0_S23_F664,categorical,1183747,1183747,0,1.0,0.0,23.0,Numeric/Cat,664.0
L0_S23_F666,categorical,1183747,1183747,0,1.0,0.0,23.0,Numeric/Cat,666.0
L0_S23_F668,categorical,1183747,1183747,0,1.0,0.0,23.0,Numeric/Cat,668.0
L0_S23_F670,categorical,1183747,1183747,0,1.0,0.0,23.0,Numeric/Cat,670.0
L0_S23_F672,categorical,1183747,1183747,0,1.0,0.0,23.0,Numeric/Cat,672.0
L0_S23_F674,categorical,1183747,1183747,0,1.0,0.0,23.0,Numeric/Cat,674.0
L1_S24_F675,categorical,1183747,1159885,23862,0.9798419763682611,1.0,24.0,Numeric/Cat,675.0
L1_S24_F676,categorical,1183747,1183747,0,1.0,1.0,24.0,Numeric/Cat,676.0
L1_S24_F678,categorical,1183747,1183747,0,1.0,1.0,24.0,Numeric/Cat,678.0
L1_S24_F680,categorical,1183747,1183747,0,1.0,1.0,24.0,Numeric/Cat,680.0
L1_S24_F682,categorical,1183747,1183747,0,1.0,1.0,24.0,Numeric/Cat,682.0
L1_S24_F684,categorical,1183747,1183747,0,1.0,1.0,24.0,Numeric/Cat,684.0
L1_S24_F686,categorical,1183747,1183747,0,1.0,1.0,24.0,Numeric/Cat,686.0
L1_S24_F688,categorical,1183747,1183747,0,1.0,1.0,24.0,Numeric/Cat,688.0
L1_S24_F690,categorical,1183747,1183747,0,1.0,1.0,24.0,Numeric/Cat,690.0
L1_S24_F692,categorical,1183747,1183747,0,1.0,1.0,24.0,Numeric/Cat,692.0
L1_S24_F694,categorical,1183747,1183747,0,1.0,1.0,24.0,Numeric/Cat,694.0
L1_S24_F695,categorical,1183747,1176355,7392,0.9937554224002257,1.0,24.0,Numeric/Cat,695.0
L1_S24_F696,categorical,1183747,1183730,17,0.9999856388231607,1.0,24.0,Numeric/Cat,696.0
L1_S24_F698,categorical,1183747,1160110,23637,0.9800320507676049,1.0,24.0,Numeric/Cat,698.0
L1_S24_F699,categorical,1183747,1183730,17,0.9999856388231607,1.0,24.0,Numeric/Cat,699.0
L1_S24_F701,categorical,1183747,1183730,17,0.9999856388231607,1.0,24.0,Numeric/Cat,701.0
L1_S24_F703,categorical,1183747,1159921,23826,0.9798723882721562,1.0,24.0,Numeric/Cat,703.0
L1_S24_F704,categorical,1183747,1183730,17,0.9999856388231607,1.0,24.0,Numeric/Cat,704.0
L1_S24_F705,categorical,1183747,1159921,23826,0.9798723882721562,1.0,24.0,Numeric/Cat,705.0
L1_S24_F706,categorical,1183747,1183730,17,0.9999856388231607,1.0,24.0,Numeric/Cat,706.0
L1_S24_F708,categorical,1183747,1159921,23826,0.9798723882721562,1.0,24.0,Numeric/Cat,708.0
L1_S24_F709,categorical,1183747,1183730,17,0.9999856388231607,1.0,24.0,Numeric/Cat,709.0
L1_S24_F710,categorical,1183747,1159921,23826,0.9798723882721562,1.0,24.0,Numeric/Cat,710.0
L1_S24_F711,categorical,1183747,1183730,17,0.9999856388231607,1.0,24.0,Numeric/Cat,711.0
L1_S24_F713,categorical,1183747,1159921,23826,0.9798723882721562,1.0,24.0,Numeric/Cat,713.0
L1_S24_F714,categorical,1183747,1183730,17,0.9999856388231607,1.0,24.0,Numeric/Cat,714.0
L1_S24_F715,categorical,1183747,1183730,17,0.9999856388231607,1.0,24.0,Numeric/Cat,715.0
L1_S24_F717,categorical,1183747,1160110,23637,0.9800320507676049,1.0,24.0,Numeric/Cat,717.0
L1_S24_F718,categorical,1183747,1183730,17,0.9999856388231607,1.0,24.0,Numeric/Cat,718.0
L1_S24_F720,categorical,1183747,1183730,17,0.9999856388231607,1.0,24.0,Numeric/Cat,720.0
L1_S24_F722,categorical,1183747,1160110,23637,0.9800320507676049,1.0,24.0,Numeric/Cat,722.0
L1_S24_F723,categorical,1183747,1183730,17,0.9999856388231607,1.0,24.0,Numeric/Cat,723.0
L1_S24_F724,categorical,1183747,1183730,17,0.9999856388231607,1.0,24.0,Numeric/Cat,724.0
L1_S24_F726,categorical,1183747,1159921,23826,0.9798723882721562,1.0,24.0,Numeric/Cat,726.0
L1_S24_F727,categorical,1183747,1183730,17,0.9999856388231607,1.0,24.0,Numeric/Cat,727.0
L1_S24_F729,categorical,1183747,1183730,17,0.9999856388231607,1.0,24.0,Numeric/Cat,729.0
L1_S24_F731,categorical,1183747,1159921,23826,0.9798723882721562,1.0,24.0,Numeric/Cat,731.0
L1_S24_F732,categorical,1183747,1183730,17,0.9999856388231607,1.0,24.0,Numeric/Cat,732.0
L1_S24_F734,categorical,1183747,1183730,17,0.9999856388231607,1.0,24.0,Numeric/Cat,734.0
L1_S24_F736,categorical,1183747,1159921,23826,0.9798723882721562,1.0,24.0,Numeric/Cat,736.0
L1_S24_F737,categorical,1183747,1183730,17,0.9999856388231607,1.0,24.0,Numeric/Cat,737.0
L1_S24_F738,categorical,1183747,1183730,17,0.9999856388231607,1.0,24.0,Numeric/Cat,738.0
L1_S24_F740,categorical,1183747,1159921,23826,0.9798723882721562,1.0,24.0,Numeric/Cat,740.0
L1_S24_F741,categorical,1183747,1183730,17,0.9999856388231607,1.0,24.0,Numeric/Cat,741.0
L1_S24_F742,categorical,1183747,1183730,17,0.9999856388231607,1.0,24.0,Numeric/Cat,742.0
L1_S24_F744,categorical,1183747,1159921,23826,0.9798723882721562,1.0,24.0,Numeric/Cat,744.0
L1_S24_F745,categorical,1183747,1183730,17,0.9999856388231607,1.0,24.0,Numeric/Cat,745.0
L1_S24_F747,categorical,1183747,1183730,17,0.9999856388231607,1.0,24.0,Numeric/Cat,747.0
L1_S24_F749,categorical,1183747,1160110,23637,0.9800320507676049,1.0,24.0,Numeric/Cat,749.0
L1_S24_F750,categorical,1183747,1183730,17,0.9999856388231607,1.0,24.0,Numeric/Cat,750.0
L1_S24_F752,categorical,1183747,1183730,17,0.9999856388231607,1.0,24.0,Numeric/Cat,752.0
L1_S24_F754,categorical,1183747,1160110,23637,0.9800320507676049,1.0,24.0,Numeric/Cat,754.0
L1_S24_F755,categorical,1183747,1183730,17,0.9999856388231607,1.0,24.0,Numeric/Cat,755.0
L1_S24_F757,categorical,1183747,1183730,17,0.9999856388231607,1.0,24.0,Numeric/Cat,757.0
L1_S24_F759,categorical,1183747,1160110,23637,0.9800320507676049,1.0,24.0,Numeric/Cat,759.0
L1_S24_F760,categorical,1183747,1183730,17,0.9999856388231607,1.0,24.0,Numeric/Cat,760.0
L1_S24_F762,categorical,1183747,1183730,17,0.9999856388231607,1.0,24.0,Numeric/Cat,762.0
L1_S24_F764,categorical,1183747,1160110,23637,0.9800320507676049,1.0,24.0,Numeric/Cat,764.0
L1_S24_F765,categorical,1183747,1183730,17,0.9999856388231607,1.0,24.0,Numeric/Cat,765.0
L1_S24_F767,categorical,1183747,1183730,17,0.9999856388231607,1.0,24.0,Numeric/Cat,767.0
L1_S24_F769,categorical,1183747,1160110,23637,0.9800320507676049,1.0,24.0,Numeric/Cat,769.0
L1_S24_F770,categorical,1183747,1183730,17,0.9999856388231607,1.0,24.0,Numeric/Cat,770.0
L1_S24_F771,categorical,1183747,1183730,17,0.9999856388231607,1.0,24.0,Numeric/Cat,771.0
L1_S24_F773,categorical,1183747,1160201,23546,0.9801089253024506,1.0,24.0,Numeric/Cat,773.0
L1_S24_F774,categorical,1183747,1183730,17,0.9999856388231607,1.0,24.0,Numeric/Cat,774.0
L1_S24_F776,categorical,1183747,1183730,17,0.9999856388231607,1.0,24.0,Numeric/Cat,776.0
L1_S24_F778,categorical,1183747,1160110,23637,0.9800320507676049,1.0,24.0,Numeric/Cat,778.0
L1_S24_F779,categorical,1183747,1183730,17,0.9999856388231607,1.0,24.0,Numeric/Cat,779.0
L1_S24_F781,categorical,1183747,1183730,17,0.9999856388231607,1.0,24.0,Numeric/Cat,781.0
L1_S24_F783,categorical,1183747,1160110,23637,0.9800320507676049,1.0,24.0,Numeric/Cat,783.0
L1_S24_F784,categorical,1183747,1183730,17,0.9999856388231607,1.0,24.0,Numeric/Cat,784.0
L1_S24_F786,categorical,1183747,1183730,17,0.9999856388231607,1.0,24.0,Numeric/Cat,786.0
L1_S24_F788,categorical,1183747,1160110,23637,0.9800320507676049,1.0,24.0,Numeric/Cat,788.0
L1_S24_F789,categorical,1183747,1183730,17,0.9999856388231607,1.0,24.0,Numeric/Cat,789.0
L1_S24_F791,categorical,1183747,1183730,17,0.9999856388231607,1.0,24.0,Numeric/Cat,791.0
L1_S24_F793,categorical,1183747,1160110,23637,0.9800320507676049,1.0,24.0,Numeric/Cat,793.0
L1_S24_F794,categorical,1183747,1183730,17,0.9999856388231607,1.0,24.0,Numeric/Cat,794.0
L1_S24_F796,categorical,1183747,1183730,17,0.9999856388231607,1.0,24.0,Numeric/Cat,796.0
L1_S24_F798,categorical,1183747,1160110,23637,0.9800320507676049,1.0,24.0,Numeric/Cat,798.0
L1_S24_F799,categorical,1183747,1183730,17,0.9999856388231607,1.0,24.0,Numeric/Cat,799.0
L1_S24_F803,categorical,1183747,1183745,2,0.9999983104497836,1.0,24.0,Numeric/Cat,803.0
L1_S24_F805,categorical,1183747,1183745,2,0.9999983104497836,1.0,24.0,Numeric/Cat,805.0
L1_S24_F817,categorical,1183747,1183735,12,0.9999898626987017,1.0,24.0,Numeric/Cat,817.0
L1_S24_F819,categorical,1183747,1171721,12026,0.9898407345488521,1.0,24.0,Numeric/Cat,819.0
L1_S24_F820,categorical,1183747,1183735,12,0.9999898626987017,1.0,24.0,Numeric/Cat,820.0
L1_S24_F821,categorical,1183747,1183735,12,0.9999898626987017,1.0,24.0,Numeric/Cat,821.0
L1_S24_F823,categorical,1183747,1171721,12026,0.9898407345488521,1.0,24.0,Numeric/Cat,823.0
L1_S24_F824,categorical,1183747,1183735,12,0.9999898626987017,1.0,24.0,Numeric/Cat,824.0
L1_S24_F825,categorical,1183747,1183735,12,0.9999898626987017,1.0,24.0,Numeric/Cat,825.0
L1_S24_F827,categorical,1183747,1171721,12026,0.9898407345488521,1.0,24.0,Numeric/Cat,827.0
L1_S24_F828,categorical,1183747,1183735,12,0.9999898626987017,1.0,24.0,Numeric/Cat,828.0
L1_S24_F830,categorical,1183747,1183735,12,0.9999898626987017,1.0,24.0,Numeric/Cat,830.0
L1_S24_F832,categorical,1183747,1171721,12026,0.9898407345488521,1.0,24.0,Numeric/Cat,832.0
L1_S24_F833,categorical,1183747,1183735,12,0.9999898626987017,1.0,24.0,Numeric/Cat,833.0
L1_S24_F835,categorical,1183747,1183735,12,0.9999898626987017,1.0,24.0,Numeric/Cat,835.0
L1_S24_F837,categorical,1183747,1171721,12026,0.9898407345488521,1.0,24.0,Numeric/Cat,837.0
L1_S24_F838,categorical,1183747,1183735,12,0.9999898626987017,1.0,24.0,Numeric/Cat,838.0
L1_S24_F840,categorical,1183747,1183735,12,0.9999898626987017,1.0,24.0,Numeric/Cat,840.0
L1_S24_F842,categorical,1183747,1171721,12026,0.9898407345488521,1.0,24.0,Numeric/Cat,842.0
L1_S24_F843,categorical,1183747,1183735,12,0.9999898626987017,1.0,24.0,Numeric/Cat,843.0
L1_S24_F845,categorical,1183747,1183735,12,0.9999898626987017,1.0,24.0,Numeric/Cat,845.0
L1_S24_F847,categorical,1183747,1171721,12026,0.9898407345488521,1.0,24.0,Numeric/Cat,847.0
L1_S24_F848,categorical,1183747,1183735,12,0.9999898626987017,1.0,24.0,Numeric/Cat,848.0
L1_S24_F849,categorical,1183747,1183735,12,0.9999898626987017,1.0,24.0,Numeric/Cat,849.0
L1_S24_F851,categorical,1183747,1171721,12026,0.9898407345488521,1.0,24.0,Numeric/Cat,851.0
L1_S24_F852,categorical,1183747,1183735,12,0.9999898626987017,1.0,24.0,Numeric/Cat,852.0
L1_S24_F853,categorical,1183747,1183735,12,0.9999898626987017,1.0,24.0,Numeric/Cat,853.0
L1_S24_F855,categorical,1183747,1171721,12026,0.9898407345488521,1.0,24.0,Numeric/Cat,855.0
L1_S24_F856,categorical,1183747,1183735,12,0.9999898626987017,1.0,24.0,Numeric/Cat,856.0
L1_S24_F858,categorical,1183747,1183735,12,0.9999898626987017,1.0,24.0,Numeric/Cat,858.0
L1_S24_F860,categorical,1183747,1171721,12026,0.9898407345488521,1.0,24.0,Numeric/Cat,860.0
L1_S24_F861,categorical,1183747,1183735,12,0.9999898626987017,1.0,24.0,Numeric/Cat,861.0
L1_S24_F863,categorical,1183747,1183735,12,0.9999898626987017,1.0,24.0,Numeric/Cat,863.0
L1_S24_F865,categorical,1183747,1171721,12026,0.9898407345488521,1.0,24.0,Numeric/Cat,865.0
L1_S24_F866,categorical,1183747,1183735,12,0.9999898626987017,1.0,24.0,Numeric/Cat,866.0
L1_S24_F868,categorical,1183747,1183735,12,0.9999898626987017,1.0,24.0,Numeric/Cat,868.0
L1_S24_F870,categorical,1183747,1171721,12026,0.9898407345488521,1.0,24.0,Numeric/Cat,870.0
L1_S24_F871,categorical,1183747,1183735,12,0.9999898626987017,1.0,24.0,Numeric/Cat,871.0
L1_S24_F873,categorical,1183747,1183735,12,0.9999898626987017,1.0,24.0,Numeric/Cat,873.0
L1_S24_F875,categorical,1183747,1171721,12026,0.9898407345488521,1.0,24.0,Numeric/Cat,875.0
L1_S24_F876,categorical,1183747,1183735,12,0.9999898626987017,1.0,24.0,Numeric/Cat,876.0
L1_S24_F878,categorical,1183747,1183735,12,0.9999898626987017,1.0,24.0,Numeric/Cat,878.0
L1_S24_F880,categorical,1183747,1171721,12026,0.9898407345488521,1.0,24.0,Numeric/Cat,880.0
L1_S24_F881,categorical,1183747,1183735,12,0.9999898626987017,1.0,24.0,Numeric/Cat,881.0
L1_S24_F883,categorical,1183747,1183735,12,0.9999898626987017,1.0,24.0,Numeric/Cat,883.0
L1_S24_F885,categorical,1183747,1171721,12026,0.9898407345488521,1.0,24.0,Numeric/Cat,885.0
L1_S24_F886,categorical,1183747,1183735,12,0.9999898626987017,1.0,24.0,Numeric/Cat,886.0
L1_S24_F888,categorical,1183747,1183735,12,0.9999898626987017,1.0,24.0,Numeric/Cat,888.0
L1_S24_F890,categorical,1183747,1171721,12026,0.9898407345488521,1.0,24.0,Numeric/Cat,890.0
L1_S24_F891,categorical,1183747,1183735,12,0.9999898626987017,1.0,24.0,Numeric/Cat,891.0
L1_S24_F893,categorical,1183747,1183735,12,0.9999898626987017,1.0,24.0,Numeric/Cat,893.0
L1_S24_F895,categorical,1183747,1171721,12026,0.9898407345488521,1.0,24.0,Numeric/Cat,895.0
L1_S24_F896,categorical,1183747,1183735,12,0.9999898626987017,1.0,24.0,Numeric/Cat,896.0
L1_S24_F898,categorical,1183747,1183735,12,0.9999898626987017,1.0,24.0,Numeric/Cat,898.0
L1_S24_F900,categorical,1183747,1171721,12026,0.9898407345488521,1.0,24.0,Numeric/Cat,900.0
L1_S24_F901,categorical,1183747,1183735,12,0.9999898626987017,1.0,24.0,Numeric/Cat,901.0
L1_S24_F903,categorical,1183747,1183735,12,0.9999898626987017,1.0,24.0,Numeric/Cat,903.0
L1_S24_F905,categorical,1183747,1171721,12026,0.9898407345488521,1.0,24.0,Numeric/Cat,905.0
L1_S24_F906,categorical,1183747,1183735,12,0.9999898626987017,1.0,24.0,Numeric/Cat,906.0
L1_S24_F908,categorical,1183747,1183738,9,0.9999923970240262,1.0,24.0,Numeric/Cat,908.0
L1_S24_F910,categorical,1183747,1171913,11834,0.9900029313696255,1.0,24.0,Numeric/Cat,910.0
L1_S24_F911,categorical,1183747,1183738,9,0.9999923970240262,1.0,24.0,Numeric/Cat,911.0
L1_S24_F912,categorical,1183747,1183738,9,0.9999923970240262,1.0,24.0,Numeric/Cat,912.0
L1_S24_F914,categorical,1183747,1171913,11834,0.9900029313696255,1.0,24.0,Numeric/Cat,914.0
L1_S24_F915,categorical,1183747,1183738,9,0.9999923970240262,1.0,24.0,Numeric/Cat,915.0
L1_S24_F916,categorical,1183747,1183738,9,0.9999923970240262,1.0,24.0,Numeric/Cat,916.0
L1_S24_F918,categorical,1183747,1171913,11834,0.9900029313696255,1.0,24.0,Numeric/Cat,918.0
L1_S24_F919,categorical,1183747,1183738,9,0.9999923970240262,1.0,24.0,Numeric/Cat,919.0
L1_S24_F921,categorical,1183747,1183738,9,0.9999923970240262,1.0,24.0,Numeric/Cat,921.0
L1_S24_F923,categorical,1183747,1171913,11834,0.9900029313696255,1.0,24.0,Numeric/Cat,923.0
L1_S24_F924,categorical,1183747,1183738,9,0.9999923970240262,1.0,24.0,Numeric/Cat,924.0
L1_S24_F926,categorical,1183747,1183738,9,0.9999923970240262,1.0,24.0,Numeric/Cat,926.0
L1_S24_F928,categorical,1183747,1171913,11834,0.9900029313696255,1.0,24.0,Numeric/Cat,928.0
L1_S24_F929,categorical,1183747,1183738,9,0.9999923970240262,1.0,24.0,Numeric/Cat,929.0
L1_S24_F931,categorical,1183747,1183738,9,0.9999923970240262,1.0,24.0,Numeric/Cat,931.0
L1_S24_F933,categorical,1183747,1171913,11834,0.9900029313696255,1.0,24.0,Numeric/Cat,933.0
L1_S24_F934,categorical,1183747,1183738,9,0.9999923970240262,1.0,24.0,Numeric/Cat,934.0
L1_S24_F936,categorical,1183747,1183738,9,0.9999923970240262,1.0,24.0,Numeric/Cat,936.0
L1_S24_F938,categorical,1183747,1171913,11834,0.9900029313696255,1.0,24.0,Numeric/Cat,938.0
L1_S24_F939,categorical,1183747,1183738,9,0.9999923970240262,1.0,24.0,Numeric/Cat,939.0
L1_S24_F940,categorical,1183747,1183738,9,0.9999923970240262,1.0,24.0,Numeric/Cat,940.0
L1_S24_F942,categorical,1183747,1171913,11834,0.9900029313696255,1.0,24.0,Numeric/Cat,942.0
L1_S24_F943,categorical,1183747,1183738,9,0.9999923970240262,1.0,24.0,Numeric/Cat,943.0
L1_S24_F944,categorical,1183747,1183738,9,0.9999923970240262,1.0,24.0,Numeric/Cat,944.0
L1_S24_F946,categorical,1183747,1171913,11834,0.9900029313696255,1.0,24.0,Numeric/Cat,946.0
L1_S24_F947,categorical,1183747,1183738,9,0.9999923970240262,1.0,24.0,Numeric/Cat,947.0
L1_S24_F949,categorical,1183747,1183738,9,0.9999923970240262,1.0,24.0,Numeric/Cat,949.0
L1_S24_F951,categorical,1183747,1171913,11834,0.9900029313696255,1.0,24.0,Numeric/Cat,951.0
L1_S24_F952,categorical,1183747,1183738,9,0.9999923970240262,1.0,24.0,Numeric/Cat,952.0
L1_S24_F954,categorical,1183747,1183738,9,0.9999923970240262,1.0,24.0,Numeric/Cat,954.0
L1_S24_F956,categorical,1183747,1171913,11834,0.9900029313696255,1.0,24.0,Numeric/Cat,956.0
L1_S24_F957,categorical,1183747,1183738,9,0.9999923970240262,1.0,24.0,Numeric/Cat,957.0
L1_S24_F959,categorical,1183747,1183738,9,0.9999923970240262,1.0,24.0,Numeric/Cat,959.0
L1_S24_F961,categorical,1183747,1171913,11834,0.9900029313696255,1.0,24.0,Numeric/Cat,961.0
L1_S24_F962,categorical,1183747,1183738,9,0.9999923970240262,1.0,24.0,Numeric/Cat,962.0
L1_S24_F964,categorical,1183747,1183738,9,0.9999923970240262,1.0,24.0,Numeric/Cat,964.0
L1_S24_F966,categorical,1183747,1171913,11834,0.9900029313696255,1.0,24.0,Numeric/Cat,966.0
L1_S24_F967,categorical,1183747,1183738,9,0.9999923970240262,1.0,24.0,Numeric/Cat,967.0
L1_S24_F969,categorical,1183747,1183738,9,0.9999923970240262,1.0,24.0,Numeric/Cat,969.0
L1_S24_F971,categorical,1183747,1171913,11834,0.9900029313696255,1.0,24.0,Numeric/Cat,971.0
L1_S24_F972,categorical,1183747,1183738,9,0.9999923970240262,1.0,24.0,Numeric/Cat,972.0
L1_S24_F974,categorical,1183747,1183738,9,0.9999923970240262,1.0,24.0,Numeric/Cat,974.0
L1_S24_F976,categorical,1183747,1171913,11834,0.9900029313696255,1.0,24.0,Numeric/Cat,976.0
L1_S24_F977,categorical,1183747,1183738,9,0.9999923970240262,1.0,24.0,Numeric/Cat,977.0
L1_S24_F979,categorical,1183747,1183738,9,0.9999923970240262,1.0,24.0,Numeric/Cat,979.0
L1_S24_F981,categorical,1183747,1171913,11834,0.9900029313696255,1.0,24.0,Numeric/Cat,981.0
L1_S24_F982,categorical,1183747,1183738,9,0.9999923970240262,1.0,24.0,Numeric/Cat,982.0
L1_S24_F984,categorical,1183747,1183738,9,0.9999923970240262,1.0,24.0,Numeric/Cat,984.0
L1_S24_F986,categorical,1183747,1171913,11834,0.9900029313696255,1.0,24.0,Numeric/Cat,986.0
L1_S24_F987,categorical,1183747,1183738,9,0.9999923970240262,1.0,24.0,Numeric/Cat,987.0
L1_S24_F989,categorical,1183747,1183738,9,0.9999923970240262,1.0,24.0,Numeric/Cat,989.0
L1_S24_F991,categorical,1183747,1171913,11834,0.9900029313696255,1.0,24.0,Numeric/Cat,991.0
L1_S24_F992,categorical,1183747,1183738,9,0.9999923970240262,1.0,24.0,Numeric/Cat,992.0
L1_S24_F994,categorical,1183747,1183738,9,0.9999923970240262,1.0,24.0,Numeric/Cat,994.0
L1_S24_F996,categorical,1183747,1171913,11834,0.9900029313696255,1.0,24.0,Numeric/Cat,996.0
L1_S24_F997,categorical,1183747,1183738,9,0.9999923970240262,1.0,24.0,Numeric/Cat,997.0
L1_S24_F1017,categorical,1183747,1183745,2,0.9999983104497836,1.0,24.0,Numeric/Cat,1017.0
L1_S24_F1019,categorical,1183747,1183745,2,0.9999983104497836,1.0,24.0,Numeric/Cat,1019.0
L1_S24_F1020,categorical,1183747,1183745,2,0.9999983104497836,1.0,24.0,Numeric/Cat,1020.0
L1_S24_F1022,categorical,1183747,1183745,2,0.9999983104497836,1.0,24.0,Numeric/Cat,1022.0
L1_S24_F1024,categorical,1183747,1183745,2,0.9999983104497836,1.0,24.0,Numeric/Cat,1024.0
L1_S24_F1025,categorical,1183747,1183745,2,0.9999983104497836,1.0,24.0,Numeric/Cat,1025.0
L1_S24_F1027,categorical,1183747,1183745,2,0.9999983104497836,1.0,24.0,Numeric/Cat,1027.0
L1_S24_F1029,categorical,1183747,1183745,2,0.9999983104497836,1.0,24.0,Numeric/Cat,1029.0
L1_S24_F1030,categorical,1183747,1183745,2,0.9999983104497836,1.0,24.0,Numeric/Cat,1030.0
L1_S24_F1032,categorical,1183747,1183745,2,0.9999983104497836,1.0,24.0,Numeric/Cat,1032.0
L1_S24_F1034,categorical,1183747,1183745,2,0.9999983104497836,1.0,24.0,Numeric/Cat,1034.0
L1_S24_F1035,categorical,1183747,1183745,2,0.9999983104497836,1.0,24.0,Numeric/Cat,1035.0
L1_S24_F1037,categorical,1183747,1183745,2,0.9999983104497836,1.0,24.0,Numeric/Cat,1037.0
L1_S24_F1039,categorical,1183747,1183745,2,0.9999983104497836,1.0,24.0,Numeric/Cat,1039.0
L1_S24_F1040,categorical,1183747,1183745,2,0.9999983104497836,1.0,24.0,Numeric/Cat,1040.0
L1_S24_F1042,categorical,1183747,1183745,2,0.9999983104497836,1.0,24.0,Numeric/Cat,1042.0
L1_S24_F1044,categorical,1183747,1183745,2,0.9999983104497836,1.0,24.0,Numeric/Cat,1044.0
L1_S24_F1045,categorical,1183747,1183745,2,0.9999983104497836,1.0,24.0,Numeric/Cat,1045.0
L1_S24_F1047,categorical,1183747,1183745,2,0.9999983104497836,1.0,24.0,Numeric/Cat,1047.0
L1_S24_F1049,categorical,1183747,1183745,2,0.9999983104497836,1.0,24.0,Numeric/Cat,1049.0
L1_S24_F1050,categorical,1183747,1183745,2,0.9999983104497836,1.0,24.0,Numeric/Cat,1050.0
L1_S24_F1052,categorical,1183747,1183745,2,0.9999983104497836,1.0,24.0,Numeric/Cat,1052.0
L1_S24_F1054,categorical,1183747,1183745,2,0.9999983104497836,1.0,24.0,Numeric/Cat,1054.0
L1_S24_F1055,categorical,1183747,1183745,2,0.9999983104497836,1.0,24.0,Numeric/Cat,1055.0
L1_S24_F1057,categorical,1183747,1183745,2,0.9999983104497836,1.0,24.0,Numeric/Cat,1057.0
L1_S24_F1059,categorical,1183747,1183745,2,0.9999983104497836,1.0,24.0,Numeric/Cat,1059.0
L1_S24_F1060,categorical,1183747,1183745,2,0.9999983104497836,1.0,24.0,Numeric/Cat,1060.0
L1_S24_F1061,categorical,1183747,1183714,33,0.9999721224214296,1.0,24.0,Numeric/Cat,1061.0
L1_S24_F1063,categorical,1183747,1183714,33,0.9999721224214296,1.0,24.0,Numeric/Cat,1063.0
L1_S24_F1064,categorical,1183747,1159920,23827,0.979871543497048,1.0,24.0,Numeric/Cat,1064.0
L1_S24_F1065,categorical,1183747,1183714,33,0.9999721224214296,1.0,24.0,Numeric/Cat,1065.0
L1_S24_F1067,categorical,1183747,1183714,33,0.9999721224214296,1.0,24.0,Numeric/Cat,1067.0
L1_S24_F1069,categorical,1183747,1183714,33,0.9999721224214296,1.0,24.0,Numeric/Cat,1069.0
L1_S24_F1071,categorical,1183747,1183714,33,0.9999721224214296,1.0,24.0,Numeric/Cat,1071.0
L1_S24_F1073,categorical,1183747,1183714,33,0.9999721224214296,1.0,24.0,Numeric/Cat,1073.0
L1_S24_F1075,categorical,1183747,1183714,33,0.9999721224214296,1.0,24.0,Numeric/Cat,1075.0
L1_S24_F1076,categorical,1183747,1183714,33,0.9999721224214296,1.0,24.0,Numeric/Cat,1076.0
L1_S24_F1078,categorical,1183747,1183714,33,0.9999721224214296,1.0,24.0,Numeric/Cat,1078.0
L1_S24_F1080,categorical,1183747,1183714,33,0.9999721224214296,1.0,24.0,Numeric/Cat,1080.0
L1_S24_F1082,categorical,1183747,1183714,33,0.9999721224214296,1.0,24.0,Numeric/Cat,1082.0
L1_S24_F1084,categorical,1183747,1183714,33,0.9999721224214296,1.0,24.0,Numeric/Cat,1084.0
L1_S24_F1086,categorical,1183747,1183714,33,0.9999721224214296,1.0,24.0,Numeric/Cat,1086.0
L1_S24_F1088,categorical,1183747,1183714,33,0.9999721224214296,1.0,24.0,Numeric/Cat,1088.0
L1_S24_F1090,categorical,1183747,1183714,33,0.9999721224214296,1.0,24.0,Numeric/Cat,1090.0
L1_S24_F1091,categorical,1183747,1183714,33,0.9999721224214296,1.0,24.0,Numeric/Cat,1091.0
L1_S24_F1093,categorical,1183747,1183714,33,0.9999721224214296,1.0,24.0,Numeric/Cat,1093.0
L1_S24_F1095,categorical,1183747,1183714,33,0.9999721224214296,1.0,24.0,Numeric/Cat,1095.0
L1_S24_F1097,categorical,1183747,1183714,33,0.9999721224214296,1.0,24.0,Numeric/Cat,1097.0
L1_S24_F1099,categorical,1183747,1183714,33,0.9999721224214296,1.0,24.0,Numeric/Cat,1099.0
L1_S24_F1101,categorical,1183747,1183714,33,0.9999721224214296,1.0,24.0,Numeric/Cat,1101.0
L1_S24_F1103,categorical,1183747,1183714,33,0.9999721224214296,1.0,24.0,Numeric/Cat,1103.0
L1_S24_F1105,categorical,1183747,1183714,33,0.9999721224214296,1.0,24.0,Numeric/Cat,1105.0
L1_S24_F1107,categorical,1183747,1183714,33,0.9999721224214296,1.0,24.0,Numeric/Cat,1107.0
L1_S24_F1109,categorical,1183747,1183714,33,0.9999721224214296,1.0,24.0,Numeric/Cat,1109.0
L1_S24_F1111,categorical,1183747,1183714,33,0.9999721224214296,1.0,24.0,Numeric/Cat,1111.0
L1_S24_F1113,categorical,1183747,1183714,33,0.9999721224214296,1.0,24.0,Numeric/Cat,1113.0
L1_S24_F1114,categorical,1183747,1156545,27202,0.9770204275068912,1.0,24.0,Numeric/Cat,1114.0
L1_S24_F1115,categorical,1183747,1183746,1,0.9999991552248918,1.0,24.0,Numeric/Cat,1115.0
L1_S24_F1117,categorical,1183747,1183746,1,0.9999991552248918,1.0,24.0,Numeric/Cat,1117.0
L1_S24_F1119,categorical,1183747,1183746,1,0.9999991552248918,1.0,24.0,Numeric/Cat,1119.0
L1_S24_F1121,categorical,1183747,1183746,1,0.9999991552248918,1.0,24.0,Numeric/Cat,1121.0
L1_S24_F1123,categorical,1183747,1183746,1,0.9999991552248918,1.0,24.0,Numeric/Cat,1123.0
L1_S24_F1125,categorical,1183747,1183746,1,0.9999991552248918,1.0,24.0,Numeric/Cat,1125.0
L1_S24_F1127,categorical,1183747,1183746,1,0.9999991552248918,1.0,24.0,Numeric/Cat,1127.0
L1_S24_F1129,categorical,1183747,1183746,1,0.9999991552248918,1.0,24.0,Numeric/Cat,1129.0
L1_S24_F1131,categorical,1183747,1183746,1,0.9999991552248918,1.0,24.0,Numeric/Cat,1131.0
L1_S24_F1133,categorical,1183747,1183746,1,0.9999991552248918,1.0,24.0,Numeric/Cat,1133.0
L1_S24_F1136,categorical,1183747,1156570,27177,0.9770415468845961,1.0,24.0,Numeric/Cat,1136.0
L1_S24_F1137,categorical,1183747,1156570,27177,0.9770415468845961,1.0,24.0,Numeric/Cat,1137.0
L1_S24_F1139,categorical,1183747,1156570,27177,0.9770415468845961,1.0,24.0,Numeric/Cat,1139.0
L1_S24_F1140,categorical,1183747,1156570,27177,0.9770415468845961,1.0,24.0,Numeric/Cat,1140.0
L1_S24_F1142,categorical,1183747,1156570,27177,0.9770415468845961,1.0,24.0,Numeric/Cat,1142.0
L1_S24_F1144,categorical,1183747,1156570,27177,0.9770415468845961,1.0,24.0,Numeric/Cat,1144.0
L1_S24_F1147,categorical,1183747,1156570,27177,0.9770415468845961,1.0,24.0,Numeric/Cat,1147.0
L1_S24_F1150,categorical,1183747,1156570,27177,0.9770415468845961,1.0,24.0,Numeric/Cat,1150.0
L1_S24_F1152,categorical,1183747,1156570,27177,0.9770415468845961,1.0,24.0,Numeric/Cat,1152.0
L1_S24_F1154,categorical,1183747,1156570,27177,0.9770415468845961,1.0,24.0,Numeric/Cat,1154.0
L1_S24_F1156,categorical,1183747,1156935,26812,0.9773498897990871,1.0,24.0,Numeric/Cat,1156.0
L1_S24_F1157,categorical,1183747,1183747,0,1.0,1.0,24.0,Numeric/Cat,1157.0
L1_S24_F1159,categorical,1183747,1183747,0,1.0,1.0,24.0,Numeric/Cat,1159.0
L1_S24_F1160,categorical,1183747,1183747,0,1.0,1.0,24.0,Numeric/Cat,1160.0
L1_S24_F1162,categorical,1183747,1183743,4,0.9999966208995672,1.0,24.0,Numeric/Cat,1162.0
L1_S24_F1164,categorical,1183747,1183743,4,0.9999966208995672,1.0,24.0,Numeric/Cat,1164.0
L1_S24_F1165,categorical,1183747,1183743,4,0.9999966208995672,1.0,24.0,Numeric/Cat,1165.0
L1_S24_F1167,categorical,1183747,1183747,0,1.0,1.0,24.0,Numeric/Cat,1167.0
L1_S24_F1169,categorical,1183747,1183747,0,1.0,1.0,24.0,Numeric/Cat,1169.0
L1_S24_F1177,categorical,1183747,1183747,0,1.0,1.0,24.0,Numeric/Cat,1177.0
L1_S24_F1179,categorical,1183747,1183747,0,1.0,1.0,24.0,Numeric/Cat,1179.0
L1_S24_F1181,categorical,1183747,1183747,0,1.0,1.0,24.0,Numeric/Cat,1181.0
L1_S24_F1183,categorical,1183747,1183747,0,1.0,1.0,24.0,Numeric/Cat,1183.0
L1_S24_F1185,categorical,1183747,1183722,25,0.9999788806222951,1.0,24.0,Numeric/Cat,1185.0
L1_S24_F1187,categorical,1183747,1170106,13641,0.9884764227491178,1.0,24.0,Numeric/Cat,1187.0
L1_S24_F1188,categorical,1183747,1183722,25,0.9999788806222951,1.0,24.0,Numeric/Cat,1188.0
L1_S24_F1189,categorical,1183747,1183722,25,0.9999788806222951,1.0,24.0,Numeric/Cat,1189.0
L1_S24_F1191,categorical,1183747,1170106,13641,0.9884764227491178,1.0,24.0,Numeric/Cat,1191.0
L1_S24_F1192,categorical,1183747,1183722,25,0.9999788806222951,1.0,24.0,Numeric/Cat,1192.0
L1_S24_F1193,categorical,1183747,1183722,25,0.9999788806222951,1.0,24.0,Numeric/Cat,1193.0
L1_S24_F1195,categorical,1183747,1170106,13641,0.9884764227491178,1.0,24.0,Numeric/Cat,1195.0
L1_S24_F1196,categorical,1183747,1183722,25,0.9999788806222951,1.0,24.0,Numeric/Cat,1196.0
L1_S24_F1198,categorical,1183747,1183722,25,0.9999788806222951,1.0,24.0,Numeric/Cat,1198.0
L1_S24_F1200,categorical,1183747,1170106,13641,0.9884764227491178,1.0,24.0,Numeric/Cat,1200.0
L1_S24_F1201,categorical,1183747,1183722,25,0.9999788806222951,1.0,24.0,Numeric/Cat,1201.0
L1_S24_F1203,categorical,1183747,1183722,25,0.9999788806222951,1.0,24.0,Numeric/Cat,1203.0
L1_S24_F1205,categorical,1183747,1170106,13641,0.9884764227491178,1.0,24.0,Numeric/Cat,1205.0
L1_S24_F1206,categorical,1183747,1183722,25,0.9999788806222951,1.0,24.0,Numeric/Cat,1206.0
L1_S24_F1208,categorical,1183747,1183722,25,0.9999788806222951,1.0,24.0,Numeric/Cat,1208.0
L1_S24_F1210,categorical,1183747,1170106,13641,0.9884764227491178,1.0,24.0,Numeric/Cat,1210.0
L1_S24_F1211,categorical,1183747,1183722,25,0.9999788806222951,1.0,24.0,Numeric/Cat,1211.0
L1_S24_F1213,categorical,1183747,1183722,25,0.9999788806222951,1.0,24.0,Numeric/Cat,1213.0
L1_S24_F1215,categorical,1183747,1170106,13641,0.9884764227491178,1.0,24.0,Numeric/Cat,1215.0
L1_S24_F1216,categorical,1183747,1183722,25,0.9999788806222951,1.0,24.0,Numeric/Cat,1216.0
L1_S24_F1217,categorical,1183747,1183722,25,0.9999788806222951,1.0,24.0,Numeric/Cat,1217.0
L1_S24_F1219,categorical,1183747,1170106,13641,0.9884764227491178,1.0,24.0,Numeric/Cat,1219.0
L1_S24_F1220,categorical,1183747,1183722,25,0.9999788806222951,1.0,24.0,Numeric/Cat,1220.0
L1_S24_F1221,categorical,1183747,1183722,25,0.9999788806222951,1.0,24.0,Numeric/Cat,1221.0
L1_S24_F1223,categorical,1183747,1170106,13641,0.9884764227491178,1.0,24.0,Numeric/Cat,1223.0
L1_S24_F1224,categorical,1183747,1183722,25,0.9999788806222951,1.0,24.0,Numeric/Cat,1224.0
L1_S24_F1226,categorical,1183747,1183722,25,0.9999788806222951,1.0,24.0,Numeric/Cat,1226.0
L1_S24_F1228,categorical,1183747,1170106,13641,0.9884764227491178,1.0,24.0,Numeric/Cat,1228.0
L1_S24_F1229,categorical,1183747,1183722,25,0.9999788806222951,1.0,24.0,Numeric/Cat,1229.0
L1_S24_F1231,categorical,1183747,1183722,25,0.9999788806222951,1.0,24.0,Numeric/Cat,1231.0
L1_S24_F1233,categorical,1183747,1170106,13641,0.9884764227491178,1.0,24.0,Numeric/Cat,1233.0
L1_S24_F1234,categorical,1183747,1183722,25,0.9999788806222951,1.0,24.0,Numeric/Cat,1234.0
L1_S24_F1236,categorical,1183747,1183722,25,0.9999788806222951,1.0,24.0,Numeric/Cat,1236.0
L1_S24_F1238,categorical,1183747,1170106,13641,0.9884764227491178,1.0,24.0,Numeric/Cat,1238.0
L1_S24_F1239,categorical,1183747,1183722,25,0.9999788806222951,1.0,24.0,Numeric/Cat,1239.0
L1_S24_F1241,categorical,1183747,1183722,25,0.9999788806222951,1.0,24.0,Numeric/Cat,1241.0
L1_S24_F1243,categorical,1183747,1170106,13641,0.9884764227491178,1.0,24.0,Numeric/Cat,1243.0
L1_S24_F1244,categorical,1183747,1183722,25,0.9999788806222951,1.0,24.0,Numeric/Cat,1244.0
L1_S24_F1246,categorical,1183747,1183722,25,0.9999788806222951,1.0,24.0,Numeric/Cat,1246.0
L1_S24_F1248,categorical,1183747,1170106,13641,0.9884764227491178,1.0,24.0,Numeric/Cat,1248.0
L1_S24_F1249,categorical,1183747,1183722,25,0.9999788806222951,1.0,24.0,Numeric/Cat,1249.0
L1_S24_F1251,categorical,1183747,1183722,25,0.9999788806222951,1.0,24.0,Numeric/Cat,1251.0
L1_S24_F1253,categorical,1183747,1170106,13641,0.9884764227491178,1.0,24.0,Numeric/Cat,1253.0
L1_S24_F1254,categorical,1183747,1183722,25,0.9999788806222951,1.0,24.0,Numeric/Cat,1254.0
L1_S24_F1256,categorical,1183747,1183722,25,0.9999788806222951,1.0,24.0,Numeric/Cat,1256.0
L1_S24_F1258,categorical,1183747,1170106,13641,0.9884764227491178,1.0,24.0,Numeric/Cat,1258.0
L1_S24_F1259,categorical,1183747,1183722,25,0.9999788806222951,1.0,24.0,Numeric/Cat,1259.0
L1_S24_F1261,categorical,1183747,1183722,25,0.9999788806222951,1.0,24.0,Numeric/Cat,1261.0
L1_S24_F1263,categorical,1183747,1170106,13641,0.9884764227491178,1.0,24.0,Numeric/Cat,1263.0
L1_S24_F1264,categorical,1183747,1183722,25,0.9999788806222951,1.0,24.0,Numeric/Cat,1264.0
L1_S24_F1266,categorical,1183747,1183722,25,0.9999788806222951,1.0,24.0,Numeric/Cat,1266.0
L1_S24_F1268,categorical,1183747,1170106,13641,0.9884764227491178,1.0,24.0,Numeric/Cat,1268.0
L1_S24_F1269,categorical,1183747,1183722,25,0.9999788806222951,1.0,24.0,Numeric/Cat,1269.0
L1_S24_F1271,categorical,1183747,1183722,25,0.9999788806222951,1.0,24.0,Numeric/Cat,1271.0
L1_S24_F1273,categorical,1183747,1170106,13641,0.9884764227491178,1.0,24.0,Numeric/Cat,1273.0
L1_S24_F1274,categorical,1183747,1183722,25,0.9999788806222951,1.0,24.0,Numeric/Cat,1274.0
L1_S24_F1276,categorical,1183747,1183725,22,0.9999814149476197,1.0,24.0,Numeric/Cat,1276.0
L1_S24_F1278,categorical,1183747,1170184,13563,0.988542315207557,1.0,24.0,Numeric/Cat,1278.0
L1_S24_F1279,categorical,1183747,1183725,22,0.9999814149476197,1.0,24.0,Numeric/Cat,1279.0
L1_S24_F1280,categorical,1183747,1183725,22,0.9999814149476197,1.0,24.0,Numeric/Cat,1280.0
L1_S24_F1282,categorical,1183747,1170184,13563,0.988542315207557,1.0,24.0,Numeric/Cat,1282.0
L1_S24_F1283,categorical,1183747,1183725,22,0.9999814149476197,1.0,24.0,Numeric/Cat,1283.0
L1_S24_F1284,categorical,1183747,1183725,22,0.9999814149476197,1.0,24.0,Numeric/Cat,1284.0
L1_S24_F1286,categorical,1183747,1170184,13563,0.988542315207557,1.0,24.0,Numeric/Cat,1286.0
L1_S24_F1287,categorical,1183747,1183725,22,0.9999814149476197,1.0,24.0,Numeric/Cat,1287.0
L1_S24_F1289,categorical,1183747,1183725,22,0.9999814149476197,1.0,24.0,Numeric/Cat,1289.0
L1_S24_F1291,categorical,1183747,1170184,13563,0.988542315207557,1.0,24.0,Numeric/Cat,1291.0
L1_S24_F1292,categorical,1183747,1183725,22,0.9999814149476197,1.0,24.0,Numeric/Cat,1292.0
L1_S24_F1294,categorical,1183747,1183725,22,0.9999814149476197,1.0,24.0,Numeric/Cat,1294.0
L1_S24_F1296,categorical,1183747,1170184,13563,0.988542315207557,1.0,24.0,Numeric/Cat,1296.0
L1_S24_F1297,categorical,1183747,1183725,22,0.9999814149476197,1.0,24.0,Numeric/Cat,1297.0
L1_S24_F1299,categorical,1183747,1183725,22,0.9999814149476197,1.0,24.0,Numeric/Cat,1299.0
L1_S24_F1301,categorical,1183747,1170184,13563,0.988542315207557,1.0,24.0,Numeric/Cat,1301.0
L1_S24_F1302,categorical,1183747,1183725,22,0.9999814149476197,1.0,24.0,Numeric/Cat,1302.0
L1_S24_F1304,categorical,1183747,1183725,22,0.9999814149476197,1.0,24.0,Numeric/Cat,1304.0
L1_S24_F1306,categorical,1183747,1170184,13563,0.988542315207557,1.0,24.0,Numeric/Cat,1306.0
L1_S24_F1307,categorical,1183747,1183725,22,0.9999814149476197,1.0,24.0,Numeric/Cat,1307.0
L1_S24_F1308,categorical,1183747,1183725,22,0.9999814149476197,1.0,24.0,Numeric/Cat,1308.0
L1_S24_F1310,categorical,1183747,1170184,13563,0.988542315207557,1.0,24.0,Numeric/Cat,1310.0
L1_S24_F1311,categorical,1183747,1183725,22,0.9999814149476197,1.0,24.0,Numeric/Cat,1311.0
L1_S24_F1312,categorical,1183747,1183725,22,0.9999814149476197,1.0,24.0,Numeric/Cat,1312.0
L1_S24_F1314,categorical,1183747,1170184,13563,0.988542315207557,1.0,24.0,Numeric/Cat,1314.0
L1_S24_F1315,categorical,1183747,1183725,22,0.9999814149476197,1.0,24.0,Numeric/Cat,1315.0
L1_S24_F1317,categorical,1183747,1183725,22,0.9999814149476197,1.0,24.0,Numeric/Cat,1317.0
L1_S24_F1319,categorical,1183747,1170184,13563,0.988542315207557,1.0,24.0,Numeric/Cat,1319.0
L1_S24_F1320,categorical,1183747,1183725,22,0.9999814149476197,1.0,24.0,Numeric/Cat,1320.0
L1_S24_F1322,categorical,1183747,1183725,22,0.9999814149476197,1.0,24.0,Numeric/Cat,1322.0
L1_S24_F1324,categorical,1183747,1170184,13563,0.988542315207557,1.0,24.0,Numeric/Cat,1324.0
L1_S24_F1325,categorical,1183747,1183725,22,0.9999814149476197,1.0,24.0,Numeric/Cat,1325.0
L1_S24_F1327,categorical,1183747,1183725,22,0.9999814149476197,1.0,24.0,Numeric/Cat,1327.0
L1_S24_F1329,categorical,1183747,1170184,13563,0.988542315207557,1.0,24.0,Numeric/Cat,1329.0
L1_S24_F1330,categorical,1183747,1183725,22,0.9999814149476197,1.0,24.0,Numeric/Cat,1330.0
L1_S24_F1332,categorical,1183747,1183725,22,0.9999814149476197,1.0,24.0,Numeric/Cat,1332.0
L1_S24_F1334,categorical,1183747,1170184,13563,0.988542315207557,1.0,24.0,Numeric/Cat,1334.0
L1_S24_F1335,categorical,1183747,1183725,22,0.9999814149476197,1.0,24.0,Numeric/Cat,1335.0
L1_S24_F1337,categorical,1183747,1183725,22,0.9999814149476197,1.0,24.0,Numeric/Cat,1337.0
L1_S24_F1339,categorical,1183747,1170184,13563,0.988542315207557,1.0,24.0,Numeric/Cat,1339.0
L1_S24_F1340,categorical,1183747,1183725,22,0.9999814149476197,1.0,24.0,Numeric/Cat,1340.0
L1_S24_F1342,categorical,1183747,1183725,22,0.9999814149476197,1.0,24.0,Numeric/Cat,1342.0
L1_S24_F1344,categorical,1183747,1170184,13563,0.988542315207557,1.0,24.0,Numeric/Cat,1344.0
L1_S24_F1345,categorical,1183747,1183725,22,0.9999814149476197,1.0,24.0,Numeric/Cat,1345.0
L1_S24_F1347,categorical,1183747,1183725,22,0.9999814149476197,1.0,24.0,Numeric/Cat,1347.0
L1_S24_F1349,categorical,1183747,1170184,13563,0.988542315207557,1.0,24.0,Numeric/Cat,1349.0
L1_S24_F1350,categorical,1183747,1183725,22,0.9999814149476197,1.0,24.0,Numeric/Cat,1350.0
L1_S24_F1352,categorical,1183747,1183725,22,0.9999814149476197,1.0,24.0,Numeric/Cat,1352.0
L1_S24_F1354,categorical,1183747,1170184,13563,0.988542315207557,1.0,24.0,Numeric/Cat,1354.0
L1_S24_F1355,categorical,1183747,1183725,22,0.9999814149476197,1.0,24.0,Numeric/Cat,1355.0
L1_S24_F1357,categorical,1183747,1183725,22,0.9999814149476197,1.0,24.0,Numeric/Cat,1357.0
L1_S24_F1359,categorical,1183747,1170184,13563,0.988542315207557,1.0,24.0,Numeric/Cat,1359.0
L1_S24_F1360,categorical,1183747,1183725,22,0.9999814149476197,1.0,24.0,Numeric/Cat,1360.0
L1_S24_F1362,categorical,1183747,1183725,22,0.9999814149476197,1.0,24.0,Numeric/Cat,1362.0
L1_S24_F1364,categorical,1183747,1170184,13563,0.988542315207557,1.0,24.0,Numeric/Cat,1364.0
L1_S24_F1365,categorical,1183747,1183725,22,0.9999814149476197,1.0,24.0,Numeric/Cat,1365.0
L1_S24_F1367,categorical,1183747,1183746,1,0.9999991552248918,1.0,24.0,Numeric/Cat,1367.0
L1_S24_F1369,categorical,1183747,1183746,1,0.9999991552248918,1.0,24.0,Numeric/Cat,1369.0
L1_S24_F1370,categorical,1183747,1183746,1,0.9999991552248918,1.0,24.0,Numeric/Cat,1370.0
L1_S24_F1372,categorical,1183747,1183746,1,0.9999991552248918,1.0,24.0,Numeric/Cat,1372.0
L1_S24_F1374,categorical,1183747,1183746,1,0.9999991552248918,1.0,24.0,Numeric/Cat,1374.0
L1_S24_F1375,categorical,1183747,1183746,1,0.9999991552248918,1.0,24.0,Numeric/Cat,1375.0
L1_S24_F1377,categorical,1183747,1183746,1,0.9999991552248918,1.0,24.0,Numeric/Cat,1377.0
L1_S24_F1379,categorical,1183747,1183746,1,0.9999991552248918,1.0,24.0,Numeric/Cat,1379.0
L1_S24_F1380,categorical,1183747,1183746,1,0.9999991552248918,1.0,24.0,Numeric/Cat,1380.0
L1_S24_F1382,categorical,1183747,1183746,1,0.9999991552248918,1.0,24.0,Numeric/Cat,1382.0
L1_S24_F1384,categorical,1183747,1183746,1,0.9999991552248918,1.0,24.0,Numeric/Cat,1384.0
L1_S24_F1385,categorical,1183747,1183746,1,0.9999991552248918,1.0,24.0,Numeric/Cat,1385.0
L1_S24_F1387,categorical,1183747,1183746,1,0.9999991552248918,1.0,24.0,Numeric/Cat,1387.0
L1_S24_F1389,categorical,1183747,1183746,1,0.9999991552248918,1.0,24.0,Numeric/Cat,1389.0
L1_S24_F1390,categorical,1183747,1183746,1,0.9999991552248918,1.0,24.0,Numeric/Cat,1390.0
L1_S24_F1392,categorical,1183747,1183746,1,0.9999991552248918,1.0,24.0,Numeric/Cat,1392.0
L1_S24_F1394,categorical,1183747,1183746,1,0.9999991552248918,1.0,24.0,Numeric/Cat,1394.0
L1_S24_F1395,categorical,1183747,1183746,1,0.9999991552248918,1.0,24.0,Numeric/Cat,1395.0
L1_S24_F1397,categorical,1183747,1183746,1,0.9999991552248918,1.0,24.0,Numeric/Cat,1397.0
L1_S24_F1399,categorical,1183747,1183746,1,0.9999991552248918,1.0,24.0,Numeric/Cat,1399.0
L1_S24_F1400,categorical,1183747,1183746,1,0.9999991552248918,1.0,24.0,Numeric/Cat,1400.0
L1_S24_F1402,categorical,1183747,1183746,1,0.9999991552248918,1.0,24.0,Numeric/Cat,1402.0
L1_S24_F1404,categorical,1183747,1183746,1,0.9999991552248918,1.0,24.0,Numeric/Cat,1404.0
L1_S24_F1405,categorical,1183747,1183746,1,0.9999991552248918,1.0,24.0,Numeric/Cat,1405.0
L1_S24_F1407,categorical,1183747,1183746,1,0.9999991552248918,1.0,24.0,Numeric/Cat,1407.0
L1_S24_F1409,categorical,1183747,1183746,1,0.9999991552248918,1.0,24.0,Numeric/Cat,1409.0
L1_S24_F1410,categorical,1183747,1183746,1,0.9999991552248918,1.0,24.0,Numeric/Cat,1410.0
L1_S24_F1412,categorical,1183747,1183744,3,0.9999974656746754,1.0,24.0,Numeric/Cat,1412.0
L1_S24_F1414,categorical,1183747,1183745,2,0.9999983104497836,1.0,24.0,Numeric/Cat,1414.0
L1_S24_F1415,categorical,1183747,1183744,3,0.9999974656746754,1.0,24.0,Numeric/Cat,1415.0
L1_S24_F1417,categorical,1183747,1183744,3,0.9999974656746754,1.0,24.0,Numeric/Cat,1417.0
L1_S24_F1419,categorical,1183747,1183745,2,0.9999983104497836,1.0,24.0,Numeric/Cat,1419.0
L1_S24_F1420,categorical,1183747,1183744,3,0.9999974656746754,1.0,24.0,Numeric/Cat,1420.0
L1_S24_F1422,categorical,1183747,1183744,3,0.9999974656746754,1.0,24.0,Numeric/Cat,1422.0
L1_S24_F1424,categorical,1183747,1183745,2,0.9999983104497836,1.0,24.0,Numeric/Cat,1424.0
L1_S24_F1425,categorical,1183747,1183744,3,0.9999974656746754,1.0,24.0,Numeric/Cat,1425.0
L1_S24_F1427,categorical,1183747,1183744,3,0.9999974656746754,1.0,24.0,Numeric/Cat,1427.0
L1_S24_F1429,categorical,1183747,1183745,2,0.9999983104497836,1.0,24.0,Numeric/Cat,1429.0
L1_S24_F1430,categorical,1183747,1183744,3,0.9999974656746754,1.0,24.0,Numeric/Cat,1430.0
L1_S24_F1432,categorical,1183747,1183744,3,0.9999974656746754,1.0,24.0,Numeric/Cat,1432.0
L1_S24_F1434,categorical,1183747,1183745,2,0.9999983104497836,1.0,24.0,Numeric/Cat,1434.0
L1_S24_F1435,categorical,1183747,1183744,3,0.9999974656746754,1.0,24.0,Numeric/Cat,1435.0
L1_S24_F1437,categorical,1183747,1183744,3,0.9999974656746754,1.0,24.0,Numeric/Cat,1437.0
L1_S24_F1439,categorical,1183747,1183745,2,0.9999983104497836,1.0,24.0,Numeric/Cat,1439.0
L1_S24_F1440,categorical,1183747,1183744,3,0.9999974656746754,1.0,24.0,Numeric/Cat,1440.0
L1_S24_F1442,categorical,1183747,1183744,3,0.9999974656746754,1.0,24.0,Numeric/Cat,1442.0
L1_S24_F1444,categorical,1183747,1183745,2,0.9999983104497836,1.0,24.0,Numeric/Cat,1444.0
L1_S24_F1445,categorical,1183747,1183744,3,0.9999974656746754,1.0,24.0,Numeric/Cat,1445.0
L1_S24_F1447,categorical,1183747,1183744,3,0.9999974656746754,1.0,24.0,Numeric/Cat,1447.0
L1_S24_F1449,categorical,1183747,1183745,2,0.9999983104497836,1.0,24.0,Numeric/Cat,1449.0
L1_S24_F1450,categorical,1183747,1183744,3,0.9999974656746754,1.0,24.0,Numeric/Cat,1450.0
L1_S24_F1452,categorical,1183747,1183744,3,0.9999974656746754,1.0,24.0,Numeric/Cat,1452.0
L1_S24_F1454,categorical,1183747,1183745,2,0.9999983104497836,1.0,24.0,Numeric/Cat,1454.0
L1_S24_F1455,categorical,1183747,1183744,3,0.9999974656746754,1.0,24.0,Numeric/Cat,1455.0
L1_S24_F1456,categorical,1183747,1183719,28,0.9999763462969705,1.0,24.0,Numeric/Cat,1456.0
L1_S24_F1458,categorical,1183747,1183719,28,0.9999763462969705,1.0,24.0,Numeric/Cat,1458.0
L1_S24_F1459,categorical,1183747,1156595,27152,0.977062666262301,1.0,24.0,Numeric/Cat,1459.0
L1_S24_F1460,categorical,1183747,1183719,28,0.9999763462969705,1.0,24.0,Numeric/Cat,1460.0
L1_S24_F1462,categorical,1183747,1183719,28,0.9999763462969705,1.0,24.0,Numeric/Cat,1462.0
L1_S24_F1464,categorical,1183747,1183719,28,0.9999763462969705,1.0,24.0,Numeric/Cat,1464.0
L1_S24_F1466,categorical,1183747,1183719,28,0.9999763462969705,1.0,24.0,Numeric/Cat,1466.0
L1_S24_F1468,categorical,1183747,1183719,28,0.9999763462969705,1.0,24.0,Numeric/Cat,1468.0
L1_S24_F1470,categorical,1183747,1183719,28,0.9999763462969705,1.0,24.0,Numeric/Cat,1470.0
L1_S24_F1471,categorical,1183747,1183719,28,0.9999763462969705,1.0,24.0,Numeric/Cat,1471.0
L1_S24_F1473,categorical,1183747,1183719,28,0.9999763462969705,1.0,24.0,Numeric/Cat,1473.0
L1_S24_F1475,categorical,1183747,1183719,28,0.9999763462969705,1.0,24.0,Numeric/Cat,1475.0
L1_S24_F1477,categorical,1183747,1183719,28,0.9999763462969705,1.0,24.0,Numeric/Cat,1477.0
L1_S24_F1479,categorical,1183747,1183719,28,0.9999763462969705,1.0,24.0,Numeric/Cat,1479.0
L1_S24_F1481,categorical,1183747,1183719,28,0.9999763462969705,1.0,24.0,Numeric/Cat,1481.0
L1_S24_F1483,categorical,1183747,1183719,28,0.9999763462969705,1.0,24.0,Numeric/Cat,1483.0
L1_S24_F1485,categorical,1183747,1183719,28,0.9999763462969705,1.0,24.0,Numeric/Cat,1485.0
L1_S24_F1487,categorical,1183747,1183719,28,0.9999763462969705,1.0,24.0,Numeric/Cat,1487.0
L1_S24_F1489,categorical,1183747,1183719,28,0.9999763462969705,1.0,24.0,Numeric/Cat,1489.0
L1_S24_F1491,categorical,1183747,1183719,28,0.9999763462969705,1.0,24.0,Numeric/Cat,1491.0
L1_S24_F1493,categorical,1183747,1183719,28,0.9999763462969705,1.0,24.0,Numeric/Cat,1493.0
L1_S24_F1495,categorical,1183747,1183719,28,0.9999763462969705,1.0,24.0,Numeric/Cat,1495.0
L1_S24_F1497,categorical,1183747,1183719,28,0.9999763462969705,1.0,24.0,Numeric/Cat,1497.0
L1_S24_F1499,categorical,1183747,1183719,28,0.9999763462969705,1.0,24.0,Numeric/Cat,1499.0
L1_S24_F1501,categorical,1183747,1183719,28,0.9999763462969705,1.0,24.0,Numeric/Cat,1501.0
L1_S24_F1503,categorical,1183747,1183719,28,0.9999763462969705,1.0,24.0,Numeric/Cat,1503.0
L1_S24_F1505,categorical,1183747,1183719,28,0.9999763462969705,1.0,24.0,Numeric/Cat,1505.0
L1_S24_F1507,categorical,1183747,1183719,28,0.9999763462969705,1.0,24.0,Numeric/Cat,1507.0
L1_S24_F1509,categorical,1183747,1183719,28,0.9999763462969705,1.0,24.0,Numeric/Cat,1509.0
L1_S24_F1510,categorical,1183747,1050840,132907,0.887723474695184,1.0,24.0,Numeric/Cat,1510.0
L1_S24_F1521,categorical,1183747,1183741,6,0.9999949313493508,1.0,24.0,Numeric/Cat,1521.0
L1_S24_F1523,categorical,1183747,1051175,132572,0.8880064743564292,1.0,24.0,Numeric/Cat,1523.0
L1_S24_F1524,categorical,1183747,1183741,6,0.9999949313493508,1.0,24.0,Numeric/Cat,1524.0
L1_S24_F1525,categorical,1183747,1051175,132572,0.8880064743564292,1.0,24.0,Numeric/Cat,1525.0
L1_S24_F1526,categorical,1183747,1183741,6,0.9999949313493508,1.0,24.0,Numeric/Cat,1526.0
L1_S24_F1528,categorical,1183747,1051175,132572,0.8880064743564292,1.0,24.0,Numeric/Cat,1528.0
L1_S24_F1529,categorical,1183747,1183741,6,0.9999949313493508,1.0,24.0,Numeric/Cat,1529.0
L1_S24_F1530,categorical,1183747,1051175,132572,0.8880064743564292,1.0,24.0,Numeric/Cat,1530.0
L1_S24_F1531,categorical,1183747,1183741,6,0.9999949313493508,1.0,24.0,Numeric/Cat,1531.0
L1_S24_F1533,categorical,1183747,1051175,132572,0.8880064743564292,1.0,24.0,Numeric/Cat,1533.0
L1_S24_F1534,categorical,1183747,1183741,6,0.9999949313493508,1.0,24.0,Numeric/Cat,1534.0
L1_S24_F1535,categorical,1183747,1183741,6,0.9999949313493508,1.0,24.0,Numeric/Cat,1535.0
L1_S24_F1537,categorical,1183747,1051177,132570,0.8880081639066456,1.0,24.0,Numeric/Cat,1537.0
L1_S24_F1538,categorical,1183747,1183741,6,0.9999949313493508,1.0,24.0,Numeric/Cat,1538.0
L1_S24_F1540,categorical,1183747,1183741,6,0.9999949313493508,1.0,24.0,Numeric/Cat,1540.0
L1_S24_F1542,categorical,1183747,1051175,132572,0.8880064743564292,1.0,24.0,Numeric/Cat,1542.0
L1_S24_F1543,categorical,1183747,1183741,6,0.9999949313493508,1.0,24.0,Numeric/Cat,1543.0
L1_S24_F1545,categorical,1183747,1183741,6,0.9999949313493508,1.0,24.0,Numeric/Cat,1545.0
L1_S24_F1547,categorical,1183747,1051175,132572,0.8880064743564292,1.0,24.0,Numeric/Cat,1547.0
L1_S24_F1548,categorical,1183747,1183741,6,0.9999949313493508,1.0,24.0,Numeric/Cat,1548.0
L1_S24_F1549,categorical,1183747,1183741,6,0.9999949313493508,1.0,24.0,Numeric/Cat,1549.0
L1_S24_F1551,categorical,1183747,1051175,132572,0.8880064743564292,1.0,24.0,Numeric/Cat,1551.0
L1_S24_F1552,categorical,1183747,1183741,6,0.9999949313493508,1.0,24.0,Numeric/Cat,1552.0
L1_S24_F1553,categorical,1183747,1183741,6,0.9999949313493508,1.0,24.0,Numeric/Cat,1553.0
L1_S24_F1555,categorical,1183747,1051175,132572,0.8880064743564292,1.0,24.0,Numeric/Cat,1555.0
L1_S24_F1556,categorical,1183747,1183741,6,0.9999949313493508,1.0,24.0,Numeric/Cat,1556.0
L1_S24_F1557,categorical,1183747,1183741,6,0.9999949313493508,1.0,24.0,Numeric/Cat,1557.0
L1_S24_F1559,categorical,1183747,1053560,130187,0.8900212629894733,1.0,24.0,Numeric/Cat,1559.0
L1_S24_F1560,categorical,1183747,1183741,6,0.9999949313493508,1.0,24.0,Numeric/Cat,1560.0
L1_S24_F1561,categorical,1183747,1183747,0,1.0,1.0,24.0,Numeric/Cat,1561.0
L1_S24_F1563,categorical,1183747,1183747,0,1.0,1.0,24.0,Numeric/Cat,1563.0
L1_S24_F1564,categorical,1183747,1183747,0,1.0,1.0,24.0,Numeric/Cat,1564.0
L1_S24_F1577,categorical,1183747,1183746,1,0.9999991552248918,1.0,24.0,Numeric/Cat,1577.0
L1_S24_F1580,categorical,1183747,1183746,1,0.9999991552248918,1.0,24.0,Numeric/Cat,1580.0
L1_S24_F1582,categorical,1183747,1183611,136,0.9998851105852855,1.0,24.0,Numeric/Cat,1582.0
L1_S24_F1584,categorical,1183747,1117164,66583,0.9437523389710808,1.0,24.0,Numeric/Cat,1584.0
L1_S24_F1585,categorical,1183747,1183611,136,0.9998851105852855,1.0,24.0,Numeric/Cat,1585.0
L1_S24_F1586,categorical,1183747,1183611,136,0.9998851105852855,1.0,24.0,Numeric/Cat,1586.0
L1_S24_F1588,categorical,1183747,1117164,66583,0.9437523389710808,1.0,24.0,Numeric/Cat,1588.0
L1_S24_F1589,categorical,1183747,1183611,136,0.9998851105852855,1.0,24.0,Numeric/Cat,1589.0
L1_S24_F1590,categorical,1183747,1183611,136,0.9998851105852855,1.0,24.0,Numeric/Cat,1590.0
L1_S24_F1592,categorical,1183747,1117164,66583,0.9437523389710808,1.0,24.0,Numeric/Cat,1592.0
L1_S24_F1593,categorical,1183747,1183611,136,0.9998851105852855,1.0,24.0,Numeric/Cat,1593.0
L1_S24_F1595,categorical,1183747,1183611,136,0.9998851105852855,1.0,24.0,Numeric/Cat,1595.0
L1_S24_F1597,categorical,1183747,1117164,66583,0.9437523389710808,1.0,24.0,Numeric/Cat,1597.0
L1_S24_F1598,categorical,1183747,1183611,136,0.9998851105852855,1.0,24.0,Numeric/Cat,1598.0
L1_S24_F1600,categorical,1183747,1183611,136,0.9998851105852855,1.0,24.0,Numeric/Cat,1600.0
L1_S24_F1602,categorical,1183747,1117164,66583,0.9437523389710808,1.0,24.0,Numeric/Cat,1602.0
L1_S24_F1603,categorical,1183747,1183611,136,0.9998851105852855,1.0,24.0,Numeric/Cat,1603.0
L1_S24_F1605,categorical,1183747,1183611,136,0.9998851105852855,1.0,24.0,Numeric/Cat,1605.0
L1_S24_F1607,categorical,1183747,1117164,66583,0.9437523389710808,1.0,24.0,Numeric/Cat,1607.0
L1_S24_F1608,categorical,1183747,1183611,136,0.9998851105852855,1.0,24.0,Numeric/Cat,1608.0
L1_S24_F1610,categorical,1183747,1183611,136,0.9998851105852855,1.0,24.0,Numeric/Cat,1610.0
L1_S24_F1612,categorical,1183747,1117164,66583,0.9437523389710808,1.0,24.0,Numeric/Cat,1612.0
L1_S24_F1613,categorical,1183747,1183611,136,0.9998851105852855,1.0,24.0,Numeric/Cat,1613.0
L1_S24_F1614,categorical,1183747,1183611,136,0.9998851105852855,1.0,24.0,Numeric/Cat,1614.0
L1_S24_F1616,categorical,1183747,1117164,66583,0.9437523389710808,1.0,24.0,Numeric/Cat,1616.0
L1_S24_F1617,categorical,1183747,1183611,136,0.9998851105852855,1.0,24.0,Numeric/Cat,1617.0
L1_S24_F1618,categorical,1183747,1183611,136,0.9998851105852855,1.0,24.0,Numeric/Cat,1618.0
L1_S24_F1620,categorical,1183747,1117164,66583,0.9437523389710808,1.0,24.0,Numeric/Cat,1620.0
L1_S24_F1621,categorical,1183747,1183611,136,0.9998851105852855,1.0,24.0,Numeric/Cat,1621.0
L1_S24_F1623,categorical,1183747,1183611,136,0.9998851105852855,1.0,24.0,Numeric/Cat,1623.0
L1_S24_F1625,categorical,1183747,1117164,66583,0.9437523389710808,1.0,24.0,Numeric/Cat,1625.0
L1_S24_F1626,categorical,1183747,1183611,136,0.9998851105852855,1.0,24.0,Numeric/Cat,1626.0
L1_S24_F1628,categorical,1183747,1183611,136,0.9998851105852855,1.0,24.0,Numeric/Cat,1628.0
L1_S24_F1630,categorical,1183747,1117164,66583,0.9437523389710808,1.0,24.0,Numeric/Cat,1630.0
L1_S24_F1631,categorical,1183747,1183611,136,0.9998851105852855,1.0,24.0,Numeric/Cat,1631.0
L1_S24_F1633,categorical,1183747,1183611,136,0.9998851105852855,1.0,24.0,Numeric/Cat,1633.0
L1_S24_F1635,categorical,1183747,1117164,66583,0.9437523389710808,1.0,24.0,Numeric/Cat,1635.0
L1_S24_F1636,categorical,1183747,1183611,136,0.9998851105852855,1.0,24.0,Numeric/Cat,1636.0
L1_S24_F1638,categorical,1183747,1183611,136,0.9998851105852855,1.0,24.0,Numeric/Cat,1638.0
L1_S24_F1640,categorical,1183747,1117164,66583,0.9437523389710808,1.0,24.0,Numeric/Cat,1640.0
L1_S24_F1641,categorical,1183747,1183611,136,0.9998851105852855,1.0,24.0,Numeric/Cat,1641.0
L1_S24_F1643,categorical,1183747,1183611,136,0.9998851105852855,1.0,24.0,Numeric/Cat,1643.0
L1_S24_F1645,categorical,1183747,1117164,66583,0.9437523389710808,1.0,24.0,Numeric/Cat,1645.0
L1_S24_F1646,categorical,1183747,1183611,136,0.9998851105852855,1.0,24.0,Numeric/Cat,1646.0
L1_S24_F1648,categorical,1183747,1183611,136,0.9998851105852855,1.0,24.0,Numeric/Cat,1648.0
L1_S24_F1650,categorical,1183747,1117164,66583,0.9437523389710808,1.0,24.0,Numeric/Cat,1650.0
L1_S24_F1651,categorical,1183747,1183611,136,0.9998851105852855,1.0,24.0,Numeric/Cat,1651.0
L1_S24_F1653,categorical,1183747,1183611,136,0.9998851105852855,1.0,24.0,Numeric/Cat,1653.0
L1_S24_F1655,categorical,1183747,1117164,66583,0.9437523389710808,1.0,24.0,Numeric/Cat,1655.0
L1_S24_F1656,categorical,1183747,1183611,136,0.9998851105852855,1.0,24.0,Numeric/Cat,1656.0
L1_S24_F1658,categorical,1183747,1183611,136,0.9998851105852855,1.0,24.0,Numeric/Cat,1658.0
L1_S24_F1660,categorical,1183747,1117164,66583,0.9437523389710808,1.0,24.0,Numeric/Cat,1660.0
L1_S24_F1661,categorical,1183747,1183611,136,0.9998851105852855,1.0,24.0,Numeric/Cat,1661.0
L1_S24_F1663,categorical,1183747,1183611,136,0.9998851105852855,1.0,24.0,Numeric/Cat,1663.0
L1_S24_F1665,categorical,1183747,1117164,66583,0.9437523389710808,1.0,24.0,Numeric/Cat,1665.0
L1_S24_F1666,categorical,1183747,1183611,136,0.9998851105852855,1.0,24.0,Numeric/Cat,1666.0
L1_S24_F1668,categorical,1183747,1183611,136,0.9998851105852855,1.0,24.0,Numeric/Cat,1668.0
L1_S24_F1670,categorical,1183747,1117164,66583,0.9437523389710808,1.0,24.0,Numeric/Cat,1670.0
L1_S24_F1671,categorical,1183747,1183611,136,0.9998851105852855,1.0,24.0,Numeric/Cat,1671.0
L1_S24_F1673,categorical,1183747,1183747,0,1.0,1.0,24.0,Numeric/Cat,1673.0
L1_S24_F1675,categorical,1183747,1117247,66500,0.9438224553050609,1.0,24.0,Numeric/Cat,1675.0
L1_S24_F1676,categorical,1183747,1183747,0,1.0,1.0,24.0,Numeric/Cat,1676.0
L1_S24_F1677,categorical,1183747,1183747,0,1.0,1.0,24.0,Numeric/Cat,1677.0
L1_S24_F1679,categorical,1183747,1117247,66500,0.9438224553050609,1.0,24.0,Numeric/Cat,1679.0
L1_S24_F1680,categorical,1183747,1183747,0,1.0,1.0,24.0,Numeric/Cat,1680.0
L1_S24_F1681,categorical,1183747,1183747,0,1.0,1.0,24.0,Numeric/Cat,1681.0
L1_S24_F1683,categorical,1183747,1117247,66500,0.9438224553050609,1.0,24.0,Numeric/Cat,1683.0
L1_S24_F1684,categorical,1183747,1183747,0,1.0,1.0,24.0,Numeric/Cat,1684.0
L1_S24_F1686,categorical,1183747,1183747,0,1.0,1.0,24.0,Numeric/Cat,1686.0
L1_S24_F1688,categorical,1183747,1117247,66500,0.9438224553050609,1.0,24.0,Numeric/Cat,1688.0
L1_S24_F1689,categorical,1183747,1183747,0,1.0,1.0,24.0,Numeric/Cat,1689.0
L1_S24_F1691,categorical,1183747,1183747,0,1.0,1.0,24.0,Numeric/Cat,1691.0
L1_S24_F1693,categorical,1183747,1117247,66500,0.9438224553050609,1.0,24.0,Numeric/Cat,1693.0
L1_S24_F1694,categorical,1183747,1183747,0,1.0,1.0,24.0,Numeric/Cat,1694.0
L1_S24_F1696,categorical,1183747,1183747,0,1.0,1.0,24.0,Numeric/Cat,1696.0
L1_S24_F1698,categorical,1183747,1117247,66500,0.9438224553050609,1.0,24.0,Numeric/Cat,1698.0
L1_S24_F1699,categorical,1183747,1183747,0,1.0,1.0,24.0,Numeric/Cat,1699.0
L1_S24_F1701,categorical,1183747,1183747,0,1.0,1.0,24.0,Numeric/Cat,1701.0
L1_S24_F1703,categorical,1183747,1117247,66500,0.9438224553050609,1.0,24.0,Numeric/Cat,1703.0
L1_S24_F1704,categorical,1183747,1183747,0,1.0,1.0,24.0,Numeric/Cat,1704.0
L1_S24_F1705,categorical,1183747,1183747,0,1.0,1.0,24.0,Numeric/Cat,1705.0
L1_S24_F1707,categorical,1183747,1117247,66500,0.9438224553050609,1.0,24.0,Numeric/Cat,1707.0
L1_S24_F1708,categorical,1183747,1183747,0,1.0,1.0,24.0,Numeric/Cat,1708.0
L1_S24_F1709,categorical,1183747,1183747,0,1.0,1.0,24.0,Numeric/Cat,1709.0
L1_S24_F1711,categorical,1183747,1117247,66500,0.9438224553050609,1.0,24.0,Numeric/Cat,1711.0
L1_S24_F1712,categorical,1183747,1183747,0,1.0,1.0,24.0,Numeric/Cat,1712.0
L1_S24_F1714,categorical,1183747,1183747,0,1.0,1.0,24.0,Numeric/Cat,1714.0
L1_S24_F1716,categorical,1183747,1117247,66500,0.9438224553050609,1.0,24.0,Numeric/Cat,1716.0
L1_S24_F1717,categorical,1183747,1183747,0,1.0,1.0,24.0,Numeric/Cat,1717.0
L1_S24_F1719,categorical,1183747,1183747,0,1.0,1.0,24.0,Numeric/Cat,1719.0
L1_S24_F1721,categorical,1183747,1117247,66500,0.9438224553050609,1.0,24.0,Numeric/Cat,1721.0
L1_S24_F1722,categorical,1183747,1183747,0,1.0,1.0,24.0,Numeric/Cat,1722.0
L1_S24_F1724,categorical,1183747,1183747,0,1.0,1.0,24.0,Numeric/Cat,1724.0
L1_S24_F1726,categorical,1183747,1117247,66500,0.9438224553050609,1.0,24.0,Numeric/Cat,1726.0
L1_S24_F1727,categorical,1183747,1183747,0,1.0,1.0,24.0,Numeric/Cat,1727.0
L1_S24_F1729,categorical,1183747,1183747,0,1.0,1.0,24.0,Numeric/Cat,1729.0
L1_S24_F1731,categorical,1183747,1117247,66500,0.9438224553050609,1.0,24.0,Numeric/Cat,1731.0
L1_S24_F1732,categorical,1183747,1183747,0,1.0,1.0,24.0,Numeric/Cat,1732.0
L1_S24_F1734,categorical,1183747,1183747,0,1.0,1.0,24.0,Numeric/Cat,1734.0
L1_S24_F1736,categorical,1183747,1117247,66500,0.9438224553050609,1.0,24.0,Numeric/Cat,1736.0
L1_S24_F1737,categorical,1183747,1183747,0,1.0,1.0,24.0,Numeric/Cat,1737.0
L1_S24_F1739,categorical,1183747,1183747,0,1.0,1.0,24.0,Numeric/Cat,1739.0
L1_S24_F1741,categorical,1183747,1117247,66500,0.9438224553050609,1.0,24.0,Numeric/Cat,1741.0
L1_S24_F1742,categorical,1183747,1183747,0,1.0,1.0,24.0,Numeric/Cat,1742.0
L1_S24_F1744,categorical,1183747,1183747,0,1.0,1.0,24.0,Numeric/Cat,1744.0
L1_S24_F1746,categorical,1183747,1117247,66500,0.9438224553050609,1.0,24.0,Numeric/Cat,1746.0
L1_S24_F1747,categorical,1183747,1183747,0,1.0,1.0,24.0,Numeric/Cat,1747.0
L1_S24_F1749,categorical,1183747,1183747,0,1.0,1.0,24.0,Numeric/Cat,1749.0
L1_S24_F1751,categorical,1183747,1117247,66500,0.9438224553050609,1.0,24.0,Numeric/Cat,1751.0
L1_S24_F1752,categorical,1183747,1183747,0,1.0,1.0,24.0,Numeric/Cat,1752.0
L1_S24_F1754,categorical,1183747,1183747,0,1.0,1.0,24.0,Numeric/Cat,1754.0
L1_S24_F1756,categorical,1183747,1117247,66500,0.9438224553050609,1.0,24.0,Numeric/Cat,1756.0
L1_S24_F1757,categorical,1183747,1183747,0,1.0,1.0,24.0,Numeric/Cat,1757.0
L1_S24_F1759,categorical,1183747,1183747,0,1.0,1.0,24.0,Numeric/Cat,1759.0
L1_S24_F1761,categorical,1183747,1117247,66500,0.9438224553050609,1.0,24.0,Numeric/Cat,1761.0
L1_S24_F1762,categorical,1183747,1183747,0,1.0,1.0,24.0,Numeric/Cat,1762.0
L1_S24_F1764,categorical,1183747,1183718,29,0.9999755015218623,1.0,24.0,Numeric/Cat,1764.0
L1_S24_F1766,categorical,1183747,1183718,29,0.9999755015218623,1.0,24.0,Numeric/Cat,1766.0
L1_S24_F1767,categorical,1183747,1183718,29,0.9999755015218623,1.0,24.0,Numeric/Cat,1767.0
L1_S24_F1769,categorical,1183747,1183731,16,0.9999864835982689,1.0,24.0,Numeric/Cat,1769.0
L1_S24_F1771,categorical,1183747,1183731,16,0.9999864835982689,1.0,24.0,Numeric/Cat,1771.0
L1_S24_F1772,categorical,1183747,1183731,16,0.9999864835982689,1.0,24.0,Numeric/Cat,1772.0
L1_S24_F1774,categorical,1183747,1183718,29,0.9999755015218623,1.0,24.0,Numeric/Cat,1774.0
L1_S24_F1776,categorical,1183747,1183718,29,0.9999755015218623,1.0,24.0,Numeric/Cat,1776.0
L1_S24_F1777,categorical,1183747,1183718,29,0.9999755015218623,1.0,24.0,Numeric/Cat,1777.0
L1_S24_F1779,categorical,1183747,1183718,29,0.9999755015218623,1.0,24.0,Numeric/Cat,1779.0
L1_S24_F1781,categorical,1183747,1183718,29,0.9999755015218623,1.0,24.0,Numeric/Cat,1781.0
L1_S24_F1782,categorical,1183747,1183718,29,0.9999755015218623,1.0,24.0,Numeric/Cat,1782.0
L1_S24_F1784,categorical,1183747,1183718,29,0.9999755015218623,1.0,24.0,Numeric/Cat,1784.0
L1_S24_F1786,categorical,1183747,1183718,29,0.9999755015218623,1.0,24.0,Numeric/Cat,1786.0
L1_S24_F1787,categorical,1183747,1183718,29,0.9999755015218623,1.0,24.0,Numeric/Cat,1787.0
L1_S24_F1789,categorical,1183747,1183718,29,0.9999755015218623,1.0,24.0,Numeric/Cat,1789.0
L1_S24_F1791,categorical,1183747,1183718,29,0.9999755015218623,1.0,24.0,Numeric/Cat,1791.0
L1_S24_F1792,categorical,1183747,1183718,29,0.9999755015218623,1.0,24.0,Numeric/Cat,1792.0
L1_S24_F1794,categorical,1183747,1183718,29,0.9999755015218623,1.0,24.0,Numeric/Cat,1794.0
L1_S24_F1796,categorical,1183747,1183718,29,0.9999755015218623,1.0,24.0,Numeric/Cat,1796.0
L1_S24_F1797,categorical,1183747,1183718,29,0.9999755015218623,1.0,24.0,Numeric/Cat,1797.0
L1_S24_F1799,categorical,1183747,1183718,29,0.9999755015218623,1.0,24.0,Numeric/Cat,1799.0
L1_S24_F1801,categorical,1183747,1183718,29,0.9999755015218623,1.0,24.0,Numeric/Cat,1801.0
L1_S24_F1802,categorical,1183747,1183718,29,0.9999755015218623,1.0,24.0,Numeric/Cat,1802.0
L1_S24_F1804,categorical,1183747,1183718,29,0.9999755015218623,1.0,24.0,Numeric/Cat,1804.0
L1_S24_F1806,categorical,1183747,1183718,29,0.9999755015218623,1.0,24.0,Numeric/Cat,1806.0
L1_S24_F1807,categorical,1183747,1183718,29,0.9999755015218623,1.0,24.0,Numeric/Cat,1807.0
L1_S24_F1827,categorical,1183747,1050825,132922,0.8877108030685611,1.0,24.0,Numeric/Cat,1827.0
L1_S25_F1852,categorical,1183747,1128281,55466,0.9531437038488799,1.0,25.0,Numeric/Cat,1852.0
L1_S25_F1853,categorical,1183747,1183747,0,1.0,1.0,25.0,Numeric/Cat,1853.0
L1_S25_F1856,categorical,1183747,1183747,0,1.0,1.0,25.0,Numeric/Cat,1856.0
L1_S25_F1859,categorical,1183747,1183747,0,1.0,1.0,25.0,Numeric/Cat,1859.0
L1_S25_F1861,categorical,1183747,1183747,0,1.0,1.0,25.0,Numeric/Cat,1861.0
L1_S25_F1863,categorical,1183747,1183747,0,1.0,1.0,25.0,Numeric/Cat,1863.0
L1_S25_F1866,categorical,1183747,1183739,8,0.9999932417991344,1.0,25.0,Numeric/Cat,1866.0
L1_S25_F1868,categorical,1183747,1183742,5,0.999995776124459,1.0,25.0,Numeric/Cat,1868.0
L1_S25_F1870,categorical,1183747,1183739,8,0.9999932417991344,1.0,25.0,Numeric/Cat,1870.0
L1_S25_F1872,categorical,1183747,1183742,5,0.999995776124459,1.0,25.0,Numeric/Cat,1872.0
L1_S25_F1874,categorical,1183747,1183739,8,0.9999932417991344,1.0,25.0,Numeric/Cat,1874.0
L1_S25_F1876,categorical,1183747,1183742,5,0.999995776124459,1.0,25.0,Numeric/Cat,1876.0
L1_S25_F1878,categorical,1183747,1183739,8,0.9999932417991344,1.0,25.0,Numeric/Cat,1878.0
L1_S25_F1880,categorical,1183747,1183742,5,0.999995776124459,1.0,25.0,Numeric/Cat,1880.0
L1_S25_F1882,categorical,1183747,1183732,15,0.9999873283733771,1.0,25.0,Numeric/Cat,1882.0
L1_S25_F1884,categorical,1183747,1183745,2,0.9999983104497836,1.0,25.0,Numeric/Cat,1884.0
L1_S25_F1886,categorical,1183747,1183745,2,0.9999983104497836,1.0,25.0,Numeric/Cat,1886.0
L1_S25_F1888,categorical,1183747,1183746,1,0.9999991552248918,1.0,25.0,Numeric/Cat,1888.0
L1_S25_F1889,categorical,1183747,1183745,2,0.9999983104497836,1.0,25.0,Numeric/Cat,1889.0
L1_S25_F1897,categorical,1183747,1183735,12,0.9999898626987017,1.0,25.0,Numeric/Cat,1897.0
L1_S25_F1899,categorical,1183747,1183742,5,0.999995776124459,1.0,25.0,Numeric/Cat,1899.0
L1_S25_F1901,categorical,1183747,1183529,218,0.9998158390264136,1.0,25.0,Numeric/Cat,1901.0
L1_S25_F1903,categorical,1183747,1155768,27979,0.9763640372478241,1.0,25.0,Numeric/Cat,1903.0
L1_S25_F1904,categorical,1183747,1183529,218,0.9998158390264136,1.0,25.0,Numeric/Cat,1904.0
L1_S25_F1905,categorical,1183747,1183529,218,0.9998158390264136,1.0,25.0,Numeric/Cat,1905.0
L1_S25_F1907,categorical,1183747,1155768,27979,0.9763640372478241,1.0,25.0,Numeric/Cat,1907.0
L1_S25_F1908,categorical,1183747,1183529,218,0.9998158390264136,1.0,25.0,Numeric/Cat,1908.0
L1_S25_F1910,categorical,1183747,1183529,218,0.9998158390264136,1.0,25.0,Numeric/Cat,1910.0
L1_S25_F1912,categorical,1183747,1155768,27979,0.9763640372478241,1.0,25.0,Numeric/Cat,1912.0
L1_S25_F1913,categorical,1183747,1183529,218,0.9998158390264136,1.0,25.0,Numeric/Cat,1913.0
L1_S25_F1915,categorical,1183747,1183529,218,0.9998158390264136,1.0,25.0,Numeric/Cat,1915.0
L1_S25_F1917,categorical,1183747,1155768,27979,0.9763640372478241,1.0,25.0,Numeric/Cat,1917.0
L1_S25_F1918,categorical,1183747,1183529,218,0.9998158390264136,1.0,25.0,Numeric/Cat,1918.0
L1_S25_F1920,categorical,1183747,1183529,218,0.9998158390264136,1.0,25.0,Numeric/Cat,1920.0
L1_S25_F1922,categorical,1183747,1155768,27979,0.9763640372478241,1.0,25.0,Numeric/Cat,1922.0
L1_S25_F1923,categorical,1183747,1183529,218,0.9998158390264136,1.0,25.0,Numeric/Cat,1923.0
L1_S25_F1925,categorical,1183747,1183529,218,0.9998158390264136,1.0,25.0,Numeric/Cat,1925.0
L1_S25_F1927,categorical,1183747,1155768,27979,0.9763640372478241,1.0,25.0,Numeric/Cat,1927.0
L1_S25_F1928,categorical,1183747,1183529,218,0.9998158390264136,1.0,25.0,Numeric/Cat,1928.0
L1_S25_F1930,categorical,1183747,1183529,218,0.9998158390264136,1.0,25.0,Numeric/Cat,1930.0
L1_S25_F1932,categorical,1183747,1155768,27979,0.9763640372478241,1.0,25.0,Numeric/Cat,1932.0
L1_S25_F1933,categorical,1183747,1183529,218,0.9998158390264136,1.0,25.0,Numeric/Cat,1933.0
L1_S25_F1934,categorical,1183747,1183529,218,0.9998158390264136,1.0,25.0,Numeric/Cat,1934.0
L1_S25_F1936,categorical,1183747,1155768,27979,0.9763640372478241,1.0,25.0,Numeric/Cat,1936.0
L1_S25_F1937,categorical,1183747,1183529,218,0.9998158390264136,1.0,25.0,Numeric/Cat,1937.0
L1_S25_F1939,categorical,1183747,1183529,218,0.9998158390264136,1.0,25.0,Numeric/Cat,1939.0
L1_S25_F1941,categorical,1183747,1155768,27979,0.9763640372478241,1.0,25.0,Numeric/Cat,1941.0
L1_S25_F1942,categorical,1183747,1183529,218,0.9998158390264136,1.0,25.0,Numeric/Cat,1942.0
L1_S25_F1944,categorical,1183747,1183529,218,0.9998158390264136,1.0,25.0,Numeric/Cat,1944.0
L1_S25_F1946,categorical,1183747,1155768,27979,0.9763640372478241,1.0,25.0,Numeric/Cat,1946.0
L1_S25_F1947,categorical,1183747,1183529,218,0.9998158390264136,1.0,25.0,Numeric/Cat,1947.0
L1_S25_F1949,categorical,1183747,1183529,218,0.9998158390264136,1.0,25.0,Numeric/Cat,1949.0
L1_S25_F1951,categorical,1183747,1155768,27979,0.9763640372478241,1.0,25.0,Numeric/Cat,1951.0
L1_S25_F1952,categorical,1183747,1183529,218,0.9998158390264136,1.0,25.0,Numeric/Cat,1952.0
L1_S25_F1954,categorical,1183747,1183529,218,0.9998158390264136,1.0,25.0,Numeric/Cat,1954.0
L1_S25_F1956,categorical,1183747,1155768,27979,0.9763640372478241,1.0,25.0,Numeric/Cat,1956.0
L1_S25_F1957,categorical,1183747,1183529,218,0.9998158390264136,1.0,25.0,Numeric/Cat,1957.0
L1_S25_F1959,categorical,1183747,1183529,218,0.9998158390264136,1.0,25.0,Numeric/Cat,1959.0
L1_S25_F1961,categorical,1183747,1155768,27979,0.9763640372478241,1.0,25.0,Numeric/Cat,1961.0
L1_S25_F1962,categorical,1183747,1183529,218,0.9998158390264136,1.0,25.0,Numeric/Cat,1962.0
L1_S25_F1964,categorical,1183747,1183529,218,0.9998158390264136,1.0,25.0,Numeric/Cat,1964.0
L1_S25_F1966,categorical,1183747,1155768,27979,0.9763640372478241,1.0,25.0,Numeric/Cat,1966.0
L1_S25_F1967,categorical,1183747,1183529,218,0.9998158390264136,1.0,25.0,Numeric/Cat,1967.0
L1_S25_F1969,categorical,1183747,1183529,218,0.9998158390264136,1.0,25.0,Numeric/Cat,1969.0
L1_S25_F1971,categorical,1183747,1155768,27979,0.9763640372478241,1.0,25.0,Numeric/Cat,1971.0
L1_S25_F1972,categorical,1183747,1183529,218,0.9998158390264136,1.0,25.0,Numeric/Cat,1972.0
L1_S25_F1974,categorical,1183747,1183529,218,0.9998158390264136,1.0,25.0,Numeric/Cat,1974.0
L1_S25_F1976,categorical,1183747,1155768,27979,0.9763640372478241,1.0,25.0,Numeric/Cat,1976.0
L1_S25_F1977,categorical,1183747,1183529,218,0.9998158390264136,1.0,25.0,Numeric/Cat,1977.0
L1_S25_F1979,categorical,1183747,1183632,115,0.9999028508625576,1.0,25.0,Numeric/Cat,1979.0
L1_S25_F1981,categorical,1183747,1156219,27528,0.9767450308216198,1.0,25.0,Numeric/Cat,1981.0
L1_S25_F1982,categorical,1183747,1183632,115,0.9999028508625576,1.0,25.0,Numeric/Cat,1982.0
L1_S25_F1983,categorical,1183747,1183632,115,0.9999028508625576,1.0,25.0,Numeric/Cat,1983.0
L1_S25_F1985,categorical,1183747,1156219,27528,0.9767450308216198,1.0,25.0,Numeric/Cat,1985.0
L1_S25_F1986,categorical,1183747,1183632,115,0.9999028508625576,1.0,25.0,Numeric/Cat,1986.0
L1_S25_F1988,categorical,1183747,1183632,115,0.9999028508625576,1.0,25.0,Numeric/Cat,1988.0
L1_S25_F1990,categorical,1183747,1156219,27528,0.9767450308216198,1.0,25.0,Numeric/Cat,1990.0
L1_S25_F1991,categorical,1183747,1183632,115,0.9999028508625576,1.0,25.0,Numeric/Cat,1991.0
L1_S25_F1993,categorical,1183747,1183632,115,0.9999028508625576,1.0,25.0,Numeric/Cat,1993.0
L1_S25_F1995,categorical,1183747,1156219,27528,0.9767450308216198,1.0,25.0,Numeric/Cat,1995.0
L1_S25_F1996,categorical,1183747,1183632,115,0.9999028508625576,1.0,25.0,Numeric/Cat,1996.0
L1_S25_F1998,categorical,1183747,1183632,115,0.9999028508625576,1.0,25.0,Numeric/Cat,1998.0
L1_S25_F2000,categorical,1183747,1156219,27528,0.9767450308216198,1.0,25.0,Numeric/Cat,2000.0
L1_S25_F2001,categorical,1183747,1183632,115,0.9999028508625576,1.0,25.0,Numeric/Cat,2001.0
L1_S25_F2003,categorical,1183747,1183632,115,0.9999028508625576,1.0,25.0,Numeric/Cat,2003.0
L1_S25_F2005,categorical,1183747,1156219,27528,0.9767450308216198,1.0,25.0,Numeric/Cat,2005.0
L1_S25_F2006,categorical,1183747,1183632,115,0.9999028508625576,1.0,25.0,Numeric/Cat,2006.0
L1_S25_F2008,categorical,1183747,1183632,115,0.9999028508625576,1.0,25.0,Numeric/Cat,2008.0
L1_S25_F2010,categorical,1183747,1156219,27528,0.9767450308216198,1.0,25.0,Numeric/Cat,2010.0
L1_S25_F2011,categorical,1183747,1183632,115,0.9999028508625576,1.0,25.0,Numeric/Cat,2011.0
L1_S25_F2012,categorical,1183747,1183632,115,0.9999028508625576,1.0,25.0,Numeric/Cat,2012.0
L1_S25_F2014,categorical,1183747,1156219,27528,0.9767450308216198,1.0,25.0,Numeric/Cat,2014.0
L1_S25_F2015,categorical,1183747,1183632,115,0.9999028508625576,1.0,25.0,Numeric/Cat,2015.0
L1_S25_F2017,categorical,1183747,1183632,115,0.9999028508625576,1.0,25.0,Numeric/Cat,2017.0
L1_S25_F2019,categorical,1183747,1156219,27528,0.9767450308216198,1.0,25.0,Numeric/Cat,2019.0
L1_S25_F2020,categorical,1183747,1183632,115,0.9999028508625576,1.0,25.0,Numeric/Cat,2020.0
L1_S25_F2022,categorical,1183747,1183632,115,0.9999028508625576,1.0,25.0,Numeric/Cat,2022.0
L1_S25_F2024,categorical,1183747,1156219,27528,0.9767450308216198,1.0,25.0,Numeric/Cat,2024.0
L1_S25_F2025,categorical,1183747,1183632,115,0.9999028508625576,1.0,25.0,Numeric/Cat,2025.0
L1_S25_F2027,categorical,1183747,1183632,115,0.9999028508625576,1.0,25.0,Numeric/Cat,2027.0
L1_S25_F2029,categorical,1183747,1156219,27528,0.9767450308216198,1.0,25.0,Numeric/Cat,2029.0
L1_S25_F2030,categorical,1183747,1183632,115,0.9999028508625576,1.0,25.0,Numeric/Cat,2030.0
L1_S25_F2032,categorical,1183747,1183632,115,0.9999028508625576,1.0,25.0,Numeric/Cat,2032.0
L1_S25_F2034,categorical,1183747,1156219,27528,0.9767450308216198,1.0,25.0,Numeric/Cat,2034.0
L1_S25_F2035,categorical,1183747,1183632,115,0.9999028508625576,1.0,25.0,Numeric/Cat,2035.0
L1_S25_F2037,categorical,1183747,1183632,115,0.9999028508625576,1.0,25.0,Numeric/Cat,2037.0
L1_S25_F2039,categorical,1183747,1156219,27528,0.9767450308216198,1.0,25.0,Numeric/Cat,2039.0
L1_S25_F2040,categorical,1183747,1183632,115,0.9999028508625576,1.0,25.0,Numeric/Cat,2040.0
L1_S25_F2042,categorical,1183747,1183632,115,0.9999028508625576,1.0,25.0,Numeric/Cat,2042.0
L1_S25_F2044,categorical,1183747,1156219,27528,0.9767450308216198,1.0,25.0,Numeric/Cat,2044.0
L1_S25_F2045,categorical,1183747,1183632,115,0.9999028508625576,1.0,25.0,Numeric/Cat,2045.0
L1_S25_F2047,categorical,1183747,1183632,115,0.9999028508625576,1.0,25.0,Numeric/Cat,2047.0
L1_S25_F2049,categorical,1183747,1156219,27528,0.9767450308216198,1.0,25.0,Numeric/Cat,2049.0
L1_S25_F2050,categorical,1183747,1183632,115,0.9999028508625576,1.0,25.0,Numeric/Cat,2050.0
L1_S25_F2052,categorical,1183747,1183632,115,0.9999028508625576,1.0,25.0,Numeric/Cat,2052.0
L1_S25_F2054,categorical,1183747,1156219,27528,0.9767450308216198,1.0,25.0,Numeric/Cat,2054.0
L1_S25_F2055,categorical,1183747,1183632,115,0.9999028508625576,1.0,25.0,Numeric/Cat,2055.0
L1_S25_F2057,categorical,1183747,1183740,7,0.9999940865742426,1.0,25.0,Numeric/Cat,2057.0
L1_S25_F2059,categorical,1183747,1183744,3,0.9999974656746754,1.0,25.0,Numeric/Cat,2059.0
L1_S25_F2060,categorical,1183747,1183740,7,0.9999940865742426,1.0,25.0,Numeric/Cat,2060.0
L1_S25_F2062,categorical,1183747,1183740,7,0.9999940865742426,1.0,25.0,Numeric/Cat,2062.0
L1_S25_F2064,categorical,1183747,1183744,3,0.9999974656746754,1.0,25.0,Numeric/Cat,2064.0
L1_S25_F2065,categorical,1183747,1183740,7,0.9999940865742426,1.0,25.0,Numeric/Cat,2065.0
L1_S25_F2067,categorical,1183747,1183740,7,0.9999940865742426,1.0,25.0,Numeric/Cat,2067.0
L1_S25_F2069,categorical,1183747,1183744,3,0.9999974656746754,1.0,25.0,Numeric/Cat,2069.0
L1_S25_F2070,categorical,1183747,1183740,7,0.9999940865742426,1.0,25.0,Numeric/Cat,2070.0
L1_S25_F2072,categorical,1183747,1183740,7,0.9999940865742426,1.0,25.0,Numeric/Cat,2072.0
L1_S25_F2074,categorical,1183747,1183744,3,0.9999974656746754,1.0,25.0,Numeric/Cat,2074.0
L1_S25_F2075,categorical,1183747,1183740,7,0.9999940865742426,1.0,25.0,Numeric/Cat,2075.0
L1_S25_F2077,categorical,1183747,1183740,7,0.9999940865742426,1.0,25.0,Numeric/Cat,2077.0
L1_S25_F2079,categorical,1183747,1183744,3,0.9999974656746754,1.0,25.0,Numeric/Cat,2079.0
L1_S25_F2080,categorical,1183747,1183740,7,0.9999940865742426,1.0,25.0,Numeric/Cat,2080.0
L1_S25_F2082,categorical,1183747,1183740,7,0.9999940865742426,1.0,25.0,Numeric/Cat,2082.0
L1_S25_F2084,categorical,1183747,1183744,3,0.9999974656746754,1.0,25.0,Numeric/Cat,2084.0
L1_S25_F2085,categorical,1183747,1183740,7,0.9999940865742426,1.0,25.0,Numeric/Cat,2085.0
L1_S25_F2087,categorical,1183747,1183740,7,0.9999940865742426,1.0,25.0,Numeric/Cat,2087.0
L1_S25_F2089,categorical,1183747,1183744,3,0.9999974656746754,1.0,25.0,Numeric/Cat,2089.0
L1_S25_F2090,categorical,1183747,1183740,7,0.9999940865742426,1.0,25.0,Numeric/Cat,2090.0
L1_S25_F2092,categorical,1183747,1183740,7,0.9999940865742426,1.0,25.0,Numeric/Cat,2092.0
L1_S25_F2094,categorical,1183747,1183744,3,0.9999974656746754,1.0,25.0,Numeric/Cat,2094.0
L1_S25_F2095,categorical,1183747,1183740,7,0.9999940865742426,1.0,25.0,Numeric/Cat,2095.0
L1_S25_F2097,categorical,1183747,1183743,4,0.9999966208995672,1.0,25.0,Numeric/Cat,2097.0
L1_S25_F2099,categorical,1183747,1178385,5362,0.9954703158698607,1.0,25.0,Numeric/Cat,2099.0
L1_S25_F2100,categorical,1183747,1183743,4,0.9999966208995672,1.0,25.0,Numeric/Cat,2100.0
L1_S25_F2102,categorical,1183747,1183743,4,0.9999966208995672,1.0,25.0,Numeric/Cat,2102.0
L1_S25_F2104,categorical,1183747,1178385,5362,0.9954703158698607,1.0,25.0,Numeric/Cat,2104.0
L1_S25_F2105,categorical,1183747,1183743,4,0.9999966208995672,1.0,25.0,Numeric/Cat,2105.0
L1_S25_F2107,categorical,1183747,1183743,4,0.9999966208995672,1.0,25.0,Numeric/Cat,2107.0
L1_S25_F2109,categorical,1183747,1178385,5362,0.9954703158698607,1.0,25.0,Numeric/Cat,2109.0
L1_S25_F2110,categorical,1183747,1183743,4,0.9999966208995672,1.0,25.0,Numeric/Cat,2110.0
L1_S25_F2112,categorical,1183747,1183743,4,0.9999966208995672,1.0,25.0,Numeric/Cat,2112.0
L1_S25_F2114,categorical,1183747,1178385,5362,0.9954703158698607,1.0,25.0,Numeric/Cat,2114.0
L1_S25_F2115,categorical,1183747,1183743,4,0.9999966208995672,1.0,25.0,Numeric/Cat,2115.0
L1_S25_F2117,categorical,1183747,1183743,4,0.9999966208995672,1.0,25.0,Numeric/Cat,2117.0
L1_S25_F2119,categorical,1183747,1178385,5362,0.9954703158698607,1.0,25.0,Numeric/Cat,2119.0
L1_S25_F2120,categorical,1183747,1183743,4,0.9999966208995672,1.0,25.0,Numeric/Cat,2120.0
L1_S25_F2122,categorical,1183747,1183743,4,0.9999966208995672,1.0,25.0,Numeric/Cat,2122.0
L1_S25_F2124,categorical,1183747,1178385,5362,0.9954703158698607,1.0,25.0,Numeric/Cat,2124.0
L1_S25_F2125,categorical,1183747,1183743,4,0.9999966208995672,1.0,25.0,Numeric/Cat,2125.0
L1_S25_F2127,categorical,1183747,1183743,4,0.9999966208995672,1.0,25.0,Numeric/Cat,2127.0
L1_S25_F2129,categorical,1183747,1178385,5362,0.9954703158698607,1.0,25.0,Numeric/Cat,2129.0
L1_S25_F2130,categorical,1183747,1183743,4,0.9999966208995672,1.0,25.0,Numeric/Cat,2130.0
L1_S25_F2132,categorical,1183747,1183743,4,0.9999966208995672,1.0,25.0,Numeric/Cat,2132.0
L1_S25_F2134,categorical,1183747,1178385,5362,0.9954703158698607,1.0,25.0,Numeric/Cat,2134.0
L1_S25_F2135,categorical,1183747,1183743,4,0.9999966208995672,1.0,25.0,Numeric/Cat,2135.0
L1_S25_F2137,categorical,1183747,1183705,42,0.9999645194454558,1.0,25.0,Numeric/Cat,2137.0
L1_S25_F2139,categorical,1183747,1183705,42,0.9999645194454558,1.0,25.0,Numeric/Cat,2139.0
L1_S25_F2141,categorical,1183747,1128755,54992,0.9535441272501641,1.0,25.0,Numeric/Cat,2141.0
L1_S25_F2142,categorical,1183747,1183705,42,0.9999645194454558,1.0,25.0,Numeric/Cat,2142.0
L1_S25_F2145,categorical,1183747,1183705,42,0.9999645194454558,1.0,25.0,Numeric/Cat,2145.0
L1_S25_F2148,categorical,1183747,1183705,42,0.9999645194454558,1.0,25.0,Numeric/Cat,2148.0
L1_S25_F2150,categorical,1183747,1183705,42,0.9999645194454558,1.0,25.0,Numeric/Cat,2150.0
L1_S25_F2153,categorical,1183747,1183705,42,0.9999645194454558,1.0,25.0,Numeric/Cat,2153.0
L1_S25_F2156,categorical,1183747,1183705,42,0.9999645194454558,1.0,25.0,Numeric/Cat,2156.0
L1_S25_F2159,categorical,1183747,1183705,42,0.9999645194454558,1.0,25.0,Numeric/Cat,2159.0
L1_S25_F2162,categorical,1183747,1183705,42,0.9999645194454558,1.0,25.0,Numeric/Cat,2162.0
L1_S25_F2165,categorical,1183747,1183705,42,0.9999645194454558,1.0,25.0,Numeric/Cat,2165.0
L1_S25_F2168,categorical,1183747,1183705,42,0.9999645194454558,1.0,25.0,Numeric/Cat,2168.0
L1_S25_F2171,categorical,1183747,1183705,42,0.9999645194454558,1.0,25.0,Numeric/Cat,2171.0
L1_S25_F2174,categorical,1183747,1183705,42,0.9999645194454558,1.0,25.0,Numeric/Cat,2174.0
L1_S25_F2177,categorical,1183747,1183705,42,0.9999645194454558,1.0,25.0,Numeric/Cat,2177.0
L1_S25_F2179,categorical,1183747,1183746,1,0.9999991552248918,1.0,25.0,Numeric/Cat,2179.0
L1_S25_F2182,categorical,1183747,1183746,1,0.9999991552248918,1.0,25.0,Numeric/Cat,2182.0
L1_S25_F2185,categorical,1183747,1183746,1,0.9999991552248918,1.0,25.0,Numeric/Cat,2185.0
L1_S25_F2188,categorical,1183747,1183746,1,0.9999991552248918,1.0,25.0,Numeric/Cat,2188.0
L1_S25_F2191,categorical,1183747,1183746,1,0.9999991552248918,1.0,25.0,Numeric/Cat,2191.0
L1_S25_F2194,categorical,1183747,1183746,1,0.9999991552248918,1.0,25.0,Numeric/Cat,2194.0
L1_S25_F2197,categorical,1183747,1183746,1,0.9999991552248918,1.0,25.0,Numeric/Cat,2197.0
L1_S25_F2200,categorical,1183747,1183746,1,0.9999991552248918,1.0,25.0,Numeric/Cat,2200.0
L1_S25_F2203,categorical,1183747,1183746,1,0.9999991552248918,1.0,25.0,Numeric/Cat,2203.0
L1_S25_F2205,categorical,1183747,1183738,9,0.9999923970240262,1.0,25.0,Numeric/Cat,2205.0
L1_S25_F2208,categorical,1183747,1183738,9,0.9999923970240262,1.0,25.0,Numeric/Cat,2208.0
L1_S25_F2211,categorical,1183747,1183738,9,0.9999923970240262,1.0,25.0,Numeric/Cat,2211.0
L1_S25_F2213,categorical,1183747,1183738,9,0.9999923970240262,1.0,25.0,Numeric/Cat,2213.0
L1_S25_F2215,categorical,1183747,1183738,9,0.9999923970240262,1.0,25.0,Numeric/Cat,2215.0
L1_S25_F2218,categorical,1183747,1183738,9,0.9999923970240262,1.0,25.0,Numeric/Cat,2218.0
L1_S25_F2221,categorical,1183747,1183738,9,0.9999923970240262,1.0,25.0,Numeric/Cat,2221.0
L1_S25_F2224,categorical,1183747,1183738,9,0.9999923970240262,1.0,25.0,Numeric/Cat,2224.0
L1_S25_F2227,categorical,1183747,1183738,9,0.9999923970240262,1.0,25.0,Numeric/Cat,2227.0
L1_S25_F2229,categorical,1183747,1176589,7158,0.9939530997755432,1.0,25.0,Numeric/Cat,2229.0
L1_S25_F2250,categorical,1183747,1183681,66,0.9999442448428592,1.0,25.0,Numeric/Cat,2250.0
L1_S25_F2252,categorical,1183747,1180168,3579,0.9969765498877716,1.0,25.0,Numeric/Cat,2252.0
L1_S25_F2253,categorical,1183747,1183681,66,0.9999442448428592,1.0,25.0,Numeric/Cat,2253.0
L1_S25_F2254,categorical,1183747,1183681,66,0.9999442448428592,1.0,25.0,Numeric/Cat,2254.0
L1_S25_F2256,categorical,1183747,1180168,3579,0.9969765498877716,1.0,25.0,Numeric/Cat,2256.0
L1_S25_F2257,categorical,1183747,1183681,66,0.9999442448428592,1.0,25.0,Numeric/Cat,2257.0
L1_S25_F2259,categorical,1183747,1183681,66,0.9999442448428592,1.0,25.0,Numeric/Cat,2259.0
L1_S25_F2261,categorical,1183747,1180168,3579,0.9969765498877716,1.0,25.0,Numeric/Cat,2261.0
L1_S25_F2262,categorical,1183747,1183681,66,0.9999442448428592,1.0,25.0,Numeric/Cat,2262.0
L1_S25_F2264,categorical,1183747,1183681,66,0.9999442448428592,1.0,25.0,Numeric/Cat,2264.0
L1_S25_F2266,categorical,1183747,1180168,3579,0.9969765498877716,1.0,25.0,Numeric/Cat,2266.0
L1_S25_F2267,categorical,1183747,1183681,66,0.9999442448428592,1.0,25.0,Numeric/Cat,2267.0
L1_S25_F2269,categorical,1183747,1183681,66,0.9999442448428592,1.0,25.0,Numeric/Cat,2269.0
L1_S25_F2271,categorical,1183747,1180168,3579,0.9969765498877716,1.0,25.0,Numeric/Cat,2271.0
L1_S25_F2272,categorical,1183747,1183681,66,0.9999442448428592,1.0,25.0,Numeric/Cat,2272.0
L1_S25_F2274,categorical,1183747,1183681,66,0.9999442448428592,1.0,25.0,Numeric/Cat,2274.0
L1_S25_F2276,categorical,1183747,1180168,3579,0.9969765498877716,1.0,25.0,Numeric/Cat,2276.0
L1_S25_F2277,categorical,1183747,1183681,66,0.9999442448428592,1.0,25.0,Numeric/Cat,2277.0
L1_S25_F2279,categorical,1183747,1183681,66,0.9999442448428592,1.0,25.0,Numeric/Cat,2279.0
L1_S25_F2281,categorical,1183747,1180168,3579,0.9969765498877716,1.0,25.0,Numeric/Cat,2281.0
L1_S25_F2282,categorical,1183747,1183681,66,0.9999442448428592,1.0,25.0,Numeric/Cat,2282.0
L1_S25_F2283,categorical,1183747,1183681,66,0.9999442448428592,1.0,25.0,Numeric/Cat,2283.0
L1_S25_F2285,categorical,1183747,1180168,3579,0.9969765498877716,1.0,25.0,Numeric/Cat,2285.0
L1_S25_F2286,categorical,1183747,1183681,66,0.9999442448428592,1.0,25.0,Numeric/Cat,2286.0
L1_S25_F2288,categorical,1183747,1183681,66,0.9999442448428592,1.0,25.0,Numeric/Cat,2288.0
L1_S25_F2290,categorical,1183747,1180168,3579,0.9969765498877716,1.0,25.0,Numeric/Cat,2290.0
L1_S25_F2291,categorical,1183747,1183681,66,0.9999442448428592,1.0,25.0,Numeric/Cat,2291.0
L1_S25_F2293,categorical,1183747,1183681,66,0.9999442448428592,1.0,25.0,Numeric/Cat,2293.0
L1_S25_F2295,categorical,1183747,1180168,3579,0.9969765498877716,1.0,25.0,Numeric/Cat,2295.0
L1_S25_F2296,categorical,1183747,1183681,66,0.9999442448428592,1.0,25.0,Numeric/Cat,2296.0
L1_S25_F2298,categorical,1183747,1183681,66,0.9999442448428592,1.0,25.0,Numeric/Cat,2298.0
L1_S25_F2300,categorical,1183747,1180168,3579,0.9969765498877716,1.0,25.0,Numeric/Cat,2300.0
L1_S25_F2301,categorical,1183747,1183681,66,0.9999442448428592,1.0,25.0,Numeric/Cat,2301.0
L1_S25_F2303,categorical,1183747,1183681,66,0.9999442448428592,1.0,25.0,Numeric/Cat,2303.0
L1_S25_F2305,categorical,1183747,1180168,3579,0.9969765498877716,1.0,25.0,Numeric/Cat,2305.0
L1_S25_F2306,categorical,1183747,1183681,66,0.9999442448428592,1.0,25.0,Numeric/Cat,2306.0
L1_S25_F2308,categorical,1183747,1183681,66,0.9999442448428592,1.0,25.0,Numeric/Cat,2308.0
L1_S25_F2310,categorical,1183747,1180168,3579,0.9969765498877716,1.0,25.0,Numeric/Cat,2310.0
L1_S25_F2311,categorical,1183747,1183681,66,0.9999442448428592,1.0,25.0,Numeric/Cat,2311.0
L1_S25_F2313,categorical,1183747,1183681,66,0.9999442448428592,1.0,25.0,Numeric/Cat,2313.0
L1_S25_F2315,categorical,1183747,1180168,3579,0.9969765498877716,1.0,25.0,Numeric/Cat,2315.0
L1_S25_F2316,categorical,1183747,1183681,66,0.9999442448428592,1.0,25.0,Numeric/Cat,2316.0
L1_S25_F2318,categorical,1183747,1183681,66,0.9999442448428592,1.0,25.0,Numeric/Cat,2318.0
L1_S25_F2320,categorical,1183747,1180168,3579,0.9969765498877716,1.0,25.0,Numeric/Cat,2320.0
L1_S25_F2321,categorical,1183747,1183681,66,0.9999442448428592,1.0,25.0,Numeric/Cat,2321.0
L1_S25_F2323,categorical,1183747,1183681,66,0.9999442448428592,1.0,25.0,Numeric/Cat,2323.0
L1_S25_F2325,categorical,1183747,1180168,3579,0.9969765498877716,1.0,25.0,Numeric/Cat,2325.0
L1_S25_F2326,categorical,1183747,1183681,66,0.9999442448428592,1.0,25.0,Numeric/Cat,2326.0
L1_S25_F2328,categorical,1183747,1183729,18,0.9999847940480525,1.0,25.0,Numeric/Cat,2328.0
L1_S25_F2330,categorical,1183747,1180149,3598,0.9969604991607159,1.0,25.0,Numeric/Cat,2330.0
L1_S25_F2331,categorical,1183747,1183729,18,0.9999847940480525,1.0,25.0,Numeric/Cat,2331.0
L1_S25_F2332,categorical,1183747,1183729,18,0.9999847940480525,1.0,25.0,Numeric/Cat,2332.0
L1_S25_F2334,categorical,1183747,1180149,3598,0.9969604991607159,1.0,25.0,Numeric/Cat,2334.0
L1_S25_F2335,categorical,1183747,1183729,18,0.9999847940480525,1.0,25.0,Numeric/Cat,2335.0
L1_S25_F2337,categorical,1183747,1183729,18,0.9999847940480525,1.0,25.0,Numeric/Cat,2337.0
L1_S25_F2339,categorical,1183747,1180149,3598,0.9969604991607159,1.0,25.0,Numeric/Cat,2339.0
L1_S25_F2340,categorical,1183747,1183729,18,0.9999847940480525,1.0,25.0,Numeric/Cat,2340.0
L1_S25_F2342,categorical,1183747,1183729,18,0.9999847940480525,1.0,25.0,Numeric/Cat,2342.0
L1_S25_F2344,categorical,1183747,1180149,3598,0.9969604991607159,1.0,25.0,Numeric/Cat,2344.0
L1_S25_F2345,categorical,1183747,1183729,18,0.9999847940480525,1.0,25.0,Numeric/Cat,2345.0
L1_S25_F2347,categorical,1183747,1183729,18,0.9999847940480525,1.0,25.0,Numeric/Cat,2347.0
L1_S25_F2349,categorical,1183747,1180149,3598,0.9969604991607159,1.0,25.0,Numeric/Cat,2349.0
L1_S25_F2350,categorical,1183747,1183729,18,0.9999847940480525,1.0,25.0,Numeric/Cat,2350.0
L1_S25_F2352,categorical,1183747,1183729,18,0.9999847940480525,1.0,25.0,Numeric/Cat,2352.0
L1_S25_F2354,categorical,1183747,1180149,3598,0.9969604991607159,1.0,25.0,Numeric/Cat,2354.0
L1_S25_F2355,categorical,1183747,1183729,18,0.9999847940480525,1.0,25.0,Numeric/Cat,2355.0
L1_S25_F2357,categorical,1183747,1183729,18,0.9999847940480525,1.0,25.0,Numeric/Cat,2357.0
L1_S25_F2359,categorical,1183747,1180149,3598,0.9969604991607159,1.0,25.0,Numeric/Cat,2359.0
L1_S25_F2360,categorical,1183747,1183729,18,0.9999847940480525,1.0,25.0,Numeric/Cat,2360.0
L1_S25_F2361,categorical,1183747,1183729,18,0.9999847940480525,1.0,25.0,Numeric/Cat,2361.0
L1_S25_F2363,categorical,1183747,1180149,3598,0.9969604991607159,1.0,25.0,Numeric/Cat,2363.0
L1_S25_F2364,categorical,1183747,1183729,18,0.9999847940480525,1.0,25.0,Numeric/Cat,2364.0
L1_S25_F2366,categorical,1183747,1183729,18,0.9999847940480525,1.0,25.0,Numeric/Cat,2366.0
L1_S25_F2368,categorical,1183747,1180149,3598,0.9969604991607159,1.0,25.0,Numeric/Cat,2368.0
L1_S25_F2369,categorical,1183747,1183729,18,0.9999847940480525,1.0,25.0,Numeric/Cat,2369.0
L1_S25_F2371,categorical,1183747,1183729,18,0.9999847940480525,1.0,25.0,Numeric/Cat,2371.0
L1_S25_F2373,categorical,1183747,1180149,3598,0.9969604991607159,1.0,25.0,Numeric/Cat,2373.0
L1_S25_F2374,categorical,1183747,1183729,18,0.9999847940480525,1.0,25.0,Numeric/Cat,2374.0
L1_S25_F2376,categorical,1183747,1183729,18,0.9999847940480525,1.0,25.0,Numeric/Cat,2376.0
L1_S25_F2378,categorical,1183747,1180149,3598,0.9969604991607159,1.0,25.0,Numeric/Cat,2378.0
L1_S25_F2379,categorical,1183747,1183729,18,0.9999847940480525,1.0,25.0,Numeric/Cat,2379.0
L1_S25_F2381,categorical,1183747,1183729,18,0.9999847940480525,1.0,25.0,Numeric/Cat,2381.0
L1_S25_F2383,categorical,1183747,1180149,3598,0.9969604991607159,1.0,25.0,Numeric/Cat,2383.0
L1_S25_F2384,categorical,1183747,1183729,18,0.9999847940480525,1.0,25.0,Numeric/Cat,2384.0
L1_S25_F2386,categorical,1183747,1183729,18,0.9999847940480525,1.0,25.0,Numeric/Cat,2386.0
L1_S25_F2388,categorical,1183747,1180149,3598,0.9969604991607159,1.0,25.0,Numeric/Cat,2388.0
L1_S25_F2389,categorical,1183747,1183729,18,0.9999847940480525,1.0,25.0,Numeric/Cat,2389.0
L1_S25_F2391,categorical,1183747,1183729,18,0.9999847940480525,1.0,25.0,Numeric/Cat,2391.0
L1_S25_F2393,categorical,1183747,1180149,3598,0.9969604991607159,1.0,25.0,Numeric/Cat,2393.0
L1_S25_F2394,categorical,1183747,1183729,18,0.9999847940480525,1.0,25.0,Numeric/Cat,2394.0
L1_S25_F2396,categorical,1183747,1183729,18,0.9999847940480525,1.0,25.0,Numeric/Cat,2396.0
L1_S25_F2398,categorical,1183747,1180149,3598,0.9969604991607159,1.0,25.0,Numeric/Cat,2398.0
L1_S25_F2399,categorical,1183747,1183729,18,0.9999847940480525,1.0,25.0,Numeric/Cat,2399.0
L1_S25_F2401,categorical,1183747,1183729,18,0.9999847940480525,1.0,25.0,Numeric/Cat,2401.0
L1_S25_F2403,categorical,1183747,1180149,3598,0.9969604991607159,1.0,25.0,Numeric/Cat,2403.0
L1_S25_F2404,categorical,1183747,1183729,18,0.9999847940480525,1.0,25.0,Numeric/Cat,2404.0
L1_S25_F2407,categorical,1183747,1183746,1,0.9999991552248918,1.0,25.0,Numeric/Cat,2407.0
L1_S25_F2410,categorical,1183747,1183746,1,0.9999991552248918,1.0,25.0,Numeric/Cat,2410.0
L1_S25_F2413,categorical,1183747,1183746,1,0.9999991552248918,1.0,25.0,Numeric/Cat,2413.0
L1_S25_F2416,categorical,1183747,1183746,1,0.9999991552248918,1.0,25.0,Numeric/Cat,2416.0
L1_S25_F2419,categorical,1183747,1183746,1,0.9999991552248918,1.0,25.0,Numeric/Cat,2419.0
L1_S25_F2422,categorical,1183747,1183746,1,0.9999991552248918,1.0,25.0,Numeric/Cat,2422.0
L1_S25_F2425,categorical,1183747,1183746,1,0.9999991552248918,1.0,25.0,Numeric/Cat,2425.0
L1_S25_F2428,categorical,1183747,1183746,1,0.9999991552248918,1.0,25.0,Numeric/Cat,2428.0
L1_S25_F2447,categorical,1183747,1176685,7062,0.99403419818593,1.0,25.0,Numeric/Cat,2447.0
L1_S25_F2470,categorical,1183747,1183669,78,0.9999341075415609,1.0,25.0,Numeric/Cat,2470.0
L1_S25_F2473,categorical,1183747,1183669,78,0.9999341075415609,1.0,25.0,Numeric/Cat,2473.0
L1_S25_F2476,categorical,1183747,1183669,78,0.9999341075415609,1.0,25.0,Numeric/Cat,2476.0
L1_S25_F2479,categorical,1183747,1183669,78,0.9999341075415609,1.0,25.0,Numeric/Cat,2479.0
L1_S25_F2482,categorical,1183747,1183669,78,0.9999341075415609,1.0,25.0,Numeric/Cat,2482.0
L1_S25_F2485,categorical,1183747,1183669,78,0.9999341075415609,1.0,25.0,Numeric/Cat,2485.0
L1_S25_F2488,categorical,1183747,1183669,78,0.9999341075415609,1.0,25.0,Numeric/Cat,2488.0
L1_S25_F2491,categorical,1183747,1183669,78,0.9999341075415609,1.0,25.0,Numeric/Cat,2491.0
L1_S25_F2494,categorical,1183747,1183669,78,0.9999341075415609,1.0,25.0,Numeric/Cat,2494.0
L1_S25_F2496,categorical,1183747,1179450,4297,0.9963700013600879,1.0,25.0,Numeric/Cat,2496.0
L1_S25_F2517,categorical,1183747,1183740,7,0.9999940865742426,1.0,25.0,Numeric/Cat,2517.0
L1_S25_F2519,categorical,1183747,1181600,2147,0.9981862678427063,1.0,25.0,Numeric/Cat,2519.0
L1_S25_F2520,categorical,1183747,1183740,7,0.9999940865742426,1.0,25.0,Numeric/Cat,2520.0
L1_S25_F2521,categorical,1183747,1183740,7,0.9999940865742426,1.0,25.0,Numeric/Cat,2521.0
L1_S25_F2523,categorical,1183747,1181600,2147,0.9981862678427063,1.0,25.0,Numeric/Cat,2523.0
L1_S25_F2524,categorical,1183747,1183740,7,0.9999940865742426,1.0,25.0,Numeric/Cat,2524.0
L1_S25_F2526,categorical,1183747,1183740,7,0.9999940865742426,1.0,25.0,Numeric/Cat,2526.0
L1_S25_F2528,categorical,1183747,1181600,2147,0.9981862678427063,1.0,25.0,Numeric/Cat,2528.0
L1_S25_F2529,categorical,1183747,1183740,7,0.9999940865742426,1.0,25.0,Numeric/Cat,2529.0
L1_S25_F2531,categorical,1183747,1183740,7,0.9999940865742426,1.0,25.0,Numeric/Cat,2531.0
L1_S25_F2533,categorical,1183747,1181600,2147,0.9981862678427063,1.0,25.0,Numeric/Cat,2533.0
L1_S25_F2534,categorical,1183747,1183740,7,0.9999940865742426,1.0,25.0,Numeric/Cat,2534.0
L1_S25_F2536,categorical,1183747,1183740,7,0.9999940865742426,1.0,25.0,Numeric/Cat,2536.0
L1_S25_F2538,categorical,1183747,1181600,2147,0.9981862678427063,1.0,25.0,Numeric/Cat,2538.0
L1_S25_F2539,categorical,1183747,1183740,7,0.9999940865742426,1.0,25.0,Numeric/Cat,2539.0
L1_S25_F2541,categorical,1183747,1183740,7,0.9999940865742426,1.0,25.0,Numeric/Cat,2541.0
L1_S25_F2543,categorical,1183747,1181600,2147,0.9981862678427063,1.0,25.0,Numeric/Cat,2543.0
L1_S25_F2544,categorical,1183747,1183740,7,0.9999940865742426,1.0,25.0,Numeric/Cat,2544.0
L1_S25_F2546,categorical,1183747,1183740,7,0.9999940865742426,1.0,25.0,Numeric/Cat,2546.0
L1_S25_F2548,categorical,1183747,1181600,2147,0.9981862678427063,1.0,25.0,Numeric/Cat,2548.0
L1_S25_F2549,categorical,1183747,1183740,7,0.9999940865742426,1.0,25.0,Numeric/Cat,2549.0
L1_S25_F2550,categorical,1183747,1183740,7,0.9999940865742426,1.0,25.0,Numeric/Cat,2550.0
L1_S25_F2552,categorical,1183747,1181600,2147,0.9981862678427063,1.0,25.0,Numeric/Cat,2552.0
L1_S25_F2553,categorical,1183747,1183740,7,0.9999940865742426,1.0,25.0,Numeric/Cat,2553.0
L1_S25_F2555,categorical,1183747,1183740,7,0.9999940865742426,1.0,25.0,Numeric/Cat,2555.0
L1_S25_F2557,categorical,1183747,1181600,2147,0.9981862678427063,1.0,25.0,Numeric/Cat,2557.0
L1_S25_F2558,categorical,1183747,1183740,7,0.9999940865742426,1.0,25.0,Numeric/Cat,2558.0
L1_S25_F2560,categorical,1183747,1183740,7,0.9999940865742426,1.0,25.0,Numeric/Cat,2560.0
L1_S25_F2562,categorical,1183747,1181600,2147,0.9981862678427063,1.0,25.0,Numeric/Cat,2562.0
L1_S25_F2563,categorical,1183747,1183740,7,0.9999940865742426,1.0,25.0,Numeric/Cat,2563.0
L1_S25_F2565,categorical,1183747,1183740,7,0.9999940865742426,1.0,25.0,Numeric/Cat,2565.0
L1_S25_F2567,categorical,1183747,1181600,2147,0.9981862678427063,1.0,25.0,Numeric/Cat,2567.0
L1_S25_F2568,categorical,1183747,1183740,7,0.9999940865742426,1.0,25.0,Numeric/Cat,2568.0
L1_S25_F2570,categorical,1183747,1183740,7,0.9999940865742426,1.0,25.0,Numeric/Cat,2570.0
L1_S25_F2572,categorical,1183747,1181600,2147,0.9981862678427063,1.0,25.0,Numeric/Cat,2572.0
L1_S25_F2573,categorical,1183747,1183740,7,0.9999940865742426,1.0,25.0,Numeric/Cat,2573.0
L1_S25_F2575,categorical,1183747,1183740,7,0.9999940865742426,1.0,25.0,Numeric/Cat,2575.0
L1_S25_F2577,categorical,1183747,1181600,2147,0.9981862678427063,1.0,25.0,Numeric/Cat,2577.0
L1_S25_F2578,categorical,1183747,1183740,7,0.9999940865742426,1.0,25.0,Numeric/Cat,2578.0
L1_S25_F2580,categorical,1183747,1183740,7,0.9999940865742426,1.0,25.0,Numeric/Cat,2580.0
L1_S25_F2582,categorical,1183747,1181600,2147,0.9981862678427063,1.0,25.0,Numeric/Cat,2582.0
L1_S25_F2583,categorical,1183747,1183740,7,0.9999940865742426,1.0,25.0,Numeric/Cat,2583.0
L1_S25_F2585,categorical,1183747,1183740,7,0.9999940865742426,1.0,25.0,Numeric/Cat,2585.0
L1_S25_F2587,categorical,1183747,1181600,2147,0.9981862678427063,1.0,25.0,Numeric/Cat,2587.0
L1_S25_F2588,categorical,1183747,1183740,7,0.9999940865742426,1.0,25.0,Numeric/Cat,2588.0
L1_S25_F2590,categorical,1183747,1183740,7,0.9999940865742426,1.0,25.0,Numeric/Cat,2590.0
L1_S25_F2592,categorical,1183747,1181600,2147,0.9981862678427063,1.0,25.0,Numeric/Cat,2592.0
L1_S25_F2593,categorical,1183747,1183740,7,0.9999940865742426,1.0,25.0,Numeric/Cat,2593.0
L1_S25_F2595,categorical,1183747,1183742,5,0.999995776124459,1.0,25.0,Numeric/Cat,2595.0
L1_S25_F2597,categorical,1183747,1181593,2154,0.9981803544169489,1.0,25.0,Numeric/Cat,2597.0
L1_S25_F2598,categorical,1183747,1183742,5,0.999995776124459,1.0,25.0,Numeric/Cat,2598.0
L1_S25_F2599,categorical,1183747,1183742,5,0.999995776124459,1.0,25.0,Numeric/Cat,2599.0
L1_S25_F2601,categorical,1183747,1181593,2154,0.9981803544169489,1.0,25.0,Numeric/Cat,2601.0
L1_S25_F2602,categorical,1183747,1183742,5,0.999995776124459,1.0,25.0,Numeric/Cat,2602.0
L1_S25_F2604,categorical,1183747,1183742,5,0.999995776124459,1.0,25.0,Numeric/Cat,2604.0
L1_S25_F2606,categorical,1183747,1181593,2154,0.9981803544169489,1.0,25.0,Numeric/Cat,2606.0
L1_S25_F2607,categorical,1183747,1183742,5,0.999995776124459,1.0,25.0,Numeric/Cat,2607.0
L1_S25_F2609,categorical,1183747,1183742,5,0.999995776124459,1.0,25.0,Numeric/Cat,2609.0
L1_S25_F2611,categorical,1183747,1181593,2154,0.9981803544169489,1.0,25.0,Numeric/Cat,2611.0
L1_S25_F2612,categorical,1183747,1183742,5,0.999995776124459,1.0,25.0,Numeric/Cat,2612.0
L1_S25_F2614,categorical,1183747,1183742,5,0.999995776124459,1.0,25.0,Numeric/Cat,2614.0
L1_S25_F2616,categorical,1183747,1181593,2154,0.9981803544169489,1.0,25.0,Numeric/Cat,2616.0
L1_S25_F2617,categorical,1183747,1183742,5,0.999995776124459,1.0,25.0,Numeric/Cat,2617.0
L1_S25_F2619,categorical,1183747,1183742,5,0.999995776124459,1.0,25.0,Numeric/Cat,2619.0
L1_S25_F2621,categorical,1183747,1181593,2154,0.9981803544169489,1.0,25.0,Numeric/Cat,2621.0
L1_S25_F2622,categorical,1183747,1183742,5,0.999995776124459,1.0,25.0,Numeric/Cat,2622.0
L1_S25_F2624,categorical,1183747,1183742,5,0.999995776124459,1.0,25.0,Numeric/Cat,2624.0
L1_S25_F2626,categorical,1183747,1181593,2154,0.9981803544169489,1.0,25.0,Numeric/Cat,2626.0
L1_S25_F2627,categorical,1183747,1183742,5,0.999995776124459,1.0,25.0,Numeric/Cat,2627.0
L1_S25_F2628,categorical,1183747,1183742,5,0.999995776124459,1.0,25.0,Numeric/Cat,2628.0
L1_S25_F2630,categorical,1183747,1181593,2154,0.9981803544169489,1.0,25.0,Numeric/Cat,2630.0
L1_S25_F2631,categorical,1183747,1183742,5,0.999995776124459,1.0,25.0,Numeric/Cat,2631.0
L1_S25_F2633,categorical,1183747,1183742,5,0.999995776124459,1.0,25.0,Numeric/Cat,2633.0
L1_S25_F2635,categorical,1183747,1181593,2154,0.9981803544169489,1.0,25.0,Numeric/Cat,2635.0
L1_S25_F2636,categorical,1183747,1183742,5,0.999995776124459,1.0,25.0,Numeric/Cat,2636.0
L1_S25_F2638,categorical,1183747,1183742,5,0.999995776124459,1.0,25.0,Numeric/Cat,2638.0
L1_S25_F2640,categorical,1183747,1181593,2154,0.9981803544169489,1.0,25.0,Numeric/Cat,2640.0
L1_S25_F2641,categorical,1183747,1183742,5,0.999995776124459,1.0,25.0,Numeric/Cat,2641.0
L1_S25_F2643,categorical,1183747,1183742,5,0.999995776124459,1.0,25.0,Numeric/Cat,2643.0
L1_S25_F2645,categorical,1183747,1181593,2154,0.9981803544169489,1.0,25.0,Numeric/Cat,2645.0
L1_S25_F2646,categorical,1183747,1183742,5,0.999995776124459,1.0,25.0,Numeric/Cat,2646.0
L1_S25_F2648,categorical,1183747,1183742,5,0.999995776124459,1.0,25.0,Numeric/Cat,2648.0
L1_S25_F2650,categorical,1183747,1181593,2154,0.9981803544169489,1.0,25.0,Numeric/Cat,2650.0
L1_S25_F2651,categorical,1183747,1183742,5,0.999995776124459,1.0,25.0,Numeric/Cat,2651.0
L1_S25_F2653,categorical,1183747,1183742,5,0.999995776124459,1.0,25.0,Numeric/Cat,2653.0
L1_S25_F2655,categorical,1183747,1181593,2154,0.9981803544169489,1.0,25.0,Numeric/Cat,2655.0
L1_S25_F2656,categorical,1183747,1183742,5,0.999995776124459,1.0,25.0,Numeric/Cat,2656.0
L1_S25_F2658,categorical,1183747,1183742,5,0.999995776124459,1.0,25.0,Numeric/Cat,2658.0
L1_S25_F2660,categorical,1183747,1181593,2154,0.9981803544169489,1.0,25.0,Numeric/Cat,2660.0
L1_S25_F2661,categorical,1183747,1183742,5,0.999995776124459,1.0,25.0,Numeric/Cat,2661.0
L1_S25_F2663,categorical,1183747,1183742,5,0.999995776124459,1.0,25.0,Numeric/Cat,2663.0
L1_S25_F2665,categorical,1183747,1181593,2154,0.9981803544169489,1.0,25.0,Numeric/Cat,2665.0
L1_S25_F2666,categorical,1183747,1183742,5,0.999995776124459,1.0,25.0,Numeric/Cat,2666.0
L1_S25_F2668,categorical,1183747,1183742,5,0.999995776124459,1.0,25.0,Numeric/Cat,2668.0
L1_S25_F2670,categorical,1183747,1181593,2154,0.9981803544169489,1.0,25.0,Numeric/Cat,2670.0
L1_S25_F2671,categorical,1183747,1183742,5,0.999995776124459,1.0,25.0,Numeric/Cat,2671.0
L1_S25_F2673,categorical,1183747,1183739,8,0.9999932417991344,1.0,25.0,Numeric/Cat,2673.0
L1_S25_F2675,categorical,1183747,1183739,8,0.9999932417991344,1.0,25.0,Numeric/Cat,2675.0
L1_S25_F2676,categorical,1183747,1183739,8,0.9999932417991344,1.0,25.0,Numeric/Cat,2676.0
L1_S25_F2678,categorical,1183747,1183739,8,0.9999932417991344,1.0,25.0,Numeric/Cat,2678.0
L1_S25_F2680,categorical,1183747,1183739,8,0.9999932417991344,1.0,25.0,Numeric/Cat,2680.0
L1_S25_F2681,categorical,1183747,1183739,8,0.9999932417991344,1.0,25.0,Numeric/Cat,2681.0
L1_S25_F2683,categorical,1183747,1183739,8,0.9999932417991344,1.0,25.0,Numeric/Cat,2683.0
L1_S25_F2685,categorical,1183747,1183739,8,0.9999932417991344,1.0,25.0,Numeric/Cat,2685.0
L1_S25_F2686,categorical,1183747,1183739,8,0.9999932417991344,1.0,25.0,Numeric/Cat,2686.0
L1_S25_F2688,categorical,1183747,1183739,8,0.9999932417991344,1.0,25.0,Numeric/Cat,2688.0
L1_S25_F2690,categorical,1183747,1183739,8,0.9999932417991344,1.0,25.0,Numeric/Cat,2690.0
L1_S25_F2691,categorical,1183747,1183739,8,0.9999932417991344,1.0,25.0,Numeric/Cat,2691.0
L1_S25_F2693,categorical,1183747,1183739,8,0.9999932417991344,1.0,25.0,Numeric/Cat,2693.0
L1_S25_F2695,categorical,1183747,1183739,8,0.9999932417991344,1.0,25.0,Numeric/Cat,2695.0
L1_S25_F2696,categorical,1183747,1183739,8,0.9999932417991344,1.0,25.0,Numeric/Cat,2696.0
L1_S25_F2698,categorical,1183747,1183739,8,0.9999932417991344,1.0,25.0,Numeric/Cat,2698.0
L1_S25_F2700,categorical,1183747,1183739,8,0.9999932417991344,1.0,25.0,Numeric/Cat,2700.0
L1_S25_F2701,categorical,1183747,1183739,8,0.9999932417991344,1.0,25.0,Numeric/Cat,2701.0
L1_S25_F2703,categorical,1183747,1183739,8,0.9999932417991344,1.0,25.0,Numeric/Cat,2703.0
L1_S25_F2705,categorical,1183747,1183739,8,0.9999932417991344,1.0,25.0,Numeric/Cat,2705.0
L1_S25_F2706,categorical,1183747,1183739,8,0.9999932417991344,1.0,25.0,Numeric/Cat,2706.0
L1_S25_F2708,categorical,1183747,1183739,8,0.9999932417991344,1.0,25.0,Numeric/Cat,2708.0
L1_S25_F2710,categorical,1183747,1183739,8,0.9999932417991344,1.0,25.0,Numeric/Cat,2710.0
L1_S25_F2711,categorical,1183747,1183739,8,0.9999932417991344,1.0,25.0,Numeric/Cat,2711.0
L1_S25_F2730,categorical,1183747,1179479,4268,0.9963944998382256,1.0,25.0,Numeric/Cat,2730.0
L1_S25_F2753,categorical,1183747,1183689,58,0.9999510030437248,1.0,25.0,Numeric/Cat,2753.0
L1_S25_F2756,categorical,1183747,1183689,58,0.9999510030437248,1.0,25.0,Numeric/Cat,2756.0
L1_S25_F2759,categorical,1183747,1183689,58,0.9999510030437248,1.0,25.0,Numeric/Cat,2759.0
L1_S25_F2762,categorical,1183747,1183689,58,0.9999510030437248,1.0,25.0,Numeric/Cat,2762.0
L1_S25_F2765,categorical,1183747,1183689,58,0.9999510030437248,1.0,25.0,Numeric/Cat,2765.0
L1_S25_F2768,categorical,1183747,1183689,58,0.9999510030437248,1.0,25.0,Numeric/Cat,2768.0
L1_S25_F2771,categorical,1183747,1183689,58,0.9999510030437248,1.0,25.0,Numeric/Cat,2771.0
L1_S25_F2774,categorical,1183747,1183689,58,0.9999510030437248,1.0,25.0,Numeric/Cat,2774.0
L1_S25_F2777,categorical,1183747,1183689,58,0.9999510030437248,1.0,25.0,Numeric/Cat,2777.0
L1_S25_F2779,categorical,1183747,1165969,17778,0.9849815881265169,1.0,25.0,Numeric/Cat,2779.0
L1_S25_F2800,categorical,1183747,1183721,26,0.9999780358471869,1.0,25.0,Numeric/Cat,2800.0
L1_S25_F2802,categorical,1183747,1174875,8872,0.9925051552400977,1.0,25.0,Numeric/Cat,2802.0
L1_S25_F2803,categorical,1183747,1183721,26,0.9999780358471869,1.0,25.0,Numeric/Cat,2803.0
L1_S25_F2804,categorical,1183747,1183721,26,0.9999780358471869,1.0,25.0,Numeric/Cat,2804.0
L1_S25_F2806,categorical,1183747,1174875,8872,0.9925051552400977,1.0,25.0,Numeric/Cat,2806.0
L1_S25_F2807,categorical,1183747,1183721,26,0.9999780358471869,1.0,25.0,Numeric/Cat,2807.0
L1_S25_F2809,categorical,1183747,1183721,26,0.9999780358471869,1.0,25.0,Numeric/Cat,2809.0
L1_S25_F2811,categorical,1183747,1174875,8872,0.9925051552400977,1.0,25.0,Numeric/Cat,2811.0
L1_S25_F2812,categorical,1183747,1183721,26,0.9999780358471869,1.0,25.0,Numeric/Cat,2812.0
L1_S25_F2814,categorical,1183747,1183721,26,0.9999780358471869,1.0,25.0,Numeric/Cat,2814.0
L1_S25_F2816,categorical,1183747,1174875,8872,0.9925051552400977,1.0,25.0,Numeric/Cat,2816.0
L1_S25_F2817,categorical,1183747,1183721,26,0.9999780358471869,1.0,25.0,Numeric/Cat,2817.0
L1_S25_F2819,categorical,1183747,1183721,26,0.9999780358471869,1.0,25.0,Numeric/Cat,2819.0
L1_S25_F2821,categorical,1183747,1174875,8872,0.9925051552400977,1.0,25.0,Numeric/Cat,2821.0
L1_S25_F2822,categorical,1183747,1183721,26,0.9999780358471869,1.0,25.0,Numeric/Cat,2822.0
L1_S25_F2824,categorical,1183747,1183721,26,0.9999780358471869,1.0,25.0,Numeric/Cat,2824.0
L1_S25_F2826,categorical,1183747,1174875,8872,0.9925051552400977,1.0,25.0,Numeric/Cat,2826.0
L1_S25_F2827,categorical,1183747,1183721,26,0.9999780358471869,1.0,25.0,Numeric/Cat,2827.0
L1_S25_F2829,categorical,1183747,1183721,26,0.9999780358471869,1.0,25.0,Numeric/Cat,2829.0
L1_S25_F2831,categorical,1183747,1174875,8872,0.9925051552400977,1.0,25.0,Numeric/Cat,2831.0
L1_S25_F2832,categorical,1183747,1183721,26,0.9999780358471869,1.0,25.0,Numeric/Cat,2832.0
L1_S25_F2833,categorical,1183747,1183721,26,0.9999780358471869,1.0,25.0,Numeric/Cat,2833.0
L1_S25_F2835,categorical,1183747,1174875,8872,0.9925051552400977,1.0,25.0,Numeric/Cat,2835.0
L1_S25_F2836,categorical,1183747,1183721,26,0.9999780358471869,1.0,25.0,Numeric/Cat,2836.0
L1_S25_F2838,categorical,1183747,1183721,26,0.9999780358471869,1.0,25.0,Numeric/Cat,2838.0
L1_S25_F2840,categorical,1183747,1174875,8872,0.9925051552400977,1.0,25.0,Numeric/Cat,2840.0
L1_S25_F2841,categorical,1183747,1183721,26,0.9999780358471869,1.0,25.0,Numeric/Cat,2841.0
L1_S25_F2843,categorical,1183747,1183721,26,0.9999780358471869,1.0,25.0,Numeric/Cat,2843.0
L1_S25_F2845,categorical,1183747,1174875,8872,0.9925051552400977,1.0,25.0,Numeric/Cat,2845.0
L1_S25_F2846,categorical,1183747,1183721,26,0.9999780358471869,1.0,25.0,Numeric/Cat,2846.0
L1_S25_F2848,categorical,1183747,1183721,26,0.9999780358471869,1.0,25.0,Numeric/Cat,2848.0
L1_S25_F2850,categorical,1183747,1174875,8872,0.9925051552400977,1.0,25.0,Numeric/Cat,2850.0
L1_S25_F2851,categorical,1183747,1183721,26,0.9999780358471869,1.0,25.0,Numeric/Cat,2851.0
L1_S25_F2853,categorical,1183747,1183721,26,0.9999780358471869,1.0,25.0,Numeric/Cat,2853.0
L1_S25_F2855,categorical,1183747,1174875,8872,0.9925051552400977,1.0,25.0,Numeric/Cat,2855.0
L1_S25_F2856,categorical,1183747,1183721,26,0.9999780358471869,1.0,25.0,Numeric/Cat,2856.0
L1_S25_F2858,categorical,1183747,1183721,26,0.9999780358471869,1.0,25.0,Numeric/Cat,2858.0
L1_S25_F2860,categorical,1183747,1174875,8872,0.9925051552400977,1.0,25.0,Numeric/Cat,2860.0
L1_S25_F2861,categorical,1183747,1183721,26,0.9999780358471869,1.0,25.0,Numeric/Cat,2861.0
L1_S25_F2863,categorical,1183747,1183721,26,0.9999780358471869,1.0,25.0,Numeric/Cat,2863.0
L1_S25_F2865,categorical,1183747,1174875,8872,0.9925051552400977,1.0,25.0,Numeric/Cat,2865.0
L1_S25_F2866,categorical,1183747,1183721,26,0.9999780358471869,1.0,25.0,Numeric/Cat,2866.0
L1_S25_F2868,categorical,1183747,1183721,26,0.9999780358471869,1.0,25.0,Numeric/Cat,2868.0
L1_S25_F2870,categorical,1183747,1174875,8872,0.9925051552400977,1.0,25.0,Numeric/Cat,2870.0
L1_S25_F2871,categorical,1183747,1183721,26,0.9999780358471869,1.0,25.0,Numeric/Cat,2871.0
L1_S25_F2873,categorical,1183747,1183721,26,0.9999780358471869,1.0,25.0,Numeric/Cat,2873.0
L1_S25_F2875,categorical,1183747,1174875,8872,0.9925051552400977,1.0,25.0,Numeric/Cat,2875.0
L1_S25_F2876,categorical,1183747,1183721,26,0.9999780358471869,1.0,25.0,Numeric/Cat,2876.0
L1_S25_F2878,categorical,1183747,1183746,1,0.9999991552248918,1.0,25.0,Numeric/Cat,2878.0
L1_S25_F2880,categorical,1183747,1174811,8936,0.9924510896331733,1.0,25.0,Numeric/Cat,2880.0
L1_S25_F2881,categorical,1183747,1183746,1,0.9999991552248918,1.0,25.0,Numeric/Cat,2881.0
L1_S25_F2882,categorical,1183747,1183746,1,0.9999991552248918,1.0,25.0,Numeric/Cat,2882.0
L1_S25_F2884,categorical,1183747,1174811,8936,0.9924510896331733,1.0,25.0,Numeric/Cat,2884.0
L1_S25_F2885,categorical,1183747,1183746,1,0.9999991552248918,1.0,25.0,Numeric/Cat,2885.0
L1_S25_F2887,categorical,1183747,1183746,1,0.9999991552248918,1.0,25.0,Numeric/Cat,2887.0
L1_S25_F2889,categorical,1183747,1174811,8936,0.9924510896331733,1.0,25.0,Numeric/Cat,2889.0
L1_S25_F2890,categorical,1183747,1183746,1,0.9999991552248918,1.0,25.0,Numeric/Cat,2890.0
L1_S25_F2892,categorical,1183747,1183746,1,0.9999991552248918,1.0,25.0,Numeric/Cat,2892.0
L1_S25_F2894,categorical,1183747,1174811,8936,0.9924510896331733,1.0,25.0,Numeric/Cat,2894.0
L1_S25_F2895,categorical,1183747,1183746,1,0.9999991552248918,1.0,25.0,Numeric/Cat,2895.0
L1_S25_F2897,categorical,1183747,1183746,1,0.9999991552248918,1.0,25.0,Numeric/Cat,2897.0
L1_S25_F2899,categorical,1183747,1174811,8936,0.9924510896331733,1.0,25.0,Numeric/Cat,2899.0
L1_S25_F2900,categorical,1183747,1183746,1,0.9999991552248918,1.0,25.0,Numeric/Cat,2900.0
L1_S25_F2902,categorical,1183747,1183746,1,0.9999991552248918,1.0,25.0,Numeric/Cat,2902.0
L1_S25_F2904,categorical,1183747,1174811,8936,0.9924510896331733,1.0,25.0,Numeric/Cat,2904.0
L1_S25_F2905,categorical,1183747,1183746,1,0.9999991552248918,1.0,25.0,Numeric/Cat,2905.0
L1_S25_F2907,categorical,1183747,1183746,1,0.9999991552248918,1.0,25.0,Numeric/Cat,2907.0
L1_S25_F2909,categorical,1183747,1174811,8936,0.9924510896331733,1.0,25.0,Numeric/Cat,2909.0
L1_S25_F2910,categorical,1183747,1183746,1,0.9999991552248918,1.0,25.0,Numeric/Cat,2910.0
L1_S25_F2911,categorical,1183747,1183746,1,0.9999991552248918,1.0,25.0,Numeric/Cat,2911.0
L1_S25_F2913,categorical,1183747,1174811,8936,0.9924510896331733,1.0,25.0,Numeric/Cat,2913.0
L1_S25_F2914,categorical,1183747,1183746,1,0.9999991552248918,1.0,25.0,Numeric/Cat,2914.0
L1_S25_F2916,categorical,1183747,1183746,1,0.9999991552248918,1.0,25.0,Numeric/Cat,2916.0
L1_S25_F2918,categorical,1183747,1174811,8936,0.9924510896331733,1.0,25.0,Numeric/Cat,2918.0
L1_S25_F2919,categorical,1183747,1183746,1,0.9999991552248918,1.0,25.0,Numeric/Cat,2919.0
L1_S25_F2921,categorical,1183747,1183746,1,0.9999991552248918,1.0,25.0,Numeric/Cat,2921.0
L1_S25_F2923,categorical,1183747,1174811,8936,0.9924510896331733,1.0,25.0,Numeric/Cat,2923.0
L1_S25_F2924,categorical,1183747,1183746,1,0.9999991552248918,1.0,25.0,Numeric/Cat,2924.0
L1_S25_F2926,categorical,1183747,1183746,1,0.9999991552248918,1.0,25.0,Numeric/Cat,2926.0
L1_S25_F2928,categorical,1183747,1174811,8936,0.9924510896331733,1.0,25.0,Numeric/Cat,2928.0
L1_S25_F2929,categorical,1183747,1183746,1,0.9999991552248918,1.0,25.0,Numeric/Cat,2929.0
L1_S25_F2931,categorical,1183747,1183746,1,0.9999991552248918,1.0,25.0,Numeric/Cat,2931.0
L1_S25_F2933,categorical,1183747,1174811,8936,0.9924510896331733,1.0,25.0,Numeric/Cat,2933.0
L1_S25_F2934,categorical,1183747,1183746,1,0.9999991552248918,1.0,25.0,Numeric/Cat,2934.0
L1_S25_F2936,categorical,1183747,1183746,1,0.9999991552248918,1.0,25.0,Numeric/Cat,2936.0
L1_S25_F2938,categorical,1183747,1174811,8936,0.9924510896331733,1.0,25.0,Numeric/Cat,2938.0
L1_S25_F2939,categorical,1183747,1183746,1,0.9999991552248918,1.0,25.0,Numeric/Cat,2939.0
L1_S25_F2941,categorical,1183747,1183746,1,0.9999991552248918,1.0,25.0,Numeric/Cat,2941.0
L1_S25_F2943,categorical,1183747,1174811,8936,0.9924510896331733,1.0,25.0,Numeric/Cat,2943.0
L1_S25_F2944,categorical,1183747,1183746,1,0.9999991552248918,1.0,25.0,Numeric/Cat,2944.0
L1_S25_F2946,categorical,1183747,1183746,1,0.9999991552248918,1.0,25.0,Numeric/Cat,2946.0
L1_S25_F2948,categorical,1183747,1174811,8936,0.9924510896331733,1.0,25.0,Numeric/Cat,2948.0
L1_S25_F2949,categorical,1183747,1183746,1,0.9999991552248918,1.0,25.0,Numeric/Cat,2949.0
L1_S25_F2951,categorical,1183747,1183746,1,0.9999991552248918,1.0,25.0,Numeric/Cat,2951.0
L1_S25_F2953,categorical,1183747,1174811,8936,0.9924510896331733,1.0,25.0,Numeric/Cat,2953.0
L1_S25_F2954,categorical,1183747,1183746,1,0.9999991552248918,1.0,25.0,Numeric/Cat,2954.0
L1_S25_F2956,categorical,1183747,1183747,0,1.0,1.0,25.0,Numeric/Cat,2956.0
L1_S25_F2958,categorical,1183747,1176792,6955,0.9941245891225068,1.0,25.0,Numeric/Cat,2958.0
L1_S25_F2959,categorical,1183747,1183747,0,1.0,1.0,25.0,Numeric/Cat,2959.0
L1_S25_F2961,categorical,1183747,1183747,0,1.0,1.0,25.0,Numeric/Cat,2961.0
L1_S25_F2963,categorical,1183747,1176792,6955,0.9941245891225068,1.0,25.0,Numeric/Cat,2963.0
L1_S25_F2964,categorical,1183747,1183747,0,1.0,1.0,25.0,Numeric/Cat,2964.0
L1_S25_F2966,categorical,1183747,1183747,0,1.0,1.0,25.0,Numeric/Cat,2966.0
L1_S25_F2968,categorical,1183747,1176792,6955,0.9941245891225068,1.0,25.0,Numeric/Cat,2968.0
L1_S25_F2969,categorical,1183747,1183747,0,1.0,1.0,25.0,Numeric/Cat,2969.0
L1_S25_F2971,categorical,1183747,1183747,0,1.0,1.0,25.0,Numeric/Cat,2971.0
L1_S25_F2973,categorical,1183747,1176792,6955,0.9941245891225068,1.0,25.0,Numeric/Cat,2973.0
L1_S25_F2974,categorical,1183747,1183747,0,1.0,1.0,25.0,Numeric/Cat,2974.0
L1_S25_F2976,categorical,1183747,1183747,0,1.0,1.0,25.0,Numeric/Cat,2976.0
L1_S25_F2978,categorical,1183747,1176792,6955,0.9941245891225068,1.0,25.0,Numeric/Cat,2978.0
L1_S25_F2979,categorical,1183747,1183747,0,1.0,1.0,25.0,Numeric/Cat,2979.0
L1_S25_F2981,categorical,1183747,1183747,0,1.0,1.0,25.0,Numeric/Cat,2981.0
L1_S25_F2983,categorical,1183747,1176792,6955,0.9941245891225068,1.0,25.0,Numeric/Cat,2983.0
L1_S25_F2984,categorical,1183747,1183747,0,1.0,1.0,25.0,Numeric/Cat,2984.0
L1_S25_F2986,categorical,1183747,1183747,0,1.0,1.0,25.0,Numeric/Cat,2986.0
L1_S25_F2988,categorical,1183747,1176792,6955,0.9941245891225068,1.0,25.0,Numeric/Cat,2988.0
L1_S25_F2989,categorical,1183747,1183747,0,1.0,1.0,25.0,Numeric/Cat,2989.0
L1_S25_F2991,categorical,1183747,1183747,0,1.0,1.0,25.0,Numeric/Cat,2991.0
L1_S25_F2993,categorical,1183747,1176792,6955,0.9941245891225068,1.0,25.0,Numeric/Cat,2993.0
L1_S25_F2994,categorical,1183747,1183747,0,1.0,1.0,25.0,Numeric/Cat,2994.0
L1_S25_F3013,categorical,1183747,1165975,17772,0.984986656777166,1.0,25.0,Numeric/Cat,3013.0
L2_S26_F3038,categorical,1183747,956736,227011,0.8082267579136421,2.0,26.0,Numeric/Cat,3038.0
L2_S26_F3039,categorical,1183747,1183714,33,0.9999721224214296,2.0,26.0,Numeric/Cat,3039.0
L2_S26_F3042,categorical,1183747,956736,227011,0.8082267579136421,2.0,26.0,Numeric/Cat,3042.0
L2_S26_F3043,categorical,1183747,1183714,33,0.9999721224214296,2.0,26.0,Numeric/Cat,3043.0
L2_S26_F3045,categorical,1183747,956736,227011,0.8082267579136421,2.0,26.0,Numeric/Cat,3045.0
L2_S26_F3046,categorical,1183747,1183714,33,0.9999721224214296,2.0,26.0,Numeric/Cat,3046.0
L2_S26_F3049,categorical,1183747,956736,227011,0.8082267579136421,2.0,26.0,Numeric/Cat,3049.0
L2_S26_F3050,categorical,1183747,1183714,33,0.9999721224214296,2.0,26.0,Numeric/Cat,3050.0
L2_S26_F3053,categorical,1183747,956736,227011,0.8082267579136421,2.0,26.0,Numeric/Cat,3053.0
L2_S26_F3054,categorical,1183747,1183714,33,0.9999721224214296,2.0,26.0,Numeric/Cat,3054.0
L2_S26_F3057,categorical,1183747,956736,227011,0.8082267579136421,2.0,26.0,Numeric/Cat,3057.0
L2_S26_F3058,categorical,1183747,1183714,33,0.9999721224214296,2.0,26.0,Numeric/Cat,3058.0
L2_S26_F3060,categorical,1183747,956736,227011,0.8082267579136421,2.0,26.0,Numeric/Cat,3060.0
L2_S26_F3061,categorical,1183747,1183714,33,0.9999721224214296,2.0,26.0,Numeric/Cat,3061.0
L2_S26_F3064,categorical,1183747,956736,227011,0.8082267579136421,2.0,26.0,Numeric/Cat,3064.0
L2_S26_F3065,categorical,1183747,1183714,33,0.9999721224214296,2.0,26.0,Numeric/Cat,3065.0
L2_S26_F3067,categorical,1183747,956736,227011,0.8082267579136421,2.0,26.0,Numeric/Cat,3067.0
L2_S26_F3068,categorical,1183747,1183714,33,0.9999721224214296,2.0,26.0,Numeric/Cat,3068.0
L2_S26_F3071,categorical,1183747,956736,227011,0.8082267579136421,2.0,26.0,Numeric/Cat,3071.0
L2_S26_F3072,categorical,1183747,1183714,33,0.9999721224214296,2.0,26.0,Numeric/Cat,3072.0
L2_S26_F3075,categorical,1183747,956736,227011,0.8082267579136421,2.0,26.0,Numeric/Cat,3075.0
L2_S26_F3076,categorical,1183747,1183714,33,0.9999721224214296,2.0,26.0,Numeric/Cat,3076.0
L2_S26_F3079,categorical,1183747,956736,227011,0.8082267579136421,2.0,26.0,Numeric/Cat,3079.0
L2_S26_F3080,categorical,1183747,1183714,33,0.9999721224214296,2.0,26.0,Numeric/Cat,3080.0
L2_S26_F3082,categorical,1183747,956737,227010,0.8082276026887503,2.0,26.0,Numeric/Cat,3082.0
L2_S26_F3083,categorical,1183747,1183714,33,0.9999721224214296,2.0,26.0,Numeric/Cat,3083.0
L2_S26_F3085,categorical,1183747,956737,227010,0.8082276026887503,2.0,26.0,Numeric/Cat,3085.0
L2_S26_F3086,categorical,1183747,1183714,33,0.9999721224214296,2.0,26.0,Numeric/Cat,3086.0
L2_S26_F3088,categorical,1183747,956737,227010,0.8082276026887503,2.0,26.0,Numeric/Cat,3088.0
L2_S26_F3089,categorical,1183747,1183714,33,0.9999721224214296,2.0,26.0,Numeric/Cat,3089.0
L2_S26_F3091,categorical,1183747,956737,227010,0.8082276026887503,2.0,26.0,Numeric/Cat,3091.0
L2_S26_F3092,categorical,1183747,1183714,33,0.9999721224214296,2.0,26.0,Numeric/Cat,3092.0
L2_S26_F3094,categorical,1183747,956737,227010,0.8082276026887503,2.0,26.0,Numeric/Cat,3094.0
L2_S26_F3095,categorical,1183747,1183714,33,0.9999721224214296,2.0,26.0,Numeric/Cat,3095.0
L2_S26_F3097,categorical,1183747,956737,227010,0.8082276026887503,2.0,26.0,Numeric/Cat,3097.0
L2_S26_F3098,categorical,1183747,1183714,33,0.9999721224214296,2.0,26.0,Numeric/Cat,3098.0
L2_S26_F3099,categorical,1183747,956736,227011,0.8082267579136421,2.0,26.0,Numeric/Cat,3099.0
L2_S26_F3101,categorical,1183747,956736,227011,0.8082267579136421,2.0,26.0,Numeric/Cat,3101.0
L2_S26_F3102,categorical,1183747,1183714,33,0.9999721224214296,2.0,26.0,Numeric/Cat,3102.0
L2_S26_F3104,categorical,1183747,956736,227011,0.8082267579136421,2.0,26.0,Numeric/Cat,3104.0
L2_S26_F3105,categorical,1183747,1183714,33,0.9999721224214296,2.0,26.0,Numeric/Cat,3105.0
L2_S26_F3108,categorical,1183747,956736,227011,0.8082267579136421,2.0,26.0,Numeric/Cat,3108.0
L2_S26_F3109,categorical,1183747,1183714,33,0.9999721224214296,2.0,26.0,Numeric/Cat,3109.0
L2_S26_F3111,categorical,1183747,956736,227011,0.8082267579136421,2.0,26.0,Numeric/Cat,3111.0
L2_S26_F3112,categorical,1183747,1183714,33,0.9999721224214296,2.0,26.0,Numeric/Cat,3112.0
L2_S26_F3115,categorical,1183747,956736,227011,0.8082267579136421,2.0,26.0,Numeric/Cat,3115.0
L2_S26_F3116,categorical,1183747,1183714,33,0.9999721224214296,2.0,26.0,Numeric/Cat,3116.0
L2_S26_F3119,categorical,1183747,956736,227011,0.8082267579136421,2.0,26.0,Numeric/Cat,3119.0
L2_S26_F3120,categorical,1183747,1183714,33,0.9999721224214296,2.0,26.0,Numeric/Cat,3120.0
L2_S26_F3123,categorical,1183747,956736,227011,0.8082267579136421,2.0,26.0,Numeric/Cat,3123.0
L2_S26_F3124,categorical,1183747,1183714,33,0.9999721224214296,2.0,26.0,Numeric/Cat,3124.0
L2_S26_F3127,categorical,1183747,956736,227011,0.8082267579136421,2.0,26.0,Numeric/Cat,3127.0
L2_S26_F3128,categorical,1183747,1183714,33,0.9999721224214296,2.0,26.0,Numeric/Cat,3128.0
L2_S27_F3131,categorical,1183747,1063018,120729,0.8980111459627775,2.0,27.0,Numeric/Cat,3131.0
L2_S27_F3132,categorical,1183747,1183676,71,0.9999400209673182,2.0,27.0,Numeric/Cat,3132.0
L2_S27_F3135,categorical,1183747,1063018,120729,0.8980111459627775,2.0,27.0,Numeric/Cat,3135.0
L2_S27_F3136,categorical,1183747,1183676,71,0.9999400209673182,2.0,27.0,Numeric/Cat,3136.0
L2_S27_F3138,categorical,1183747,1063018,120729,0.8980111459627775,2.0,27.0,Numeric/Cat,3138.0
L2_S27_F3139,categorical,1183747,1183676,71,0.9999400209673182,2.0,27.0,Numeric/Cat,3139.0
L2_S27_F3142,categorical,1183747,1063018,120729,0.8980111459627775,2.0,27.0,Numeric/Cat,3142.0
L2_S27_F3143,categorical,1183747,1183676,71,0.9999400209673182,2.0,27.0,Numeric/Cat,3143.0
L2_S27_F3146,categorical,1183747,1063018,120729,0.8980111459627775,2.0,27.0,Numeric/Cat,3146.0
L2_S27_F3147,categorical,1183747,1183676,71,0.9999400209673182,2.0,27.0,Numeric/Cat,3147.0
L2_S27_F3150,categorical,1183747,1063018,120729,0.8980111459627775,2.0,27.0,Numeric/Cat,3150.0
L2_S27_F3151,categorical,1183747,1183676,71,0.9999400209673182,2.0,27.0,Numeric/Cat,3151.0
L2_S27_F3153,categorical,1183747,1063018,120729,0.8980111459627775,2.0,27.0,Numeric/Cat,3153.0
L2_S27_F3154,categorical,1183747,1183676,71,0.9999400209673182,2.0,27.0,Numeric/Cat,3154.0
L2_S27_F3157,categorical,1183747,1063018,120729,0.8980111459627775,2.0,27.0,Numeric/Cat,3157.0
L2_S27_F3158,categorical,1183747,1183676,71,0.9999400209673182,2.0,27.0,Numeric/Cat,3158.0
L2_S27_F3160,categorical,1183747,1063018,120729,0.8980111459627775,2.0,27.0,Numeric/Cat,3160.0
L2_S27_F3161,categorical,1183747,1183676,71,0.9999400209673182,2.0,27.0,Numeric/Cat,3161.0
L2_S27_F3164,categorical,1183747,1063018,120729,0.8980111459627775,2.0,27.0,Numeric/Cat,3164.0
L2_S27_F3165,categorical,1183747,1183676,71,0.9999400209673182,2.0,27.0,Numeric/Cat,3165.0
L2_S27_F3168,categorical,1183747,1063018,120729,0.8980111459627775,2.0,27.0,Numeric/Cat,3168.0
L2_S27_F3169,categorical,1183747,1183676,71,0.9999400209673182,2.0,27.0,Numeric/Cat,3169.0
L2_S27_F3172,categorical,1183747,1063018,120729,0.8980111459627775,2.0,27.0,Numeric/Cat,3172.0
L2_S27_F3173,categorical,1183747,1183676,71,0.9999400209673182,2.0,27.0,Numeric/Cat,3173.0
L2_S27_F3175,categorical,1183747,1063018,120729,0.8980111459627775,2.0,27.0,Numeric/Cat,3175.0
L2_S27_F3176,categorical,1183747,1183676,71,0.9999400209673182,2.0,27.0,Numeric/Cat,3176.0
L2_S27_F3178,categorical,1183747,1063018,120729,0.8980111459627775,2.0,27.0,Numeric/Cat,3178.0
L2_S27_F3179,categorical,1183747,1183676,71,0.9999400209673182,2.0,27.0,Numeric/Cat,3179.0
L2_S27_F3181,categorical,1183747,1063018,120729,0.8980111459627775,2.0,27.0,Numeric/Cat,3181.0
L2_S27_F3182,categorical,1183747,1183676,71,0.9999400209673182,2.0,27.0,Numeric/Cat,3182.0
L2_S27_F3184,categorical,1183747,1063018,120729,0.8980111459627775,2.0,27.0,Numeric/Cat,3184.0
L2_S27_F3185,categorical,1183747,1183676,71,0.9999400209673182,2.0,27.0,Numeric/Cat,3185.0
L2_S27_F3187,categorical,1183747,1063018,120729,0.8980111459627775,2.0,27.0,Numeric/Cat,3187.0
L2_S27_F3188,categorical,1183747,1183676,71,0.9999400209673182,2.0,27.0,Numeric/Cat,3188.0
L2_S27_F3190,categorical,1183747,1063018,120729,0.8980111459627775,2.0,27.0,Numeric/Cat,3190.0
L2_S27_F3191,categorical,1183747,1183676,71,0.9999400209673182,2.0,27.0,Numeric/Cat,3191.0
L2_S27_F3192,categorical,1183747,1063018,120729,0.8980111459627775,2.0,27.0,Numeric/Cat,3192.0
L2_S27_F3194,categorical,1183747,1063018,120729,0.8980111459627775,2.0,27.0,Numeric/Cat,3194.0
L2_S27_F3195,categorical,1183747,1183676,71,0.9999400209673182,2.0,27.0,Numeric/Cat,3195.0
L2_S27_F3197,categorical,1183747,1063018,120729,0.8980111459627775,2.0,27.0,Numeric/Cat,3197.0
L2_S27_F3198,categorical,1183747,1183676,71,0.9999400209673182,2.0,27.0,Numeric/Cat,3198.0
L2_S27_F3201,categorical,1183747,1063018,120729,0.8980111459627775,2.0,27.0,Numeric/Cat,3201.0
L2_S27_F3202,categorical,1183747,1183676,71,0.9999400209673182,2.0,27.0,Numeric/Cat,3202.0
L2_S27_F3204,categorical,1183747,1063018,120729,0.8980111459627775,2.0,27.0,Numeric/Cat,3204.0
L2_S27_F3205,categorical,1183747,1183676,71,0.9999400209673182,2.0,27.0,Numeric/Cat,3205.0
L2_S27_F3208,categorical,1183747,1063018,120729,0.8980111459627775,2.0,27.0,Numeric/Cat,3208.0
L2_S27_F3209,categorical,1183747,1183676,71,0.9999400209673182,2.0,27.0,Numeric/Cat,3209.0
L2_S27_F3212,categorical,1183747,1063018,120729,0.8980111459627775,2.0,27.0,Numeric/Cat,3212.0
L2_S27_F3213,categorical,1183747,1183676,71,0.9999400209673182,2.0,27.0,Numeric/Cat,3213.0
L2_S27_F3216,categorical,1183747,1063018,120729,0.8980111459627775,2.0,27.0,Numeric/Cat,3216.0
L2_S27_F3217,categorical,1183747,1183676,71,0.9999400209673182,2.0,27.0,Numeric/Cat,3217.0
L2_S27_F3220,categorical,1183747,1063018,120729,0.8980111459627775,2.0,27.0,Numeric/Cat,3220.0
L2_S27_F3221,categorical,1183747,1183676,71,0.9999400209673182,2.0,27.0,Numeric/Cat,3221.0
L2_S28_F3224,categorical,1183747,1174164,9583,0.9919045201381714,2.0,28.0,Numeric/Cat,3224.0
L2_S28_F3225,categorical,1183747,1183724,23,0.9999805701725115,2.0,28.0,Numeric/Cat,3225.0
L2_S28_F3228,categorical,1183747,1174164,9583,0.9919045201381714,2.0,28.0,Numeric/Cat,3228.0
L2_S28_F3229,categorical,1183747,1183724,23,0.9999805701725115,2.0,28.0,Numeric/Cat,3229.0
L2_S28_F3231,categorical,1183747,1174164,9583,0.9919045201381714,2.0,28.0,Numeric/Cat,3231.0
L2_S28_F3232,categorical,1183747,1183724,23,0.9999805701725115,2.0,28.0,Numeric/Cat,3232.0
L2_S28_F3235,categorical,1183747,1174164,9583,0.9919045201381714,2.0,28.0,Numeric/Cat,3235.0
L2_S28_F3236,categorical,1183747,1183724,23,0.9999805701725115,2.0,28.0,Numeric/Cat,3236.0
L2_S28_F3239,categorical,1183747,1174164,9583,0.9919045201381714,2.0,28.0,Numeric/Cat,3239.0
L2_S28_F3240,categorical,1183747,1183724,23,0.9999805701725115,2.0,28.0,Numeric/Cat,3240.0
L2_S28_F3243,categorical,1183747,1174164,9583,0.9919045201381714,2.0,28.0,Numeric/Cat,3243.0
L2_S28_F3244,categorical,1183747,1183724,23,0.9999805701725115,2.0,28.0,Numeric/Cat,3244.0
L2_S28_F3246,categorical,1183747,1174164,9583,0.9919045201381714,2.0,28.0,Numeric/Cat,3246.0
L2_S28_F3247,categorical,1183747,1183724,23,0.9999805701725115,2.0,28.0,Numeric/Cat,3247.0
L2_S28_F3250,categorical,1183747,1174164,9583,0.9919045201381714,2.0,28.0,Numeric/Cat,3250.0
L2_S28_F3251,categorical,1183747,1183724,23,0.9999805701725115,2.0,28.0,Numeric/Cat,3251.0
L2_S28_F3253,categorical,1183747,1174164,9583,0.9919045201381714,2.0,28.0,Numeric/Cat,3253.0
L2_S28_F3254,categorical,1183747,1183724,23,0.9999805701725115,2.0,28.0,Numeric/Cat,3254.0
L2_S28_F3257,categorical,1183747,1174164,9583,0.9919045201381714,2.0,28.0,Numeric/Cat,3257.0
L2_S28_F3258,categorical,1183747,1183724,23,0.9999805701725115,2.0,28.0,Numeric/Cat,3258.0
L2_S28_F3261,categorical,1183747,1174164,9583,0.9919045201381714,2.0,28.0,Numeric/Cat,3261.0
L2_S28_F3262,categorical,1183747,1183724,23,0.9999805701725115,2.0,28.0,Numeric/Cat,3262.0
L2_S28_F3265,categorical,1183747,1174164,9583,0.9919045201381714,2.0,28.0,Numeric/Cat,3265.0
L2_S28_F3266,categorical,1183747,1183724,23,0.9999805701725115,2.0,28.0,Numeric/Cat,3266.0
L2_S28_F3268,categorical,1183747,1174164,9583,0.9919045201381714,2.0,28.0,Numeric/Cat,3268.0
L2_S28_F3269,categorical,1183747,1183724,23,0.9999805701725115,2.0,28.0,Numeric/Cat,3269.0
L2_S28_F3271,categorical,1183747,1174164,9583,0.9919045201381714,2.0,28.0,Numeric/Cat,3271.0
L2_S28_F3272,categorical,1183747,1183724,23,0.9999805701725115,2.0,28.0,Numeric/Cat,3272.0
L2_S28_F3274,categorical,1183747,1174164,9583,0.9919045201381714,2.0,28.0,Numeric/Cat,3274.0
L2_S28_F3275,categorical,1183747,1183724,23,0.9999805701725115,2.0,28.0,Numeric/Cat,3275.0
L2_S28_F3277,categorical,1183747,1174164,9583,0.9919045201381714,2.0,28.0,Numeric/Cat,3277.0
L2_S28_F3278,categorical,1183747,1183724,23,0.9999805701725115,2.0,28.0,Numeric/Cat,3278.0
L2_S28_F3280,categorical,1183747,1174164,9583,0.9919045201381714,2.0,28.0,Numeric/Cat,3280.0
L2_S28_F3281,categorical,1183747,1183724,23,0.9999805701725115,2.0,28.0,Numeric/Cat,3281.0
L2_S28_F3283,categorical,1183747,1174164,9583,0.9919045201381714,2.0,28.0,Numeric/Cat,3283.0
L2_S28_F3284,categorical,1183747,1183724,23,0.9999805701725115,2.0,28.0,Numeric/Cat,3284.0
L2_S28_F3285,categorical,1183747,1174164,9583,0.9919045201381714,2.0,28.0,Numeric/Cat,3285.0
L2_S28_F3287,categorical,1183747,1174164,9583,0.9919045201381714,2.0,28.0,Numeric/Cat,3287.0
L2_S28_F3288,categorical,1183747,1183724,23,0.9999805701725115,2.0,28.0,Numeric/Cat,3288.0
L2_S28_F3290,categorical,1183747,1174164,9583,0.9919045201381714,2.0,28.0,Numeric/Cat,3290.0
L2_S28_F3291,categorical,1183747,1183724,23,0.9999805701725115,2.0,28.0,Numeric/Cat,3291.0
L2_S28_F3294,categorical,1183747,1174164,9583,0.9919045201381714,2.0,28.0,Numeric/Cat,3294.0
L2_S28_F3295,categorical,1183747,1183724,23,0.9999805701725115,2.0,28.0,Numeric/Cat,3295.0
L2_S28_F3297,categorical,1183747,1174164,9583,0.9919045201381714,2.0,28.0,Numeric/Cat,3297.0
L2_S28_F3298,categorical,1183747,1183724,23,0.9999805701725115,2.0,28.0,Numeric/Cat,3298.0
L2_S28_F3301,categorical,1183747,1174164,9583,0.9919045201381714,2.0,28.0,Numeric/Cat,3301.0
L2_S28_F3302,categorical,1183747,1183724,23,0.9999805701725115,2.0,28.0,Numeric/Cat,3302.0
L2_S28_F3305,categorical,1183747,1174164,9583,0.9919045201381714,2.0,28.0,Numeric/Cat,3305.0
L2_S28_F3306,categorical,1183747,1183724,23,0.9999805701725115,2.0,28.0,Numeric/Cat,3306.0
L2_S28_F3309,categorical,1183747,1174164,9583,0.9919045201381714,2.0,28.0,Numeric/Cat,3309.0
L2_S28_F3310,categorical,1183747,1183724,23,0.9999805701725115,2.0,28.0,Numeric/Cat,3310.0
L2_S28_F3313,categorical,1183747,1174164,9583,0.9919045201381714,2.0,28.0,Numeric/Cat,3313.0
L2_S28_F3314,categorical,1183747,1183724,23,0.9999805701725115,2.0,28.0,Numeric/Cat,3314.0
L3_S29_F3317,categorical,1183747,398310,785437,0.33648237334498,3.0,29.0,Numeric/Cat,3317.0
L3_S29_F3320,categorical,1183747,398310,785437,0.33648237334498,3.0,29.0,Numeric/Cat,3320.0
L3_S29_F3323,categorical,1183747,398310,785437,0.33648237334498,3.0,29.0,Numeric/Cat,3323.0
L3_S29_F3326,categorical,1183747,398310,785437,0.33648237334498,3.0,29.0,Numeric/Cat,3326.0
L3_S29_F3329,categorical,1183747,398310,785437,0.33648237334498,3.0,29.0,Numeric/Cat,3329.0
L3_S29_F3332,categorical,1183747,398310,785437,0.33648237334498,3.0,29.0,Numeric/Cat,3332.0
L3_S29_F3335,categorical,1183747,398310,785437,0.33648237334498,3.0,29.0,Numeric/Cat,3335.0
L3_S29_F3338,categorical,1183747,398310,785437,0.33648237334498,3.0,29.0,Numeric/Cat,3338.0
L3_S29_F3341,categorical,1183747,398310,785437,0.33648237334498,3.0,29.0,Numeric/Cat,3341.0
L3_S29_F3344,categorical,1183747,398310,785437,0.33648237334498,3.0,29.0,Numeric/Cat,3344.0
L3_S29_F3347,categorical,1183747,398310,785437,0.33648237334498,3.0,29.0,Numeric/Cat,3347.0
L3_S29_F3350,categorical,1183747,398310,785437,0.33648237334498,3.0,29.0,Numeric/Cat,3350.0
L3_S29_F3353,categorical,1183747,398310,785437,0.33648237334498,3.0,29.0,Numeric/Cat,3353.0
L3_S29_F3356,categorical,1183747,398310,785437,0.33648237334498,3.0,29.0,Numeric/Cat,3356.0
L3_S29_F3359,categorical,1183747,398310,785437,0.33648237334498,3.0,29.0,Numeric/Cat,3359.0
L3_S29_F3362,categorical,1183747,398310,785437,0.33648237334498,3.0,29.0,Numeric/Cat,3362.0
L3_S29_F3364,categorical,1183747,398310,785437,0.33648237334498,3.0,29.0,Numeric/Cat,3364.0
L3_S29_F3366,categorical,1183747,398310,785437,0.33648237334498,3.0,29.0,Numeric/Cat,3366.0
L3_S29_F3369,categorical,1183747,398310,785437,0.33648237334498,3.0,29.0,Numeric/Cat,3369.0
L3_S29_F3372,categorical,1183747,398310,785437,0.33648237334498,3.0,29.0,Numeric/Cat,3372.0
L3_S29_F3375,categorical,1183747,398310,785437,0.33648237334498,3.0,29.0,Numeric/Cat,3375.0
L3_S29_F3378,categorical,1183747,398310,785437,0.33648237334498,3.0,29.0,Numeric/Cat,3378.0
L3_S29_F3381,categorical,1183747,398310,785437,0.33648237334498,3.0,29.0,Numeric/Cat,3381.0
L3_S29_F3384,categorical,1183747,398310,785437,0.33648237334498,3.0,29.0,Numeric/Cat,3384.0
L3_S29_F3387,categorical,1183747,398310,785437,0.33648237334498,3.0,29.0,Numeric/Cat,3387.0
L3_S29_F3390,categorical,1183747,398310,785437,0.33648237334498,3.0,29.0,Numeric/Cat,3390.0
L3_S29_F3392,categorical,1183747,398310,785437,0.33648237334498,3.0,29.0,Numeric/Cat,3392.0
L3_S29_F3394,categorical,1183747,398310,785437,0.33648237334498,3.0,29.0,Numeric/Cat,3394.0
L3_S29_F3397,categorical,1183747,398310,785437,0.33648237334498,3.0,29.0,Numeric/Cat,3397.0
L3_S29_F3400,categorical,1183747,398310,785437,0.33648237334498,3.0,29.0,Numeric/Cat,3400.0
L3_S29_F3403,categorical,1183747,398310,785437,0.33648237334498,3.0,29.0,Numeric/Cat,3403.0
L3_S29_F3406,categorical,1183747,398310,785437,0.33648237334498,3.0,29.0,Numeric/Cat,3406.0
L3_S29_F3409,categorical,1183747,398310,785437,0.33648237334498,3.0,29.0,Numeric/Cat,3409.0
L3_S29_F3411,categorical,1183747,398310,785437,0.33648237334498,3.0,29.0,Numeric/Cat,3411.0
L3_S29_F3414,categorical,1183747,398310,785437,0.33648237334498,3.0,29.0,Numeric/Cat,3414.0
L3_S29_F3416,categorical,1183747,398310,785437,0.33648237334498,3.0,29.0,Numeric/Cat,3416.0
L3_S29_F3418,categorical,1183747,398310,785437,0.33648237334498,3.0,29.0,Numeric/Cat,3418.0
L3_S29_F3420,categorical,1183747,398310,785437,0.33648237334498,3.0,29.0,Numeric/Cat,3420.0
L3_S29_F3423,categorical,1183747,398310,785437,0.33648237334498,3.0,29.0,Numeric/Cat,3423.0
L3_S29_F3426,categorical,1183747,398310,785437,0.33648237334498,3.0,29.0,Numeric/Cat,3426.0
L3_S29_F3429,categorical,1183747,398310,785437,0.33648237334498,3.0,29.0,Numeric/Cat,3429.0
L3_S29_F3432,categorical,1183747,398310,785437,0.33648237334498,3.0,29.0,Numeric/Cat,3432.0
L3_S29_F3435,categorical,1183747,398310,785437,0.33648237334498,3.0,29.0,Numeric/Cat,3435.0
L3_S29_F3438,categorical,1183747,398310,785437,0.33648237334498,3.0,29.0,Numeric/Cat,3438.0
L3_S29_F3441,categorical,1183747,398310,785437,0.33648237334498,3.0,29.0,Numeric/Cat,3441.0
L3_S29_F3444,categorical,1183747,398310,785437,0.33648237334498,3.0,29.0,Numeric/Cat,3444.0
L3_S29_F3446,categorical,1183747,398310,785437,0.33648237334498,3.0,29.0,Numeric/Cat,3446.0
L3_S29_F3448,categorical,1183747,398310,785437,0.33648237334498,3.0,29.0,Numeric/Cat,3448.0
L3_S29_F3451,categorical,1183747,398310,785437,0.33648237334498,3.0,29.0,Numeric/Cat,3451.0
L3_S29_F3454,categorical,1183747,398310,785437,0.33648237334498,3.0,29.0,Numeric/Cat,3454.0
L3_S29_F3457,categorical,1183747,398310,785437,0.33648237334498,3.0,29.0,Numeric/Cat,3457.0
L3_S29_F3460,categorical,1183747,398310,785437,0.33648237334498,3.0,29.0,Numeric/Cat,3460.0
L3_S29_F3463,categorical,1183747,398310,785437,0.33648237334498,3.0,29.0,Numeric/Cat,3463.0
L3_S29_F3466,categorical,1183747,398310,785437,0.33648237334498,3.0,29.0,Numeric/Cat,3466.0
L3_S29_F3469,categorical,1183747,398310,785437,0.33648237334498,3.0,29.0,Numeric/Cat,3469.0
L3_S29_F3472,categorical,1183747,398310,785437,0.33648237334498,3.0,29.0,Numeric/Cat,3472.0
L3_S29_F3475,categorical,1183747,432385,751362,0.36526808515671,3.0,29.0,Numeric/Cat,3475.0
L3_S29_F3478,categorical,1183747,432385,751362,0.36526808515671,3.0,29.0,Numeric/Cat,3478.0
L3_S29_F3481,categorical,1183747,432385,751362,0.36526808515671,3.0,29.0,Numeric/Cat,3481.0
L3_S29_F3484,categorical,1183747,398310,785437,0.33648237334498,3.0,29.0,Numeric/Cat,3484.0
L3_S29_F3487,categorical,1183747,398310,785437,0.33648237334498,3.0,29.0,Numeric/Cat,3487.0
L3_S29_F3490,categorical,1183747,398310,785437,0.33648237334498,3.0,29.0,Numeric/Cat,3490.0
L3_S29_F3493,categorical,1183747,398310,785437,0.33648237334498,3.0,29.0,Numeric/Cat,3493.0
L3_S30_F3495,categorical,1183747,1183740,7,0.9999940865742426,3.0,30.0,Numeric/Cat,3495.0
L3_S30_F3497,categorical,1183747,1183744,3,0.9999974656746754,3.0,30.0,Numeric/Cat,3497.0
L3_S30_F3498,categorical,1183747,1183740,7,0.9999940865742426,3.0,30.0,Numeric/Cat,3498.0
L3_S30_F3500,categorical,1183747,1183740,7,0.9999940865742426,3.0,30.0,Numeric/Cat,3500.0
L3_S30_F3502,categorical,1183747,1183744,3,0.9999974656746754,3.0,30.0,Numeric/Cat,3502.0
L3_S30_F3503,categorical,1183747,1183740,7,0.9999940865742426,3.0,30.0,Numeric/Cat,3503.0
L3_S30_F3505,categorical,1183747,1183734,13,0.9999890179235935,3.0,30.0,Numeric/Cat,3505.0
L3_S30_F3507,categorical,1183747,1183744,3,0.9999974656746754,3.0,30.0,Numeric/Cat,3507.0
L3_S30_F3508,categorical,1183747,1183734,13,0.9999890179235935,3.0,30.0,Numeric/Cat,3508.0
L3_S30_F3510,categorical,1183747,1183734,13,0.9999890179235935,3.0,30.0,Numeric/Cat,3510.0
L3_S30_F3512,categorical,1183747,1183744,3,0.9999974656746754,3.0,30.0,Numeric/Cat,3512.0
L3_S30_F3513,categorical,1183747,1183734,13,0.9999890179235935,3.0,30.0,Numeric/Cat,3513.0
L3_S30_F3515,categorical,1183747,1183734,13,0.9999890179235935,3.0,30.0,Numeric/Cat,3515.0
L3_S30_F3517,categorical,1183747,1183744,3,0.9999974656746754,3.0,30.0,Numeric/Cat,3517.0
L3_S30_F3518,categorical,1183747,1183734,13,0.9999890179235935,3.0,30.0,Numeric/Cat,3518.0
L3_S30_F3520,categorical,1183747,1183734,13,0.9999890179235935,3.0,30.0,Numeric/Cat,3520.0
L3_S30_F3522,categorical,1183747,1183744,3,0.9999974656746754,3.0,30.0,Numeric/Cat,3522.0
L3_S30_F3523,categorical,1183747,1183734,13,0.9999890179235935,3.0,30.0,Numeric/Cat,3523.0
L3_S30_F3525,categorical,1183747,1183734,13,0.9999890179235935,3.0,30.0,Numeric/Cat,3525.0
L3_S30_F3527,categorical,1183747,1183744,3,0.9999974656746754,3.0,30.0,Numeric/Cat,3527.0
L3_S30_F3528,categorical,1183747,1183734,13,0.9999890179235935,3.0,30.0,Numeric/Cat,3528.0
L3_S30_F3530,categorical,1183747,1183734,13,0.9999890179235935,3.0,30.0,Numeric/Cat,3530.0
L3_S30_F3532,categorical,1183747,1183744,3,0.9999974656746754,3.0,30.0,Numeric/Cat,3532.0
L3_S30_F3533,categorical,1183747,1183734,13,0.9999890179235935,3.0,30.0,Numeric/Cat,3533.0
L3_S30_F3535,categorical,1183747,1183734,13,0.9999890179235935,3.0,30.0,Numeric/Cat,3535.0
L3_S30_F3537,categorical,1183747,1183744,3,0.9999974656746754,3.0,30.0,Numeric/Cat,3537.0
L3_S30_F3538,categorical,1183747,1183734,13,0.9999890179235935,3.0,30.0,Numeric/Cat,3538.0
L3_S30_F3540,categorical,1183747,1183734,13,0.9999890179235935,3.0,30.0,Numeric/Cat,3540.0
L3_S30_F3542,categorical,1183747,1183744,3,0.9999974656746754,3.0,30.0,Numeric/Cat,3542.0
L3_S30_F3543,categorical,1183747,1183734,13,0.9999890179235935,3.0,30.0,Numeric/Cat,3543.0
L3_S30_F3545,categorical,1183747,1183734,13,0.9999890179235935,3.0,30.0,Numeric/Cat,3545.0
L3_S30_F3547,categorical,1183747,1183744,3,0.9999974656746754,3.0,30.0,Numeric/Cat,3547.0
L3_S30_F3548,categorical,1183747,1183734,13,0.9999890179235935,3.0,30.0,Numeric/Cat,3548.0
L3_S30_F3550,categorical,1183747,1183734,13,0.9999890179235935,3.0,30.0,Numeric/Cat,3550.0
L3_S30_F3552,categorical,1183747,1183744,3,0.9999974656746754,3.0,30.0,Numeric/Cat,3552.0
L3_S30_F3553,categorical,1183747,1183734,13,0.9999890179235935,3.0,30.0,Numeric/Cat,3553.0
L3_S30_F3555,categorical,1183747,1183734,13,0.9999890179235935,3.0,30.0,Numeric/Cat,3555.0
L3_S30_F3557,categorical,1183747,1183744,3,0.9999974656746754,3.0,30.0,Numeric/Cat,3557.0
L3_S30_F3558,categorical,1183747,1183734,13,0.9999890179235935,3.0,30.0,Numeric/Cat,3558.0
L3_S30_F3560,categorical,1183747,1183734,13,0.9999890179235935,3.0,30.0,Numeric/Cat,3560.0
L3_S30_F3562,categorical,1183747,1183744,3,0.9999974656746754,3.0,30.0,Numeric/Cat,3562.0
L3_S30_F3563,categorical,1183747,1183734,13,0.9999890179235935,3.0,30.0,Numeric/Cat,3563.0
L3_S30_F3565,categorical,1183747,1183738,9,0.9999923970240262,3.0,30.0,Numeric/Cat,3565.0
L3_S30_F3567,categorical,1183747,1183744,3,0.9999974656746754,3.0,30.0,Numeric/Cat,3567.0
L3_S30_F3568,categorical,1183747,1183738,9,0.9999923970240262,3.0,30.0,Numeric/Cat,3568.0
L3_S30_F3570,categorical,1183747,1183738,9,0.9999923970240262,3.0,30.0,Numeric/Cat,3570.0
L3_S30_F3572,categorical,1183747,1183744,3,0.9999974656746754,3.0,30.0,Numeric/Cat,3572.0
L3_S30_F3573,categorical,1183747,1183738,9,0.9999923970240262,3.0,30.0,Numeric/Cat,3573.0
L3_S30_F3575,categorical,1183747,1183738,9,0.9999923970240262,3.0,30.0,Numeric/Cat,3575.0
L3_S30_F3577,categorical,1183747,1183744,3,0.9999974656746754,3.0,30.0,Numeric/Cat,3577.0
L3_S30_F3578,categorical,1183747,1183738,9,0.9999923970240262,3.0,30.0,Numeric/Cat,3578.0
L3_S30_F3580,categorical,1183747,1183738,9,0.9999923970240262,3.0,30.0,Numeric/Cat,3580.0
L3_S30_F3582,categorical,1183747,1183744,3,0.9999974656746754,3.0,30.0,Numeric/Cat,3582.0
L3_S30_F3583,categorical,1183747,1183738,9,0.9999923970240262,3.0,30.0,Numeric/Cat,3583.0
L3_S30_F3585,categorical,1183747,1183738,9,0.9999923970240262,3.0,30.0,Numeric/Cat,3585.0
L3_S30_F3587,categorical,1183747,1183744,3,0.9999974656746754,3.0,30.0,Numeric/Cat,3587.0
L3_S30_F3588,categorical,1183747,1183738,9,0.9999923970240262,3.0,30.0,Numeric/Cat,3588.0
L3_S30_F3590,categorical,1183747,1183738,9,0.9999923970240262,3.0,30.0,Numeric/Cat,3590.0
L3_S30_F3592,categorical,1183747,1183744,3,0.9999974656746754,3.0,30.0,Numeric/Cat,3592.0
L3_S30_F3593,categorical,1183747,1183738,9,0.9999923970240262,3.0,30.0,Numeric/Cat,3593.0
L3_S30_F3595,categorical,1183747,1183738,9,0.9999923970240262,3.0,30.0,Numeric/Cat,3595.0
L3_S30_F3597,categorical,1183747,1183744,3,0.9999974656746754,3.0,30.0,Numeric/Cat,3597.0
L3_S30_F3598,categorical,1183747,1183738,9,0.9999923970240262,3.0,30.0,Numeric/Cat,3598.0
L3_S30_F3600,categorical,1183747,1183738,9,0.9999923970240262,3.0,30.0,Numeric/Cat,3600.0
L3_S30_F3602,categorical,1183747,1183744,3,0.9999974656746754,3.0,30.0,Numeric/Cat,3602.0
L3_S30_F3603,categorical,1183747,1183738,9,0.9999923970240262,3.0,30.0,Numeric/Cat,3603.0
L3_S30_F3605,categorical,1183747,1183738,9,0.9999923970240262,3.0,30.0,Numeric/Cat,3605.0
L3_S30_F3607,categorical,1183747,1183744,3,0.9999974656746754,3.0,30.0,Numeric/Cat,3607.0
L3_S30_F3608,categorical,1183747,1183738,9,0.9999923970240262,3.0,30.0,Numeric/Cat,3608.0
L3_S30_F3610,categorical,1183747,1183738,9,0.9999923970240262,3.0,30.0,Numeric/Cat,3610.0
L3_S30_F3612,categorical,1183747,1183744,3,0.9999974656746754,3.0,30.0,Numeric/Cat,3612.0
L3_S30_F3613,categorical,1183747,1183738,9,0.9999923970240262,3.0,30.0,Numeric/Cat,3613.0
L3_S30_F3615,categorical,1183747,1183738,9,0.9999923970240262,3.0,30.0,Numeric/Cat,3615.0
L3_S30_F3617,categorical,1183747,1183744,3,0.9999974656746754,3.0,30.0,Numeric/Cat,3617.0
L3_S30_F3618,categorical,1183747,1183738,9,0.9999923970240262,3.0,30.0,Numeric/Cat,3618.0
L3_S30_F3620,categorical,1183747,1183738,9,0.9999923970240262,3.0,30.0,Numeric/Cat,3620.0
L3_S30_F3622,categorical,1183747,1183744,3,0.9999974656746754,3.0,30.0,Numeric/Cat,3622.0
L3_S30_F3623,categorical,1183747,1183738,9,0.9999923970240262,3.0,30.0,Numeric/Cat,3623.0
L3_S30_F3625,categorical,1183747,1183738,9,0.9999923970240262,3.0,30.0,Numeric/Cat,3625.0
L3_S30_F3627,categorical,1183747,1183744,3,0.9999974656746754,3.0,30.0,Numeric/Cat,3627.0
L3_S30_F3628,categorical,1183747,1183738,9,0.9999923970240262,3.0,30.0,Numeric/Cat,3628.0
L3_S30_F3630,categorical,1183747,1183738,9,0.9999923970240262,3.0,30.0,Numeric/Cat,3630.0
L3_S30_F3632,categorical,1183747,1183744,3,0.9999974656746754,3.0,30.0,Numeric/Cat,3632.0
L3_S30_F3633,categorical,1183747,1183738,9,0.9999923970240262,3.0,30.0,Numeric/Cat,3633.0
L3_S30_F3635,categorical,1183747,1183738,9,0.9999923970240262,3.0,30.0,Numeric/Cat,3635.0
L3_S30_F3637,categorical,1183747,1183744,3,0.9999974656746754,3.0,30.0,Numeric/Cat,3637.0
L3_S30_F3638,categorical,1183747,1183738,9,0.9999923970240262,3.0,30.0,Numeric/Cat,3638.0
L3_S30_F3640,categorical,1183747,1183738,9,0.9999923970240262,3.0,30.0,Numeric/Cat,3640.0
L3_S30_F3642,categorical,1183747,1183744,3,0.9999974656746754,3.0,30.0,Numeric/Cat,3642.0
L3_S30_F3643,categorical,1183747,1183738,9,0.9999923970240262,3.0,30.0,Numeric/Cat,3643.0
L3_S30_F3645,categorical,1183747,1183738,9,0.9999923970240262,3.0,30.0,Numeric/Cat,3645.0
L3_S30_F3647,categorical,1183747,1183744,3,0.9999974656746754,3.0,30.0,Numeric/Cat,3647.0
L3_S30_F3648,categorical,1183747,1183738,9,0.9999923970240262,3.0,30.0,Numeric/Cat,3648.0
L3_S30_F3650,categorical,1183747,1183738,9,0.9999923970240262,3.0,30.0,Numeric/Cat,3650.0
L3_S30_F3652,categorical,1183747,1183744,3,0.9999974656746754,3.0,30.0,Numeric/Cat,3652.0
L3_S30_F3653,categorical,1183747,1183738,9,0.9999923970240262,3.0,30.0,Numeric/Cat,3653.0
L3_S30_F3655,categorical,1183747,1183738,9,0.9999923970240262,3.0,30.0,Numeric/Cat,3655.0
L3_S30_F3657,categorical,1183747,1183744,3,0.9999974656746754,3.0,30.0,Numeric/Cat,3657.0
L3_S30_F3658,categorical,1183747,1183738,9,0.9999923970240262,3.0,30.0,Numeric/Cat,3658.0
L3_S30_F3660,categorical,1183747,1183738,9,0.9999923970240262,3.0,30.0,Numeric/Cat,3660.0
L3_S30_F3662,categorical,1183747,1183744,3,0.9999974656746754,3.0,30.0,Numeric/Cat,3662.0
L3_S30_F3663,categorical,1183747,1183738,9,0.9999923970240262,3.0,30.0,Numeric/Cat,3663.0
L3_S30_F3665,categorical,1183747,1183738,9,0.9999923970240262,3.0,30.0,Numeric/Cat,3665.0
L3_S30_F3667,categorical,1183747,1183744,3,0.9999974656746754,3.0,30.0,Numeric/Cat,3667.0
L3_S30_F3668,categorical,1183747,1183738,9,0.9999923970240262,3.0,30.0,Numeric/Cat,3668.0
L3_S30_F3670,categorical,1183747,1183738,9,0.9999923970240262,3.0,30.0,Numeric/Cat,3670.0
L3_S30_F3672,categorical,1183747,1183744,3,0.9999974656746754,3.0,30.0,Numeric/Cat,3672.0
L3_S30_F3673,categorical,1183747,1183738,9,0.9999923970240262,3.0,30.0,Numeric/Cat,3673.0
L3_S30_F3675,categorical,1183747,1183738,9,0.9999923970240262,3.0,30.0,Numeric/Cat,3675.0
L3_S30_F3677,categorical,1183747,1183744,3,0.9999974656746754,3.0,30.0,Numeric/Cat,3677.0
L3_S30_F3678,categorical,1183747,1183738,9,0.9999923970240262,3.0,30.0,Numeric/Cat,3678.0
L3_S30_F3680,categorical,1183747,1183738,9,0.9999923970240262,3.0,30.0,Numeric/Cat,3680.0
L3_S30_F3682,categorical,1183747,1183744,3,0.9999974656746754,3.0,30.0,Numeric/Cat,3682.0
L3_S30_F3683,categorical,1183747,1183738,9,0.9999923970240262,3.0,30.0,Numeric/Cat,3683.0
L3_S30_F3685,categorical,1183747,1183738,9,0.9999923970240262,3.0,30.0,Numeric/Cat,3685.0
L3_S30_F3687,categorical,1183747,1183744,3,0.9999974656746754,3.0,30.0,Numeric/Cat,3687.0
L3_S30_F3688,categorical,1183747,1183738,9,0.9999923970240262,3.0,30.0,Numeric/Cat,3688.0
L3_S30_F3690,categorical,1183747,1183738,9,0.9999923970240262,3.0,30.0,Numeric/Cat,3690.0
L3_S30_F3692,categorical,1183747,1183744,3,0.9999974656746754,3.0,30.0,Numeric/Cat,3692.0
L3_S30_F3693,categorical,1183747,1183738,9,0.9999923970240262,3.0,30.0,Numeric/Cat,3693.0
L3_S30_F3695,categorical,1183747,1183738,9,0.9999923970240262,3.0,30.0,Numeric/Cat,3695.0
L3_S30_F3697,categorical,1183747,1183744,3,0.9999974656746754,3.0,30.0,Numeric/Cat,3697.0
L3_S30_F3698,categorical,1183747,1183738,9,0.9999923970240262,3.0,30.0,Numeric/Cat,3698.0
L3_S30_F3700,categorical,1183747,1183738,9,0.9999923970240262,3.0,30.0,Numeric/Cat,3700.0
L3_S30_F3702,categorical,1183747,1183744,3,0.9999974656746754,3.0,30.0,Numeric/Cat,3702.0
L3_S30_F3703,categorical,1183747,1183738,9,0.9999923970240262,3.0,30.0,Numeric/Cat,3703.0
L3_S30_F3705,categorical,1183747,1183738,9,0.9999923970240262,3.0,30.0,Numeric/Cat,3705.0
L3_S30_F3707,categorical,1183747,1183744,3,0.9999974656746754,3.0,30.0,Numeric/Cat,3707.0
L3_S30_F3708,categorical,1183747,1183738,9,0.9999923970240262,3.0,30.0,Numeric/Cat,3708.0
L3_S30_F3710,categorical,1183747,1183738,9,0.9999923970240262,3.0,30.0,Numeric/Cat,3710.0
L3_S30_F3712,categorical,1183747,1183744,3,0.9999974656746754,3.0,30.0,Numeric/Cat,3712.0
L3_S30_F3713,categorical,1183747,1183738,9,0.9999923970240262,3.0,30.0,Numeric/Cat,3713.0
L3_S30_F3715,categorical,1183747,1183738,9,0.9999923970240262,3.0,30.0,Numeric/Cat,3715.0
L3_S30_F3717,categorical,1183747,1183744,3,0.9999974656746754,3.0,30.0,Numeric/Cat,3717.0
L3_S30_F3718,categorical,1183747,1183738,9,0.9999923970240262,3.0,30.0,Numeric/Cat,3718.0
L3_S30_F3720,categorical,1183747,1183738,9,0.9999923970240262,3.0,30.0,Numeric/Cat,3720.0
L3_S30_F3722,categorical,1183747,1183744,3,0.9999974656746754,3.0,30.0,Numeric/Cat,3722.0
L3_S30_F3723,categorical,1183747,1183738,9,0.9999923970240262,3.0,30.0,Numeric/Cat,3723.0
L3_S30_F3725,categorical,1183747,1183734,13,0.9999890179235935,3.0,30.0,Numeric/Cat,3725.0
L3_S30_F3727,categorical,1183747,1183744,3,0.9999974656746754,3.0,30.0,Numeric/Cat,3727.0
L3_S30_F3728,categorical,1183747,1183734,13,0.9999890179235935,3.0,30.0,Numeric/Cat,3728.0
L3_S30_F3730,categorical,1183747,1183734,13,0.9999890179235935,3.0,30.0,Numeric/Cat,3730.0
L3_S30_F3732,categorical,1183747,1183744,3,0.9999974656746754,3.0,30.0,Numeric/Cat,3732.0
L3_S30_F3733,categorical,1183747,1183734,13,0.9999890179235935,3.0,30.0,Numeric/Cat,3733.0
L3_S30_F3735,categorical,1183747,1183734,13,0.9999890179235935,3.0,30.0,Numeric/Cat,3735.0
L3_S30_F3737,categorical,1183747,1183744,3,0.9999974656746754,3.0,30.0,Numeric/Cat,3737.0
L3_S30_F3738,categorical,1183747,1183734,13,0.9999890179235935,3.0,30.0,Numeric/Cat,3738.0
L3_S30_F3740,categorical,1183747,1183734,13,0.9999890179235935,3.0,30.0,Numeric/Cat,3740.0
L3_S30_F3742,categorical,1183747,1183744,3,0.9999974656746754,3.0,30.0,Numeric/Cat,3742.0
L3_S30_F3743,categorical,1183747,1183734,13,0.9999890179235935,3.0,30.0,Numeric/Cat,3743.0
L3_S30_F3745,categorical,1183747,1183734,13,0.9999890179235935,3.0,30.0,Numeric/Cat,3745.0
L3_S30_F3747,categorical,1183747,1183744,3,0.9999974656746754,3.0,30.0,Numeric/Cat,3747.0
L3_S30_F3748,categorical,1183747,1183734,13,0.9999890179235935,3.0,30.0,Numeric/Cat,3748.0
L3_S30_F3750,categorical,1183747,1183734,13,0.9999890179235935,3.0,30.0,Numeric/Cat,3750.0
L3_S30_F3752,categorical,1183747,1183744,3,0.9999974656746754,3.0,30.0,Numeric/Cat,3752.0
L3_S30_F3753,categorical,1183747,1183734,13,0.9999890179235935,3.0,30.0,Numeric/Cat,3753.0
L3_S30_F3755,categorical,1183747,1183734,13,0.9999890179235935,3.0,30.0,Numeric/Cat,3755.0
L3_S30_F3757,categorical,1183747,1183744,3,0.9999974656746754,3.0,30.0,Numeric/Cat,3757.0
L3_S30_F3758,categorical,1183747,1183734,13,0.9999890179235935,3.0,30.0,Numeric/Cat,3758.0
L3_S30_F3760,categorical,1183747,1183734,13,0.9999890179235935,3.0,30.0,Numeric/Cat,3760.0
L3_S30_F3762,categorical,1183747,1183744,3,0.9999974656746754,3.0,30.0,Numeric/Cat,3762.0
L3_S30_F3763,categorical,1183747,1183734,13,0.9999890179235935,3.0,30.0,Numeric/Cat,3763.0
L3_S30_F3765,categorical,1183747,1183734,13,0.9999890179235935,3.0,30.0,Numeric/Cat,3765.0
L3_S30_F3767,categorical,1183747,1183744,3,0.9999974656746754,3.0,30.0,Numeric/Cat,3767.0
L3_S30_F3768,categorical,1183747,1183734,13,0.9999890179235935,3.0,30.0,Numeric/Cat,3768.0
L3_S30_F3770,categorical,1183747,1183734,13,0.9999890179235935,3.0,30.0,Numeric/Cat,3770.0
L3_S30_F3772,categorical,1183747,1183744,3,0.9999974656746754,3.0,30.0,Numeric/Cat,3772.0
L3_S30_F3773,categorical,1183747,1183734,13,0.9999890179235935,3.0,30.0,Numeric/Cat,3773.0
L3_S30_F3775,categorical,1183747,1183734,13,0.9999890179235935,3.0,30.0,Numeric/Cat,3775.0
L3_S30_F3777,categorical,1183747,1183744,3,0.9999974656746754,3.0,30.0,Numeric/Cat,3777.0
L3_S30_F3778,categorical,1183747,1183734,13,0.9999890179235935,3.0,30.0,Numeric/Cat,3778.0
L3_S30_F3780,categorical,1183747,1183734,13,0.9999890179235935,3.0,30.0,Numeric/Cat,3780.0
L3_S30_F3782,categorical,1183747,1183744,3,0.9999974656746754,3.0,30.0,Numeric/Cat,3782.0
L3_S30_F3783,categorical,1183747,1183734,13,0.9999890179235935,3.0,30.0,Numeric/Cat,3783.0
L3_S30_F3785,categorical,1183747,1183734,13,0.9999890179235935,3.0,30.0,Numeric/Cat,3785.0
L3_S30_F3787,categorical,1183747,1183744,3,0.9999974656746754,3.0,30.0,Numeric/Cat,3787.0
L3_S30_F3788,categorical,1183747,1183734,13,0.9999890179235935,3.0,30.0,Numeric/Cat,3788.0
L3_S30_F3790,categorical,1183747,1183734,13,0.9999890179235935,3.0,30.0,Numeric/Cat,3790.0
L3_S30_F3792,categorical,1183747,1183744,3,0.9999974656746754,3.0,30.0,Numeric/Cat,3792.0
L3_S30_F3793,categorical,1183747,1183734,13,0.9999890179235935,3.0,30.0,Numeric/Cat,3793.0
L3_S30_F3795,categorical,1183747,1183734,13,0.9999890179235935,3.0,30.0,Numeric/Cat,3795.0
L3_S30_F3797,categorical,1183747,1183744,3,0.9999974656746754,3.0,30.0,Numeric/Cat,3797.0
L3_S30_F3798,categorical,1183747,1183734,13,0.9999890179235935,3.0,30.0,Numeric/Cat,3798.0
L3_S30_F3800,categorical,1183747,1183734,13,0.9999890179235935,3.0,30.0,Numeric/Cat,3800.0
L3_S30_F3802,categorical,1183747,1183744,3,0.9999974656746754,3.0,30.0,Numeric/Cat,3802.0
L3_S30_F3803,categorical,1183747,1183734,13,0.9999890179235935,3.0,30.0,Numeric/Cat,3803.0
L3_S30_F3805,categorical,1183747,1183734,13,0.9999890179235935,3.0,30.0,Numeric/Cat,3805.0
L3_S30_F3807,categorical,1183747,1183744,3,0.9999974656746754,3.0,30.0,Numeric/Cat,3807.0
L3_S30_F3808,categorical,1183747,1183734,13,0.9999890179235935,3.0,30.0,Numeric/Cat,3808.0
L3_S30_F3810,categorical,1183747,1183734,13,0.9999890179235935,3.0,30.0,Numeric/Cat,3810.0
L3_S30_F3812,categorical,1183747,1183744,3,0.9999974656746754,3.0,30.0,Numeric/Cat,3812.0
L3_S30_F3813,categorical,1183747,1183734,13,0.9999890179235935,3.0,30.0,Numeric/Cat,3813.0
L3_S30_F3815,categorical,1183747,1183734,13,0.9999890179235935,3.0,30.0,Numeric/Cat,3815.0
L3_S30_F3817,categorical,1183747,1183744,3,0.9999974656746754,3.0,30.0,Numeric/Cat,3817.0
L3_S30_F3818,categorical,1183747,1183734,13,0.9999890179235935,3.0,30.0,Numeric/Cat,3818.0
L3_S30_F3820,categorical,1183747,1183734,13,0.9999890179235935,3.0,30.0,Numeric/Cat,3820.0
L3_S30_F3822,categorical,1183747,1183744,3,0.9999974656746754,3.0,30.0,Numeric/Cat,3822.0
L3_S30_F3823,categorical,1183747,1183734,13,0.9999890179235935,3.0,30.0,Numeric/Cat,3823.0
L3_S30_F3825,categorical,1183747,1183734,13,0.9999890179235935,3.0,30.0,Numeric/Cat,3825.0
L3_S30_F3827,categorical,1183747,1183744,3,0.9999974656746754,3.0,30.0,Numeric/Cat,3827.0
L3_S30_F3828,categorical,1183747,1183734,13,0.9999890179235935,3.0,30.0,Numeric/Cat,3828.0
L3_S30_F3830,categorical,1183747,1183734,13,0.9999890179235935,3.0,30.0,Numeric/Cat,3830.0
L3_S30_F3832,categorical,1183747,1183744,3,0.9999974656746754,3.0,30.0,Numeric/Cat,3832.0
L3_S30_F3833,categorical,1183747,1183734,13,0.9999890179235935,3.0,30.0,Numeric/Cat,3833.0
L3_S31_F3835,categorical,1183747,1183740,7,0.9999940865742426,3.0,31.0,Numeric/Cat,3835.0
L3_S31_F3837,categorical,1183747,1183740,7,0.9999940865742426,3.0,31.0,Numeric/Cat,3837.0
L3_S31_F3839,categorical,1183747,1183740,7,0.9999940865742426,3.0,31.0,Numeric/Cat,3839.0
L3_S31_F3841,categorical,1183747,1183740,7,0.9999940865742426,3.0,31.0,Numeric/Cat,3841.0
L3_S31_F3843,categorical,1183747,1183740,7,0.9999940865742426,3.0,31.0,Numeric/Cat,3843.0
L3_S31_F3845,categorical,1183747,1183740,7,0.9999940865742426,3.0,31.0,Numeric/Cat,3845.0
L3_S31_F3847,categorical,1183747,1183740,7,0.9999940865742426,3.0,31.0,Numeric/Cat,3847.0
L3_S31_F3849,categorical,1183747,1183740,7,0.9999940865742426,3.0,31.0,Numeric/Cat,3849.0
L3_S32_F3851,categorical,1183747,1162165,21582,0.9817680636149447,3.0,32.0,Numeric/Cat,3851.0
L3_S32_F3853,categorical,1183747,1183687,60,0.9999493134935084,3.0,32.0,Numeric/Cat,3853.0
L3_S32_F3854,categorical,1183747,1162165,21582,0.9817680636149447,3.0,32.0,Numeric/Cat,3854.0
L3_S35_F3885,categorical,1183747,1183737,10,0.999991552248918,3.0,35.0,Numeric/Cat,3885.0
L3_S35_F3887,categorical,1183747,1183737,10,0.999991552248918,3.0,35.0,Numeric/Cat,3887.0
L3_S35_F3888,categorical,1183747,1183737,10,0.999991552248918,3.0,35.0,Numeric/Cat,3888.0
L3_S35_F3890,categorical,1183747,1183737,10,0.999991552248918,3.0,35.0,Numeric/Cat,3890.0
L3_S35_F3892,categorical,1183747,1183737,10,0.999991552248918,3.0,35.0,Numeric/Cat,3892.0
L3_S35_F3893,categorical,1183747,1183737,10,0.999991552248918,3.0,35.0,Numeric/Cat,3893.0
L3_S35_F3899,categorical,1183747,1183686,61,0.9999484687184002,3.0,35.0,Numeric/Cat,3899.0
L3_S35_F3901,categorical,1183747,1183737,10,0.999991552248918,3.0,35.0,Numeric/Cat,3901.0
L3_S35_F3902,categorical,1183747,1183686,61,0.9999484687184002,3.0,35.0,Numeric/Cat,3902.0
L3_S35_F3904,categorical,1183747,1183686,61,0.9999484687184002,3.0,35.0,Numeric/Cat,3904.0
L3_S35_F3906,categorical,1183747,1183737,10,0.999991552248918,3.0,35.0,Numeric/Cat,3906.0
L3_S35_F3907,categorical,1183747,1183686,61,0.9999484687184002,3.0,35.0,Numeric/Cat,3907.0
L3_S35_F3909,categorical,1183747,1183686,61,0.9999484687184002,3.0,35.0,Numeric/Cat,3909.0
L3_S35_F3911,categorical,1183747,1183737,10,0.999991552248918,3.0,35.0,Numeric/Cat,3911.0
L3_S35_F3912,categorical,1183747,1183686,61,0.9999484687184002,3.0,35.0,Numeric/Cat,3912.0
L3_S35_F3914,categorical,1183747,1183686,61,0.9999484687184002,3.0,35.0,Numeric/Cat,3914.0
L3_S35_F3916,categorical,1183747,1183737,10,0.999991552248918,3.0,35.0,Numeric/Cat,3916.0
L3_S35_F3917,categorical,1183747,1183686,61,0.9999484687184002,3.0,35.0,Numeric/Cat,3917.0
L3_S36_F3927,categorical,1183747,1183746,1,0.9999991552248918,3.0,36.0,Numeric/Cat,3927.0
L3_S36_F3929,categorical,1183747,1183746,1,0.9999991552248918,3.0,36.0,Numeric/Cat,3929.0
L3_S36_F3931,categorical,1183747,1183746,1,0.9999991552248918,3.0,36.0,Numeric/Cat,3931.0
L3_S36_F3933,categorical,1183747,1183746,1,0.9999991552248918,3.0,36.0,Numeric/Cat,3933.0
L3_S36_F3935,categorical,1183747,1183746,1,0.9999991552248918,3.0,36.0,Numeric/Cat,3935.0
L3_S36_F3937,categorical,1183747,1183746,1,0.9999991552248918,3.0,36.0,Numeric/Cat,3937.0
L3_S36_F3939,categorical,1183747,1183746,1,0.9999991552248918,3.0,36.0,Numeric/Cat,3939.0
L3_S36_F3941,categorical,1183747,1183746,1,0.9999991552248918,3.0,36.0,Numeric/Cat,3941.0
L3_S38_F3954,categorical,1183747,1183744,3,0.9999974656746754,3.0,38.0,Numeric/Cat,3954.0
L3_S38_F3955,categorical,1183747,1183744,3,0.9999974656746754,3.0,38.0,Numeric/Cat,3955.0
L3_S38_F3958,categorical,1183747,1183744,3,0.9999974656746754,3.0,38.0,Numeric/Cat,3958.0
L3_S38_F3959,categorical,1183747,1183744,3,0.9999974656746754,3.0,38.0,Numeric/Cat,3959.0
L3_S38_F3962,categorical,1183747,1183744,3,0.9999974656746754,3.0,38.0,Numeric/Cat,3962.0
L3_S38_F3963,categorical,1183747,1183744,3,0.9999974656746754,3.0,38.0,Numeric/Cat,3963.0
L3_S39_F3965,categorical,1183747,1183744,3,0.9999974656746754,3.0,39.0,Numeric/Cat,3965.0
L3_S39_F3967,categorical,1183747,1183744,3,0.9999974656746754,3.0,39.0,Numeric/Cat,3967.0
L3_S39_F3969,categorical,1183747,1183744,3,0.9999974656746754,3.0,39.0,Numeric/Cat,3969.0
L3_S39_F3971,categorical,1183747,1183744,3,0.9999974656746754,3.0,39.0,Numeric/Cat,3971.0
L3_S39_F3973,categorical,1183747,1183744,3,0.9999974656746754,3.0,39.0,Numeric/Cat,3973.0
L3_S39_F3975,categorical,1183747,1183744,3,0.9999974656746754,3.0,39.0,Numeric/Cat,3975.0
L3_S39_F3977,categorical,1183747,1183744,3,0.9999974656746754,3.0,39.0,Numeric/Cat,3977.0
L3_S39_F3979,categorical,1183747,1183744,3,0.9999974656746754,3.0,39.0,Numeric/Cat,3979.0
L3_S42_F4028,categorical,1183747,1183732,15,0.9999873283733771,3.0,42.0,Numeric/Cat,4028.0
L3_S42_F4030,categorical,1183747,1183746,1,0.9999991552248918,3.0,42.0,Numeric/Cat,4030.0
L3_S42_F4031,categorical,1183747,1183736,11,0.9999907074738099,3.0,42.0,Numeric/Cat,4031.0
L3_S42_F4032,categorical,1183747,1183732,15,0.9999873283733771,3.0,42.0,Numeric/Cat,4032.0
L3_S42_F4034,categorical,1183747,1183746,1,0.9999991552248918,3.0,42.0,Numeric/Cat,4034.0
L3_S42_F4035,categorical,1183747,1183736,11,0.9999907074738099,3.0,42.0,Numeric/Cat,4035.0
L3_S42_F4036,categorical,1183747,1183732,15,0.9999873283733771,3.0,42.0,Numeric/Cat,4036.0
L3_S42_F4038,categorical,1183747,1183746,1,0.9999991552248918,3.0,42.0,Numeric/Cat,4038.0
L3_S42_F4039,categorical,1183747,1183736,11,0.9999907074738099,3.0,42.0,Numeric/Cat,4039.0
L3_S42_F4040,categorical,1183747,1183732,15,0.9999873283733771,3.0,42.0,Numeric/Cat,4040.0
L3_S42_F4042,categorical,1183747,1183746,1,0.9999991552248918,3.0,42.0,Numeric/Cat,4042.0
L3_S42_F4043,categorical,1183747,1183736,11,0.9999907074738099,3.0,42.0,Numeric/Cat,4043.0
L3_S42_F4044,categorical,1183747,1183739,8,0.9999932417991344,3.0,42.0,Numeric/Cat,4044.0
L3_S42_F4046,categorical,1183747,1183746,1,0.9999991552248918,3.0,42.0,Numeric/Cat,4046.0
L3_S42_F4047,categorical,1183747,1183743,4,0.9999966208995672,3.0,42.0,Numeric/Cat,4047.0
L3_S42_F4048,categorical,1183747,1183739,8,0.9999932417991344,3.0,42.0,Numeric/Cat,4048.0
L3_S42_F4050,categorical,1183747,1183746,1,0.9999991552248918,3.0,42.0,Numeric/Cat,4050.0
L3_S42_F4051,categorical,1183747,1183743,4,0.9999966208995672,3.0,42.0,Numeric/Cat,4051.0
L3_S42_F4052,categorical,1183747,1183739,8,0.9999932417991344,3.0,42.0,Numeric/Cat,4052.0
L3_S42_F4054,categorical,1183747,1183746,1,0.9999991552248918,3.0,42.0,Numeric/Cat,4054.0
L3_S42_F4055,categorical,1183747,1183743,4,0.9999966208995672,3.0,42.0,Numeric/Cat,4055.0
L3_S42_F4056,categorical,1183747,1183739,8,0.9999932417991344,3.0,42.0,Numeric/Cat,4056.0
L3_S42_F4058,categorical,1183747,1183746,1,0.9999991552248918,3.0,42.0,Numeric/Cat,4058.0
L3_S42_F4059,categorical,1183747,1183743,4,0.9999966208995672,3.0,42.0,Numeric/Cat,4059.0
L3_S43_F4061,categorical,1183747,1183464,283,0.9997609286443809,3.0,43.0,Numeric/Cat,4061.0
L3_S43_F4063,categorical,1183747,1183746,1,0.9999991552248918,3.0,43.0,Numeric/Cat,4063.0
L3_S43_F4064,categorical,1183747,1183464,283,0.9997609286443809,3.0,43.0,Numeric/Cat,4064.0
L3_S43_F4066,categorical,1183747,1183464,283,0.9997609286443809,3.0,43.0,Numeric/Cat,4066.0
L3_S43_F4068,categorical,1183747,1183746,1,0.9999991552248918,3.0,43.0,Numeric/Cat,4068.0
L3_S43_F4069,categorical,1183747,1183464,283,0.9997609286443809,3.0,43.0,Numeric/Cat,4069.0
L3_S43_F4071,categorical,1183747,1183464,283,0.9997609286443809,3.0,43.0,Numeric/Cat,4071.0
L3_S43_F4073,categorical,1183747,1183746,1,0.9999991552248918,3.0,43.0,Numeric/Cat,4073.0
L3_S43_F4074,categorical,1183747,1183464,283,0.9997609286443809,3.0,43.0,Numeric/Cat,4074.0
L3_S43_F4076,categorical,1183747,1183464,283,0.9997609286443809,3.0,43.0,Numeric/Cat,4076.0
L3_S43_F4078,categorical,1183747,1183746,1,0.9999991552248918,3.0,43.0,Numeric/Cat,4078.0
L3_S43_F4079,categorical,1183747,1183464,283,0.9997609286443809,3.0,43.0,Numeric/Cat,4079.0
L3_S43_F4081,categorical,1183747,1183470,277,0.9997659972950301,3.0,43.0,Numeric/Cat,4081.0
L3_S43_F4083,categorical,1183747,1183746,1,0.9999991552248918,3.0,43.0,Numeric/Cat,4083.0
L3_S43_F4084,categorical,1183747,1183470,277,0.9997659972950301,3.0,43.0,Numeric/Cat,4084.0
L3_S43_F4086,categorical,1183747,1183470,277,0.9997659972950301,3.0,43.0,Numeric/Cat,4086.0
L3_S43_F4088,categorical,1183747,1183746,1,0.9999991552248918,3.0,43.0,Numeric/Cat,4088.0
L3_S43_F4089,categorical,1183747,1183470,277,0.9997659972950301,3.0,43.0,Numeric/Cat,4089.0
L3_S43_F4091,categorical,1183747,1183470,277,0.9997659972950301,3.0,43.0,Numeric/Cat,4091.0
L3_S43_F4093,categorical,1183747,1183746,1,0.9999991552248918,3.0,43.0,Numeric/Cat,4093.0
L3_S43_F4094,categorical,1183747,1183470,277,0.9997659972950301,3.0,43.0,Numeric/Cat,4094.0
L3_S43_F4096,categorical,1183747,1183470,277,0.9997659972950301,3.0,43.0,Numeric/Cat,4096.0
L3_S43_F4098,categorical,1183747,1183746,1,0.9999991552248918,3.0,43.0,Numeric/Cat,4098.0
L3_S43_F4099,categorical,1183747,1183470,277,0.9997659972950301,3.0,43.0,Numeric/Cat,4099.0
L3_S44_F4102,categorical,1183747,1181654,2093,0.9982318856985488,3.0,44.0,Numeric/Cat,4102.0
L3_S44_F4105,categorical,1183747,1181654,2093,0.9982318856985488,3.0,44.0,Numeric/Cat,4105.0
L3_S44_F4108,categorical,1183747,1181654,2093,0.9982318856985488,3.0,44.0,Numeric/Cat,4108.0
L3_S44_F4111,categorical,1183747,1181654,2093,0.9982318856985488,3.0,44.0,Numeric/Cat,4111.0
L3_S44_F4114,categorical,1183747,1181654,2093,0.9982318856985488,3.0,44.0,Numeric/Cat,4114.0
L3_S44_F4117,categorical,1183747,1181654,2093,0.9982318856985488,3.0,44.0,Numeric/Cat,4117.0
L3_S44_F4120,categorical,1183747,1181654,2093,0.9982318856985488,3.0,44.0,Numeric/Cat,4120.0
L3_S44_F4123,categorical,1183747,1181654,2093,0.9982318856985488,3.0,44.0,Numeric/Cat,4123.0
L3_S46_F4134,categorical,1183747,1183746,1,0.9999991552248918,3.0,46.0,Numeric/Cat,4134.0
L3_S46_F4136,categorical,1183747,1183747,0,1.0,3.0,46.0,Numeric/Cat,4136.0
L3_S46_F4137,categorical,1183747,1183747,0,1.0,3.0,46.0,Numeric/Cat,4137.0
L3_S47_F4139,categorical,1183747,1183747,0,1.0,3.0,47.0,Numeric/Cat,4139.0
L3_S47_F4141,categorical,1183747,1123792,59955,0.9493515083881945,3.0,47.0,Numeric/Cat,4141.0
L3_S47_F4142,categorical,1183747,1183747,0,1.0,3.0,47.0,Numeric/Cat,4142.0
L3_S47_F4144,categorical,1183747,1183747,0,1.0,3.0,47.0,Numeric/Cat,4144.0
L3_S47_F4146,categorical,1183747,1123792,59955,0.9493515083881945,3.0,47.0,Numeric/Cat,4146.0
L3_S47_F4147,categorical,1183747,1183747,0,1.0,3.0,47.0,Numeric/Cat,4147.0
L3_S47_F4149,categorical,1183747,1183747,0,1.0,3.0,47.0,Numeric/Cat,4149.0
L3_S47_F4151,categorical,1183747,1123792,59955,0.9493515083881945,3.0,47.0,Numeric/Cat,4151.0
L3_S47_F4152,categorical,1183747,1183747,0,1.0,3.0,47.0,Numeric/Cat,4152.0
L3_S47_F4154,categorical,1183747,1183747,0,1.0,3.0,47.0,Numeric/Cat,4154.0
L3_S47_F4156,categorical,1183747,1123792,59955,0.9493515083881945,3.0,47.0,Numeric/Cat,4156.0
L3_S47_F4157,categorical,1183747,1183747,0,1.0,3.0,47.0,Numeric/Cat,4157.0
L3_S47_F4159,categorical,1183747,1183747,0,1.0,3.0,47.0,Numeric/Cat,4159.0
L3_S47_F4161,categorical,1183747,1123792,59955,0.9493515083881945,3.0,47.0,Numeric/Cat,4161.0
L3_S47_F4162,categorical,1183747,1183747,0,1.0,3.0,47.0,Numeric/Cat,4162.0
L3_S47_F4164,categorical,1183747,1183747,0,1.0,3.0,47.0,Numeric/Cat,4164.0
L3_S47_F4166,categorical,1183747,1123792,59955,0.9493515083881945,3.0,47.0,Numeric/Cat,4166.0
L3_S47_F4167,categorical,1183747,1183747,0,1.0,3.0,47.0,Numeric/Cat,4167.0
L3_S47_F4169,categorical,1183747,1183747,0,1.0,3.0,47.0,Numeric/Cat,4169.0
L3_S47_F4171,categorical,1183747,1123792,59955,0.9493515083881945,3.0,47.0,Numeric/Cat,4171.0
L3_S47_F4172,categorical,1183747,1183747,0,1.0,3.0,47.0,Numeric/Cat,4172.0
L3_S47_F4174,categorical,1183747,1183747,0,1.0,3.0,47.0,Numeric/Cat,4174.0
L3_S47_F4176,categorical,1183747,1123792,59955,0.9493515083881945,3.0,47.0,Numeric/Cat,4176.0
L3_S47_F4177,categorical,1183747,1183747,0,1.0,3.0,47.0,Numeric/Cat,4177.0
L3_S47_F4179,categorical,1183747,1183747,0,1.0,3.0,47.0,Numeric/Cat,4179.0
L3_S47_F4181,categorical,1183747,1123792,59955,0.9493515083881945,3.0,47.0,Numeric/Cat,4181.0
L3_S47_F4182,categorical,1183747,1183747,0,1.0,3.0,47.0,Numeric/Cat,4182.0
L3_S47_F4184,categorical,1183747,1183747,0,1.0,3.0,47.0,Numeric/Cat,4184.0
L3_S47_F4186,categorical,1183747,1123792,59955,0.9493515083881945,3.0,47.0,Numeric/Cat,4186.0
L3_S47_F4187,categorical,1183747,1183747,0,1.0,3.0,47.0,Numeric/Cat,4187.0
L3_S47_F4189,categorical,1183747,1183747,0,1.0,3.0,47.0,Numeric/Cat,4189.0
L3_S47_F4191,categorical,1183747,1123792,59955,0.9493515083881945,3.0,47.0,Numeric/Cat,4191.0
L3_S47_F4192,categorical,1183747,1183747,0,1.0,3.0,47.0,Numeric/Cat,4192.0
L3_S49_F4207,categorical,1183747,1183714,33,0.9999721224214296,3.0,49.0,Numeric/Cat,4207.0
L3_S49_F4209,categorical,1183747,1183714,33,0.9999721224214296,3.0,49.0,Numeric/Cat,4209.0
L3_S49_F4210,categorical,1183747,1183714,33,0.9999721224214296,3.0,49.0,Numeric/Cat,4210.0
L3_S49_F4212,categorical,1183747,1183714,33,0.9999721224214296,3.0,49.0,Numeric/Cat,4212.0
L3_S49_F4214,categorical,1183747,1183714,33,0.9999721224214296,3.0,49.0,Numeric/Cat,4214.0
L3_S49_F4215,categorical,1183747,1183714,33,0.9999721224214296,3.0,49.0,Numeric/Cat,4215.0
L3_S49_F4217,categorical,1183747,1183704,43,0.9999636746703476,3.0,49.0,Numeric/Cat,4217.0
L3_S49_F4219,categorical,1183747,1183714,33,0.9999721224214296,3.0,49.0,Numeric/Cat,4219.0
L3_S49_F4220,categorical,1183747,1183704,43,0.9999636746703476,3.0,49.0,Numeric/Cat,4220.0
L3_S49_F4222,categorical,1183747,1183704,43,0.9999636746703476,3.0,49.0,Numeric/Cat,4222.0
L3_S49_F4224,categorical,1183747,1183714,33,0.9999721224214296,3.0,49.0,Numeric/Cat,4224.0
L3_S49_F4225,categorical,1183747,1183704,43,0.9999636746703476,3.0,49.0,Numeric/Cat,4225.0
L3_S49_F4227,categorical,1183747,1183704,43,0.9999636746703476,3.0,49.0,Numeric/Cat,4227.0
L3_S49_F4229,categorical,1183747,1183714,33,0.9999721224214296,3.0,49.0,Numeric/Cat,4229.0
L3_S49_F4230,categorical,1183747,1183704,43,0.9999636746703476,3.0,49.0,Numeric/Cat,4230.0
L3_S49_F4232,categorical,1183747,1183704,43,0.9999636746703476,3.0,49.0,Numeric/Cat,4232.0
L3_S49_F4234,categorical,1183747,1183714,33,0.9999721224214296,3.0,49.0,Numeric/Cat,4234.0
L3_S49_F4235,categorical,1183747,1183704,43,0.9999636746703476,3.0,49.0,Numeric/Cat,4235.0
L3_S49_F4237,categorical,1183747,1183704,43,0.9999636746703476,3.0,49.0,Numeric/Cat,4237.0
L3_S49_F4239,categorical,1183747,1183714,33,0.9999721224214296,3.0,49.0,Numeric/Cat,4239.0
L3_S49_F4240,categorical,1183747,1183704,43,0.9999636746703476,3.0,49.0,Numeric/Cat,4240.0
