route,line_sequence,part_count,num_stations,defect_count,defect_rate,volume_pct
S24->S26->S29->S30->S33->S34->S36->S37,L1->L2->L3,58379,8,394,0.006749002209698693,4.9341385182962645
S24->S26->S29->S30->S33->S34->S35->S37,L1->L2->L3,56718,8,383,0.00675270637187489,4.793752350686506
S25->S26->S29->S30->S33->S34->S36->S37,L1->L2->L3,23438,8,89,0.003797252325283727,1.9809578545680444
S25->S26->S29->S30->S33->S34->S35->S37,L1->L2->L3,22561,8,76,0.003368645006870263,1.9068346342226146
S24->S27->S29->S30->S33->S34->S36->S37,L1->L2->L3,21188,8,111,0.005238814423258448,1.7907899574446506
S24->S27->S29->S30->S33->S34->S35->S37,L1->L2->L3,20316,8,127,0.006251230557196299,1.717089332426162
S25->S27->S29->S30->S33->S34->S36->S37,L1->L2->L3,10916,8,35,0.0032063026749725174,0.9226101177773177
S0->S1->S2->S5->S6->S8->S11->S29->S30->S33->S34->S36->S37,L0->L3,10613,13,37,0.003486290398567794,0.8970008409647006
S25->S27->S29->S30->S33->S34->S35->S37,L1->L2->L3,10609,8,34,0.003204826091054765,0.8966627647031479
S0->S1->S2->S5->S6->S8->S9->S29->S30->S33->S34->S36->S37,L0->L3,10536,13,48,0.004555808656036446,0.890492872929811
S0->S1->S2->S5->S7->S8->S9->S29->S30->S33->S34->S36->S37,L0->L3,10530,13,40,0.003798670465337132,0.8899857585374821
S0->S1->S2->S5->S7->S8->S11->S29->S30->S33->S34->S36->S37,L0->L3,10512,13,48,0.0045662100456621,0.8884644153604949
S0->S1->S2->S5->S6->S8->S10->S29->S30->S33->S34->S36->S37,L0->L3,10498,13,46,0.004381787007048962,0.8872811484450605
S0->S1->S2->S4->S6->S8->S9->S29->S30->S33->S34->S36->S37,L0->L3,10483,13,43,0.004101879233043976,0.8860133624642379
S0->S1->S2->S5->S7->S8->S10->S29->S30->S33->S34->S36->S37,L0->L3,10467,13,65,0.006209993312314894,0.884661057418027
S0->S1->S3->S5->S7->S8->S10->S29->S30->S33->S34->S36->S37,L0->L3,10464,13,44,0.004204892966360856,0.8844075002218627
S0->S1->S3->S5->S6->S8->S9->S29->S30->S33->S34->S36->S37,L0->L3,10432,13,32,0.003067484662576687,0.881702890129441
S0->S1->S3->S5->S6->S8->S10->S29->S30->S33->S34->S36->S37,L0->L3,10427,13,43,0.004123909082190467,0.8812802948025
S0->S1->S2->S4->S6->S8->S10->S29->S30->S33->S34->S36->S37,L0->L3,10416,13,36,0.0034562211981566822,0.8803505850832302
S0->S1->S2->S4->S6->S8->S11->S29->S30->S33->S34->S36->S37,L0->L3,10413,13,48,0.004609622587150677,0.8800970278870656
S0->S1->S3->S5->S7->S8->S9->S29->S30->S33->S34->S36->S37,L0->L3,10390,13,51,0.004908565928777671,0.8781530893831376
S0->S1->S3->S4->S6->S8->S9->S29->S30->S33->S34->S36->S37,L0->L3,10383,13,46,0.004430318790330348,0.8775614559254203
S0->S1->S2->S4->S7->S8->S10->S29->S30->S33->S34->S36->S37,L0->L3,10380,13,40,0.0038535645472061657,0.8773078987292559
S0->S1->S3->S5->S6->S8->S11->S29->S30->S33->S34->S36->S37,L0->L3,10324,13,53,0.005133669120495932,0.872574831067518
S0->S1->S2->S5->S6->S8->S9->S29->S30->S33->S34->S35->S37,L0->L3,10320,13,51,0.004941860465116279,0.8722367548059653
S0->S1->S2->S5->S6->S8->S11->S29->S30->S33->S34->S35->S37,L0->L3,10301,13,47,0.004562663819046695,0.87063089256359
S0->S1->S3->S5->S7->S8->S11->S29->S30->S33->S34->S36->S37,L0->L3,10283,13,43,0.0041816590489156865,0.8691095493866029
S0->S1->S2->S4->S7->S8->S11->S29->S30->S33->S34->S36->S37,L0->L3,10244,13,49,0.004783287778211636,0.8658133058364641
S0->S1->S3->S4->S6->S8->S10->S29->S30->S33->S34->S36->S37,L0->L3,10241,13,32,0.003124694854018162,0.8655597486402995
S0->S1->S3->S5->S6->S8->S9->S29->S30->S33->S34->S35->S37,L0->L3,10230,13,45,0.004398826979472141,0.8646300389210296
S0->S1->S2->S4->S7->S8->S9->S29->S30->S33->S34->S36->S37,L0->L3,10229,13,46,0.004497018281356927,0.8645455198556414
S0->S1->S3->S5->S6->S8->S11->S29->S30->S33->S34->S35->S37,L0->L3,10206,13,54,0.005291005291005291,0.8626015813517135
S0->S1->S3->S4->S6->S8->S11->S29->S30->S33->S34->S36->S37,L0->L3,10186,13,38,0.003730610642057726,0.8609112000439499
S0->S1->S2->S4->S6->S8->S10->S29->S30->S33->S34->S35->S37,L0->L3,10182,13,37,0.0036338636810056965,0.8605731237823973
S0->S1->S3->S4->S7->S8->S11->S29->S30->S33->S34->S36->S37,L0->L3,10159,13,51,0.005020179151491289,0.8586291852784691
S0->S1->S2->S5->S6->S8->S10->S29->S30->S33->S34->S35->S37,L0->L3,10147,13,42,0.004139154429880753,0.857614956493811
S0->S1->S2->S4->S7->S8->S9->S29->S30->S33->S34->S35->S37,L0->L3,10124,13,37,0.0036546819438956933,0.8556710179898831
S0->S1->S3->S5->S7->S8->S10->S29->S30->S33->S34->S35->S37,L0->L3,10112,13,38,0.0037579113924050634,0.8546567892052249
S0->S1->S3->S4->S7->S8->S9->S29->S30->S33->S34->S36->S37,L0->L3,10111,13,43,0.004252793986747107,0.8545722701398368
S0->S1->S2->S4->S6->S8->S11->S29->S30->S33->S34->S35->S37,L0->L3,10106,13,47,0.004650702552938848,0.8541496748128959
S0->S1->S2->S5->S7->S8->S11->S29->S30->S33->S34->S35->S37,L0->L3,10100,13,41,0.0040594059405940595,0.8536425604205669
S0->S1->S2->S4->S6->S8->S9->S29->S30->S33->S34->S35->S37,L0->L3,10087,13,58,0.005749975215624071,0.8525438125705207
S0->S1->S2->S5->S7->S8->S9->S29->S30->S33->S34->S35->S37,L0->L3,10078,13,41,0.004068267513395515,0.851783140982027
S0->S1->S3->S4->S7->S8->S10->S29->S30->S33->S34->S36->S37,L0->L3,10043,13,55,0.00547645125958379,0.8488249736934409
S0->S1->S3->S5->S7->S8->S9->S29->S30->S33->S34->S35->S37,L0->L3,10026,13,33,0.003291442250149611,0.8473881495818418
S0->S1->S3->S5->S6->S8->S10->S29->S30->S33->S34->S35->S37,L0->L3,10021,13,48,0.004789941123640356,0.846965554254901
S0->S1->S3->S4->S7->S8->S11->S29->S30->S33->S34->S35->S37,L0->L3,10018,13,39,0.003892992613296067,0.8467119970587366
S0->S1->S3->S4->S6->S8->S11->S29->S30->S33->S34->S35->S37,L0->L3,10014,13,33,0.0032953864589574597,0.8463739207971839
S0->S1->S3->S4->S6->S8->S9->S29->S30->S33->S34->S35->S37,L0->L3,10011,13,58,0.005793627010288682,0.8461203636010193
S0->S1->S3->S5->S7->S8->S11->S29->S30->S33->S34->S35->S37,L0->L3,9994,13,42,0.004202521512907745,0.8446835394894204
S0->S1->S2->S5->S7->S8->S10->S29->S30->S33->S34->S35->S37,L0->L3,9970,13,54,0.005416248746238716,0.8426550819201042
S0->S1->S3->S4->S7->S8->S9->S29->S30->S33->S34->S35->S37,L0->L3,9951,13,43,0.00432117375138177,0.8410492196777287
S0->S1->S2->S4->S7->S8->S10->S29->S30->S33->S34->S35->S37,L0->L3,9894,13,41,0.004143925611481706,0.8362316329506028
S0->S1->S2->S4->S7->S8->S11->S29->S30->S33->S34->S35->S37,L0->L3,9873,13,43,0.00435531246834802,0.8344567325774512
S0->S1->S3->S4->S6->S8->S10->S29->S30->S33->S34->S35->S37,L0->L3,9788,13,56,0.005721291377196567,0.8272726120194563
S0->S1->S3->S4->S7->S8->S10->S29->S30->S33->S34->S35->S37,L0->L3,9738,13,31,0.0031834052166769358,0.8230466587500476
S24->S29->S30->S33->S34->S36->S37,L1->L3,5736,7,61,0.010634588563458856,0.4848013590665714
S24->S29->S30->S33->S34->S35->S37,L1->L3,5684,7,73,0.012843068261787473,0.4804063676663864
S12->S13->S15->S17->S18->S20->S23->S29->S30->S33->S34->S36->S37,L0->L3,4011,13,19,0.004736973323360758,0.33900597127196963
S12->S13->S15->S17->S18->S20->S21->S29->S30->S33->S34->S36->S37,L0->L3,3979,13,16,0.004021110831867303,0.33630136117954806
S12->S13->S15->S17->S19->S20->S21->S29->S30->S33->S34->S36->S37,L0->L3,3977,13,17,0.004274578828262509,0.3361323230487717
S12->S13->S14->S17->S19->S20->S21->S29->S30->S33->S34->S35->S37,L0->L3,3976,13,24,0.006036217303822937,0.3360478039833836
S12->S13->S14->S17->S18->S20->S21->S29->S30->S33->S34->S36->S37,L0->L3,3955,13,19,0.004804045512010114,0.3342729036102319
S12->S13->S15->S17->S19->S20->S22->S29->S30->S33->S34->S35->S37,L0->L3,3940,13,18,0.004568527918781726,0.33300511762940926
S12->S13->S15->S17->S18->S20->S22->S29->S30->S33->S34->S36->S37,L0->L3,3899,13,22,0.0056424724288279045,0.32953983594849406
S12->S13->S14->S16->S18->S20->S22->S29->S30->S33->S34->S36->S37,L0->L3,3897,13,21,0.005388760585065435,0.3293707978177177
S25->S29->S30->S33->S34->S36->S37,L1->L3,3896,7,21,0.0053901437371663245,0.3292862787523295
S12->S13->S14->S17->S18->S20->S22->S29->S30->S33->S34->S36->S37,L0->L3,3892,13,29,0.007451181911613566,0.32894820249077683
S12->S13->S14->S17->S18->S20->S23->S29->S30->S33->S34->S36->S37,L0->L3,3891,13,21,0.005397070161912105,0.3288636834253887
S12->S13->S15->S17->S19->S20->S23->S29->S30->S33->S34->S35->S37,L0->L3,3874,13,12,0.003097573567372225,0.32742685931378973
S12->S13->S15->S16->S18->S20->S22->S29->S30->S33->S34->S36->S37,L0->L3,3861,13,18,0.004662004662004662,0.3263281114637434
S12->S13->S15->S16->S18->S20->S21->S29->S30->S33->S34->S36->S37,L0->L3,3855,13,9,0.0023346303501945525,0.3258209970714144
S12->S13->S15->S17->S19->S20->S22->S29->S30->S33->S34->S36->S37,L0->L3,3848,13,22,0.005717255717255718,0.32522936361369714
S12->S13->S14->S16->S19->S20->S22->S29->S30->S33->S34->S36->S37,L0->L3,3833,13,19,0.004956952778502478,0.32396157763287453
S12->S13->S15->S17->S19->S20->S23->S29->S30->S33->S34->S36->S37,L0->L3,3830,13,14,0.0036553524804177544,0.32370802043671004
S12->S13->S15->S17->S18->S20->S21->S29->S30->S33->S34->S35->S37,L0->L3,3828,13,12,0.003134796238244514,0.3235389823059337
S12->S13->S14->S17->S19->S20->S23->S29->S30->S33->S34->S36->S37,L0->L3,3824,13,19,0.004968619246861925,0.32320090604438095
S12->S13->S14->S17->S19->S20->S22->S29->S30->S33->S34->S36->S37,L0->L3,3821,13,11,0.0028788275320596702,0.32294734884821646
S12->S13->S15->S16->S19->S20->S21->S29->S30->S33->S34->S36->S37,L0->L3,3820,13,26,0.006806282722513089,0.32286282978282826
S12->S13->S14->S16->S18->S20->S23->S29->S30->S33->S34->S36->S37,L0->L3,3804,13,20,0.005257623554153523,0.32151052473661745
S12->S13->S14->S16->S19->S20->S21->S29->S30->S33->S34->S36->S37,L0->L3,3802,13,26,0.006838506049447659,0.3213414866058411
S12->S13->S14->S17->S19->S20->S21->S29->S30->S33->S34->S36->S37,L0->L3,3802,13,20,0.0052603892688058915,0.3213414866058411
S12->S13->S14->S17->S19->S20->S22->S29->S30->S33->S34->S35->S37,L0->L3,3792,13,14,0.003691983122362869,0.32049629595195933
S12->S13->S14->S17->S19->S20->S23->S29->S30->S33->S34->S35->S37,L0->L3,3775,13,15,0.003973509933774834,0.3190594718403604
S12->S13->S15->S16->S19->S20->S22->S29->S30->S33->S34->S36->S37,L0->L3,3755,13,15,0.0039946737683089215,0.3173690905325969
S12->S13->S14->S17->S18->S20->S21->S29->S30->S33->S34->S35->S37,L0->L3,3752,13,16,0.0042643923240938165,0.3171155333364324
S12->S13->S14->S16->S18->S20->S21->S29->S30->S33->S34->S36->S37,L0->L3,3741,13,20,0.005346164127238706,0.31618582361716246
S12->S13->S14->S17->S18->S20->S23->S29->S30->S33->S34->S35->S37,L0->L3,3721,13,15,0.00403117441547971,0.3144954423093989
S12->S13->S15->S16->S19->S20->S23->S29->S30->S33->S34->S36->S37,L0->L3,3721,13,9,0.002418704649287826,0.3144954423093989
S12->S13->S14->S17->S18->S20->S22->S29->S30->S33->S34->S35->S37,L0->L3,3701,13,22,0.005944339367738449,0.31280506100163546
S12->S13->S15->S16->S18->S20->S21->S29->S30->S33->S34->S35->S37,L0->L3,3700,13,22,0.005945945945945946,0.31272054193624726
S12->S13->S15->S17->S18->S20->S22->S29->S30->S33->S34->S35->S37,L0->L3,3699,13,15,0.0040551500405515,0.3126360228708591
S12->S13->S15->S17->S19->S20->S21->S29->S30->S33->S34->S35->S37,L0->L3,3698,13,25,0.006760411032990805,0.3125515038054709
S25->S29->S30->S33->S34->S35->S37,L1->L3,3698,7,14,0.0037858301784748512,0.3125515038054709
S12->S13->S15->S16->S18->S20->S23->S29->S30->S33->S34->S36->S37,L0->L3,3682,13,15,0.004073872895165671,0.3111991987592601
S12->S13->S14->S16->S19->S20->S23->S29->S30->S33->S34->S35->S37,L0->L3,3679,13,21,0.0057080728458820335,0.31094564156309557
S12->S13->S15->S16->S18->S20->S23->S29->S30->S33->S34->S35->S37,L0->L3,3678,13,17,0.004622077215878194,0.3108611224977074
S12->S13->S14->S16->S19->S20->S23->S29->S30->S33->S34->S36->S37,L0->L3,3653,13,14,0.0038324664659184233,0.3087481458630031
S12->S13->S14->S16->S18->S20->S23->S29->S30->S33->S34->S35->S37,L0->L3,3636,13,22,0.00605060506050605,0.3073113217514041
S12->S13->S14->S16->S19->S20->S21->S29->S30->S33->S34->S35->S37,L0->L3,3634,13,17,0.004678040726472207,0.30714228362062773
S12->S13->S14->S16->S18->S20->S22->S29->S30->S33->S34->S35->S37,L0->L3,3618,13,14,0.003869541182974019,0.3057899785744169
S12->S13->S15->S16->S19->S20->S23->S29->S30->S33->S34->S35->S37,L0->L3,3616,13,16,0.004424778761061947,0.3056209404436406
S12->S13->S15->S16->S18->S20->S22->S29->S30->S33->S34->S35->S37,L0->L3,3607,13,14,0.0038813418353202105,0.304860268855147
S12->S13->S15->S16->S19->S20->S21->S29->S30->S33->S34->S35->S37,L0->L3,3605,13,12,0.00332871012482663,0.30469123072437065
S12->S13->S15->S17->S18->S20->S23->S29->S30->S33->S34->S35->S37,L0->L3,3596,13,17,0.004727474972191324,0.3039305591358771
S12->S13->S15->S16->S19->S20->S22->S29->S30->S33->S34->S35->S37,L0->L3,3583,13,11,0.0030700530281886685,0.3028318112858308
S12->S13->S14->S16->S18->S20->S21->S29->S30->S33->S34->S35->S37,L0->L3,3552,13,11,0.003096846846846847,0.3002117202587974
S12->S13->S14->S16->S19->S20->S22->S29->S30->S33->S34->S35->S37,L0->L3,3527,13,15,0.0042529061525375675,0.298098743624093
S24->S28->S29->S30->S33->S34->S36->S37,L1->L2->L3,1446,8,13,0.008990318118948824,0.12221456855130096
S24->S28->S29->S30->S33->S34->S35->S37,L1->L2->L3,1408,8,13,0.009232954545454546,0.1190028440665503
S0->S1->S2->S5->S6->S8->S9->S26->S29->S30->S33->S34->S36->S37,L0->L2->L3,945,14,1,0.0010582010582010583,0.07987051679182532
S0->S1->S3->S5->S6->S8->S10->S26->S29->S30->S33->S34->S36->S37,L0->L2->L3,939,14,11,0.011714589989350373,0.07936340239949627
S0->S1->S2->S4->S7->S8->S10->S26->S29->S30->S33->S34->S35->S37,L0->L2->L3,915,14,8,0.008743169398907104,0.07733494483018007
S0->S1->S3->S4->S6->S8->S11->S26->S29->S30->S33->S34->S36->S37,L0->L2->L3,908,14,9,0.009911894273127754,0.07674331137246285
S0->S1->S3->S4->S7->S8->S11->S26->S29->S30->S33->S34->S35->S37,L0->L2->L3,908,14,4,0.004405286343612335,0.07674331137246285
S0->S1->S2->S5->S6->S8->S10->S26->S29->S30->S33->S34->S36->S37,L0->L2->L3,901,14,6,0.006659267480577136,0.07615167791474561
S0->S1->S3->S5->S7->S8->S11->S26->S29->S30->S33->S34->S36->S37,L0->L2->L3,900,14,5,0.005555555555555556,0.07606715884935746
S0->S1->S2->S4->S6->S8->S11->S26->S29->S30->S33->S34->S36->S37,L0->L2->L3,900,14,7,0.0077777777777777776,0.07606715884935746
S0->S1->S3->S5->S6->S8->S11->S26->S29->S30->S33->S34->S35->S37,L0->L2->L3,899,14,1,0.0011123470522803114,0.07598263978396927
S0->S1->S2->S4->S6->S8->S10->S26->S29->S30->S33->S34->S36->S37,L0->L2->L3,899,14,8,0.008898776418242492,0.07598263978396927
S0->S1->S2->S4->S7->S8->S9->S26->S29->S30->S33->S34->S35->S37,L0->L2->L3,896,14,5,0.005580357142857143,0.07572908258780475
S0->S1->S3->S4->S7->S8->S10->S26->S29->S30->S33->S34->S36->S37,L0->L2->L3,895,14,8,0.008938547486033519,0.07564456352241657
S0->S1->S2->S4->S7->S8->S11->S26->S29->S30->S33->S34->S36->S37,L0->L2->L3,894,14,4,0.0044742729306487695,0.0755600444570284
S0->S1->S2->S5->S6->S8->S9->S26->S29->S30->S33->S34->S35->S37,L0->L2->L3,894,14,5,0.005592841163310962,0.0755600444570284
S0->S1->S3->S4->S7->S8->S9->S26->S29->S30->S33->S34->S35->S37,L0->L2->L3,892,14,6,0.006726457399103139,0.07539100632625205
S0->S1->S3->S5->S7->S8->S9->S26->S29->S30->S33->S34->S36->S37,L0->L2->L3,890,14,8,0.008988764044943821,0.07522196819547569
S0->S1->S2->S4->S6->S8->S9->S26->S29->S30->S33->S34->S36->S37,L0->L2->L3,890,14,4,0.0044943820224719105,0.07522196819547569
S0->S1->S3->S5->S7->S8->S10->S26->S29->S30->S33->S34->S36->S37,L0->L2->L3,889,14,9,0.010123734533183352,0.07513744913008752
S0->S1->S2->S5->S7->S8->S10->S26->S29->S30->S33->S34->S36->S37,L0->L2->L3,889,14,5,0.00562429696287964,0.07513744913008752
S0->S1->S2->S5->S7->S8->S11->S26->S29->S30->S33->S34->S36->S37,L0->L2->L3,887,14,3,0.0033821871476888386,0.07496841099931116
S0->S1->S3->S5->S6->S8->S9->S26->S29->S30->S33->S34->S35->S37,L0->L2->L3,886,14,5,0.0056433408577878106,0.07488389193392299
S0->S1->S2->S5->S6->S8->S11->S26->S29->S30->S33->S34->S36->S37,L0->L2->L3,885,14,3,0.003389830508474576,0.07479937286853483
S0->S1->S3->S4->S7->S8->S9->S26->S29->S30->S33->S34->S36->S37,L0->L2->L3,883,14,6,0.006795016987542469,0.07463033473775847
S0->S1->S3->S5->S7->S8->S10->S26->S29->S30->S33->S34->S35->S37,L0->L2->L3,882,14,2,0.0022675736961451248,0.0745458156723703
S0->S1->S2->S5->S6->S8->S11->S26->S29->S30->S33->S34->S35->S37,L0->L2->L3,881,14,4,0.004540295119182747,0.07446129660698213
S0->S1->S2->S4->S7->S8->S10->S26->S29->S30->S33->S34->S36->S37,L0->L2->L3,879,14,7,0.007963594994311717,0.07429225847620577
S0->S1->S2->S4->S6->S8->S11->S26->S29->S30->S33->S34->S35->S37,L0->L2->L3,877,14,5,0.005701254275940707,0.07412322034542942
S29->S30->S33->S34->S36->S37,L3,876,6,16,0.0182648401826484,0.07403870128004124
S0->S1->S3->S4->S7->S8->S10->S26->S29->S30->S33->S34->S35->S37,L0->L2->L3,872,14,8,0.009174311926605505,0.07370062501848854
S0->S1->S3->S4->S6->S8->S10->S26->S29->S30->S33->S34->S36->S37,L0->L2->L3,870,14,5,0.005747126436781609,0.0735315868877122
S0->S1->S2->S4->S6->S8->S9->S27->S29->S30->S33->S34->S35->S37,L0->L2->L3,866,14,5,0.005773672055427252,0.0731935106261595
S25->S28->S29->S30->S33->S34->S36->S37,L1->L2->L3,861,8,3,0.003484320557491289,0.07277091529921861
S0->S1->S2->S4->S6->S8->S9->S26->S29->S30->S33->S34->S35->S37,L0->L2->L3,860,14,3,0.0034883720930232558,0.07268639623383044
S0->S1->S2->S4->S6->S8->S10->S26->S29->S30->S33->S34->S35->S37,L0->L2->L3,858,14,4,0.004662004662004662,0.0725173581030541
S0->S1->S2->S5->S7->S8->S10->S26->S29->S30->S33->S34->S35->S37,L0->L2->L3,856,14,3,0.0035046728971962616,0.07234831997227775
S0->S1->S3->S4->S6->S8->S10->S26->S29->S30->S33->S34->S35->S37,L0->L2->L3,855,14,6,0.007017543859649123,0.07226380090688958
S0->S1->S3->S5->S6->S8->S10->S26->S29->S30->S33->S34->S35->S37,L0->L2->L3,854,14,4,0.00468384074941452,0.0721792818415014
S0->S1->S3->S5->S6->S8->S11->S26->S29->S30->S33->S34->S36->S37,L0->L2->L3,854,14,7,0.00819672131147541,0.0721792818415014
S0->S1->S3->S4->S6->S8->S9->S26->S29->S30->S33->S34->S35->S37,L0->L2->L3,853,14,8,0.009378663540445486,0.07209476277611322
S0->S1->S2->S4->S7->S8->S9->S26->S29->S30->S33->S34->S36->S37,L0->L2->L3,852,14,3,0.0035211267605633804,0.07201024371072505
S24->S26->S29->S30->S32->S33->S34->S35->S37,L1->L2->L3,851,9,3,0.0035252643948296123,0.07192572464533688
S0->S1->S2->S5->S7->S8->S9->S26->S29->S30->S33->S34->S36->S37,L0->L2->L3,850,14,5,0.0058823529411764705,0.07184120557994869
S24->S26->S29->S30->S32->S33->S34->S36->S37,L1->L2->L3,849,9,6,0.007067137809187279,0.07175668651456052
S0->S1->S3->S4->S6->S8->S9->S26->S29->S30->S33->S34->S36->S37,L0->L2->L3,848,14,4,0.0047169811320754715,0.07167216744917235
S0->S1->S3->S5->S7->S8->S9->S26->S29->S30->S33->S34->S35->S37,L0->L2->L3,846,14,3,0.0035460992907801418,0.07150312931839599
S0->S1->S2->S4->S6->S8->S9->S27->S29->S30->S33->S34->S36->S37,L0->L2->L3,843,14,6,0.0071174377224199285,0.07124957212223147
S0->S1->S2->S4->S7->S8->S9->S27->S29->S30->S33->S34->S36->S37,L0->L2->L3,841,14,5,0.005945303210463734,0.07108053399145513
S0->S1->S3->S5->S7->S8->S11->S26->S29->S30->S33->S34->S35->S37,L0->L2->L3,840,14,9,0.010714285714285714,0.07099601492606696
S0->S1->S2->S5->S6->S8->S10->S26->S29->S30->S33->S34->S35->S37,L0->L2->L3,839,14,6,0.007151370679380214,0.07091149586067877
S0->S1->S3->S4->S6->S8->S11->S27->S29->S30->S33->S34->S36->S37,L0->L2->L3,838,14,4,0.00477326968973747,0.0708269767952906
S0->S1->S2->S4->S6->S8->S11->S27->S29->S30->S33->S34->S36->S37,L0->L2->L3,834,14,10,0.011990407673860911,0.0704889005337379
S0->S1->S3->S5->S6->S8->S11->S27->S29->S30->S33->S34->S36->S37,L0->L2->L3,833,14,8,0.009603841536614645,0.07040438146834972
S0->S1->S3->S4->S7->S8->S9->S27->S29->S30->S33->S34->S36->S37,L0->L2->L3,832,14,4,0.004807692307692308,0.07031986240296155
S0->S1->S2->S4->S7->S8->S11->S27->S29->S30->S33->S34->S35->S37,L0->L2->L3,831,14,4,0.0048134777376654635,0.07023534333757336
S0->S1->S3->S4->S7->S8->S11->S27->S29->S30->S33->S34->S35->S37,L0->L2->L3,831,14,4,0.0048134777376654635,0.07023534333757336
S0->S1->S3->S4->S7->S8->S11->S26->S29->S30->S33->S34->S36->S37,L0->L2->L3,830,14,7,0.008433734939759036,0.07015082427218519
S0->S1->S2->S5->S7->S8->S9->S27->S29->S30->S33->S34->S36->S37,L0->L2->L3,829,14,4,0.0048250904704463205,0.07006630520679702
S0->S1->S3->S4->S6->S8->S11->S26->S29->S30->S33->S34->S35->S37,L0->L2->L3,826,14,5,0.006053268765133172,0.0698127480106325
S0->S1->S2->S4->S7->S8->S9->S27->S29->S30->S33->S34->S35->S37,L0->L2->L3,825,14,3,0.0036363636363636364,0.06972822894524433
S0->S1->S3->S5->S6->S8->S9->S26->S29->S30->S33->S34->S36->S37,L0->L2->L3,822,14,7,0.00851581508515815,0.0694746717490798
S0->S1->S2->S4->S6->S8->S10->S27->S29->S30->S33->S34->S36->S37,L0->L2->L3,820,14,9,0.01097560975609756,0.06930563361830344
S29->S30->S33->S34->S35->S37,L3,820,6,11,0.013414634146341463,0.06930563361830344
S0->S1->S3->S4->S6->S8->S10->S27->S29->S30->S33->S34->S36->S37,L0->L2->L3,820,14,2,0.0024390243902439024,0.06930563361830344
S0->S1->S2->S4->S7->S8->S11->S26->S29->S30->S33->S34->S35->S37,L0->L2->L3,819,14,4,0.004884004884004884,0.06922111455291527
S0->S1->S3->S5->S6->S8->S9->S27->S29->S30->S33->S34->S36->S37,L0->L2->L3,819,14,5,0.006105006105006105,0.06922111455291527
S0->S1->S2->S5->S7->S8->S11->S26->S29->S30->S33->S34->S35->S37,L0->L2->L3,817,14,2,0.0024479804161566705,0.06905207642213892
S0->S1->S3->S4->S6->S8->S9->S27->S29->S30->S33->S34->S35->S37,L0->L2->L3,814,14,7,0.0085995085995086,0.0687985192259744
S0->S1->S2->S5->S7->S8->S9->S26->S29->S30->S33->S34->S35->S37,L0->L2->L3,814,14,6,0.007371007371007371,0.0687985192259744
S0->S1->S2->S5->S6->S8->S11->S27->S29->S30->S33->S34->S36->S37,L0->L2->L3,812,14,9,0.011083743842364532,0.06862948109519805
S0->S1->S3->S4->S7->S8->S11->S27->S29->S30->S33->S34->S36->S37,L0->L2->L3,811,14,2,0.002466091245376079,0.06854496202980988
S0->S1->S3->S5->S7->S8->S10->S27->S29->S30->S33->S34->S36->S37,L0->L2->L3,811,14,9,0.011097410604192354,0.06854496202980988
S0->S1->S2->S5->S6->S8->S9->S27->S29->S30->S33->S34->S36->S37,L0->L2->L3,809,14,8,0.009888751545117428,0.06837592389903352
S0->S1->S3->S4->S6->S8->S11->S27->S29->S30->S33->S34->S35->S37,L0->L2->L3,809,14,4,0.004944375772558714,0.06837592389903352
S0->S1->S3->S5->S7->S8->S10->S27->S29->S30->S33->S34->S35->S37,L0->L2->L3,808,14,7,0.008663366336633664,0.06829140483364535
S0->S1->S2->S4->S7->S8->S10->S27->S29->S30->S33->S34->S36->S37,L0->L2->L3,806,14,8,0.009925558312655087,0.068122366702869
S0->S1->S2->S5->S7->S8->S9->S27->S29->S30->S33->S34->S35->S37,L0->L2->L3,806,14,5,0.00620347394540943,0.068122366702869
S0->S1->S3->S5->S6->S8->S9->S27->S29->S30->S33->S34->S35->S37,L0->L2->L3,805,14,3,0.0037267080745341614,0.06803784763748083
S0->S1->S2->S4->S7->S8->S11->S27->S29->S30->S33->S34->S36->S37,L0->L2->L3,805,14,4,0.004968944099378882,0.06803784763748083
S25->S28->S29->S30->S33->S34->S35->S37,L1->L2->L3,804,8,1,0.0012437810945273632,0.06795332857209264
S0->S1->S2->S5->S6->S8->S10->S27->S29->S30->S33->S34->S35->S37,L0->L2->L3,803,14,3,0.0037359900373599006,0.06786880950670447
S0->S1->S2->S5->S7->S8->S11->S27->S29->S30->S33->S34->S36->S37,L0->L2->L3,802,14,5,0.006234413965087282,0.0677842904413163
S0->S1->S2->S4->S6->S8->S10->S27->S29->S30->S33->S34->S35->S37,L0->L2->L3,800,14,7,0.00875,0.06761525231053994
S0->S1->S2->S5->S7->S8->S11->S27->S29->S30->S33->S34->S35->S37,L0->L2->L3,798,14,3,0.0037593984962406013,0.06744621417976361
S0->S1->S2->S4->S6->S8->S11->S27->S29->S30->S33->S34->S35->S37,L0->L2->L3,797,14,2,0.002509410288582183,0.06736169511437543
S0->S1->S3->S4->S6->S8->S9->S27->S29->S30->S33->S34->S36->S37,L0->L2->L3,791,14,11,0.01390644753476612,0.06685458072204638
S0->S1->S2->S5->S6->S8->S9->S27->S29->S30->S33->S34->S35->S37,L0->L2->L3,790,14,1,0.0012658227848101266,0.0667700616566582
S0->S1->S3->S5->S6->S8->S10->S27->S29->S30->S33->S34->S36->S37,L0->L2->L3,790,14,4,0.005063291139240506,0.0667700616566582
S0->S1->S3->S4->S7->S8->S10->S27->S29->S30->S33->S34->S36->S37,L0->L2->L3,786,14,4,0.005089058524173028,0.0664319853951055
S0->S1->S2->S5->S6->S8->S11->S27->S29->S30->S33->S34->S35->S37,L0->L2->L3,785,14,2,0.0025477707006369425,0.06634746632971732
S0->S1->S3->S5->S6->S8->S10->S27->S29->S30->S33->S34->S35->S37,L0->L2->L3,784,14,3,0.003826530612244898,0.06626294726432916
S0->S1->S3->S5->S7->S8->S9->S27->S29->S30->S33->S34->S35->S37,L0->L2->L3,777,14,6,0.007722007722007722,0.06567131380661193
S0->S1->S3->S4->S7->S8->S10->S27->S29->S30->S33->S34->S35->S37,L0->L2->L3,774,14,5,0.006459948320413436,0.0654177566104474
S0->S1->S2->S5->S7->S8->S10->S27->S29->S30->S33->S34->S35->S37,L0->L2->L3,771,14,10,0.01297016861219196,0.06516419941428288
S0->S1->S2->S4->S7->S8->S10->S27->S29->S30->S33->S34->S35->S37,L0->L2->L3,771,14,8,0.010376134889753566,0.06516419941428288
S0->S1->S3->S5->S7->S8->S11->S27->S29->S30->S33->S34->S36->S37,L0->L2->L3,769,14,6,0.007802340702210663,0.06499516128350653
S0->S1->S3->S4->S6->S8->S10->S27->S29->S30->S33->S34->S35->S37,L0->L2->L3,763,14,4,0.005242463958060288,0.06448804689117747
S0->S1->S2->S5->S6->S8->S10->S27->S29->S30->S33->S34->S36->S37,L0->L2->L3,761,14,7,0.009198423127463863,0.06431900876040113
S0->S1->S2->S5->S7->S8->S10->S27->S29->S30->S33->S34->S36->S37,L0->L2->L3,761,14,4,0.005256241787122208,0.06431900876040113
S0->S1->S3->S5->S7->S8->S11->S27->S29->S30->S33->S34->S35->S37,L0->L2->L3,760,14,3,0.003947368421052632,0.06423448969501296
S0->S1->S3->S5->S7->S8->S9->S27->S29->S30->S33->S34->S36->S37,L0->L2->L3,757,14,8,0.010568031704095112,0.06398093249884843
S0->S1->S3->S5->S6->S8->S11->S27->S29->S30->S33->S34->S35->S37,L0->L2->L3,745,14,7,0.009395973154362415,0.06296670371419033
S0->S1->S3->S4->S7->S8->S9->S27->S29->S30->S33->S34->S35->S37,L0->L2->L3,716,14,5,0.006983240223463687,0.06051565081793325
S24->S26->S29->S30->S33->S34->S35->S37->S38,L1->L2->L3,677,9,16,0.023633677991137372,0.05721940726779443
S24->S26->S29->S30->S33->S34->S36->S37->S38,L1->L2->L3,552,9,6,0.010869565217391304,0.046654524094272565
S0->S1->S3->S5->S7->S8->S10->S29->S30->S31->S33->S34->S36->S37,L0->L3,546,14,1,0.0018315018315018315,0.04614740970194352
S0->S1->S2->S5->S6->S8->S10->S29->S30->S31->S33->S34->S36->S37,L0->L3,526,14,0,0.0,0.04445702839418002
S25->S26->S39->S40->S41->S43->S45->S47->S48->S50->S51,L1->L2->L3,525,11,2,0.0038095238095238095,0.04437250932879184
S0->S1->S2->S5->S7->S8->S10->S29->S30->S31->S33->S34->S36->S37,L0->L3,521,14,0,0.0,0.04403443306723914
S0->S1->S2->S5->S7->S8->S11->S29->S30->S31->S33->S34->S35->S37,L0->L3,516,14,2,0.003875968992248062,0.04361183774029827
S0->S1->S2->S5->S6->S8->S9->S29->S30->S31->S33->S34->S36->S37,L0->L3,516,14,0,0.0,0.04361183774029827
S0->S1->S2->S5->S7->S8->S10->S29->S30->S31->S33->S34->S35->S37,L0->L3,513,14,1,0.001949317738791423,0.043358280544133744
S0->S1->S2->S5->S7->S8->S11->S29->S30->S31->S33->S34->S36->S37,L0->L3,513,14,2,0.003898635477582846,0.043358280544133744
S0->S1->S2->S5->S7->S8->S9->S29->S30->S31->S33->S34->S35->S37,L0->L3,509,14,2,0.003929273084479371,0.04302020428258104
S0->S1->S2->S4->S7->S8->S9->S29->S30->S31->S33->S34->S35->S37,L0->L3,508,14,0,0.0,0.04293568521719287
S0->S1->S2->S5->S7->S8->S9->S29->S30->S31->S33->S34->S36->S37,L0->L3,508,14,1,0.001968503937007874,0.04293568521719287
S0->S1->S3->S4->S7->S8->S10->S29->S30->S31->S33->S34->S36->S37,L0->L3,507,14,1,0.0019723865877712033,0.0428511661518047
S0->S1->S3->S4->S6->S8->S11->S29->S30->S31->S33->S34->S36->S37,L0->L3,503,14,2,0.003976143141153081,0.042513089890251994
S0->S1->S3->S5->S7->S8->S10->S29->S30->S31->S33->S34->S35->S37,L0->L3,503,14,1,0.0019880715705765406,0.042513089890251994
S0->S1->S2->S5->S6->S8->S11->S29->S30->S31->S33->S34->S36->S37,L0->L3,501,14,4,0.007984031936127744,0.04234405175947564
S0->S1->S2->S4->S6->S8->S10->S29->S30->S31->S33->S34->S35->S37,L0->L3,500,14,1,0.002,0.04225953269408747
S0->S1->S2->S5->S6->S8->S9->S29->S30->S31->S33->S34->S35->S37,L0->L3,498,14,1,0.002008032128514056,0.04209049456331112
S0->S1->S2->S4->S6->S8->S11->S29->S30->S31->S33->S34->S35->S37,L0->L3,497,14,3,0.006036217303822937,0.04200597549792295
S0->S1->S3->S5->S7->S8->S11->S29->S30->S31->S33->S34->S36->S37,L0->L3,492,14,1,0.0020325203252032522,0.04158338017098207
S0->S1->S3->S5->S6->S8->S9->S29->S30->S31->S33->S34->S36->S37,L0->L3,492,14,1,0.0020325203252032522,0.04158338017098207
S0->S1->S3->S4->S7->S8->S11->S29->S30->S31->S33->S34->S35->S37,L0->L3,490,14,1,0.0020408163265306124,0.04141434204020572
S0->S1->S2->S4->S7->S8->S11->S29->S30->S31->S33->S34->S35->S37,L0->L3,490,14,1,0.0020408163265306124,0.04141434204020572
S0->S1->S3->S4->S7->S8->S9->S29->S30->S31->S33->S34->S35->S37,L0->L3,487,14,0,0.0,0.04116078484404119
S0->S1->S3->S5->S6->S8->S11->S29->S30->S31->S33->S34->S36->S37,L0->L3,486,14,0,0.0,0.041076265778653025
S0->S1->S3->S4->S6->S8->S9->S29->S30->S31->S33->S34->S35->S37,L0->L3,486,14,2,0.00411522633744856,0.041076265778653025
S0->S1->S3->S5->S7->S8->S9->S29->S30->S31->S33->S34->S35->S37,L0->L3,485,14,1,0.002061855670103093,0.040991746713264846
S25->S26->S39->S40->S41->S44->S45->S47->S48->S49->S51,L1->L2->L3,485,11,3,0.006185567010309278,0.040991746713264846
S0->S1->S3->S4->S6->S8->S11->S29->S30->S31->S33->S34->S35->S37,L0->L3,484,14,1,0.002066115702479339,0.04090722764787667
S0->S1->S2->S4->S6->S8->S11->S29->S30->S31->S33->S34->S36->S37,L0->L3,480,14,1,0.0020833333333333333,0.04056915138632397
S0->S1->S2->S4->S6->S8->S10->S29->S30->S31->S33->S34->S36->S37,L0->L3,475,14,0,0.0,0.040146556059383096
S0->S1->S3->S4->S6->S8->S10->S29->S30->S31->S33->S34->S36->S37,L0->L3,475,14,1,0.002105263157894737,0.040146556059383096
S0->S1->S2->S4->S7->S8->S11->S29->S30->S31->S33->S34->S36->S37,L0->L3,475,14,2,0.004210526315789474,0.040146556059383096
S0->S1->S3->S4->S6->S8->S10->S29->S30->S31->S33->S34->S35->S37,L0->L3,474,14,1,0.002109704641350211,0.040062036993994916
S0->S1->S2->S4->S6->S8->S9->S29->S30->S31->S33->S34->S35->S37,L0->L3,473,14,0,0.0,0.039977517928606744
S0->S1->S2->S5->S6->S8->S11->S29->S30->S31->S33->S34->S35->S37,L0->L3,473,14,1,0.0021141649048625794,0.039977517928606744
S0->S1->S3->S5->S7->S8->S11->S29->S30->S31->S33->S34->S35->S37,L0->L3,472,14,0,0.0,0.039892998863218565
S0->S1->S3->S5->S6->S8->S10->S29->S30->S31->S33->S34->S35->S37,L0->L3,470,14,1,0.002127659574468085,0.03972396073244222
S25->S26->S39->S40->S41->S43->S45->S47->S48->S49->S51,L1->L2->L3,470,11,2,0.00425531914893617,0.03972396073244222
S0->S1->S3->S4->S7->S8->S11->S29->S30->S31->S33->S34->S36->S37,L0->L3,463,14,1,0.0021598272138228943,0.039132327274725
S0->S1->S3->S5->S7->S8->S9->S29->S30->S31->S33->S34->S36->S37,L0->L3,461,14,0,0.0,0.03896328914394864
S0->S1->S3->S5->S6->S8->S11->S29->S30->S31->S33->S34->S35->S37,L0->L3,461,14,1,0.0021691973969631237,0.03896328914394864
S0->S1->S2->S5->S6->S8->S10->S29->S30->S31->S33->S34->S35->S37,L0->L3,459,14,0,0.0,0.0387942510131723
S0->S1->S2->S4->S6->S8->S9->S29->S30->S31->S33->S34->S36->S37,L0->L3,458,14,0,0.0,0.03870973194778412
S0->S1->S3->S4->S7->S8->S10->S29->S30->S31->S33->S34->S35->S37,L0->L3,457,14,2,0.00437636761487965,0.03862521288239595
S0->S1->S3->S5->S6->S8->S10->S29->S30->S31->S33->S34->S36->S37,L0->L3,453,14,3,0.006622516556291391,0.038287136620843244
S0->S1->S2->S4->S7->S8->S10->S29->S30->S31->S33->S34->S36->S37,L0->L3,452,14,0,0.0,0.03820261755545507
S0->S1->S3->S5->S6->S8->S9->S29->S30->S31->S33->S34->S35->S37,L0->L3,450,14,0,0.0,0.03803357942467873
S0->S1->S2->S4->S7->S8->S10->S29->S30->S31->S33->S34->S35->S37,L0->L3,439,14,1,0.002277904328018223,0.0371038697054088
S0->S1->S3->S4->S7->S8->S9->S29->S30->S31->S33->S34->S36->S37,L0->L3,438,14,1,0.00228310502283105,0.03701935064002062
S0->S1->S2->S4->S7->S8->S9->S29->S30->S31->S33->S34->S36->S37,L0->L3,437,14,2,0.004576659038901602,0.03693483157463245
S0->S1->S3->S4->S6->S8->S9->S29->S30->S31->S33->S34->S36->S37,L0->L3,436,14,0,0.0,0.03685031250924427
S25->S26->S39->S40->S41->S44->S45->S47->S48->S50->S51,L1->L2->L3,412,11,3,0.007281553398058253,0.03482185493992807
S0->S1->S2->S4->S6->S8->S11->S39->S40->S41->S43->S45->S47->S48->S50->S51,L0->L3,394,16,1,0.0025380710659898475,0.033300511762940924
S0->S1->S2->S5->S6->S8->S9->S39->S40->S41->S43->S45->S47->S48->S49->S51,L0->L3,391,16,2,0.005115089514066497,0.0330469545667764
S0->S1->S2->S5->S6->S8->S9->S39->S40->S41->S43->S45->S47->S48->S50->S51,L0->L3,388,16,1,0.002577319587628866,0.032793397370611876
S0->S1->S2->S4->S6->S8->S11->S39->S40->S41->S44->S45->S47->S48->S50->S51,L0->L3,388,16,1,0.002577319587628866,0.032793397370611876
S0->S1->S2->S5->S6->S8->S10->S39->S40->S41->S43->S45->S47->S48->S49->S51,L0->L3,387,16,1,0.002583979328165375,0.0327088783052237
S0->S1->S2->S4->S7->S8->S9->S39->S40->S41->S43->S45->S47->S48->S50->S51,L0->L3,387,16,0,0.0,0.0327088783052237
S0->S1->S2->S5->S6->S8->S11->S39->S40->S41->S43->S45->S47->S48->S49->S51,L0->L3,384,16,3,0.0078125,0.03245532110905918
S0->S1->S2->S4->S6->S8->S9->S39->S40->S41->S44->S45->S47->S48->S49->S51,L0->L3,384,16,2,0.005208333333333333,0.03245532110905918
S0->S1->S2->S5->S7->S8->S9->S39->S40->S41->S44->S45->S47->S48->S50->S51,L0->L3,380,16,0,0.0,0.03211724484750648
S0->S1->S2->S4->S7->S8->S11->S39->S40->S41->S43->S45->S47->S48->S50->S51,L0->L3,374,16,1,0.00267379679144385,0.031610130455177424
S0->S1->S2->S5->S6->S8->S9->S39->S40->S41->S44->S45->S47->S48->S49->S51,L0->L3,373,16,1,0.002680965147453083,0.03152561138978925
S0->S1->S3->S4->S7->S8->S11->S39->S40->S41->S44->S45->S47->S48->S50->S51,L0->L3,372,16,2,0.005376344086021506,0.03144109232440107
S0->S1->S3->S5->S6->S8->S10->S39->S40->S41->S43->S45->S47->S48->S49->S51,L0->L3,371,16,4,0.01078167115902965,0.0313565732590129
S0->S1->S2->S5->S6->S8->S10->S39->S40->S41->S44->S45->S47->S48->S50->S51,L0->L3,371,16,3,0.008086253369272238,0.0313565732590129
S0->S1->S2->S4->S6->S8->S9->S39->S40->S41->S43->S45->S47->S48->S49->S51,L0->L3,370,16,1,0.002702702702702703,0.03127205419362473
S0->S1->S2->S4->S6->S8->S9->S39->S40->S41->S43->S45->S47->S48->S50->S51,L0->L3,369,16,1,0.0027100271002710027,0.031187535128236552
S0->S1->S3->S4->S7->S8->S9->S39->S40->S41->S44->S45->S47->S48->S50->S51,L0->L3,368,16,1,0.002717391304347826,0.031103016062848376
S0->S1->S3->S5->S6->S8->S10->S39->S40->S41->S44->S45->S47->S48->S50->S51,L0->L3,367,16,0,0.0,0.0310184969974602
S0->S1->S2->S4->S7->S8->S10->S39->S40->S41->S43->S45->S47->S48->S49->S51,L0->L3,366,16,1,0.00273224043715847,0.030933977932072025
S0->S1->S3->S5->S6->S8->S11->S39->S40->S41->S43->S45->S47->S48->S49->S51,L0->L3,365,16,0,0.0,0.03084945886668385
S0->S1->S2->S5->S7->S8->S10->S39->S40->S41->S44->S45->S47->S48->S49->S51,L0->L3,363,16,1,0.0027548209366391185,0.030680420735907505
S0->S1->S2->S5->S6->S8->S9->S39->S40->S41->S44->S45->S47->S48->S50->S51,L0->L3,362,16,2,0.0055248618784530384,0.03059590167051933
S0->S1->S2->S5->S6->S8->S11->S39->S40->S41->S44->S45->S47->S48->S49->S51,L0->L3,361,16,3,0.008310249307479225,0.030511382605131154
S0->S1->S2->S4->S6->S8->S11->S39->S40->S41->S43->S45->S47->S48->S49->S51,L0->L3,361,16,1,0.002770083102493075,0.030511382605131154
S0->S1->S3->S4->S7->S8->S11->S39->S40->S41->S43->S45->S47->S48->S50->S51,L0->L3,361,16,7,0.019390581717451522,0.030511382605131154
S0->S1->S2->S5->S6->S8->S10->S39->S40->S41->S44->S45->S47->S48->S49->S51,L0->L3,360,16,2,0.005555555555555556,0.030426863539742978
S0->S1->S3->S5->S6->S8->S11->S39->S40->S41->S44->S45->S47->S48->S50->S51,L0->L3,360,16,3,0.008333333333333333,0.030426863539742978
S0->S1->S3->S5->S6->S8->S9->S39->S40->S41->S43->S45->S47->S48->S50->S51,L0->L3,360,16,4,0.011111111111111112,0.030426863539742978
S0->S1->S2->S5->S7->S8->S10->S39->S40->S41->S43->S45->S47->S48->S50->S51,L0->L3,359,16,3,0.008356545961002786,0.030342344474354802
S0->S1->S2->S5->S6->S8->S11->S39->S40->S41->S43->S45->S47->S48->S50->S51,L0->L3,357,16,2,0.0056022408963585435,0.03017330634357845
S0->S1->S2->S4->S6->S8->S10->S39->S40->S41->S43->S45->S47->S48->S49->S51,L0->L3,357,16,1,0.0028011204481792717,0.03017330634357845
S0->S1->S3->S5->S6->S8->S11->S39->S40->S41->S43->S45->S47->S48->S50->S51,L0->L3,357,16,4,0.011204481792717087,0.03017330634357845
S0->S1->S3->S5->S7->S8->S10->S39->S40->S41->S43->S45->S47->S48->S50->S51,L0->L3,356,16,1,0.0028089887640449437,0.03008878727819028
S0->S1->S2->S5->S7->S8->S10->S39->S40->S41->S44->S45->S47->S48->S50->S51,L0->L3,355,16,1,0.0028169014084507044,0.030004268212802103
S0->S1->S2->S4->S7->S8->S10->S39->S40->S41->S44->S45->S47->S48->S49->S51,L0->L3,354,16,1,0.002824858757062147,0.029919749147413927
S0->S1->S2->S4->S7->S8->S9->S39->S40->S41->S44->S45->S47->S48->S50->S51,L0->L3,354,16,0,0.0,0.029919749147413927
S0->S1->S2->S5->S7->S8->S10->S39->S40->S41->S43->S45->S47->S48->S49->S51,L0->L3,353,16,0,0.0,0.02983523008202575
S0->S1->S2->S4->S7->S8->S11->S39->S40->S41->S44->S45->S47->S48->S50->S51,L0->L3,352,16,4,0.011363636363636364,0.029750711016637576
S0->S1->S3->S5->S7->S8->S11->S39->S40->S41->S43->S45->S47->S48->S50->S51,L0->L3,352,16,2,0.005681818181818182,0.029750711016637576
S0->S1->S2->S5->S6->S8->S10->S39->S40->S41->S43->S45->S47->S48->S50->S51,L0->L3,351,16,0,0.0,0.0296661919512494
S0->S1->S2->S5->S7->S8->S11->S39->S40->S41->S44->S45->S47->S48->S50->S51,L0->L3,350,16,0,0.0,0.029581672885861224
S0->S1->S2->S5->S7->S8->S11->S39->S40->S41->S43->S45->S47->S48->S50->S51,L0->L3,349,16,4,0.011461318051575931,0.029497153820473056
S0->S1->S2->S4->S7->S8->S10->S39->S40->S41->S44->S45->S47->S48->S50->S51,L0->L3,349,16,1,0.0028653295128939827,0.029497153820473056
S0->S1->S2->S4->S6->S8->S10->S39->S40->S41->S44->S45->S47->S48->S49->S51,L0->L3,347,16,0,0.0,0.029328115689696704
S0->S1->S2->S5->S6->S8->S11->S39->S40->S41->S44->S45->S47->S48->S50->S51,L0->L3,347,16,1,0.002881844380403458,0.029328115689696704
S0->S1->S3->S4->S7->S8->S10->S39->S40->S41->S44->S45->S47->S48->S50->S51,L0->L3,346,16,3,0.008670520231213872,0.02924359662430853
S0->S1->S2->S4->S7->S8->S9->S39->S40->S41->S44->S45->S47->S48->S49->S51,L0->L3,346,16,4,0.011560693641618497,0.02924359662430853
S0->S1->S3->S4->S6->S8->S10->S39->S40->S41->S44->S45->S47->S48->S50->S51,L0->L3,344,16,1,0.0029069767441860465,0.029074558493532177
S0->S1->S2->S5->S7->S8->S9->S39->S40->S41->S43->S45->S47->S48->S49->S51,L0->L3,343,16,1,0.0029154518950437317,0.028990039428144
S0->S1->S3->S4->S7->S8->S9->S39->S40->S41->S43->S45->S47->S48->S49->S51,L0->L3,343,16,1,0.0029154518950437317,0.028990039428144
S0->S1->S3->S5->S7->S8->S11->S39->S40->S41->S44->S45->S47->S48->S50->S51,L0->L3,343,16,1,0.0029154518950437317,0.028990039428144
S0->S1->S3->S5->S7->S8->S9->S39->S40->S41->S43->S45->S47->S48->S50->S51,L0->L3,343,16,2,0.0058309037900874635,0.028990039428144
S0->S1->S3->S4->S7->S8->S11->S39->S40->S41->S43->S45->S47->S48->S49->S51,L0->L3,342,16,3,0.008771929824561403,0.028905520362755833
S0->S1->S3->S5->S6->S8->S9->S39->S40->S41->S43->S45->S47->S48->S49->S51,L0->L3,341,16,3,0.008797653958944282,0.028821001297367657
S0->S1->S3->S4->S7->S8->S11->S39->S40->S41->S44->S45->S47->S48->S49->S51,L0->L3,341,16,2,0.005865102639296188,0.028821001297367657
S0->S1->S3->S4->S7->S8->S9->S39->S40->S41->S44->S45->S47->S48->S49->S51,L0->L3,341,16,0,0.0,0.028821001297367657
S0->S1->S2->S5->S7->S8->S9->S39->S40->S41->S44->S45->S47->S48->S49->S51,L0->L3,341,16,1,0.002932551319648094,0.028821001297367657
S0->S1->S3->S5->S7->S8->S10->S39->S40->S41->S44->S45->S47->S48->S49->S51,L0->L3,340,16,3,0.008823529411764706,0.02873648223197948
S0->S1->S2->S5->S7->S8->S11->S39->S40->S41->S43->S45->S47->S48->S49->S51,L0->L3,340,16,2,0.0058823529411764705,0.02873648223197948
S0->S1->S2->S4->S6->S8->S10->S39->S40->S41->S44->S45->S47->S48->S50->S51,L0->L3,339,16,0,0.0,0.028651963166591306
S0->S1->S3->S4->S6->S8->S11->S39->S40->S41->S43->S45->S47->S48->S50->S51,L0->L3,339,16,3,0.008849557522123894,0.028651963166591306
S0->S1->S3->S4->S6->S8->S11->S39->S40->S41->S44->S45->S47->S48->S49->S51,L0->L3,338,16,2,0.005917159763313609,0.02856744410120313
S0->S1->S3->S5->S7->S8->S11->S39->S40->S41->S44->S45->S47->S48->S49->S51,L0->L3,337,16,3,0.008902077151335312,0.028482925035814954
S0->S1->S2->S4->S6->S8->S11->S39->S40->S41->S44->S45->S47->S48->S49->S51,L0->L3,336,16,1,0.002976190476190476,0.02839840597042678
S0->S1->S2->S4->S7->S8->S9->S39->S40->S41->S43->S45->S47->S48->S49->S51,L0->L3,336,16,0,0.0,0.02839840597042678
S0->S1->S3->S5->S7->S8->S10->S39->S40->S41->S43->S45->S47->S48->S49->S51,L0->L3,336,16,1,0.002976190476190476,0.02839840597042678
S0->S1->S3->S4->S7->S8->S10->S39->S40->S41->S43->S45->S47->S48->S49->S51,L0->L3,336,16,2,0.005952380952380952,0.02839840597042678
S0->S1->S2->S4->S6->S8->S10->S39->S40->S41->S43->S45->S47->S48->S50->S51,L0->L3,335,16,1,0.0029850746268656717,0.028313886905038603
S0->S1->S3->S4->S7->S8->S9->S39->S40->S41->S43->S45->S47->S48->S50->S51,L0->L3,335,16,2,0.005970149253731343,0.028313886905038603
S0->S1->S3->S4->S6->S8->S9->S39->S40->S41->S44->S45->S47->S48->S50->S51,L0->L3,334,16,0,0.0,0.02822936783965043
S0->S1->S3->S4->S6->S8->S9->S39->S40->S41->S43->S45->S47->S48->S50->S51,L0->L3,334,16,0,0.0,0.02822936783965043
S0->S1->S3->S4->S6->S8->S9->S39->S40->S41->S43->S45->S47->S48->S49->S51,L0->L3,334,16,1,0.0029940119760479044,0.02822936783965043
S0->S1->S3->S5->S6->S8->S11->S39->S40->S41->S44->S45->S47->S48->S49->S51,L0->L3,333,16,2,0.006006006006006006,0.028144848774262255
S0->S1->S3->S5->S6->S8->S10->S39->S40->S41->S44->S45->S47->S48->S49->S51,L0->L3,333,16,2,0.006006006006006006,0.028144848774262255
S0->S1->S2->S4->S7->S8->S10->S39->S40->S41->S43->S45->S47->S48->S50->S51,L0->L3,332,16,1,0.0030120481927710845,0.02806032970887408
S0->S1->S3->S4->S7->S8->S10->S39->S40->S41->S43->S45->S47->S48->S50->S51,L0->L3,331,16,0,0.0,0.027975810643485904
S0->S1->S2->S4->S7->S8->S11->S39->S40->S41->S43->S45->S47->S48->S49->S51,L0->L3,331,16,3,0.00906344410876133,0.027975810643485904
S0->S1->S2->S4->S6->S8->S9->S39->S40->S41->S44->S45->S47->S48->S50->S51,L0->L3,331,16,0,0.0,0.027975810643485904
S0->S1->S3->S4->S6->S8->S10->S39->S40->S41->S43->S45->S47->S48->S50->S51,L0->L3,331,16,4,0.012084592145015106,0.027975810643485904
S0->S1->S3->S5->S7->S8->S10->S39->S40->S41->S44->S45->S47->S48->S50->S51,L0->L3,330,16,0,0.0,0.027891291578097728
S0->S1->S3->S5->S7->S8->S11->S39->S40->S41->S43->S45->S47->S48->S49->S51,L0->L3,330,16,4,0.012121212121212121,0.027891291578097728
S0->S1->S3->S4->S6->S8->S9->S29->S30->S33->S34->S35->S37->S38,L0->L3,329,14,1,0.00303951367781155,0.027806772512709552
S0->S1->S3->S5->S7->S8->S9->S39->S40->S41->S43->S45->S47->S48->S49->S51,L0->L3,328,16,0,0.0,0.027722253447321377
S0->S1->S3->S5->S7->S8->S11->S29->S30->S33->S34->S35->S37->S38,L0->L3,327,14,2,0.0061162079510703364,0.027637734381933208
S0->S1->S2->S5->S7->S8->S9->S39->S40->S41->S43->S45->S47->S48->S50->S51,L0->L3,327,16,2,0.0061162079510703364,0.027637734381933208
S0->S1->S3->S5->S6->S8->S9->S39->S40->S41->S44->S45->S47->S48->S50->S51,L0->L3,325,16,3,0.009230769230769232,0.027468696251156857
S0->S1->S3->S5->S6->S8->S9->S39->S40->S41->S44->S45->S47->S48->S49->S51,L0->L3,324,16,2,0.006172839506172839,0.02738417718576868
S0->S1->S3->S5->S6->S8->S9->S29->S30->S33->S34->S35->S37->S38,L0->L3,323,14,4,0.01238390092879257,0.027299658120380505
S0->S1->S3->S5->S7->S8->S9->S39->S40->S41->S44->S45->S47->S48->S49->S51,L0->L3,322,16,1,0.003105590062111801,0.02721513905499233
S0->S1->S3->S4->S6->S8->S9->S39->S40->S41->S44->S45->S47->S48->S49->S51,L0->L3,322,16,1,0.003105590062111801,0.02721513905499233
S0->S1->S2->S4->S7->S8->S11->S39->S40->S41->S44->S45->S47->S48->S49->S51,L0->L3,318,16,4,0.012578616352201259,0.02687706279343963
S25->S26->S29->S30->S32->S33->S34->S35->S37,L1->L2->L3,317,9,3,0.00946372239747634,0.026792543728051454
S0->S1->S3->S5->S7->S8->S9->S39->S40->S41->S44->S45->S47->S48->S50->S51,L0->L3,317,16,3,0.00946372239747634,0.026792543728051454
S0->S1->S3->S4->S6->S8->S11->S39->S40->S41->S44->S45->S47->S48->S50->S51,L0->L3,316,16,2,0.006329113924050633,0.02670802466266328
S24->S26->S39->S40->S41->S43->S45->S47->S48->S50->S51,L1->L2->L3,314,11,2,0.006369426751592357,0.026538986531886927
S0->S1->S2->S5->S6->S8->S11->S29->S30->S33->S34->S36->S37->S38,L0->L3,314,14,2,0.006369426751592357,0.026538986531886927
S0->S1->S3->S4->S7->S8->S10->S39->S40->S41->S44->S45->S47->S48->S49->S51,L0->L3,312,16,2,0.00641025641025641,0.026369948401110583
S0->S1->S3->S4->S6->S8->S10->S39->S40->S41->S44->S45->S47->S48->S49->S51,L0->L3,312,16,0,0.0,0.026369948401110583
S0->S1->S2->S5->S7->S8->S10->S29->S30->S33->S34->S36->S37->S38,L0->L3,312,14,4,0.01282051282051282,0.026369948401110583
S0->S1->S3->S4->S6->S8->S11->S39->S40->S41->S43->S45->S47->S48->S49->S51,L0->L3,311,16,0,0.0,0.026285429335722407
S0->S1->S3->S5->S6->S8->S10->S39->S40->S41->S43->S45->S47->S48->S50->S51,L0->L3,308,16,3,0.00974025974025974,0.02603187213955788
S0->S1->S3->S5->S6->S8->S10->S29->S30->S33->S34->S35->S37->S38,L0->L3,308,14,1,0.003246753246753247,0.02603187213955788
S0->S1->S2->S5->S7->S8->S9->S29->S30->S33->S34->S36->S37->S38,L0->L3,307,14,1,0.003257328990228013,0.025947353074169704
S0->S1->S2->S4->S7->S8->S11->S29->S30->S33->S34->S35->S37->S38,L0->L3,307,14,2,0.006514657980456026,0.025947353074169704
S0->S1->S2->S5->S6->S8->S11->S29->S30->S33->S34->S35->S37->S38,L0->L3,306,14,2,0.006535947712418301,0.025862834008781532
S0->S1->S2->S5->S6->S8->S9->S29->S30->S33->S34->S35->S37->S38,L0->L3,306,14,3,0.00980392156862745,0.025862834008781532
S0->S1->S3->S4->S6->S8->S10->S29->S30->S33->S34->S36->S37->S38,L0->L3,305,14,0,0.0,0.025778314943393357
S0->S1->S3->S4->S7->S8->S10->S29->S30->S33->S34->S36->S37->S38,L0->L3,305,14,0,0.0,0.025778314943393357
S0->S1->S3->S5->S6->S8->S11->S29->S30->S33->S34->S36->S37->S38,L0->L3,305,14,2,0.006557377049180328,0.025778314943393357
S0->S1->S2->S5->S7->S8->S11->S39->S40->S41->S44->S45->S47->S48->S49->S51,L0->L3,304,16,1,0.003289473684210526,0.02569379587800518
S24->S26->S39->S40->S41->S44->S45->S47->S48->S50->S51,L1->L2->L3,304,11,2,0.006578947368421052,0.02569379587800518
S0->S1->S2->S5->S6->S8->S10->S29->S30->S33->S34->S36->S37->S38,L0->L3,303,14,2,0.006600660066006601,0.025609276812617005
S0->S1->S2->S4->S7->S8->S11->S29->S30->S33->S34->S36->S37->S38,L0->L3,302,14,1,0.0033112582781456954,0.02552475774722883
S0->S1->S2->S5->S7->S8->S10->S29->S30->S33->S34->S35->S37->S38,L0->L3,299,14,1,0.0033444816053511705,0.025271200551064302
S0->S1->S2->S5->S6->S8->S10->S29->S30->S33->S34->S35->S37->S38,L0->L3,298,14,2,0.006711409395973154,0.025186681485676134
S0->S1->S2->S4->S7->S8->S9->S29->S30->S33->S34->S35->S37->S38,L0->L3,298,14,2,0.006711409395973154,0.025186681485676134
S0->S1->S3->S4->S6->S8->S10->S39->S40->S41->S43->S45->S47->S48->S49->S51,L0->L3,297,16,1,0.003367003367003367,0.025102162420287958
S0->S1->S2->S5->S7->S8->S9->S29->S30->S33->S34->S35->S37->S38,L0->L3,296,14,2,0.006756756756756757,0.025017643354899782
S12->S13->S15->S17->S18->S20->S21->S29->S30->S31->S33->S34->S36->S37,L0->L3,295,14,0,0.0,0.024933124289511607
S0->S1->S3->S5->S6->S8->S10->S29->S30->S33->S34->S36->S37->S38,L0->L3,293,14,1,0.0034129692832764505,0.024764086158735255
S24->S27->S39->S40->S41->S43->S45->S47->S48->S49->S51,L1->L2->L3,292,11,2,0.00684931506849315,0.02467956709334708
S0->S1->S2->S4->S6->S8->S9->S29->S30->S33->S34->S36->S37->S38,L0->L3,292,14,2,0.00684931506849315,0.02467956709334708
S25->S26->S29->S30->S32->S33->S34->S36->S37,L1->L2->L3,291,9,1,0.003436426116838488,0.024595048027958907
S0->S1->S2->S5->S7->S8->S11->S29->S30->S33->S34->S36->S37->S38,L0->L3,291,14,1,0.003436426116838488,0.024595048027958907
S24->S27->S39->S40->S41->S44->S45->S47->S48->S50->S51,L1->L2->L3,288,11,2,0.006944444444444444,0.024341490831794384
S24->S26->S39->S40->S41->S44->S45->S47->S48->S49->S51,L1->L2->L3,287,11,1,0.003484320557491289,0.024256971766406205
S0->S1->S2->S4->S7->S8->S10->S29->S30->S33->S34->S36->S37->S38,L0->L3,286,14,2,0.006993006993006993,0.024172452701018032
S0->S1->S3->S5->S7->S8->S11->S29->S30->S33->S34->S36->S37->S38,L0->L3,286,14,3,0.01048951048951049,0.024172452701018032
S0->S1->S2->S5->S6->S8->S9->S29->S30->S33->S34->S36->S37->S38,L0->L3,285,14,2,0.007017543859649123,0.024087933635629857
S24->S26->S39->S40->S41->S43->S45->S47->S48->S49->S51,L1->L2->L3,284,11,2,0.007042253521126761,0.02400341457024168
S0->S1->S2->S4->S6->S8->S10->S29->S30->S33->S34->S35->S37->S38,L0->L3,281,14,2,0.0071174377224199285,0.023749857374077157
S0->S1->S3->S4->S6->S8->S9->S29->S30->S33->S34->S36->S37->S38,L0->L3,281,14,5,0.017793594306049824,0.023749857374077157
S24->S26->S30->S33->S34->S36->S37,L1->L2->L3,279,7,6,0.021505376344086023,0.02358081924330081
S0->S1->S3->S4->S7->S8->S10->S29->S30->S33->S34->S35->S37->S38,L0->L3,278,14,1,0.0035971223021582736,0.023496300177912634
S0->S1->S2->S5->S7->S8->S11->S29->S30->S33->S34->S35->S37->S38,L0->L3,277,14,2,0.007220216606498195,0.023411781112524458
S12->S13->S14->S16->S19->S20->S21->S29->S30->S31->S33->S34->S35->S37,L0->L3,276,14,0,0.0,0.023327262047136282
S0->S1->S3->S5->S6->S8->S11->S29->S30->S33->S34->S35->S37->S38,L0->L3,275,14,2,0.007272727272727273,0.02324274298174811
S27->S29->S30->S33->S34->S36->S37,L2->L3,275,7,0,0.0,0.02324274298174811
S0->S1->S3->S5->S7->S8->S9->S29->S30->S33->S34->S36->S37->S38,L0->L3,275,14,1,0.0036363636363636364,0.02324274298174811
S0->S1->S2->S4->S6->S8->S11->S29->S30->S33->S34->S35->S37->S38,L0->L3,275,14,2,0.007272727272727273,0.02324274298174811
S0->S1->S3->S5->S7->S8->S9->S29->S30->S33->S34->S35->S37->S38,L0->L3,274,14,5,0.01824817518248175,0.023158223916359934
S0->S1->S3->S5->S7->S8->S10->S29->S30->S33->S34->S35->S37->S38,L0->L3,273,14,3,0.01098901098901099,0.02307370485097176
S12->S13->S15->S16->S19->S20->S21->S29->S30->S31->S33->S34->S36->S37,L0->L3,272,14,1,0.003676470588235294,0.022989185785583583
S12->S13->S14->S17->S18->S20->S22->S29->S30->S31->S33->S34->S36->S37,L0->L3,272,14,0,0.0,0.022989185785583583
S0->S1->S2->S4->S7->S8->S10->S29->S30->S33->S34->S35->S37->S38,L0->L3,271,14,4,0.014760147601476014,0.022904666720195407
S12->S13->S14->S16->S18->S20->S23->S29->S30->S31->S33->S34->S35->S37,L0->L3,271,14,0,0.0,0.022904666720195407
S0->S1->S3->S4->S7->S8->S11->S29->S30->S33->S34->S36->S37->S38,L0->L3,271,14,2,0.007380073800738007,0.022904666720195407
S0->S1->S3->S4->S6->S8->S11->S29->S30->S33->S34->S36->S37->S38,L0->L3,270,14,1,0.003703703703703704,0.02282014765480723
S12->S13->S14->S16->S19->S20->S21->S29->S30->S31->S33->S34->S36->S37,L0->L3,270,14,0,0.0,0.02282014765480723
S12->S13->S15->S16->S18->S20->S22->S29->S30->S31->S33->S34->S36->S37,L0->L3,269,14,0,0.0,0.022735628589419056
S0->S1->S3->S4->S7->S8->S9->S29->S30->S33->S34->S36->S37->S38,L0->L3,269,14,0,0.0,0.022735628589419056
S12->S13->S14->S17->S19->S20->S22->S29->S30->S31->S33->S34->S36->S37,L0->L3,268,14,0,0.0,0.022651109524030884
S12->S13->S14->S17->S19->S20->S21->S29->S30->S31->S33->S34->S36->S37,L0->L3,268,14,1,0.0037313432835820895,0.022651109524030884
S0->S1->S2->S4->S6->S8->S10->S29->S30->S33->S34->S36->S37->S38,L0->L3,268,14,2,0.007462686567164179,0.022651109524030884
S0->S1->S3->S4->S6->S8->S10->S29->S30->S33->S34->S35->S37->S38,L0->L3,267,14,4,0.0149812734082397,0.022566590458642708
S24->S27->S39->S40->S41->S43->S45->S47->S48->S50->S51,L1->L2->L3,267,11,1,0.003745318352059925,0.022566590458642708
S0->S1->S3->S5->S6->S8->S9->S29->S30->S33->S34->S36->S37->S38,L0->L3,267,14,1,0.003745318352059925,0.022566590458642708
S0->S1->S3->S5->S7->S8->S10->S29->S30->S33->S34->S36->S37->S38,L0->L3,267,14,3,0.011235955056179775,0.022566590458642708
S0->S1->S3->S4->S7->S8->S9->S29->S30->S33->S34->S35->S37->S38,L0->L3,266,14,1,0.0037593984962406013,0.022482071393254532
S12->S13->S15->S17->S19->S20->S23->S29->S30->S31->S33->S34->S36->S37,L0->L3,266,14,2,0.007518796992481203,0.022482071393254532
S12->S13->S14->S17->S18->S20->S22->S29->S30->S31->S33->S34->S35->S37,L0->L3,266,14,0,0.0,0.022482071393254532
S12->S13->S15->S17->S19->S20->S21->S29->S30->S31->S33->S34->S36->S37,L0->L3,266,14,0,0.0,0.022482071393254532
S12->S13->S15->S16->S18->S20->S21->S29->S30->S31->S33->S34->S36->S37,L0->L3,264,14,0,0.0,0.022313033262478184
S27->S29->S30->S33->S34->S35->S37,L2->L3,264,7,1,0.003787878787878788,0.022313033262478184
S12->S13->S15->S17->S18->S20->S22->S29->S30->S31->S33->S34->S36->S37,L0->L3,264,14,0,0.0,0.022313033262478184
S0->S1->S3->S4->S6->S8->S11->S29->S30->S33->S34->S35->S37->S38,L0->L3,263,14,3,0.011406844106463879,0.02222851419709001
S12->S13->S14->S16->S18->S20->S21->S29->S30->S31->S33->S34->S36->S37,L0->L3,263,14,0,0.0,0.02222851419709001
S12->S13->S15->S17->S19->S20->S21->S29->S30->S31->S33->S34->S35->S37,L0->L3,263,14,0,0.0,0.02222851419709001
S24->S26->S30->S33->S34->S35->S37,L1->L2->L3,263,7,1,0.0038022813688212928,0.02222851419709001
S0->S1->S2->S4->S6->S8->S9->S29->S30->S33->S34->S35->S37->S38,L0->L3,261,14,4,0.01532567049808429,0.02205947606631366
S12->S13->S15->S17->S19->S20->S22->S29->S30->S31->S33->S34->S35->S37,L0->L3,261,14,0,0.0,0.02205947606631366
S12->S13->S15->S17->S18->S20->S23->S29->S30->S31->S33->S34->S36->S37,L0->L3,261,14,0,0.0,0.02205947606631366
S24->S27->S29->S30->S33->S34->S35->S37->S38,L1->L2->L3,259,9,3,0.011583011583011582,0.02189043793553731
S12->S13->S14->S16->S19->S20->S23->S29->S30->S31->S33->S34->S35->S37,L0->L3,259,14,0,0.0,0.02189043793553731
S12->S13->S14->S16->S18->S20->S23->S29->S30->S31->S33->S34->S36->S37,L0->L3,259,14,0,0.0,0.02189043793553731
S12->S13->S14->S16->S18->S20->S22->S29->S30->S31->S33->S34->S36->S37,L0->L3,259,14,2,0.007722007722007722,0.02189043793553731
S24->S27->S39->S40->S41->S44->S45->S47->S48->S49->S51,L1->L2->L3,258,11,1,0.003875968992248062,0.021805918870149134
S12->S13->S15->S17->S19->S20->S22->S29->S30->S31->S33->S34->S36->S37,L0->L3,257,14,0,0.0,0.02172139980476096
S12->S13->S14->S17->S19->S20->S22->S29->S30->S31->S33->S34->S35->S37,L0->L3,256,14,0,0.0,0.021636880739372786
S0->S1->S3->S4->S7->S8->S11->S29->S30->S33->S34->S35->S37->S38,L0->L3,254,14,1,0.003937007874015748,0.021467842608596435
S12->S13->S14->S17->S18->S20->S21->S29->S30->S31->S33->S34->S36->S37,L0->L3,254,14,0,0.0,0.021467842608596435
S12->S13->S15->S16->S18->S20->S23->S29->S30->S31->S33->S34->S35->S37,L0->L3,254,14,0,0.0,0.021467842608596435
S0->S1->S2->S4->S6->S8->S11->S29->S30->S33->S34->S36->S37->S38,L0->L3,251,14,2,0.00796812749003984,0.021214285412431907
S12->S13->S14->S16->S19->S20->S22->S29->S30->S31->S33->S34->S36->S37,L0->L3,250,14,0,0.0,0.021129766347043735
S12->S13->S14->S17->S19->S20->S23->S29->S30->S31->S33->S34->S36->S37,L0->L3,250,14,2,0.008,0.021129766347043735
S0->S1->S2->S4->S7->S8->S9->S29->S30->S33->S34->S36->S37->S38,L0->L3,248,14,2,0.008064516129032258,0.020960728216267384
S12->S13->S15->S16->S18->S20->S23->S29->S30->S31->S33->S34->S36->S37,L0->L3,246,14,0,0.0,0.020791690085491036
S12->S13->S15->S17->S18->S20->S23->S29->S30->S31->S33->S34->S35->S37,L0->L3,246,14,1,0.0040650406504065045,0.020791690085491036
S12->S13->S14->S17->S19->S20->S21->S29->S30->S31->S33->S34->S35->S37,L0->L3,244,14,1,0.004098360655737705,0.020622651954714685
S12->S13->S15->S17->S18->S20->S21->S29->S30->S31->S33->S34->S35->S37,L0->L3,244,14,0,0.0,0.020622651954714685
S12->S13->S15->S17->S19->S20->S21->S27->S29->S30->S33->S34->S36->S37,L0->L2->L3,243,14,2,0.00823045267489712,0.020538132889326512
S12->S13->S14->S16->S19->S20->S23->S29->S30->S31->S33->S34->S36->S37,L0->L3,243,14,0,0.0,0.020538132889326512
S12->S13->S15->S16->S19->S20->S23->S29->S30->S31->S33->S34->S36->S37,L0->L3,242,14,1,0.004132231404958678,0.020453613823938337
S12->S13->S15->S16->S19->S20->S22->S29->S30->S31->S33->S34->S36->S37,L0->L3,241,14,0,0.0,0.02036909475855016
S12->S13->S14->S16->S19->S20->S22->S29->S30->S31->S33->S34->S35->S37,L0->L3,238,14,0,0.0,0.020115537562385634
S12->S13->S14->S17->S18->S20->S23->S29->S30->S31->S33->S34->S35->S37,L0->L3,238,14,0,0.0,0.020115537562385634
S12->S13->S14->S16->S18->S20->S21->S29->S30->S31->S33->S34->S35->S37,L0->L3,237,14,1,0.004219409282700422,0.020031018496997458
S25->S26->S29->S30->S33->S34->S35->S37->S38,L1->L2->L3,235,9,4,0.01702127659574468,0.01986198036622111
S12->S13->S15->S16->S19->S20->S22->S29->S30->S31->S33->S34->S35->S37,L0->L3,235,14,0,0.0,0.01986198036622111
S12->S13->S15->S16->S19->S20->S22->S27->S29->S30->S33->S34->S36->S37,L0->L2->L3,235,14,0,0.0,0.01986198036622111
S12->S13->S15->S16->S19->S20->S21->S29->S30->S31->S33->S34->S35->S37,L0->L3,233,14,0,0.0,0.01969294223544476
S24->S26->S29->S30->S32->S36->S37,L1->L2->L3,231,7,98,0.42424242424242425,0.01952390410466841
S12->S13->S15->S17->S18->S20->S22->S29->S30->S31->S33->S34->S35->S37,L0->L3,230,14,0,0.0,0.019439385039280235
S12->S13->S15->S17->S19->S20->S23->S29->S30->S31->S33->S34->S35->S37,L0->L3,230,14,0,0.0,0.019439385039280235
S12->S13->S15->S17->S19->S20->S23->S27->S29->S30->S33->S34->S36->S37,L0->L2->L3,229,14,2,0.008733624454148471,0.01935486597389206
S12->S13->S15->S16->S18->S20->S22->S29->S30->S31->S33->S34->S35->S37,L0->L3,229,14,0,0.0,0.01935486597389206
S25->S39->S40->S41->S44->S45->S47->S48->S50->S51,L1->L3,228,10,1,0.0043859649122807015,0.019270346908503887
S12->S13->S14->S17->S19->S20->S23->S29->S30->S31->S33->S34->S35->S37,L0->L3,227,14,0,0.0,0.01918582784311571
S12->S13->S14->S17->S18->S20->S21->S29->S30->S31->S33->S34->S35->S37,L0->L3,226,14,0,0.0,0.019101308777727536
S12->S13->S15->S17->S18->S20->S22->S27->S29->S30->S33->S34->S36->S37,L0->L2->L3,225,14,0,0.0,0.019016789712339364
S12->S13->S15->S16->S18->S20->S23->S27->S29->S30->S33->S34->S35->S37,L0->L2->L3,225,14,1,0.0044444444444444444,0.019016789712339364
S12->S13->S14->S17->S18->S20->S23->S29->S30->S31->S33->S34->S36->S37,L0->L3,224,14,2,0.008928571428571428,0.018932270646951188
S12->S13->S15->S16->S19->S20->S23->S29->S30->S31->S33->S34->S35->S37,L0->L3,222,14,1,0.0045045045045045045,0.018763232516174837
S25->S39->S40->S41->S43->S45->S47->S48->S49->S51,L1->L3,220,10,3,0.013636363636363636,0.018594194385398485
S12->S13->S15->S16->S18->S20->S21->S29->S30->S31->S33->S34->S35->S37,L0->L3,219,14,1,0.0045662100456621,0.01850967532001031
S12->S13->S15->S17->S19->S20->S21->S27->S29->S30->S33->S34->S35->S37,L0->L2->L3,216,14,3,0.013888888888888888,0.018256118123845786
S12->S13->S14->S16->S18->S20->S22->S29->S30->S31->S33->S34->S35->S37,L0->L3,215,14,1,0.004651162790697674,0.01817159905845761
S12->S13->S14->S17->S19->S20->S22->S27->S29->S30->S33->S34->S35->S37,L0->L2->L3,215,14,1,0.004651162790697674,0.01817159905845761
S12->S13->S14->S17->S19->S20->S22->S27->S29->S30->S33->S34->S36->S37,L0->L2->L3,214,14,1,0.004672897196261682,0.018087079993069438
S12->S13->S15->S17->S19->S20->S22->S27->S29->S30->S33->S34->S35->S37,L0->L2->L3,214,14,1,0.004672897196261682,0.018087079993069438
S12->S13->S15->S16->S18->S20->S22->S27->S29->S30->S33->S34->S35->S37,L0->L2->L3,214,14,5,0.02336448598130841,0.018087079993069438
S12->S13->S15->S17->S19->S20->S22->S27->S29->S30->S33->S34->S36->S37,L0->L2->L3,213,14,0,0.0,0.018002560927681262
S12->S13->S15->S17->S19->S20->S22->S26->S29->S30->S33->S34->S36->S37,L0->L2->L3,211,14,0,0.0,0.01783352279690491
S12->S13->S15->S17->S18->S20->S21->S27->S29->S30->S33->S34->S36->S37,L0->L2->L3,210,14,3,0.014285714285714285,0.01774900373151674
S24->S27->S29->S30->S33->S34->S36->S37->S38,L1->L2->L3,209,9,4,0.019138755980861243,0.017664484666128563
S12->S13->S14->S17->S19->S20->S23->S27->S29->S30->S33->S34->S36->S37,L0->L2->L3,209,14,2,0.009569377990430622,0.017664484666128563
S12->S13->S14->S17->S18->S20->S23->S27->S29->S30->S33->S34->S36->S37,L0->L2->L3,206,14,7,0.03398058252427184,0.017410927469964036
S12->S13->S14->S16->S18->S20->S21->S27->S29->S30->S33->S34->S35->S37,L0->L2->L3,205,14,0,0.0,0.01732640840457586
S12->S13->S15->S17->S18->S20->S22->S27->S29->S30->S33->S34->S35->S37,L0->L2->L3,205,14,3,0.014634146341463415,0.01732640840457586
S12->S13->S14->S16->S18->S20->S23->S27->S29->S30->S33->S34->S36->S37,L0->L2->L3,204,14,1,0.004901960784313725,0.017241889339187685
S12->S13->S14->S17->S19->S20->S21->S27->S29->S30->S33->S34->S36->S37,L0->L2->L3,204,14,3,0.014705882352941176,0.017241889339187685
S25->S39->S40->S41->S43->S45->S47->S48->S50->S51,L1->L3,203,10,1,0.0049261083743842365,0.017157370273799512
S12->S13->S15->S16->S19->S20->S21->S39->S40->S41->S43->S45->S47->S48->S50->S51,L0->L3,203,16,0,0.0,0.017157370273799512
S12->S13->S15->S17->S18->S20->S23->S26->S29->S30->S33->S34->S36->S37,L0->L2->L3,203,14,4,0.019704433497536946,0.017157370273799512
S12->S13->S14->S17->S18->S20->S22->S27->S29->S30->S33->S34->S35->S37,L0->L2->L3,202,14,1,0.0049504950495049506,0.017072851208411337
S12->S13->S15->S16->S19->S20->S21->S27->S29->S30->S33->S34->S36->S37,L0->L2->L3,201,14,1,0.004975124378109453,0.01698833214302316
S24->S27->S29->S30->S32->S33->S34->S35->S37,L1->L2->L3,201,9,1,0.004975124378109453,0.01698833214302316
S12->S13->S15->S16->S18->S20->S21->S27->S29->S30->S33->S34->S35->S37,L0->L2->L3,200,14,1,0.005,0.016903813077634985
S12->S13->S14->S17->S19->S20->S21->S27->S29->S30->S33->S34->S35->S37,L0->L2->L3,200,14,0,0.0,0.016903813077634985
S12->S13->S15->S16->S18->S20->S22->S27->S29->S30->S33->S34->S36->S37,L0->L2->L3,198,14,0,0.0,0.016734774946858638
S12->S13->S15->S17->S19->S20->S23->S27->S29->S30->S33->S34->S35->S37,L0->L2->L3,198,14,0,0.0,0.016734774946858638
S12->S13->S14->S16->S18->S20->S21->S27->S29->S30->S33->S34->S36->S37,L0->L2->L3,197,14,0,0.0,0.016650255881470462
S12->S13->S14->S17->S18->S20->S23->S27->S29->S30->S33->S34->S35->S37,L0->L2->L3,197,14,1,0.005076142131979695,0.016650255881470462
S25->S27->S29->S30->S33->S34->S35->S37->S38,L1->L2->L3,197,9,0,0.0,0.016650255881470462
S12->S13->S14->S17->S18->S20->S21->S27->S29->S30->S33->S34->S36->S37,L0->L2->L3,197,14,2,0.01015228426395939,0.016650255881470462
S12->S13->S15->S16->S19->S20->S23->S39->S40->S41->S43->S45->S47->S48->S49->S51,L0->L3,195,16,2,0.010256410256410256,0.016481217750694114
S12->S13->S15->S16->S18->S20->S23->S27->S29->S30->S33->S34->S36->S37,L0->L2->L3,195,14,3,0.015384615384615385,0.016481217750694114
S24->S26->S29->S30->S32->S35->S37,L1->L2->L3,194,7,85,0.4381443298969072,0.016396698685305938
S12->S13->S14->S16->S18->S20->S22->S27->S29->S30->S33->S34->S35->S37,L0->L2->L3,194,14,2,0.010309278350515464,0.016396698685305938
S12->S13->S15->S16->S19->S20->S23->S27->S29->S30->S33->S34->S35->S37,L0->L2->L3,193,14,0,0.0,0.016312179619917763
S12->S13->S14->S16->S19->S20->S21->S27->S29->S30->S33->S34->S35->S37,L0->L2->L3,193,14,1,0.0051813471502590676,0.016312179619917763
S12->S13->S14->S17->S18->S20->S21->S27->S29->S30->S33->S34->S35->S37,L0->L2->L3,192,14,2,0.010416666666666666,0.01622766055452959
S0->S1->S2->S5->S6->S8->S9->S29->S30->S32->S33->S34->S35->S37,L0->L3,192,14,2,0.010416666666666666,0.01622766055452959
S12->S13->S15->S17->S19->S20->S22->S39->S40->S41->S43->S45->S47->S48->S50->S51,L0->L3,192,16,1,0.005208333333333333,0.01622766055452959
S12->S13->S14->S17->S19->S20->S23->S27->S29->S30->S33->S34->S35->S37,L0->L2->L3,191,14,2,0.010471204188481676,0.016143141489141415
S12->S13->S14->S17->S18->S20->S21->S39->S40->S41->S44->S45->S47->S48->S50->S51,L0->L3,191,16,2,0.010471204188481676,0.016143141489141415
S12->S13->S14->S17->S19->S20->S22->S39->S40->S41->S43->S45->S47->S48->S50->S51,L0->L3,191,16,3,0.015706806282722512,0.016143141489141415
S12->S13->S15->S17->S18->S20->S23->S27->S29->S30->S33->S34->S36->S37,L0->L2->L3,191,14,1,0.005235602094240838,0.016143141489141415
S12->S13->S14->S17->S18->S20->S21->S26->S29->S30->S33->S34->S35->S37,L0->L2->L3,190,14,2,0.010526315789473684,0.01605862242375324
S0->S1->S2->S4->S6->S8->S11->S29->S30->S32->S33->S34->S36->S37,L0->L3,190,14,0,0.0,0.01605862242375324
S12->S13->S15->S17->S18->S20->S23->S39->S40->S41->S43->S45->S47->S48->S49->S51,L0->L3,189,16,1,0.005291005291005291,0.015974103358365063
S12->S13->S15->S16->S19->S20->S23->S26->S29->S30->S33->S34->S36->S37,L0->L2->L3,189,14,1,0.005291005291005291,0.015974103358365063
S12->S13->S15->S16->S18->S20->S22->S39->S40->S41->S43->S45->S47->S48->S49->S51,L0->L3,188,16,1,0.005319148936170213,0.015889584292976888
S12->S13->S14->S16->S18->S20->S23->S39->S40->S41->S43->S45->S47->S48->S50->S51,L0->L3,187,16,0,0.0,0.015805065227588712
S12->S13->S14->S17->S19->S20->S21->S39->S40->S41->S44->S45->S47->S48->S50->S51,L0->L3,187,16,1,0.0053475935828877,0.015805065227588712
S12->S13->S14->S16->S18->S20->S22->S27->S29->S30->S33->S34->S36->S37,L0->L2->L3,186,14,1,0.005376344086021506,0.015720546162200536
S12->S13->S15->S17->S19->S20->S23->S39->S40->S41->S43->S45->S47->S48->S50->S51,L0->L3,186,16,0,0.0,0.015720546162200536
S24->S27->S29->S30->S32->S33->S34->S36->S37,L1->L2->L3,186,9,1,0.005376344086021506,0.015720546162200536
S12->S13->S14->S17->S18->S20->S22->S27->S29->S30->S33->S34->S36->S37,L0->L2->L3,186,14,3,0.016129032258064516,0.015720546162200536
S12->S13->S15->S17->S19->S20->S23->S39->S40->S41->S44->S45->S47->S48->S50->S51,L0->L3,185,16,1,0.005405405405405406,0.015636027096812364
S24->S39->S40->S41->S43->S45->S47->S48->S50->S51,L1->L3,185,10,0,0.0,0.015636027096812364
S12->S13->S15->S17->S18->S20->S21->S26->S29->S30->S33->S34->S35->S37,L0->L2->L3,184,14,0,0.0,0.015551508031424188
S0->S1->S3->S5->S6->S8->S10->S29->S30->S32->S33->S34->S36->S37,L0->L3,184,14,1,0.005434782608695652,0.015551508031424188
S12->S13->S15->S16->S18->S20->S23->S39->S40->S41->S43->S45->S47->S48->S50->S51,L0->L3,184,16,0,0.0,0.015551508031424188
S12->S13->S14->S16->S18->S20->S21->S39->S40->S41->S44->S45->S47->S48->S49->S51,L0->L3,183,16,1,0.00546448087431694,0.015466988966036013
S12->S13->S15->S16->S19->S20->S21->S27->S29->S30->S33->S34->S35->S37,L0->L2->L3,183,14,0,0.0,0.015466988966036013
S12->S13->S14->S17->S19->S20->S23->S39->S40->S41->S43->S45->S47->S48->S50->S51,L0->L3,182,16,3,0.016483516483516484,0.015382469900647837
S25->S39->S40->S41->S44->S45->S47->S48->S49->S51,L1->L3,182,10,0,0.0,0.015382469900647837
S12->S13->S15->S17->S19->S20->S21->S39->S40->S41->S43->S45->S47->S48->S49->S51,L0->L3,182,16,1,0.005494505494505495,0.015382469900647837
S12->S13->S14->S16->S19->S20->S21->S39->S40->S41->S43->S45->S47->S48->S50->S51,L0->L3,182,16,0,0.0,0.015382469900647837
S12->S13->S14->S16->S18->S20->S23->S26->S29->S30->S33->S34->S36->S37,L0->L2->L3,181,14,0,0.0,0.015297950835259665
S12->S13->S14->S17->S18->S20->S22->S39->S40->S41->S44->S45->S47->S48->S49->S51,L0->L3,181,16,1,0.0055248618784530384,0.015297950835259665
S12->S13->S14->S17->S18->S20->S23->S39->S40->S41->S43->S45->S47->S48->S49->S51,L0->L3,181,16,0,0.0,0.015297950835259665
S12->S13->S14->S16->S19->S20->S23->S27->S29->S30->S33->S34->S36->S37,L0->L2->L3,180,14,2,0.011111111111111112,0.015213431769871489
S0->S1->S2->S4->S6->S8->S11->S29->S30->S32->S33->S34->S35->S37,L0->L3,179,14,1,0.00558659217877095,0.015128912704483313
S12->S13->S15->S16->S19->S20->S21->S26->S29->S30->S33->S34->S35->S37,L0->L2->L3,178,14,3,0.016853932584269662,0.01504439363909514
S12->S13->S14->S17->S19->S20->S21->S39->S40->S41->S44->S45->S47->S48->S49->S51,L0->L3,178,16,0,0.0,0.01504439363909514
S12->S13->S15->S17->S18->S20->S21->S27->S29->S30->S33->S34->S35->S37,L0->L2->L3,178,14,0,0.0,0.01504439363909514
S12->S13->S15->S16->S19->S20->S23->S39->S40->S41->S44->S45->S47->S48->S49->S51,L0->L3,178,16,2,0.011235955056179775,0.01504439363909514
S12->S13->S15->S17->S18->S20->S23->S27->S29->S30->S33->S34->S35->S37,L0->L2->L3,178,14,2,0.011235955056179775,0.01504439363909514
S12->S13->S15->S16->S18->S20->S21->S27->S29->S30->S33->S34->S36->S37,L0->L2->L3,178,14,1,0.0056179775280898875,0.01504439363909514
S12->S13->S14->S17->S18->S20->S23->S39->S40->S41->S44->S45->S47->S48->S49->S51,L0->L3,178,16,2,0.011235955056179775,0.01504439363909514
S0->S1->S2->S4->S6->S8->S10->S29->S30->S32->S33->S34->S36->S37,L0->L3,177,14,0,0.0,0.014959874573706964
S12->S13->S14->S16->S19->S20->S21->S26->S29->S30->S33->S34->S36->S37,L0->L2->L3,177,14,2,0.011299435028248588,0.014959874573706964
S0->S1->S2->S5->S6->S8->S10->S29->S30->S32->S33->S34->S35->S37,L0->L3,177,14,0,0.0,0.014959874573706964
S25->S26->S29->S30->S33->S34->S36->S37->S38,L1->L2->L3,177,9,1,0.005649717514124294,0.014959874573706964
S12->S13->S14->S16->S18->S20->S22->S39->S40->S41->S44->S45->S47->S48->S50->S51,L0->L3,177,16,0,0.0,0.014959874573706964
S12->S13->S15->S17->S19->S20->S21->S39->S40->S41->S43->S45->S47->S48->S50->S51,L0->L3,177,16,0,0.0,0.014959874573706964
S12->S13->S15->S16->S18->S20->S23->S39->S40->S41->S44->S45->S47->S48->S50->S51,L0->L3,177,16,1,0.005649717514124294,0.014959874573706964
S0->S1->S3->S4->S6->S8->S9->S29->S30->S32->S33->S34->S35->S37,L0->L3,177,14,1,0.005649717514124294,0.014959874573706964
S12->S13->S15->S17->S18->S20->S22->S39->S40->S41->S43->S45->S47->S48->S50->S51,L0->L3,177,16,0,0.0,0.014959874573706964
S12->S13->S14->S16->S19->S20->S22->S39->S40->S41->S43->S45->S47->S48->S49->S51,L0->L3,177,16,0,0.0,0.014959874573706964
S12->S13->S15->S17->S19->S20->S22->S39->S40->S41->S44->S45->S47->S48->S49->S51,L0->L3,176,16,2,0.011363636363636364,0.014875355508318788
S12->S13->S14->S16->S19->S20->S21->S27->S29->S30->S33->S34->S36->S37,L0->L2->L3,176,14,2,0.011363636363636364,0.014875355508318788
S0->S1->S3->S5->S7->S8->S11->S29->S30->S32->S33->S34->S36->S37,L0->L3,176,14,1,0.005681818181818182,0.014875355508318788
S12->S13->S15->S16->S18->S20->S22->S39->S40->S41->S43->S45->S47->S48->S50->S51,L0->L3,176,16,4,0.022727272727272728,0.014875355508318788
S12->S13->S14->S16->S19->S20->S23->S27->S29->S30->S33->S34->S35->S37,L0->L2->L3,176,14,1,0.005681818181818182,0.014875355508318788
S0->S1->S2->S5->S6->S8->S9->S29->S30->S32->S33->S34->S36->S37,L0->L3,176,14,0,0.0,0.014875355508318788
S12->S13->S15->S16->S19->S20->S21->S39->S40->S41->S44->S45->S47->S48->S50->S51,L0->L3,176,16,1,0.005681818181818182,0.014875355508318788
S12->S13->S14->S16->S18->S20->S21->S39->S40->S41->S43->S45->S47->S48->S50->S51,L0->L3,176,16,0,0.0,0.014875355508318788
S0->S1->S2->S4->S7->S8->S11->S29->S30->S32->S33->S34->S36->S37,L0->L3,175,14,0,0.0,0.014790836442930612
S12->S13->S14->S16->S19->S20->S22->S27->S29->S30->S33->S34->S36->S37,L0->L2->L3,175,14,0,0.0,0.014790836442930612
S12->S13->S14->S16->S19->S20->S22->S27->S29->S30->S33->S34->S35->S37,L0->L2->L3,175,14,2,0.011428571428571429,0.014790836442930612
S12->S13->S14->S16->S19->S20->S22->S39->S40->S41->S44->S45->S47->S48->S50->S51,L0->L3,175,16,1,0.005714285714285714,0.014790836442930612
S12->S13->S14->S16->S19->S20->S21->S39->S40->S41->S44->S45->S47->S48->S49->S51,L0->L3,174,16,1,0.005747126436781609,0.01470631737754244
S0->S1->S2->S5->S6->S8->S11->S29->S30->S32->S33->S34->S36->S37,L0->L3,174,14,1,0.005747126436781609,0.01470631737754244
S0->S1->S3->S4->S7->S8->S10->S29->S30->S32->S33->S34->S36->S37,L0->L3,174,14,2,0.011494252873563218,0.01470631737754244
S29->S30->S33->S36->S37,L3,174,5,1,0.005747126436781609,0.01470631737754244
S12->S13->S15->S16->S19->S20->S23->S27->S29->S30->S33->S34->S36->S37,L0->L2->L3,173,14,1,0.005780346820809248,0.014621798312154264
S0->S1->S3->S4->S6->S8->S11->S29->S30->S32->S33->S34->S36->S37,L0->L3,173,14,1,0.005780346820809248,0.014621798312154264
S12->S13->S14->S17->S18->S20->S23->S39->S40->S41->S44->S45->S47->S48->S50->S51,L0->L3,173,16,1,0.005780346820809248,0.014621798312154264
S12->S13->S14->S16->S18->S20->S23->S27->S29->S30->S33->S34->S35->S37,L0->L2->L3,173,14,2,0.011560693641618497,0.014621798312154264
S12->S13->S14->S16->S18->S20->S22->S26->S29->S30->S33->S34->S35->S37,L0->L2->L3,173,14,1,0.005780346820809248,0.014621798312154264
S0->S1->S3->S5->S7->S8->S9->S29->S30->S32->S33->S34->S35->S37,L0->L3,173,14,3,0.017341040462427744,0.014621798312154264
S12->S13->S14->S16->S18->S20->S21->S26->S29->S30->S33->S34->S35->S37,L0->L2->L3,173,14,2,0.011560693641618497,0.014621798312154264
S12->S13->S15->S16->S18->S20->S21->S39->S40->S41->S43->S45->S47->S48->S50->S51,L0->L3,172,16,1,0.005813953488372093,0.014537279246766089
S12->S13->S15->S17->S19->S20->S21->S39->S40->S41->S44->S45->S47->S48->S50->S51,L0->L3,172,16,0,0.0,0.014537279246766089
S12->S13->S15->S17->S19->S20->S21->S26->S29->S30->S33->S34->S35->S37,L0->L2->L3,172,14,2,0.011627906976744186,0.014537279246766089
S0->S1->S2->S4->S7->S8->S10->S29->S30->S32->S33->S34->S36->S37,L0->L3,172,14,0,0.0,0.014537279246766089
S0->S1->S3->S4->S7->S8->S11->S29->S30->S32->S33->S34->S36->S37,L0->L3,172,14,0,0.0,0.014537279246766089
S12->S13->S14->S16->S19->S20->S22->S26->S29->S30->S33->S34->S35->S37,L0->L2->L3,171,14,1,0.005847953216374269,0.014452760181377916
S12->S13->S14->S17->S18->S20->S21->S39->S40->S41->S43->S45->S47->S48->S49->S51,L0->L3,171,16,0,0.0,0.014452760181377916
S12->S13->S15->S16->S18->S20->S21->S39->S40->S41->S44->S45->S47->S48->S49->S51,L0->L3,171,16,0,0.0,0.014452760181377916
S12->S13->S14->S17->S18->S20->S22->S39->S40->S41->S43->S45->S47->S48->S49->S51,L0->L3,171,16,0,0.0,0.014452760181377916
S12->S13->S15->S16->S18->S20->S22->S26->S29->S30->S33->S34->S36->S37,L0->L2->L3,171,14,0,0.0,0.014452760181377916
S0->S1->S3->S5->S6->S8->S9->S29->S30->S32->S33->S34->S36->S37,L0->L3,171,14,1,0.005847953216374269,0.014452760181377916
S12->S13->S15->S16->S18->S20->S21->S39->S40->S41->S44->S45->S47->S48->S50->S51,L0->L3,170,16,1,0.0058823529411764705,0.01436824111598974
S12->S13->S14->S16->S19->S20->S23->S39->S40->S41->S43->S45->S47->S48->S50->S51,L0->L3,170,16,0,0.0,0.01436824111598974
S12->S13->S14->S17->S19->S20->S21->S39->S40->S41->S43->S45->S47->S48->S50->S51,L0->L3,170,16,1,0.0058823529411764705,0.01436824111598974
S12->S13->S15->S17->S19->S20->S22->S26->S29->S30->S33->S34->S35->S37,L0->L2->L3,169,14,3,0.01775147928994083,0.014283722050601565
S0->S1->S2->S5->S7->S8->S10->S29->S30->S32->S33->S34->S36->S37,L0->L3,169,14,2,0.011834319526627219,0.014283722050601565
S12->S13->S15->S17->S18->S20->S23->S39->S40->S41->S43->S45->S47->S48->S50->S51,L0->L3,169,16,3,0.01775147928994083,0.014283722050601565
S12->S13->S14->S17->S18->S20->S21->S26->S29->S30->S33->S34->S36->S37,L0->L2->L3,169,14,3,0.01775147928994083,0.014283722050601565
S12->S13->S15->S16->S19->S20->S22->S26->S29->S30->S33->S34->S36->S37,L0->L2->L3,169,14,1,0.005917159763313609,0.014283722050601565
S12->S13->S14->S17->S19->S20->S23->S26->S29->S30->S33->S34->S36->S37,L0->L2->L3,169,14,1,0.005917159763313609,0.014283722050601565
S12->S13->S15->S16->S19->S20->S22->S27->S29->S30->S33->S34->S35->S37,L0->L2->L3,169,14,3,0.01775147928994083,0.014283722050601565
S12->S13->S15->S16->S18->S20->S21->S26->S29->S30->S33->S34->S36->S37,L0->L2->L3,169,14,0,0.0,0.014283722050601565
S12->S13->S14->S16->S19->S20->S23->S39->S40->S41->S44->S45->S47->S48->S49->S51,L0->L3,169,16,0,0.0,0.014283722050601565
S0->S1->S3->S5->S7->S8->S10->S29->S30->S32->S33->S34->S36->S37,L0->L3,169,14,0,0.0,0.014283722050601565
S0->S1->S2->S5->S7->S8->S9->S29->S30->S32->S33->S34->S35->S37,L0->L3,168,14,3,0.017857142857142856,0.01419920298521339
S12->S13->S14->S17->S19->S20->S21->S26->S29->S30->S33->S34->S36->S37,L0->L2->L3,168,14,2,0.011904761904761904,0.01419920298521339
S12->S13->S14->S16->S19->S20->S21->S26->S29->S30->S33->S34->S35->S37,L0->L2->L3,168,14,1,0.005952380952380952,0.01419920298521339
S12->S13->S14->S17->S18->S20->S22->S39->S40->S41->S44->S45->S47->S48->S50->S51,L0->L3,168,16,0,0.0,0.01419920298521339
S0->S1->S3->S5->S7->S8->S11->S29->S30->S32->S33->S34->S35->S37,L0->L3,168,14,1,0.005952380952380952,0.01419920298521339
S0->S1->S2->S4->S7->S8->S10->S29->S30->S32->S33->S34->S35->S37,L0->L3,167,14,0,0.0,0.014114683919825215
S0->S1->S3->S4->S7->S8->S11->S29->S30->S32->S33->S34->S35->S37,L0->L3,167,14,0,0.0,0.014114683919825215
S12->S13->S15->S17->S18->S20->S21->S39->S40->S41->S44->S45->S47->S48->S49->S51,L0->L3,167,16,0,0.0,0.014114683919825215
S12->S13->S15->S16->S18->S20->S22->S26->S29->S30->S33->S34->S35->S37,L0->L2->L3,167,14,0,0.0,0.014114683919825215
S12->S13->S14->S17->S18->S20->S21->S39->S40->S41->S43->S45->S47->S48->S50->S51,L0->L3,167,16,0,0.0,0.014114683919825215
S0->S1->S3->S4->S6->S8->S9->S29->S30->S32->S33->S34->S36->S37,L0->L3,166,14,0,0.0,0.01403016485443704
S0->S1->S3->S4->S6->S8->S10->S29->S30->S32->S33->S34->S36->S37,L0->L3,166,14,1,0.006024096385542169,0.01403016485443704
S24->S39->S40->S41->S44->S45->S47->S48->S50->S51,L1->L3,166,10,0,0.0,0.01403016485443704
S0->S1->S3->S4->S7->S8->S10->S29->S30->S32->S33->S34->S35->S37,L0->L3,165,14,0,0.0,0.013945645789048864
S24->S39->S40->S41->S44->S45->S47->S48->S49->S51,L1->L3,165,10,0,0.0,0.013945645789048864
S12->S13->S15->S16->S18->S20->S23->S26->S29->S30->S33->S34->S36->S37,L0->L2->L3,165,14,0,0.0,0.013945645789048864
S12->S13->S15->S16->S18->S20->S23->S39->S40->S41->S43->S45->S47->S48->S49->S51,L0->L3,165,16,1,0.006060606060606061,0.013945645789048864
S12->S13->S14->S16->S19->S20->S22->S39->S40->S41->S43->S45->S47->S48->S50->S51,L0->L3,165,16,0,0.0,0.013945645789048864
S12->S13->S14->S16->S19->S20->S22->S26->S29->S30->S33->S34->S36->S37,L0->L2->L3,165,14,1,0.006060606060606061,0.013945645789048864
S12->S13->S14->S17->S18->S20->S23->S26->S29->S30->S33->S34->S36->S37,L0->L2->L3,165,14,1,0.006060606060606061,0.013945645789048864
S12->S13->S14->S17->S19->S20->S23->S39->S40->S41->S44->S45->S47->S48->S50->S51,L0->L3,164,16,3,0.018292682926829267,0.013861126723660688
S12->S13->S14->S16->S19->S20->S21->S39->S40->S41->S44->S45->S47->S48->S50->S51,L0->L3,164,16,2,0.012195121951219513,0.013861126723660688
S12->S13->S14->S16->S19->S20->S22->S39->S40->S41->S44->S45->S47->S48->S49->S51,L0->L3,164,16,3,0.018292682926829267,0.013861126723660688
S12->S13->S15->S17->S18->S20->S23->S26->S29->S30->S33->S34->S35->S37,L0->L2->L3,164,14,1,0.006097560975609756,0.013861126723660688
S12->S13->S14->S16->S18->S20->S21->S26->S29->S30->S33->S34->S36->S37,L0->L2->L3,164,14,1,0.006097560975609756,0.013861126723660688
S12->S13->S14->S17->S19->S20->S21->S39->S40->S41->S43->S45->S47->S48->S49->S51,L0->L3,164,16,1,0.006097560975609756,0.013861126723660688
S12->S13->S15->S16->S19->S20->S22->S26->S29->S30->S33->S34->S35->S37,L0->L2->L3,164,14,2,0.012195121951219513,0.013861126723660688
S0->S1->S2->S5->S7->S8->S9->S29->S30->S32->S33->S34->S36->S37,L0->L3,164,14,1,0.006097560975609756,0.013861126723660688
S0->S1->S2->S4->S6->S8->S10->S29->S30->S32->S33->S34->S35->S37,L0->L3,164,14,1,0.006097560975609756,0.013861126723660688
S12->S13->S15->S17->S19->S20->S21->S26->S29->S30->S33->S34->S36->S37,L0->L2->L3,163,14,0,0.0,0.013776607658272516
S0->S1->S3->S5->S6->S8->S11->S29->S30->S32->S33->S34->S36->S37,L0->L3,163,14,0,0.0,0.013776607658272516
S0->S1->S2->S5->S6->S8->S11->S29->S30->S32->S33->S34->S35->S37,L0->L3,163,14,0,0.0,0.013776607658272516
S12->S13->S15->S16->S19->S20->S23->S39->S40->S41->S43->S45->S47->S48->S50->S51,L0->L3,163,16,1,0.006134969325153374,0.013776607658272516
S24->S39->S40->S41->S43->S45->S47->S48->S49->S51,L1->L3,162,10,0,0.0,0.01369208859288434
S12->S13->S15->S16->S18->S20->S21->S26->S29->S30->S33->S34->S35->S37,L0->L2->L3,162,14,1,0.006172839506172839,0.01369208859288434
S12->S13->S14->S17->S19->S20->S22->S39->S40->S41->S43->S45->S47->S48->S49->S51,L0->L3,162,16,0,0.0,0.01369208859288434
S12->S13->S15->S16->S18->S20->S22->S39->S40->S41->S44->S45->S47->S48->S50->S51,L0->L3,162,16,0,0.0,0.01369208859288434
S12->S13->S15->S17->S18->S20->S22->S39->S40->S41->S43->S45->S47->S48->S49->S51,L0->L3,162,16,0,0.0,0.01369208859288434
S0->S1->S2->S5->S7->S8->S10->S29->S30->S32->S33->S34->S35->S37,L0->L3,162,14,0,0.0,0.01369208859288434
S0->S1->S2->S5->S6->S8->S10->S29->S30->S32->S33->S34->S36->S37,L0->L3,161,14,0,0.0,0.013607569527496165
S12->S13->S14->S16->S18->S20->S22->S39->S40->S41->S44->S45->S47->S48->S49->S51,L0->L3,161,16,2,0.012422360248447204,0.013607569527496165
S0->S1->S3->S4->S6->S8->S10->S29->S30->S32->S33->S34->S35->S37,L0->L3,160,14,0,0.0,0.01352305046210799
S12->S13->S15->S16->S19->S20->S23->S39->S40->S41->S44->S45->S47->S48->S50->S51,L0->L3,160,16,0,0.0,0.01352305046210799
S12->S13->S15->S16->S19->S20->S21->S39->S40->S41->S44->S45->S47->S48->S49->S51,L0->L3,160,16,0,0.0,0.01352305046210799
S12->S13->S14->S17->S18->S20->S23->S39->S40->S41->S43->S45->S47->S48->S50->S51,L0->L3,160,16,1,0.00625,0.01352305046210799
S0->S1->S2->S4->S7->S8->S9->S29->S30->S32->S33->S34->S36->S37,L0->L3,159,14,1,0.006289308176100629,0.013438531396719815
S0->S1->S2->S5->S7->S8->S11->S29->S30->S32->S33->S34->S35->S37,L0->L3,159,14,0,0.0,0.013438531396719815
S0->S1->S2->S5->S7->S8->S11->S29->S30->S32->S33->S34->S36->S37,L0->L3,159,14,1,0.006289308176100629,0.013438531396719815
S12->S13->S15->S16->S19->S20->S22->S39->S40->S41->S44->S45->S47->S48->S50->S51,L0->L3,159,16,1,0.006289308176100629,0.013438531396719815
S12->S13->S14->S16->S18->S20->S23->S39->S40->S41->S43->S45->S47->S48->S49->S51,L0->L3,159,16,0,0.0,0.013438531396719815
S0->S1->S3->S5->S7->S8->S9->S29->S30->S32->S33->S34->S36->S37,L0->L3,159,14,2,0.012578616352201259,0.013438531396719815
S0->S1->S3->S4->S7->S8->S9->S29->S30->S32->S33->S34->S36->S37,L0->L3,159,14,2,0.012578616352201259,0.013438531396719815
S12->S13->S15->S16->S19->S20->S22->S39->S40->S41->S43->S45->S47->S48->S50->S51,L0->L3,159,16,1,0.006289308176100629,0.013438531396719815
S12->S13->S14->S17->S18->S20->S21->S39->S40->S41->S44->S45->S47->S48->S49->S51,L0->L3,158,16,0,0.0,0.01335401233133164
S12->S13->S15->S17->S18->S20->S22->S39->S40->S41->S44->S45->S47->S48->S50->S51,L0->L3,158,16,0,0.0,0.01335401233133164
S12->S13->S14->S17->S19->S20->S22->S26->S29->S30->S33->S34->S36->S37,L0->L2->L3,158,14,1,0.006329113924050633,0.01335401233133164
S12->S13->S15->S17->S18->S20->S21->S39->S40->S41->S44->S45->S47->S48->S50->S51,L0->L3,158,16,1,0.006329113924050633,0.01335401233133164
S12->S13->S14->S16->S18->S20->S21->S39->S40->S41->S43->S45->S47->S48->S49->S51,L0->L3,158,16,0,0.0,0.01335401233133164
S12->S13->S14->S17->S18->S20->S23->S26->S29->S30->S33->S34->S35->S37,L0->L2->L3,158,14,1,0.006329113924050633,0.01335401233133164
S12->S13->S14->S17->S19->S20->S21->S26->S29->S30->S33->S34->S35->S37,L0->L2->L3,158,14,0,0.0,0.01335401233133164
S12->S13->S14->S16->S18->S20->S21->S39->S40->S41->S44->S45->S47->S48->S50->S51,L0->L3,158,16,1,0.006329113924050633,0.01335401233133164
S12->S13->S14->S16->S19->S20->S23->S39->S40->S41->S44->S45->S47->S48->S50->S51,L0->L3,158,16,1,0.006329113924050633,0.01335401233133164
S12->S13->S15->S16->S19->S20->S22->S39->S40->S41->S44->S45->S47->S48->S49->S51,L0->L3,158,16,0,0.0,0.01335401233133164
S12->S13->S15->S17->S18->S20->S22->S39->S40->S41->S44->S45->S47->S48->S49->S51,L0->L3,157,16,1,0.006369426751592357,0.013269493265943464
S12->S13->S15->S16->S19->S20->S21->S26->S29->S30->S33->S34->S36->S37,L0->L2->L3,156,14,2,0.01282051282051282,0.013184974200555291
S12->S13->S15->S16->S18->S20->S23->S39->S40->S41->S44->S45->S47->S48->S49->S51,L0->L3,156,16,0,0.0,0.013184974200555291
S12->S13->S15->S17->S19->S20->S22->S39->S40->S41->S44->S45->S47->S48->S50->S51,L0->L3,156,16,0,0.0,0.013184974200555291
S12->S13->S14->S17->S18->S20->S22->S26->S29->S30->S33->S34->S36->S37,L0->L2->L3,156,14,1,0.00641025641025641,0.013184974200555291
S12->S13->S14->S16->S18->S20->S23->S39->S40->S41->S44->S45->S47->S48->S50->S51,L0->L3,156,16,2,0.01282051282051282,0.013184974200555291
S12->S13->S15->S16->S18->S20->S22->S39->S40->S41->S44->S45->S47->S48->S49->S51,L0->L3,156,16,0,0.0,0.013184974200555291
S12->S13->S14->S16->S19->S20->S23->S26->S29->S30->S33->S34->S36->S37,L0->L2->L3,155,14,5,0.03225806451612903,0.013100455135167116
S12->S13->S15->S17->S19->S20->S22->S39->S40->S41->S43->S45->S47->S48->S49->S51,L0->L3,155,16,0,0.0,0.013100455135167116
S12->S13->S14->S16->S19->S20->S23->S26->S29->S30->S33->S34->S35->S37,L0->L2->L3,155,14,0,0.0,0.013100455135167116
S0->S1->S3->S5->S7->S8->S10->S29->S30->S32->S33->S34->S35->S37,L0->L3,155,14,0,0.0,0.013100455135167116
S12->S13->S15->S17->S19->S20->S23->S39->S40->S41->S44->S45->S47->S48->S49->S51,L0->L3,154,16,0,0.0,0.01301593606977894
S12->S13->S15->S17->S19->S20->S23->S26->S29->S30->S33->S34->S35->S37,L0->L2->L3,154,14,1,0.006493506493506494,0.01301593606977894
S12->S13->S15->S16->S19->S20->S21->S39->S40->S41->S43->S45->S47->S48->S49->S51,L0->L3,154,16,3,0.01948051948051948,0.01301593606977894
S12->S13->S15->S17->S18->S20->S22->S26->S29->S30->S33->S34->S36->S37,L0->L2->L3,154,14,0,0.0,0.01301593606977894
S0->S1->S3->S5->S6->S8->S9->S29->S30->S32->S33->S34->S35->S37,L0->L3,154,14,0,0.0,0.01301593606977894
S29->S30->S33->S35->S37,L3,154,5,0,0.0,0.01301593606977894
S12->S13->S14->S16->S19->S20->S21->S39->S40->S41->S43->S45->S47->S48->S49->S51,L0->L3,153,16,0,0.0,0.012931417004390766
S12->S13->S15->S17->S18->S20->S22->S26->S29->S30->S33->S34->S35->S37,L0->L2->L3,153,14,0,0.0,0.012931417004390766
S12->S13->S14->S17->S18->S20->S22->S39->S40->S41->S43->S45->S47->S48->S50->S51,L0->L3,152,16,1,0.006578947368421052,0.01284689793900259
S12->S13->S15->S17->S18->S20->S21->S26->S29->S30->S33->S34->S36->S37,L0->L2->L3,152,14,2,0.013157894736842105,0.01284689793900259
S0->S1->S2->S4->S7->S8->S11->S29->S30->S32->S33->S34->S35->S37,L0->L3,151,14,1,0.006622516556291391,0.012762378873614415
S12->S13->S14->S16->S18->S20->S22->S39->S40->S41->S43->S45->S47->S48->S50->S51,L0->L3,151,16,0,0.0,0.012762378873614415
S0->S1->S3->S5->S6->S8->S10->S29->S30->S32->S33->S34->S35->S37,L0->L3,151,14,1,0.006622516556291391,0.012762378873614415
S12->S13->S15->S16->S18->S20->S21->S39->S40->S41->S43->S45->S47->S48->S49->S51,L0->L3,151,16,0,0.0,0.012762378873614415
S12->S13->S14->S16->S18->S20->S22->S39->S40->S41->S43->S45->S47->S48->S49->S51,L0->L3,151,16,0,0.0,0.012762378873614415
S12->S13->S14->S17->S18->S20->S22->S26->S29->S30->S33->S34->S35->S37,L0->L2->L3,150,14,1,0.006666666666666667,0.012677859808226239
S0->S1->S2->S4->S7->S8->S9->S29->S30->S32->S33->S34->S35->S37,L0->L3,150,14,1,0.006666666666666667,0.012677859808226239
S12->S13->S15->S17->S19->S20->S23->S26->S29->S30->S33->S34->S36->S37,L0->L2->L3,149,14,1,0.006711409395973154,0.012593340742838067
S0->S1->S3->S4->S7->S8->S9->S29->S30->S32->S33->S34->S35->S37,L0->L3,149,14,1,0.006711409395973154,0.012593340742838067
S12->S13->S15->S17->S18->S20->S21->S39->S40->S41->S43->S45->S47->S48->S49->S51,L0->L3,148,16,1,0.006756756756756757,0.012508821677449891
S12->S13->S15->S17->S18->S20->S21->S39->S40->S41->S43->S45->S47->S48->S50->S51,L0->L3,148,16,1,0.006756756756756757,0.012508821677449891
S12->S13->S14->S17->S19->S20->S22->S39->S40->S41->S44->S45->S47->S48->S49->S51,L0->L3,147,16,0,0.0,0.012424302612061715
S12->S13->S14->S17->S19->S20->S22->S39->S40->S41->S44->S45->S47->S48->S50->S51,L0->L3,147,16,0,0.0,0.012424302612061715
S12->S13->S14->S16->S18->S20->S23->S26->S29->S30->S33->S34->S35->S37,L0->L2->L3,147,14,2,0.013605442176870748,0.012424302612061715
S12->S13->S15->S16->S18->S20->S23->S26->S29->S30->S33->S34->S35->S37,L0->L2->L3,147,14,1,0.006802721088435374,0.012424302612061715
S12->S13->S14->S17->S19->S20->S23->S39->S40->S41->S43->S45->S47->S48->S49->S51,L0->L3,146,16,0,0.0,0.01233978354667354
S12->S13->S15->S17->S19->S20->S23->S39->S40->S41->S43->S45->S47->S48->S49->S51,L0->L3,146,16,1,0.00684931506849315,0.01233978354667354
S12->S13->S14->S16->S19->S20->S23->S39->S40->S41->S43->S45->S47->S48->S49->S51,L0->L3,146,16,4,0.0273972602739726,0.01233978354667354
S12->S13->S15->S17->S18->S20->S23->S39->S40->S41->S44->S45->S47->S48->S50->S51,L0->L3,145,16,1,0.006896551724137931,0.012255264481285368
S0->S1->S2->S4->S6->S8->S9->S29->S30->S32->S33->S34->S35->S37,L0->L3,145,14,1,0.006896551724137931,0.012255264481285368
S12->S13->S14->S17->S19->S20->S23->S26->S29->S30->S33->S34->S35->S37,L0->L2->L3,145,14,0,0.0,0.012255264481285368
S12->S13->S14->S17->S19->S20->S22->S26->S29->S30->S33->S34->S35->S37,L0->L2->L3,144,14,0,0.0,0.012170745415897192
S12->S13->S15->S16->S19->S20->S23->S26->S29->S30->S33->S34->S35->S37,L0->L2->L3,144,14,1,0.006944444444444444,0.012170745415897192
S12->S13->S14->S16->S18->S20->S22->S26->S29->S30->S33->S34->S36->S37,L0->L2->L3,143,14,0,0.0,0.012086226350509016
S0->S1->S3->S4->S6->S8->S11->S29->S30->S32->S33->S34->S35->S37,L0->L3,143,14,1,0.006993006993006993,0.012086226350509016
S0->S1->S2->S4->S6->S8->S9->S29->S30->S32->S33->S34->S36->S37,L0->L3,143,14,1,0.006993006993006993,0.012086226350509016
S12->S13->S14->S16->S18->S20->S23->S39->S40->S41->S44->S45->S47->S48->S49->S51,L0->L3,143,16,1,0.006993006993006993,0.012086226350509016
S12->S13->S15->S17->S18->S20->S23->S39->S40->S41->S44->S45->S47->S48->S49->S51,L0->L3,140,16,0,0.0,0.01183266915434449
S12->S13->S15->S16->S19->S20->S22->S39->S40->S41->S43->S45->S47->S48->S49->S51,L0->L3,140,16,1,0.007142857142857143,0.01183266915434449
S12->S13->S14->S17->S19->S20->S23->S39->S40->S41->S44->S45->S47->S48->S49->S51,L0->L3,139,16,0,0.0,0.011748150088956317
S0->S1->S3->S5->S6->S8->S11->S29->S30->S32->S33->S34->S35->S37,L0->L3,138,14,1,0.007246376811594203,0.011663631023568141
S25->S27->S29->S30->S33->S34->S36->S37->S38,L1->L2->L3,137,9,0,0.0,0.011579111958179967
S24->S27->S30->S33->S34->S36->S37,L1->L2->L3,137,7,0,0.0,0.011579111958179967
S12->S13->S15->S17->S19->S20->S21->S39->S40->S41->S44->S45->S47->S48->S49->S51,L0->L3,134,16,1,0.007462686567164179,0.011325554762015442
S25->S27->S39->S40->S41->S43->S45->S47->S48->S49->S51,L1->L2->L3,121,11,1,0.008264462809917356,0.010226806911969168
S24->S27->S30->S33->S34->S35->S37,L1->L2->L3,115,7,0,0.0,0.009719692519640118
S25->S27->S39->S40->S41->S44->S45->S47->S48->S50->S51,L1->L2->L3,114,11,2,0.017543859649122806,0.009635173454251944
S12->S13->S15->S16->S18->S20->S21->S29->S30->S33->S34->S36->S37->S38,L0->L3,113,14,0,0.0,0.009550654388863768
S12->S13->S15->S17->S18->S20->S22->S29->S30->S33->S34->S36->S37->S38,L0->L3,113,14,0,0.0,0.009550654388863768
S12->S13->S14->S17->S18->S20->S22->S29->S30->S33->S34->S35->S37->S38,L0->L3,112,14,0,0.0,0.009466135323475594
S12->S13->S15->S16->S18->S20->S22->S29->S30->S33->S34->S36->S37->S38,L0->L3,112,14,0,0.0,0.009466135323475594
S12->S13->S15->S16->S19->S20->S21->S29->S30->S33->S34->S36->S37->S38,L0->L3,111,14,0,0.0,0.009381616258087418
S12->S13->S14->S17->S19->S20->S21->S29->S30->S33->S34->S35->S37->S38,L0->L3,111,14,1,0.009009009009009009,0.009381616258087418
S12->S13->S14->S17->S18->S20->S23->S29->S30->S33->S34->S36->S37->S38,L0->L3,109,14,1,0.009174311926605505,0.009212578127311067
S12->S13->S15->S17->S19->S20->S22->S29->S30->S33->S34->S35->S37->S38,L0->L3,106,14,3,0.02830188679245283,0.008959020931146543
S12->S13->S15->S17->S19->S20->S23->S29->S30->S33->S34->S36->S37->S38,L0->L3,106,14,0,0.0,0.008959020931146543
S12->S13->S14->S16->S18->S20->S22->S29->S30->S33->S34->S36->S37->S38,L0->L3,105,14,0,0.0,0.00887450186575837
S38,L3,105,1,0,0.0,0.00887450186575837
S12->S13->S14->S16->S19->S20->S21->S29->S30->S33->S34->S35->S37->S38,L0->L3,104,14,1,0.009615384615384616,0.008789982800370194
S12->S13->S15->S17->S18->S20->S23->S29->S30->S33->S34->S36->S37->S38,L0->L3,104,14,0,0.0,0.008789982800370194
S12->S13->S14->S16->S18->S20->S22->S29->S30->S33->S34->S35->S37->S38,L0->L3,103,14,0,0.0,0.008705463734982018
S25->S26->S30->S33->S34->S35->S37,L1->L2->L3,102,7,1,0.00980392156862745,0.008620944669593842
S12->S13->S14->S17->S19->S20->S23->S29->S30->S33->S34->S36->S37->S38,L0->L3,102,14,0,0.0,0.008620944669593842
S12->S13->S14->S17->S19->S20->S22->S29->S30->S33->S34->S35->S37->S38,L0->L3,102,14,2,0.0196078431372549,0.008620944669593842
S12->S13->S15->S17->S19->S20->S21->S29->S30->S33->S34->S36->S37->S38,L0->L3,101,14,0,0.0,0.008536425604205668
S12->S13->S15->S16->S18->S20->S23->S29->S30->S33->S34->S35->S37->S38,L0->L3,101,14,1,0.009900990099009901,0.008536425604205668
S12->S13->S14->S16->S19->S20->S23->S29->S30->S33->S34->S35->S37->S38,L0->L3,100,14,0,0.0,0.008451906538817493
S12->S13->S14->S16->S18->S20->S23->S29->S30->S33->S34->S35->S37->S38,L0->L3,99,14,0,0.0,0.008367387473429319
S12->S13->S14->S16->S18->S20->S21->S29->S30->S33->S34->S36->S37->S38,L0->L3,99,14,2,0.020202020202020204,0.008367387473429319
S12->S13->S15->S17->S19->S20->S23->S29->S30->S33->S34->S35->S37->S38,L0->L3,98,14,0,0.0,0.008282868408041145
S12->S13->S14->S17->S18->S20->S21->S29->S30->S33->S34->S36->S37->S38,L0->L3,97,14,0,0.0,0.008198349342652969
S12->S13->S15->S17->S18->S20->S21->S29->S30->S33->S34->S36->S37->S38,L0->L3,97,14,2,0.020618556701030927,0.008198349342652969
S12->S13->S15->S16->S18->S20->S22->S29->S30->S33->S34->S35->S37->S38,L0->L3,97,14,3,0.030927835051546393,0.008198349342652969
S12->S13->S15->S16->S19->S20->S23->S29->S30->S33->S34->S36->S37->S38,L0->L3,97,14,0,0.0,0.008198349342652969
S12->S13->S15->S17->S18->S20->S22->S29->S30->S33->S34->S35->S37->S38,L0->L3,96,14,1,0.010416666666666666,0.008113830277264795
S12->S13->S15->S16->S19->S20->S22->S29->S30->S33->S34->S35->S37->S38,L0->L3,95,14,0,0.0,0.00802931121187662
S12->S13->S14->S17->S18->S20->S21->S29->S30->S33->S34->S35->S37->S38,L0->L3,95,14,0,0.0,0.00802931121187662
S25->S27->S39->S40->S41->S43->S45->S47->S48->S50->S51,L1->L2->L3,95,11,2,0.021052631578947368,0.00802931121187662
S12->S13->S14->S17->S18->S20->S22->S29->S30->S33->S34->S36->S37->S38,L0->L3,94,14,0,0.0,0.007944792146488444
S12->S13->S14->S16->S19->S20->S21->S29->S30->S33->S34->S36->S37->S38,L0->L3,94,14,0,0.0,0.007944792146488444
S25->S27->S29->S30->S32->S33->S34->S35->S37,L1->L2->L3,93,9,2,0.021505376344086023,0.007860273081100268
S12->S13->S15->S16->S19->S20->S21->S29->S30->S33->S34->S35->S37->S38,L0->L3,93,14,3,0.03225806451612903,0.007860273081100268
S12->S13->S15->S16->S18->S20->S23->S29->S30->S33->S34->S36->S37->S38,L0->L3,92,14,0,0.0,0.007775754015712094
S12->S13->S14->S16->S19->S20->S22->S29->S30->S33->S34->S35->S37->S38,L0->L3,92,14,0,0.0,0.007775754015712094
S12->S13->S15->S17->S18->S20->S21->S29->S30->S32->S33->S34->S36->S37,L0->L3,90,14,1,0.011111111111111112,0.0076067158849357445
S12->S13->S15->S17->S19->S20->S21->S29->S30->S33->S34->S35->S37->S38,L0->L3,90,14,0,0.0,0.0076067158849357445
S12->S13->S14->S16->S18->S20->S23->S29->S30->S33->S34->S36->S37->S38,L0->L3,90,14,0,0.0,0.0076067158849357445
S39->S40->S41->S43->S45->S47->S48->S50->S51,L3,90,9,0,0.0,0.0076067158849357445
S25->S27->S39->S40->S41->S44->S45->S47->S48->S49->S51,L1->L2->L3,89,11,0,0.0,0.00752219681954757
S12->S13->S14->S17->S19->S20->S22->S29->S30->S33->S34->S36->S37->S38,L0->L3,89,14,1,0.011235955056179775,0.00752219681954757
S12->S13->S15->S17->S19->S20->S22->S29->S30->S33->S34->S36->S37->S38,L0->L3,89,14,0,0.0,0.00752219681954757
S12->S13->S15->S17->S18->S20->S23->S29->S30->S33->S34->S35->S37->S38,L0->L3,89,14,0,0.0,0.00752219681954757
S12->S13->S15->S16->S19->S20->S22->S29->S30->S33->S34->S36->S37->S38,L0->L3,89,14,0,0.0,0.00752219681954757
S25->S27->S29->S30->S32->S33->S34->S36->S37,L1->L2->L3,88,9,0,0.0,0.007437677754159394
S12->S13->S14->S17->S18->S20->S23->S29->S30->S33->S34->S35->S37->S38,L0->L3,88,14,0,0.0,0.007437677754159394
S12->S13->S14->S17->S19->S20->S21->S29->S30->S33->S34->S36->S37->S38,L0->L3,88,14,2,0.022727272727272728,0.007437677754159394
S25->S26->S30->S33->S34->S36->S37,L1->L2->L3,87,7,0,0.0,0.00735315868877122
S12->S13->S14->S17->S19->S20->S23->S29->S30->S33->S34->S35->S37->S38,L0->L3,87,14,0,0.0,0.00735315868877122
S12->S13->S15->S16->S19->S20->S23->S29->S30->S33->S34->S35->S37->S38,L0->L3,85,14,0,0.0,0.00718412055799487
S12->S13->S15->S17->S18->S20->S21->S29->S30->S33->S34->S35->S37->S38,L0->L3,85,14,0,0.0,0.00718412055799487
S24->S29->S30->S32->S33->S34->S35->S37,L1->L3,84,8,0,0.0,0.007099601492606695
S12->S13->S14->S16->S19->S20->S23->S29->S30->S33->S34->S36->S37->S38,L0->L3,84,14,2,0.023809523809523808,0.007099601492606695
S12->S13->S15->S16->S18->S20->S21->S29->S30->S33->S34->S35->S37->S38,L0->L3,84,14,0,0.0,0.007099601492606695
S24->S26->S29->S33->S34->S36->S37,L1->L2->L3,82,7,0,0.0,0.006930563361830344
S25->S26->S29->S30->S32->S36->S37,L1->L2->L3,81,7,33,0.4074074074074074,0.00684604429644217
S12->S13->S14->S16->S19->S20->S22->S29->S30->S33->S34->S36->S37->S38,L0->L3,80,14,1,0.0125,0.006761525231053995
S39->S40->S41->S44->S45->S47->S48->S49->S51,L3,78,9,0,0.0,0.006592487100277646
S12->S13->S14->S16->S18->S20->S21->S29->S30->S33->S34->S35->S37->S38,L0->L3,78,14,0,0.0,0.006592487100277646
S24->S29->S30->S33->S34->S36->S37->S38,L1->L3,75,8,1,0.013333333333333334,0.0063389299041131195
S28->S29->S30->S33->S34->S36->S37,L2->L3,75,7,0,0.0,0.0063389299041131195
S12->S13->S15->S16->S19->S20->S21->S29->S30->S32->S33->S34->S36->S37,L0->L3,75,14,0,0.0,0.0063389299041131195
S12->S13->S14->S16->S19->S20->S23->S29->S30->S32->S33->S34->S36->S37,L0->L3,74,14,0,0.0,0.006254410838724946
S12->S13->S15->S17->S19->S20->S21->S29->S30->S32->S33->S34->S36->S37,L0->L3,74,14,0,0.0,0.006254410838724946
S12->S13->S14->S16->S18->S20->S21->S29->S30->S32->S33->S34->S36->S37,L0->L3,73,14,0,0.0,0.00616989177333677
S12->S13->S15->S17->S19->S20->S23->S29->S30->S32->S33->S34->S36->S37,L0->L3,73,14,0,0.0,0.00616989177333677
S12->S13->S14->S17->S19->S20->S23->S29->S30->S32->S33->S34->S36->S37,L0->L3,72,14,1,0.013888888888888888,0.006085372707948596
S12->S13->S15->S17->S18->S20->S22->S29->S30->S32->S33->S34->S36->S37,L0->L3,70,14,0,0.0,0.005916334577172245
S12->S13->S14->S17->S18->S20->S21->S29->S30->S32->S33->S34->S35->S37,L0->L3,70,14,1,0.014285714285714285,0.005916334577172245
S12->S13->S15->S16->S18->S20->S23->S29->S30->S32->S33->S34->S36->S37,L0->L3,70,14,0,0.0,0.005916334577172245
S24->S29->S30->S32->S33->S34->S36->S37,L1->L3,70,8,1,0.014285714285714285,0.005916334577172245
S12->S13->S15->S17->S18->S20->S23->S29->S30->S32->S33->S34->S35->S37,L0->L3,69,14,1,0.014492753623188406,0.005831815511784071
S24->S27->S38,L1->L2->L3,69,3,1,0.014492753623188406,0.005831815511784071
S28->S29->S30->S33->S34->S35->S37,L2->L3,69,7,0,0.0,0.005831815511784071
S12->S13->S15->S17->S19->S20->S22->S29->S30->S32->S33->S34->S36->S37,L0->L3,69,14,2,0.028985507246376812,0.005831815511784071
S24->S29->S30->S33->S34->S35->S37->S38,L1->L3,69,8,2,0.028985507246376812,0.005831815511784071
S12->S13->S15->S16->S19->S20->S22->S29->S30->S32->S33->S34->S35->S37,L0->L3,69,14,0,0.0,0.005831815511784071
S24->S26->S29->S33->S34->S35->S37,L1->L2->L3,68,7,0,0.0,0.005747296446395896
S12->S13->S14->S16->S19->S20->S23->S29->S30->S32->S33->S34->S35->S37,L0->L3,68,14,0,0.0,0.005747296446395896
S39->S40->S41->S44->S45->S47->S48->S50->S51,L3,68,9,1,0.014705882352941176,0.005747296446395896
S12->S13->S14->S16->S19->S20->S21->S29->S30->S32->S33->S34->S35->S37,L0->L3,68,14,0,0.0,0.005747296446395896
S12->S13->S14->S17->S18->S20->S21->S29->S30->S32->S33->S34->S36->S37,L0->L3,68,14,0,0.0,0.005747296446395896
S0->S1->S3->S4->S6->S8->S10->S28->S29->S30->S33->S34->S35->S37,L0->L2->L3,68,14,0,0.0,0.005747296446395896
S12->S13->S15->S16->S18->S20->S21->S29->S30->S32->S33->S34->S35->S37,L0->L3,68,14,0,0.0,0.005747296446395896
S12->S13->S15->S17->S19->S20->S21->S29->S30->S32->S33->S34->S35->S37,L0->L3,68,14,0,0.0,0.005747296446395896
S12->S13->S15->S17->S18->S20->S21->S29->S30->S32->S33->S34->S35->S37,L0->L3,67,14,0,0.0,0.005662777381007721
S12->S13->S15->S16->S18->S20->S21->S29->S30->S32->S33->S34->S36->S37,L0->L3,67,14,0,0.0,0.005662777381007721
S25->S27->S30->S33->S34->S36->S37,L1->L2->L3,67,7,1,0.014925373134328358,0.005662777381007721
S12->S13->S14->S16->S18->S20->S21->S29->S30->S32->S33->S34->S35->S37,L0->L3,67,14,0,0.0,0.005662777381007721
S12->S13->S15->S16->S18->S20->S22->S29->S30->S32->S33->S34->S36->S37,L0->L3,66,14,0,0.0,0.005578258315619546
S25->S26->S29->S30->S32->S35->S37,L1->L2->L3,65,7,24,0.36923076923076925,0.005493739250231371
S12->S13->S14->S16->S19->S20->S21->S29->S30->S32->S33->S34->S36->S37,L0->L3,65,14,0,0.0,0.005493739250231371
S12->S13->S14->S17->S19->S20->S21->S29->S30->S32->S33->S34->S35->S37,L0->L3,65,14,0,0.0,0.005493739250231371
S25->S29->S30->S32->S33->S34->S35->S37,L1->L3,65,8,1,0.015384615384615385,0.005493739250231371
S12->S13->S14->S17->S19->S20->S22->S29->S30->S32->S33->S34->S35->S37,L0->L3,65,14,0,0.0,0.005493739250231371
S0->S1->S2->S4->S6->S8->S11->S28->S29->S30->S33->S34->S36->S37,L0->L2->L3,65,14,0,0.0,0.005493739250231371
S12->S13->S15->S17->S18->S20->S22->S29->S30->S32->S33->S34->S35->S37,L0->L3,64,14,1,0.015625,0.0054092201848431965
S12->S13->S14->S16->S18->S20->S23->S29->S30->S32->S33->S34->S35->S37,L0->L3,64,14,0,0.0,0.0054092201848431965
S0->S1->S2->S5->S6->S8->S9->S28->S29->S30->S33->S34->S36->S37,L0->L2->L3,64,14,0,0.0,0.0054092201848431965
S0->S1->S3->S4->S6->S8->S9->S28->S29->S30->S33->S34->S36->S37,L0->L2->L3,63,14,2,0.031746031746031744,0.005324701119455021
S12->S13->S14->S17->S18->S20->S23->S29->S30->S32->S33->S34->S36->S37,L0->L3,63,14,0,0.0,0.005324701119455021
S12->S13->S14->S17->S18->S20->S23->S29->S30->S32->S33->S34->S35->S37,L0->L3,63,14,1,0.015873015873015872,0.005324701119455021
S0->S1->S2->S5->S6->S8->S10->S28->S29->S30->S33->S34->S36->S37,L0->L2->L3,63,14,0,0.0,0.005324701119455021
S0->S1->S2->S4->S7->S8->S11->S28->S29->S30->S33->S34->S36->S37,L0->L2->L3,63,14,1,0.015873015873015872,0.005324701119455021
S12->S13->S14->S17->S19->S20->S22->S29->S30->S32->S33->S34->S36->S37,L0->L3,63,14,1,0.015873015873015872,0.005324701119455021
S12->S13->S14->S17->S19->S20->S23->S29->S30->S32->S33->S34->S35->S37,L0->L3,63,14,0,0.0,0.005324701119455021
S24->S26->S29->S30->S32->S34->S36->S37,L1->L2->L3,63,8,11,0.1746031746031746,0.005324701119455021
S0->S1->S2->S5->S7->S8->S10->S28->S29->S30->S33->S34->S35->S37,L0->L2->L3,62,14,0,0.0,0.005240182054066846
S12->S13->S14->S16->S19->S20->S22->S29->S30->S32->S33->S34->S36->S37,L0->L3,62,14,1,0.016129032258064516,0.005240182054066846
S0->S1->S3->S5->S6->S8->S9->S28->S29->S30->S33->S34->S35->S37,L0->L2->L3,62,14,0,0.0,0.005240182054066846
S0->S1->S2->S5->S7->S8->S9->S28->S29->S30->S33->S34->S36->S37,L0->L2->L3,61,14,1,0.01639344262295082,0.005155662988678671
S12->S13->S14->S17->S18->S20->S22->S29->S30->S32->S33->S34->S35->S37,L0->L3,61,14,0,0.0,0.005155662988678671
S0->S1->S3->S4->S7->S8->S11->S28->S29->S30->S33->S34->S35->S37,L0->L2->L3,61,14,1,0.01639344262295082,0.005155662988678671
S0->S1->S2->S4->S6->S8->S9->S29->S30->S32->S36->S37,L0->L3,61,12,12,0.19672131147540983,0.005155662988678671
S0->S1->S2->S4->S6->S8->S9->S28->S29->S30->S33->S34->S35->S37,L0->L2->L3,61,14,0,0.0,0.005155662988678671
S0->S1->S2->S5->S7->S8->S10->S38,L0->L3,60,8,0,0.0,0.005071143923290496
S12->S13->S15->S16->S19->S20->S21->S29->S30->S32->S33->S34->S35->S37,L0->L3,60,14,1,0.016666666666666666,0.005071143923290496
S12->S13->S15->S16->S18->S20->S22->S29->S30->S32->S33->S34->S35->S37,L0->L3,60,14,0,0.0,0.005071143923290496
S12->S13->S14->S17->S18->S20->S22->S29->S30->S32->S33->S34->S36->S37,L0->L3,60,14,0,0.0,0.005071143923290496
S39->S40->S41->S43->S45->S47->S48->S49->S51,L3,59,9,0,0.0,0.004986624857902321
S0->S1->S2->S5->S6->S8->S9->S28->S29->S30->S33->S34->S35->S37,L0->L2->L3,59,14,1,0.01694915254237288,0.004986624857902321
S12->S13->S15->S17->S19->S20->S23->S29->S30->S32->S33->S34->S35->S37,L0->L3,59,14,1,0.01694915254237288,0.004986624857902321
S12->S13->S15->S16->S19->S20->S23->S29->S30->S32->S33->S34->S36->S37,L0->L3,59,14,0,0.0,0.004986624857902321
S12->S13->S15->S17->S19->S20->S22->S29->S30->S32->S33->S34->S35->S37,L0->L3,58,14,0,0.0,0.004902105792514147
S0->S1->S2->S4->S7->S8->S9->S28->S29->S30->S33->S34->S36->S37,L0->L2->L3,58,14,0,0.0,0.004902105792514147
S25->S29->S30->S32->S33->S34->S36->S37,L1->L3,57,8,0,0.0,0.004817586727125972
S12->S13->S15->S16->S19->S20->S23->S29->S30->S32->S33->S34->S35->S37,L0->L3,57,14,0,0.0,0.004817586727125972
S12->S13->S14->S16->S18->S20->S22->S29->S30->S32->S33->S34->S36->S37,L0->L3,57,14,0,0.0,0.004817586727125972
S12->S13->S14->S16->S18->S20->S23->S29->S30->S32->S33->S34->S36->S37,L0->L3,57,14,1,0.017543859649122806,0.004817586727125972
S0->S1->S2->S5->S7->S8->S9->S28->S29->S30->S33->S34->S35->S37,L0->L2->L3,57,14,0,0.0,0.004817586727125972
S0->S1->S2->S5->S6->S8->S11->S28->S29->S30->S33->S34->S35->S37,L0->L2->L3,56,14,0,0.0,0.004733067661737797
S12->S13->S14->S17->S19->S20->S21->S29->S30->S32->S33->S34->S36->S37,L0->L3,56,14,0,0.0,0.004733067661737797
S0->S1->S2->S4->S7->S8->S10->S28->S29->S30->S33->S34->S36->S37,L0->L2->L3,56,14,0,0.0,0.004733067661737797
S12->S13->S15->S17->S18->S20->S23->S29->S30->S32->S33->S34->S36->S37,L0->L3,56,14,1,0.017857142857142856,0.004733067661737797
S0->S1->S3->S5->S6->S8->S10->S28->S29->S30->S33->S34->S36->S37,L0->L2->L3,56,14,0,0.0,0.004733067661737797
S0->S1->S2->S5->S6->S8->S11->S28->S29->S30->S33->S34->S36->S37,L0->L2->L3,55,14,0,0.0,0.004648548596349621
S24->S26->S29->S30->S32->S36->S37->S38,L1->L2->L3,55,8,0,0.0,0.004648548596349621
S12->S13->S14->S16->S18->S20->S22->S29->S30->S32->S33->S34->S35->S37,L0->L3,55,14,0,0.0,0.004648548596349621
S0->S1->S3->S5->S7->S8->S10->S28->S29->S30->S33->S34->S36->S37,L0->L2->L3,55,14,2,0.03636363636363636,0.004648548596349621
S0->S1->S3->S5->S7->S8->S9->S28->S29->S30->S33->S34->S35->S37,L0->L2->L3,55,14,0,0.0,0.004648548596349621
S25->S27->S30->S33->S34->S35->S37,L1->L2->L3,55,7,0,0.0,0.004648548596349621
S0->S1->S2->S5->S7->S8->S10->S28->S29->S30->S33->S34->S36->S37,L0->L2->L3,55,14,0,0.0,0.004648548596349621
S0->S1->S3->S4->S7->S8->S10->S28->S29->S30->S33->S34->S36->S37,L0->L2->L3,55,14,0,0.0,0.004648548596349621
S0->S1->S3->S5->S6->S8->S11->S28->S29->S30->S33->S34->S35->S37,L0->L2->L3,54,14,0,0.0,0.0045640295309614465
S0->S1->S3->S5->S6->S8->S11->S28->S29->S30->S33->S34->S36->S37,L0->L2->L3,54,14,0,0.0,0.0045640295309614465
S12->S13->S14->S16->S19->S20->S22->S29->S30->S32->S33->S34->S35->S37,L0->L3,54,14,0,0.0,0.0045640295309614465
S0->S1->S3->S4->S6->S8->S10->S28->S29->S30->S33->S34->S36->S37,L0->L2->L3,54,14,0,0.0,0.0045640295309614465
S0->S1->S3->S4->S6->S8->S11->S28->S29->S30->S33->S34->S35->S37,L0->L2->L3,54,14,0,0.0,0.0045640295309614465
S0->S1->S2->S4->S6->S8->S9->S28->S29->S30->S33->S34->S36->S37,L0->L2->L3,54,14,0,0.0,0.0045640295309614465
S24->S27->S29->S30->S32->S35->S37,L1->L2->L3,53,7,15,0.2830188679245283,0.004479510465573272
S0->S1->S3->S4->S7->S8->S9->S28->S29->S30->S33->S34->S36->S37,L0->L2->L3,53,14,0,0.0,0.004479510465573272
S0->S1->S3->S5->S7->S8->S9->S28->S29->S30->S33->S34->S36->S37,L0->L2->L3,53,14,1,0.018867924528301886,0.004479510465573272
S0->S1->S3->S5->S6->S8->S10->S38,L0->L3,52,8,0,0.0,0.004394991400185097
S0->S1->S3->S4->S6->S8->S9->S28->S29->S30->S33->S34->S35->S37,L0->L2->L3,52,14,1,0.019230769230769232,0.004394991400185097
S0->S1->S3->S4->S6->S8->S11->S28->S29->S30->S33->S34->S36->S37,L0->L2->L3,52,14,0,0.0,0.004394991400185097
S0->S1->S3->S5->S6->S8->S9->S38,L0->L3,52,8,0,0.0,0.004394991400185097
S0->S1->S2->S4->S7->S8->S9->S28->S29->S30->S33->S34->S35->S37,L0->L2->L3,52,14,1,0.019230769230769232,0.004394991400185097
S0->S1->S3->S4->S7->S8->S9->S28->S29->S30->S33->S34->S35->S37,L0->L2->L3,52,14,0,0.0,0.004394991400185097
S12->S13->S15->S16->S18->S20->S23->S29->S30->S32->S33->S34->S35->S37,L0->L3,52,14,0,0.0,0.004394991400185097
S0->S1->S2->S4->S7->S8->S11->S28->S29->S30->S33->S34->S35->S37,L0->L2->L3,52,14,0,0.0,0.004394991400185097
S0->S1->S3->S4->S7->S8->S11->S38,L0->L3,51,8,0,0.0,0.004310472334796921
S0->S1->S3->S5->S7->S8->S10->S28->S29->S30->S33->S34->S35->S37,L0->L2->L3,51,14,1,0.0196078431372549,0.004310472334796921
S24->S26->S29->S30->S32->S34->S35->S37,L1->L2->L3,51,8,7,0.13725490196078433,0.004310472334796921
S0->S1->S2->S4->S7->S8->S10->S28->S29->S30->S33->S34->S35->S37,L0->L2->L3,51,14,0,0.0,0.004310472334796921
S0->S1->S3->S4->S7->S8->S9->S38,L0->L3,50,8,1,0.02,0.004225953269408746
S0->S1->S2->S5->S7->S8->S11->S28->S29->S30->S33->S34->S35->S37,L0->L2->L3,50,14,0,0.0,0.004225953269408746
S25->S28->S39->S40->S41->S43->S45->S47->S48->S50->S51,L1->L2->L3,50,11,0,0.0,0.004225953269408746
S24->S30->S33->S34->S36->S37,L1->L3,50,6,0,0.0,0.004225953269408746
S0->S1->S2->S4->S7->S8->S9->S29->S30->S32->S36->S37,L0->L3,49,12,14,0.2857142857142857,0.004141434204020572
S12->S13->S15->S16->S19->S20->S22->S29->S30->S32->S33->S34->S36->S37,L0->L3,49,14,0,0.0,0.004141434204020572
S0->S1->S3->S4->S7->S8->S10->S28->S29->S30->S33->S34->S35->S37,L0->L2->L3,49,14,0,0.0,0.004141434204020572
S0->S1->S3->S5->S6->S8->S9->S28->S29->S30->S33->S34->S36->S37,L0->L2->L3,49,14,0,0.0,0.004141434204020572
S0->S1->S3->S5->S6->S8->S10->S28->S29->S30->S33->S34->S35->S37,L0->L2->L3,49,14,1,0.02040816326530612,0.004141434204020572
S24->S27->S29->S30->S32->S36->S37,L1->L2->L3,49,7,18,0.3673469387755102,0.004141434204020572
S0->S1->S3->S5->S7->S8->S11->S29->S30->S32->S36->S37,L0->L3,48,12,6,0.125,0.004056915138632398
S0->S1->S2->S4->S6->S8->S11->S28->S29->S30->S33->S34->S35->S37,L0->L2->L3,48,14,0,0.0,0.004056915138632398
S0->S1->S2->S4->S7->S8->S9->S38,L0->L3,48,8,0,0.0,0.004056915138632398
S0->S1->S3->S5->S7->S8->S11->S28->S29->S30->S33->S34->S36->S37,L0->L2->L3,48,14,0,0.0,0.004056915138632398
S0->S1->S2->S4->S6->S8->S10->S28->S29->S30->S33->S34->S35->S37,L0->L2->L3,48,14,0,0.0,0.004056915138632398
S24->S30->S33->S34->S35->S37,L1->L3,47,6,0,0.0,0.003972396073244222
S0->S1->S2->S4->S6->S8->S11->S38,L0->L3,47,8,1,0.02127659574468085,0.003972396073244222
S0->S1->S3->S5->S7->S8->S11->S38,L0->L3,47,8,0,0.0,0.003972396073244222
S0->S1->S3->S4->S6->S8->S11->S38,L0->L3,46,8,0,0.0,0.003887877007856047
S0->S1->S2->S4->S7->S8->S11->S38,L0->L3,46,8,1,0.021739130434782608,0.003887877007856047
S0->S1->S3->S5->S7->S8->S9->S29->S30->S32->S36->S37,L0->L3,46,12,5,0.10869565217391304,0.003887877007856047
S0->S1->S2->S5->S7->S8->S11->S29->S30->S32->S36->S37,L0->L3,46,12,10,0.21739130434782608,0.003887877007856047
S0->S1->S2->S4->S7->S8->S10->S29->S30->S32->S35->S37,L0->L3,46,12,5,0.10869565217391304,0.003887877007856047
S0->S1->S2->S5->S6->S8->S9->S29->S30->S32->S35->S37,L0->L3,45,12,7,0.15555555555555556,0.0038033579424678722
S0->S1->S2->S5->S6->S8->S9->S38,L0->L3,45,8,0,0.0,0.0038033579424678722
S0->S1->S2->S4->S7->S8->S10->S38,L0->L3,45,8,0,0.0,0.0038033579424678722
S25->S28->S39->S40->S41->S44->S45->S47->S48->S49->S51,L1->L2->L3,45,11,1,0.022222222222222223,0.0038033579424678722
S0->S1->S3->S4->S6->S8->S10->S38,L0->L3,45,8,0,0.0,0.0038033579424678722
S0->S1->S2->S5->S6->S8->S11->S29->S30->S32->S36->S37,L0->L3,45,12,4,0.08888888888888889,0.0038033579424678722
S0->S1->S3->S4->S7->S8->S10->S29->S30->S32->S36->S37,L0->L3,45,12,12,0.26666666666666666,0.0038033579424678722
S0->S1->S3->S5->S7->S8->S10->S38,L0->L3,44,8,0,0.0,0.003718838877079697
S0->S1->S2->S4->S6->S8->S10->S28->S29->S30->S33->S34->S36->S37,L0->L2->L3,44,14,0,0.0,0.003718838877079697
S0->S1->S3->S4->S7->S8->S11->S29->S30->S32->S35->S37,L0->L3,44,12,4,0.09090909090909091,0.003718838877079697
S0->S1->S2->S5->S6->S8->S10->S29->S30->S32->S36->S37,L0->L3,44,12,4,0.09090909090909091,0.003718838877079697
S24->S26->S29->S30->S32->S35->S37->S38,L1->L2->L3,44,8,3,0.06818181818181818,0.003718838877079697
S0->S1->S2->S5->S6->S8->S9->S29->S30->S32->S36->S37,L0->L3,43,12,4,0.09302325581395349,0.003634319811691522
S0->S1->S2->S5->S7->S8->S11->S38,L0->L3,43,8,1,0.023255813953488372,0.003634319811691522
S24->S26->S29->S30->S33->S34->S35,L1->L2->L3,43,7,0,0.0,0.003634319811691522
S0->S1->S3->S5->S7->S8->S9->S29->S30->S32->S35->S37,L0->L3,43,12,4,0.09302325581395349,0.003634319811691522
S0->S1->S2->S4->S7->S8->S10->S29->S30->S32->S36->S37,L0->L3,43,12,15,0.3488372093023256,0.003634319811691522
S0->S1->S2->S5->S6->S8->S10->S38,L0->L3,43,8,0,0.0,0.003634319811691522
S0->S1->S2->S5->S7->S8->S9->S38,L0->L3,43,8,0,0.0,0.003634319811691522
S0->S1->S3->S5->S7->S8->S10->S29->S30->S32->S36->S37,L0->L3,43,12,4,0.09302325581395349,0.003634319811691522
S0->S1->S3->S4->S6->S8->S11->S29->S30->S32->S36->S37,L0->L3,43,12,7,0.16279069767441862,0.003634319811691522
S0->S1->S2->S5->S6->S8->S11->S38,L0->L3,42,8,0,0.0,0.0035498007463033473
S0->S1->S3->S5->S7->S8->S11->S28->S29->S30->S33->S34->S35->S37,L0->L2->L3,42,14,0,0.0,0.0035498007463033473
S0->S1->S2->S5->S7->S8->S11->S28->S29->S30->S33->S34->S36->S37,L0->L2->L3,42,14,0,0.0,0.0035498007463033473
S0->S1->S3->S4->S6->S8->S9->S29->S30->S32->S36->S37,L0->L3,42,12,13,0.30952380952380953,0.0035498007463033473
S0->S1->S2->S5->S7->S8->S9->S29->S30->S32->S36->S37,L0->L3,41,12,11,0.2682926829268293,0.003465281680915172
S0->S1->S3->S4->S7->S8->S10->S38,L0->L3,41,8,0,0.0,0.003465281680915172
S0->S1->S2->S5->S6->S8->S10->S28->S29->S30->S33->S34->S35->S37,L0->L2->L3,41,14,0,0.0,0.003465281680915172
S0->S1->S3->S5->S6->S8->S10->S29->S30->S32->S36->S37,L0->L3,41,12,6,0.14634146341463414,0.003465281680915172
S0->S1->S3->S4->S6->S8->S9->S38,L0->L3,40,8,0,0.0,0.0033807626155269977
S0->S1->S2->S4->S6->S8->S9->S29->S30->S32->S35->S37,L0->L3,40,12,5,0.125,0.0033807626155269977
S0->S1->S3->S5->S7->S8->S11->S29->S30->S32->S35->S37,L0->L3,39,12,9,0.23076923076923078,0.003296243550138823
S0->S1->S3->S5->S6->S8->S11->S38,L0->L3,39,8,0,0.0,0.003296243550138823
S0->S1->S3->S5->S6->S8->S11->S29->S30->S32->S36->S37,L0->L3,38,12,9,0.23684210526315788,0.0032117244847506476
S0->S1->S2->S4->S6->S8->S10->S29->S30->S32->S36->S37,L0->L3,38,12,6,0.15789473684210525,0.0032117244847506476
S0->S1->S3->S4->S7->S8->S10->S29->S30->S32->S35->S37,L0->L3,38,12,5,0.13157894736842105,0.0032117244847506476
S0->S1->S3->S4->S6->S8->S11->S29->S30->S32->S35->S37,L0->L3,37,12,3,0.08108108108108109,0.003127205419362473
S0->S1->S2->S4->S7->S8->S11->S29->S30->S32->S36->S37,L0->L3,37,12,4,0.10810810810810811,0.003127205419362473
S0->S1->S3->S4->S6->S8->S9->S29->S30->S32->S35->S37,L0->L3,37,12,7,0.1891891891891892,0.003127205419362473
S0->S1->S2->S5->S7->S8->S9->S29->S30->S32->S35->S37,L0->L3,37,12,3,0.08108108108108109,0.003127205419362473
S0->S1->S2->S5->S6->S8->S11->S29->S30->S32->S35->S37,L0->L3,37,12,5,0.13513513513513514,0.003127205419362473
S0->S1->S3->S4->S7->S8->S11->S28->S29->S30->S33->S34->S36->S37,L0->L2->L3,37,14,0,0.0,0.003127205419362473
S0->S1->S3->S5->S6->S8->S9->S29->S30->S32->S35->S37,L0->L3,36,12,4,0.1111111111111111,0.003042686353974298
S25->S29->S30->S33->S34->S35->S37->S38,L1->L3,36,8,0,0.0,0.003042686353974298
S0->S1->S3->S5->S6->S8->S9->S26->S29->S30->S33->S34->S35->S37->S38,L0->L2->L3,36,15,0,0.0,0.003042686353974298
S0->S1->S2->S4->S6->S8->S10->S29->S30->S32->S35->S37,L0->L3,36,12,5,0.1388888888888889,0.003042686353974298
S24->S26->S27->S29->S30->S32->S33->S34->S35->S37,L1->L2->L3,35,10,0,0.0,0.0029581672885861227
S0->S1->S3->S5->S6->S8->S11->S29->S30->S32->S35->S37,L0->L3,35,12,3,0.08571428571428572,0.0029581672885861227
S0->S1->S3->S4->S6->S8->S10->S29->S30->S32->S36->S37,L0->L3,35,12,7,0.2,0.0029581672885861227
S25->S30->S33->S34->S35->S37,L1->L3,35,6,0,0.0,0.0029581672885861227
S0->S1->S2->S5->S6->S8->S10->S29->S30->S32->S35->S37,L0->L3,35,12,7,0.2,0.0029581672885861227
S0->S1->S2->S5->S7->S8->S10->S29->S30->S32->S36->S37,L0->L3,35,12,5,0.14285714285714285,0.0029581672885861227
S0->S1->S2->S4->S6->S8->S9->S38,L0->L3,34,8,0,0.0,0.002873648223197948
S0->S1->S3->S4->S7->S8->S10->S11->S29->S30->S33->S34->S36->S37,L0->L3,34,14,0,0.0,0.002873648223197948
S0->S1->S3->S4->S7->S8->S9->S29->S30->S32->S36->S37,L0->L3,34,12,4,0.11764705882352941,0.002873648223197948
S0->S1->S2->S4->S6->S8->S11->S24->S29->S30->S33->S34->S36->S37,L0->L1->L3,34,14,0,0.0,0.002873648223197948
S0->S1->S2->S4->S6->S8->S10->S38,L0->L3,34,8,0,0.0,0.002873648223197948
S25->S28->S39->S40->S41->S43->S45->S47->S48->S49->S51,L1->L2->L3,34,11,0,0.0,0.002873648223197948
S0->S1->S3->S5->S6->S8->S9->S29->S30->S32->S36->S37,L0->L3,34,12,3,0.08823529411764706,0.002873648223197948
S24->S26->S29->S30->S33->S34->S36,L1->L2->L3,34,7,1,0.029411764705882353,0.002873648223197948
S0->S1->S2->S4->S6->S8->S11->S29->S30->S32->S35->S37,L0->L3,34,12,7,0.20588235294117646,0.002873648223197948
S24->S26->S27->S29->S30->S32->S33->S34->S36->S37,L1->L2->L3,34,10,2,0.058823529411764705,0.002873648223197948
S25->S29->S30->S33->S34->S36->S37->S38,L1->L3,33,8,0,0.0,0.002789129157809773
S0->S1->S3->S4->S6->S8->S11->S24->S29->S30->S33->S34->S36->S37,L0->L1->L3,33,14,0,0.0,0.002789129157809773
S25->S26->S29->S30->S32->S34->S35->S37,L1->L2->L3,32,8,10,0.3125,0.0027046100924215982
S26->S29->S30->S33->S34->S36->S37,L2->L3,32,7,0,0.0,0.0027046100924215982
S0->S1->S3->S5->S6->S8->S10->S29->S30->S32->S35->S37,L0->L3,32,12,1,0.03125,0.0027046100924215982
S0->S1->S3->S4->S7->S8->S11->S29->S30->S32->S36->S37,L0->L3,32,12,4,0.125,0.0027046100924215982
S0->S1->S2->S4->S6->S8->S10->S11->S29->S30->S33->S34->S36->S37,L0->L3,32,14,0,0.0,0.0027046100924215982
S0->S1->S2->S5->S7->S8->S11->S29->S30->S32->S35->S37,L0->L3,31,12,4,0.12903225806451613,0.002620091027033423
S0->S1->S2->S4->S7->S8->S9->S29->S30->S32->S35->S37,L0->L3,31,12,6,0.1935483870967742,0.002620091027033423
S0->S1->S2->S4->S6->S8->S11->S29->S30->S32->S36->S37,L0->L3,31,12,6,0.1935483870967742,0.002620091027033423
S0->S1->S2->S5->S7->S8->S10->S29->S30->S32->S35->S37,L0->L3,30,12,7,0.23333333333333334,0.002535571961645248
S24->S27->S29->S33->S34->S35->S37,L1->L2->L3,30,7,0,0.0,0.002535571961645248
S25->S26->S29->S30->S32->S34->S36->S37,L1->L2->L3,30,8,6,0.2,0.002535571961645248
S0->S1->S3->S5->S7->S8->S9->S38,L0->L3,30,8,0,0.0,0.002535571961645248
S0->S1->S3->S4->S7->S8->S10->S11->S29->S30->S33->S34->S35->S37,L0->L3,30,14,0,0.0,0.002535571961645248
S0->S1->S3->S4->S6->S8->S10->S29->S30->S32->S35->S37,L0->L3,30,12,8,0.26666666666666666,0.002535571961645248
S0->S1->S3->S5->S7->S8->S10->S29->S30->S32->S35->S37,L0->L3,30,12,9,0.3,0.002535571961645248
S25->S26->S29->S33->S34->S36->S37,L1->L2->L3,29,7,2,0.06896551724137931,0.0024510528962570733
S0->S1->S2->S4->S7->S8->S11->S29->S30->S32->S35->S37,L0->L3,29,12,4,0.13793103448275862,0.0024510528962570733
S0->S1->S3->S5->S7->S8->S11->S24->S29->S30->S33->S34->S35->S37,L0->L1->L3,29,14,0,0.0,0.0024510528962570733
S12->S13->S14->S17->S18->S20->S21->S38,L0->L3,29,8,0,0.0,0.0024510528962570733
S12->S13->S14->S16->S19->S20->S22->S38,L0->L3,29,8,1,0.034482758620689655,0.0024510528962570733
S0->S1->S2->S4->S7->S8->S9->S29->S30->S32->S34->S36->S37,L0->L3,29,13,2,0.06896551724137931,0.0024510528962570733
S12->S13->S15->S16->S18->S20->S21->S28->S29->S30->S33->S34->S35->S37,L0->L2->L3,29,14,0,0.0,0.0024510528962570733
S0->S1->S2->S4->S7->S8->S9->S27->S29->S30->S33->S34->S36->S37->S38,L0->L2->L3,29,15,0,0.0,0.0024510528962570733
S0->S1->S2->S5->S7->S8->S9->S24->S29->S30->S33->S34->S35->S37,L0->L1->L3,28,14,0,0.0,0.0023665338308688985
S0->S1->S2->S4->S6->S8->S9->S24->S29->S30->S33->S34->S36->S37,L0->L1->L3,28,14,0,0.0,0.0023665338308688985
S0->S1->S2->S5->S7->S8->S10->S11->S29->S30->S33->S34->S35->S37,L0->L3,28,14,0,0.0,0.0023665338308688985
S25->S26->S29->S30->S32->S36->S37->S38,L1->L2->L3,28,8,0,0.0,0.0023665338308688985
S0->S1->S2->S4->S7->S8->S10->S11->S29->S30->S33->S34->S35->S37,L0->L3,27,14,0,0.0,0.0022820147654807233
S0->S1->S3->S4->S7->S8->S10->S26->S29->S30->S33->S34->S35->S37->S38,L0->L2->L3,27,15,1,0.037037037037037035,0.0022820147654807233
S0->S1->S2->S4->S7->S8->S9->S26->S39->S40->S41->S43->S45->S47->S48->S49->S51,L0->L2->L3,27,17,0,0.0,0.0022820147654807233
S0->S1->S2->S4->S6->S8->S9->S29->S30->S32->S34->S35->S37,L0->L3,27,13,3,0.1111111111111111,0.0022820147654807233
S25->S27->S29->S30->S32->S35->S37,L1->L2->L3,27,7,10,0.37037037037037035,0.0022820147654807233
S12->S13->S14->S17->S18->S20->S23->S28->S29->S30->S33->S34->S35->S37,L0->L2->L3,27,14,0,0.0,0.0022820147654807233
S0->S1->S3->S5->S7->S8->S10->S24->S29->S30->S33->S34->S36->S37,L0->L1->L3,27,14,0,0.0,0.0022820147654807233
S0->S1->S3->S4->S6->S8->S9->S27->S29->S30->S33->S34->S35->S37->S38,L0->L2->L3,26,15,1,0.038461538461538464,0.0021974957000925484
S0->S1->S3->S4->S6->S8->S11->S24->S29->S30->S33->S34->S35->S37,L0->L1->L3,26,14,0,0.0,0.0021974957000925484
S0->S1->S2->S5->S7->S8->S11->S26->S39->S40->S41->S44->S45->S47->S48->S49->S51,L0->L2->L3,26,17,1,0.038461538461538464,0.0021974957000925484
S0->S1->S2->S5->S7->S8->S11->S27->S29->S30->S33->S34->S35->S37->S38,L0->L2->L3,26,15,0,0.0,0.0021974957000925484
S0->S1->S2->S5->S7->S8->S10->S24->S29->S30->S33->S34->S35->S37,L0->L1->L3,26,14,0,0.0,0.0021974957000925484
S0->S1->S2->S4->S6->S8->S10->S11->S29->S30->S33->S34->S35->S37,L0->L3,26,14,0,0.0,0.0021974957000925484
S0->S1->S3->S5->S6->S8->S10->S24->S29->S30->S33->S34->S36->S37,L0->L1->L3,26,14,0,0.0,0.0021974957000925484
S0->S1->S2->S5->S7->S8->S11->S24->S29->S30->S33->S34->S35->S37,L0->L1->L3,25,14,0,0.0,0.002112976634704373
S0->S1->S3->S4->S6->S8->S9->S26->S29->S30->S33->S34->S35->S37->S38,L0->L2->L3,25,15,0,0.0,0.002112976634704373
S0->S1->S3->S4->S6->S8->S10->S24->S29->S30->S33->S34->S36->S37,L0->L1->L3,25,14,0,0.0,0.002112976634704373
S12->S13->S14->S16->S19->S20->S23->S38,L0->L3,25,8,1,0.04,0.002112976634704373
S24->S27->S33->S34->S35->S37,L1->L2->L3,25,6,0,0.0,0.002112976634704373
S0->S1->S2->S4->S7->S8->S10->S29->S30->S32->S34->S36->S37,L0->L3,25,13,2,0.08,0.002112976634704373
S26->S29->S30->S33->S34->S35->S37,L2->L3,25,7,0,0.0,0.002112976634704373
S24->S26->S33->S34->S35->S37,L1->L2->L3,25,6,1,0.04,0.002112976634704373
S12->S13->S14->S16->S19->S20->S23->S28->S29->S30->S33->S34->S36->S37,L0->L2->L3,25,14,0,0.0,0.002112976634704373
S24->S25->S26->S29->S30->S32->S33->S34->S36->S37,L1->L2->L3,25,10,0,0.0,0.002112976634704373
S0->S1->S2->S5->S7->S8->S11->S26->S39->S40->S41->S43->S45->S47->S48->S49->S51,L0->L2->L3,25,17,0,0.0,0.002112976634704373
S12->S13->S14->S16->S18->S20->S21->S28->S29->S30->S33->S34->S36->S37,L0->L2->L3,25,14,0,0.0,0.002112976634704373
S12->S13->S15->S16->S19->S20->S23->S28->S29->S30->S33->S34->S36->S37,L0->L2->L3,25,14,0,0.0,0.002112976634704373
S0->S1->S2->S4->S6->S8->S9->S29->S30->S33->S36->S37,L0->L3,25,12,0,0.0,0.002112976634704373
S0->S1->S2->S4->S6->S8->S9->S24->S29->S30->S33->S34->S35->S37,L0->L1->L3,24,14,0,0.0,0.002028457569316199
S0->S1->S3->S5->S6->S8->S9->S26->S29->S30->S33->S34->S36->S37->S38,L0->L2->L3,24,15,0,0.0,0.002028457569316199
S0->S1->S3->S4->S6->S8->S10->S11->S29->S30->S33->S34->S35->S37,L0->L3,24,14,0,0.0,0.002028457569316199
S0->S1->S5->S6->S8->S11->S29->S30->S33->S34->S36->S37,L0->L3,24,12,0,0.0,0.002028457569316199
S25->S26->S38,L1->L2->L3,24,3,1,0.041666666666666664,0.002028457569316199
S0->S1->S3->S5->S7->S8->S9->S26->S29->S30->S33->S34->S36->S37->S38,L0->L2->L3,24,15,0,0.0,0.002028457569316199
S0->S1->S3->S4->S7->S8->S9->S29->S30->S32->S35->S37,L0->L3,24,12,5,0.20833333333333334,0.002028457569316199
S0->S1->S3->S4->S6->S8->S9->S24->S29->S30->S33->S34->S36->S37,L0->L1->L3,24,14,0,0.0,0.002028457569316199
S12->S13->S14->S16->S18->S20->S23->S38,L0->L3,24,8,0,0.0,0.002028457569316199
S0->S1->S2->S5->S7->S8->S11->S29->S30->S32->S34->S35->S37,L0->L3,24,13,1,0.041666666666666664,0.002028457569316199
S0->S1->S2->S5->S6->S8->S10->S11->S29->S30->S33->S34->S36->S37,L0->L3,23,14,0,0.0,0.0019439385039280235
S0->S1->S3->S4->S7->S8->S9->S29->S30->S33->S35->S37,L0->L3,23,12,0,0.0,0.0019439385039280235
S25->S28->S29->S30->S33->S34->S35->S37->S38,L1->L2->L3,23,9,1,0.043478260869565216,0.0019439385039280235
S12->S13->S15->S17->S19->S20->S21->S29->S30->S32->S36->S37,L0->L3,23,12,3,0.13043478260869565,0.0019439385039280235
S0->S1->S3->S5->S7->S8->S10->S26->S39->S40->S41->S44->S45->S47->S48->S50->S51,L0->L2->L3,23,17,0,0.0,0.0019439385039280235
S0->S1->S2->S4->S6->S8->S10->S27->S29->S30->S33->S34->S35->S37->S38,L0->L2->L3,23,15,0,0.0,0.0019439385039280235
S12->S13->S14->S17->S18->S20->S23->S28->S29->S30->S33->S34->S36->S37,L0->L2->L3,23,14,0,0.0,0.0019439385039280235
S0->S1->S3->S5->S7->S8->S11->S24->S29->S30->S33->S34->S36->S37,L0->L1->L3,23,14,0,0.0,0.0019439385039280235
S0->S1->S3->S5->S7->S8->S9->S24->S29->S30->S33->S34->S36->S37,L0->L1->L3,23,14,0,0.0,0.0019439385039280235
S24->S27->S33->S34->S36->S37,L1->L2->L3,23,6,0,0.0,0.0019439385039280235
S0->S1->S2->S5->S6->S8->S11->S26->S39->S40->S41->S43->S45->S47->S48->S49->S51,L0->L2->L3,23,17,0,0.0,0.0019439385039280235
S0->S1->S2->S5->S7->S8->S9->S26->S29->S30->S32->S33->S34->S36->S37,L0->L2->L3,23,15,0,0.0,0.0019439385039280235
S0->S1->S2->S5->S7->S8->S9->S27->S29->S30->S33->S34->S36->S37->S38,L0->L2->L3,23,15,0,0.0,0.0019439385039280235
S0->S1->S2->S4->S6->S8->S10->S24->S29->S30->S33->S34->S35->S37,L0->L1->L3,23,14,0,0.0,0.0019439385039280235
S0->S1->S2->S4->S7->S8->S10->S26->S29->S30->S33->S34->S35->S37->S38,L0->L2->L3,23,15,0,0.0,0.0019439385039280235
S12->S13->S15->S17->S19->S20->S23->S38,L0->L3,23,8,0,0.0,0.0019439385039280235
S0->S1->S2->S4->S6->S8->S9->S27->S29->S30->S33->S34->S35->S37->S38,L0->L2->L3,23,15,0,0.0,0.0019439385039280235
S0->S1->S2->S4->S6->S8->S9->S27->S29->S30->S33->S34->S36->S37->S38,L0->L2->L3,23,15,1,0.043478260869565216,0.0019439385039280235
S12->S13->S15->S16->S19->S20->S21->S28->S29->S30->S33->S34->S36->S37,L0->L2->L3,23,14,1,0.043478260869565216,0.0019439385039280235
S12->S13->S15->S16->S19->S20->S21->S38,L0->L3,23,8,0,0.0,0.0019439385039280235
S12->S13->S14->S16->S18->S20->S22->S38,L0->L3,23,8,0,0.0,0.0019439385039280235
S0->S1->S2->S5->S6->S8->S11->S26->S29->S30->S33->S34->S35->S37->S38,L0->L2->L3,23,15,0,0.0,0.0019439385039280235
S0->S1->S2->S5->S7->S8->S10->S24->S29->S30->S33->S34->S36->S37,L0->L1->L3,23,14,0,0.0,0.0019439385039280235
S24->S26->S38,L1->L2->L3,23,3,1,0.043478260869565216,0.0019439385039280235
S0->S1->S2->S4->S6->S8->S9->S27->S29->S30->S32->S33->S34->S35->S37,L0->L2->L3,23,15,0,0.0,0.0019439385039280235
S0->S1->S2->S5->S7->S8->S11->S29->S30->S32->S34->S36->S37,L0->L3,23,13,1,0.043478260869565216,0.0019439385039280235
S0->S1->S2->S4->S7->S8->S10->S26->S29->S30->S32->S33->S34->S36->S37,L0->L2->L3,23,15,0,0.0,0.0019439385039280235
S0->S1->S2->S4->S7->S8->S9->S26->S39->S40->S41->S43->S45->S47->S48->S50->S51,L0->L2->L3,23,17,1,0.043478260869565216,0.0019439385039280235
S25->S30->S33->S34->S36->S37,L1->L3,22,6,0,0.0,0.0018594194385398485
S0->S1->S3->S5->S6->S8->S10->S29->S33->S34->S35->S37,L0->L3,22,12,0,0.0,0.0018594194385398485
S0->S1->S2->S5->S7->S8->S9->S29->S30->S33->S35->S37,L0->L3,22,12,0,0.0,0.0018594194385398485
S0->S1->S2->S5->S7->S8->S9->S26->S39->S40->S41->S43->S45->S47->S48->S49->S51,L0->L2->L3,22,17,0,0.0,0.0018594194385398485
S0->S1->S3->S5->S6->S8->S11->S24->S29->S30->S33->S34->S36->S37,L0->L1->L3,22,14,0,0.0,0.0018594194385398485
S0->S1->S2->S5->S7->S8->S11->S26->S29->S30->S32->S33->S34->S35->S37,L0->L2->L3,22,15,0,0.0,0.0018594194385398485
S0->S1->S2->S5->S7->S8->S11->S29->S30->S33->S36->S37,L0->L3,22,12,0,0.0,0.0018594194385398485
S0->S1->S2->S5->S6->S8->S9->S27->S29->S30->S33->S34->S36->S37->S38,L0->L2->L3,22,15,1,0.045454545454545456,0.0018594194385398485
S0->S1->S2->S5->S6->S8->S11->S29->S30->S32->S34->S36->S37,L0->L3,22,13,2,0.09090909090909091,0.0018594194385398485
S12->S13->S14->S16->S18->S20->S23->S28->S29->S30->S33->S34->S35->S37,L0->L2->L3,22,14,0,0.0,0.0018594194385398485
S0->S1->S2->S5->S6->S8->S10->S11->S29->S30->S33->S34->S35->S37,L0->L3,22,14,0,0.0,0.0018594194385398485
S0->S1->S2->S4->S7->S8->S11->S27->S29->S30->S33->S34->S36->S37->S38,L0->L2->L3,22,15,2,0.09090909090909091,0.0018594194385398485
S12->S13->S14->S17->S19->S20->S21->S28->S29->S30->S33->S34->S36->S37,L0->L2->L3,22,14,1,0.045454545454545456,0.0018594194385398485
S0->S1->S3->S4->S6->S8->S11->S27->S29->S30->S33->S34->S35->S37->S38,L0->L2->L3,22,15,0,0.0,0.0018594194385398485
S0->S2->S5->S7->S8->S9->S29->S30->S33->S34->S35->S37,L0->L3,22,12,0,0.0,0.0018594194385398485
S0->S1->S3->S5->S7->S8->S10->S29->S30->S33->S35->S37,L0->L3,22,12,0,0.0,0.0018594194385398485
S0->S1->S3->S5->S7->S8->S9->S27->S39->S40->S41->S43->S45->S47->S48->S49->S51,L0->L2->L3,22,17,1,0.045454545454545456,0.0018594194385398485
S0->S1->S3->S4->S6->S8->S10->S11->S29->S30->S33->S34->S36->S37,L0->L3,22,14,0,0.0,0.0018594194385398485
S0->S1->S3->S4->S6->S8->S10->S27->S29->S30->S32->S33->S34->S35->S37,L0->L2->L3,22,15,0,0.0,0.0018594194385398485
S12->S13->S15->S17->S18->S20->S23->S38,L0->L3,22,8,0,0.0,0.0018594194385398485
S0->S1->S3->S4->S7->S8->S9->S26->S29->S30->S32->S33->S34->S36->S37,L0->L2->L3,22,15,0,0.0,0.0018594194385398485
S12->S13->S15->S17->S18->S20->S23->S28->S29->S30->S33->S34->S35->S37,L0->L2->L3,22,14,0,0.0,0.0018594194385398485
S0->S1->S3->S4->S6->S8->S11->S26->S29->S30->S32->S33->S34->S35->S37,L0->L2->L3,22,15,0,0.0,0.0018594194385398485
S12->S13->S15->S16->S18->S20->S23->S28->S29->S30->S33->S34->S36->S37,L0->L2->L3,22,14,0,0.0,0.0018594194385398485
S0->S1->S2->S4->S6->S8->S10->S29->S30->S32->S34->S36->S37,L0->L3,22,13,5,0.22727272727272727,0.0018594194385398485
S0->S1->S2->S5->S6->S8->S10->S29->S30->S33->S35->S37,L0->L3,22,12,0,0.0,0.0018594194385398485
S0->S1->S3->S4->S7->S8->S11->S29->S30->S32->S34->S35->S37,L0->L3,22,13,2,0.09090909090909091,0.0018594194385398485
S0->S1->S2->S4->S6->S8->S11->S29->S30->S33->S36->S37,L0->L3,22,12,0,0.0,0.0018594194385398485
S1->S3->S4->S7->S8->S9->S29->S30->S33->S34->S36->S37,L0->L3,21,12,0,0.0,0.0017749003731516737
S0->S1->S2->S4->S6->S8->S11->S26->S39->S40->S41->S44->S45->S47->S48->S50->S51,L0->L2->L3,21,17,0,0.0,0.0017749003731516737
S0->S1->S3->S5->S7->S8->S9->S27->S29->S30->S33->S34->S35->S37->S38,L0->L2->L3,21,15,0,0.0,0.0017749003731516737
S0->S1->S2->S4->S6->S8->S10->S26->S29->S30->S32->S33->S34->S36->S37,L0->L2->L3,21,15,0,0.0,0.0017749003731516737
S0->S1->S3->S4->S6->S8->S10->S29->S30->S32->S34->S35->S37,L0->L3,21,13,2,0.09523809523809523,0.0017749003731516737
S0->S1->S3->S4->S7->S8->S9->S11->S29->S30->S33->S34->S35->S37,L0->L3,21,14,1,0.047619047619047616,0.0017749003731516737
S0->S1->S2->S4->S7->S8->S11->S24->S29->S30->S33->S34->S36->S37,L0->L1->L3,21,14,0,0.0,0.0017749003731516737
S0->S1->S3->S4->S6->S8->S11->S24->S26->S29->S30->S33->S34->S35->S37,L0->L1->L2->L3,21,15,0,0.0,0.0017749003731516737
S0->S1->S2->S4->S6->S8->S10->S29->S30->S33->S36->S37,L0->L3,21,12,0,0.0,0.0017749003731516737
S0->S1->S3->S5->S6->S8->S9->S29->S30->S33->S36->S37,L0->L3,21,12,0,0.0,0.0017749003731516737
S12->S13->S15->S16->S19->S20->S22->S38,L0->L3,21,8,0,0.0,0.0017749003731516737
S12->S13->S14->S16->S19->S20->S21->S38,L0->L3,21,8,0,0.0,0.0017749003731516737
S0->S1->S2->S5->S6->S8->S11->S27->S29->S30->S33->S34->S35->S37->S38,L0->L2->L3,21,15,0,0.0,0.0017749003731516737
S0->S1->S3->S4->S7->S8->S10->S29->S30->S32->S34->S35->S37,L0->L3,21,13,0,0.0,0.0017749003731516737
S0->S1->S3->S5->S6->S8->S11->S29->S30->S32->S34->S35->S37,L0->L3,21,13,0,0.0,0.0017749003731516737
S0->S1->S3->S5->S7->S8->S11->S26->S29->S30->S32->S33->S34->S36->S37,L0->L2->L3,21,15,0,0.0,0.0017749003731516737
S24->S28->S30->S33->S34->S35->S37,L1->L2->L3,21,7,0,0.0,0.0017749003731516737
S0->S1->S3->S5->S6->S8->S11->S29->S30->S33->S36->S37,L0->L3,21,12,0,0.0,0.0017749003731516737
S0->S1->S2->S4->S7->S8->S10->S11->S29->S30->S33->S34->S36->S37,L0->L3,21,14,0,0.0,0.0017749003731516737
S0->S1->S2->S5->S7->S8->S9->S27->S29->S30->S33->S34->S35->S37->S38,L0->L2->L3,21,15,1,0.047619047619047616,0.0017749003731516737
S0->S1->S2->S5->S7->S8->S11->S24->S29->S30->S33->S34->S36->S37,L0->L1->L3,21,14,0,0.0,0.0017749003731516737
S24->S25->S26->S29->S30->S32->S33->S34->S35->S37,L1->L2->L3,21,10,0,0.0,0.0017749003731516737
S0->S1->S2->S5->S6->S8->S11->S24->S29->S30->S33->S34->S35->S37,L0->L1->L3,21,14,0,0.0,0.0017749003731516737
S0->S1->S4->S6->S8->S9->S29->S30->S33->S34->S36->S37,L0->L3,21,12,0,0.0,0.0017749003731516737
S0->S1->S2->S5->S7->S8->S10->S11->S29->S30->S33->S34->S36->S37,L0->L3,21,14,0,0.0,0.0017749003731516737
S0->S1->S2->S4->S7->S8->S9->S27->S29->S30->S33->S34->S35->S37->S38,L0->L2->L3,21,15,1,0.047619047619047616,0.0017749003731516737
S24->S26->S33->S34->S36->S37,L1->L2->L3,21,6,0,0.0,0.0017749003731516737
S0->S1->S2->S4->S7->S8->S9->S24->S29->S30->S33->S34->S35->S37,L0->L1->L3,21,14,0,0.0,0.0017749003731516737
S12->S13->S15->S17->S19->S20->S22->S28->S29->S30->S33->S34->S36->S37,L0->L2->L3,21,14,0,0.0,0.0017749003731516737
S0->S1->S3->S5->S6->S8->S10->S11->S29->S30->S33->S34->S36->S37,L0->L3,21,14,0,0.0,0.0017749003731516737
S0->S1->S2->S5->S7->S8->S9->S29->S30->S33->S36->S37,L0->L3,21,12,0,0.0,0.0017749003731516737
S0->S1->S3->S4->S6->S8->S11->S28->S29->S30->S31->S33->S34->S35->S37,L0->L2->L3,21,15,0,0.0,0.0017749003731516737
S1->S3->S5->S7->S8->S10->S29->S30->S33->S34->S35->S37,L0->L3,21,12,0,0.0,0.0017749003731516737
S1->S3->S4->S6->S8->S11->S29->S30->S33->S34->S36->S37,L0->L3,21,12,0,0.0,0.0017749003731516737
S0->S1->S3->S4->S7->S8->S10->S26->S29->S30->S32->S33->S34->S35->S37,L0->L2->L3,21,15,0,0.0,0.0017749003731516737
S0->S1->S2->S4->S6->S8->S11->S26->S29->S30->S32->S33->S34->S36->S37,L0->L2->L3,21,15,0,0.0,0.0017749003731516737
S0->S1->S3->S4->S6->S8->S10->S29->S30->S33->S35->S37,L0->L3,21,12,0,0.0,0.0017749003731516737
S0->S1->S3->S4->S6->S8->S11->S26->S29->S30->S33->S34->S36->S37->S38,L0->L2->L3,21,15,0,0.0,0.0017749003731516737
S0->S1->S2->S4->S7->S8->S9->S26->S29->S30->S33->S34->S35->S37->S38,L0->L2->L3,21,15,0,0.0,0.0017749003731516737
S12->S13->S15->S16->S19->S20->S22->S28->S29->S30->S33->S34->S36->S37,L0->L2->L3,21,14,0,0.0,0.0017749003731516737
S12->S13->S15->S17->S19->S20->S21->S38,L0->L3,21,8,0,0.0,0.0017749003731516737
S12->S13->S15->S17->S19->S20->S22->S28->S29->S30->S33->S34->S35->S37,L0->L2->L3,21,14,0,0.0,0.0017749003731516737
S0->S1->S3->S4->S7->S8->S10->S29->S30->S33->S36->S37,L0->L3,20,12,0,0.0,0.0016903813077634988
S0->S1->S3->S4->S6->S8->S11->S28->S29->S30->S31->S33->S34->S36->S37,L0->L2->L3,20,15,0,0.0,0.0016903813077634988
S0->S1->S3->S5->S7->S8->S10->S27->S29->S30->S33->S34->S36->S37->S38,L0->L2->L3,20,15,0,0.0,0.0016903813077634988
S0->S1->S2->S4->S6->S8->S9->S29->S30->S33->S35->S37,L0->L3,20,12,1,0.05,0.0016903813077634988
S1->S3->S5->S7->S8->S9->S29->S30->S33->S34->S36->S37,L0->L3,20,12,0,0.0,0.0016903813077634988
S12->S13->S15->S16->S19->S20->S23->S38,L0->L3,20,8,0,0.0,0.0016903813077634988
S0->S1->S2->S4->S7->S8->S11->S26->S39->S40->S41->S44->S45->S47->S48->S49->S51,L0->L2->L3,20,17,0,0.0,0.0016903813077634988
S0->S1->S3->S5->S7->S8->S10->S11->S29->S30->S33->S34->S35->S37,L0->L3,20,14,0,0.0,0.0016903813077634988
S0->S1->S3->S4->S7->S8->S11->S27->S39->S40->S41->S44->S45->S47->S48->S49->S51,L0->L2->L3,20,17,0,0.0,0.0016903813077634988
S0->S1->S2->S5->S6->S8->S10->S27->S29->S30->S33->S34->S35->S37->S38,L0->L2->L3,20,15,0,0.0,0.0016903813077634988
S25->S26->S29->S30->S33->S34->S35,L1->L2->L3,20,7,0,0.0,0.0016903813077634988
S0->S1->S2->S5->S6->S8->S10->S26->S29->S30->S33->S34->S35->S37->S38,L0->L2->L3,20,15,0,0.0,0.0016903813077634988
S24->S29->S30->S32->S36->S37,L1->L3,20,6,2,0.1,0.0016903813077634988
S0->S3->S4->S6->S8->S10->S29->S30->S33->S34->S35->S37,L0->L3,20,12,0,0.0,0.0016903813077634988
S0->S1->S3->S4->S6->S8->S10->S29->S30->S32->S34->S36->S37,L0->L3,20,13,3,0.15,0.0016903813077634988
S0->S1->S2->S4->S6->S8->S11->S26->S39->S40->S41->S44->S45->S47->S48->S49->S51,L0->L2->L3,20,17,0,0.0,0.0016903813077634988
S0->S1->S3->S4->S6->S8->S10->S24->S29->S30->S33->S34->S35->S37,L0->L1->L3,20,14,0,0.0,0.0016903813077634988
S0->S1->S3->S4->S6->S8->S9->S29->S30->S33->S36->S37,L0->L3,20,12,0,0.0,0.0016903813077634988
S0->S1->S3->S4->S6->S9->S29->S30->S33->S34->S36->S37,L0->L3,20,12,0,0.0,0.0016903813077634988
S0->S1->S3->S4->S7->S8->S10->S24->S29->S30->S33->S34->S35->S37,L0->L1->L3,20,14,0,0.0,0.0016903813077634988
S12->S13->S14->S16->S18->S20->S22->S28->S29->S30->S33->S34->S35->S37,L0->L2->L3,20,14,0,0.0,0.0016903813077634988
S0->S1->S3->S4->S7->S8->S10->S26->S39->S40->S41->S43->S45->S47->S48->S49->S51,L0->L2->L3,20,17,0,0.0,0.0016903813077634988
S12->S13->S15->S16->S19->S20->S21->S28->S29->S30->S33->S34->S35->S37,L0->L2->L3,20,14,0,0.0,0.0016903813077634988
S0->S1->S2->S5->S7->S8->S9->S26->S29->S30->S33->S34->S36->S37->S38,L0->L2->L3,20,15,0,0.0,0.0016903813077634988
S0->S1->S3->S5->S6->S8->S9->S24->S29->S30->S33->S34->S35->S37,L0->L1->L3,20,14,0,0.0,0.0016903813077634988
S0->S1->S2->S5->S7->S8->S10->S27->S29->S30->S32->S33->S34->S35->S37,L0->L2->L3,20,15,0,0.0,0.0016903813077634988
S0->S1->S3->S5->S6->S8->S10->S24->S29->S30->S33->S34->S35->S37,L0->L1->L3,20,14,0,0.0,0.0016903813077634988
S0->S1->S2->S4->S6->S8->S11->S27->S29->S30->S33->S34->S35->S37->S38,L0->L2->L3,20,15,0,0.0,0.0016903813077634988
S0->S1->S2->S5->S6->S8->S11->S26->S29->S30->S33->S34->S36->S37->S38,L0->L2->L3,20,15,0,0.0,0.0016903813077634988
S12->S13->S14->S16->S19->S20->S23->S28->S29->S30->S33->S34->S35->S37,L0->L2->L3,20,14,0,0.0,0.0016903813077634988
S0->S1->S3->S4->S7->S8->S10->S27->S29->S30->S33->S34->S35->S37->S38,L0->L2->L3,20,15,0,0.0,0.0016903813077634988
S0->S1->S3->S4->S6->S8->S10->S26->S29->S30->S33->S34->S36->S37->S38,L0->L2->L3,20,15,0,0.0,0.0016903813077634988
S0->S1->S3->S5->S7->S8->S11->S26->S29->S30->S32->S33->S34->S35->S37,L0->L2->L3,20,15,0,0.0,0.0016903813077634988
S0->S1->S3->S5->S6->S8->S10->S29->S30->S33->S36->S37,L0->L3,20,12,0,0.0,0.0016903813077634988
S12->S13->S14->S17->S19->S20->S22->S38,L0->L3,20,8,0,0.0,0.0016903813077634988
S0->S1->S2->S5->S6->S8->S9->S27->S29->S30->S33->S34->S35->S37->S38,L0->L2->L3,20,15,0,0.0,0.0016903813077634988
S0->S1->S2->S4->S7->S8->S11->S26->S29->S30->S32->S33->S34->S35->S37,L0->L2->L3,20,15,0,0.0,0.0016903813077634988
S0->S1->S3->S4->S7->S8->S10->S29->S30->S32->S34->S36->S37,L0->L3,20,13,1,0.05,0.0016903813077634988
S0->S1->S2->S4->S6->S8->S9->S26->S29->S30->S32->S33->S34->S36->S37,L0->L2->L3,20,15,0,0.0,0.0016903813077634988
S0->S1->S3->S5->S6->S8->S11->S24->S29->S30->S33->S34->S35->S37,L0->L1->L3,20,14,1,0.05,0.0016903813077634988
S0->S1->S3->S5->S6->S8->S10->S27->S29->S30->S32->S33->S34->S36->S37,L0->L2->L3,20,15,1,0.05,0.0016903813077634988
S0->S1->S3->S4->S7->S8->S11->S26->S29->S30->S32->S33->S34->S35->S37,L0->L2->L3,20,15,0,0.0,0.0016903813077634988
S0->S1->S3->S4->S7->S8->S10->S24->S29->S30->S33->S34->S36->S37,L0->L1->L3,19,14,0,0.0,0.0016058622423753238
S0->S1->S3->S4->S6->S8->S11->S26->S29->S30->S32->S33->S34->S36->S37,L0->L2->L3,19,15,0,0.0,0.0016058622423753238
S12->S13->S15->S16->S18->S20->S23->S38,L0->L3,19,8,0,0.0,0.0016058622423753238
S0->S1->S2->S5->S6->S8->S10->S26->S29->S30->S33->S34->S36->S37->S38,L0->L2->L3,19,15,0,0.0,0.0016058622423753238
S0->S1->S2->S5->S6->S8->S10->S26->S29->S30->S32->S33->S34->S35->S37,L0->L2->L3,19,15,0,0.0,0.0016058622423753238
S0->S1->S2->S4->S7->S8->S11->S29->S30->S32->S34->S35->S37,L0->L3,19,13,0,0.0,0.0016058622423753238
S0->S1->S3->S4->S6->S8->S11->S26->S39->S40->S41->S43->S45->S47->S48->S50->S51,L0->L2->L3,19,17,0,0.0,0.0016058622423753238
S0->S1->S3->S5->S6->S8->S11->S26->S29->S30->S32->S33->S34->S35->S37,L0->L2->L3,19,15,0,0.0,0.0016058622423753238
S0->S1->S3->S5->S6->S8->S11->S26->S29->S30->S33->S34->S36->S37->S38,L0->L2->L3,19,15,0,0.0,0.0016058622423753238
S24->S28->S30->S33->S34->S36->S37,L1->L2->L3,19,7,1,0.05263157894736842,0.0016058622423753238
S25->S28->S29->S30->S33->S34->S36->S37->S38,L1->L2->L3,19,9,1,0.05263157894736842,0.0016058622423753238
S0->S1->S2->S5->S6->S8->S9->S26->S29->S30->S33->S34->S35->S37->S38,L0->L2->L3,19,15,0,0.0,0.0016058622423753238
S0->S1->S3->S4->S6->S8->S9->S29->S30->S33->S35->S37,L0->L3,19,12,0,0.0,0.0016058622423753238
S12->S13->S14->S17->S19->S20->S23->S29->S30->S32->S36->S37,L0->L3,19,12,2,0.10526315789473684,0.0016058622423753238
S0->S1->S3->S4->S6->S8->S9->S29->S30->S32->S34->S36->S37,L0->L3,19,13,0,0.0,0.0016058622423753238
S0->S1->S3->S4->S6->S8->S11->S29->S30->S33->S35->S37,L0->L3,19,12,0,0.0,0.0016058622423753238
S12->S13->S14->S17->S19->S20->S23->S28->S29->S30->S33->S34->S35->S37,L0->L2->L3,19,14,0,0.0,0.0016058622423753238
S0->S1->S3->S4->S7->S8->S11->S26->S29->S30->S33->S34->S36->S37->S38,L0->L2->L3,19,15,0,0.0,0.0016058622423753238
S0->S1->S3->S5->S7->S8->S10->S24->S29->S30->S33->S34->S35->S37,L0->L1->L3,19,14,0,0.0,0.0016058622423753238
S0->S1->S3->S4->S7->S8->S11->S27->S29->S30->S33->S34->S35->S37->S38,L0->L2->L3,19,15,1,0.05263157894736842,0.0016058622423753238
S12->S13->S15->S16->S19->S20->S21->S29->S30->S32->S36->S37,L0->L3,19,12,4,0.21052631578947367,0.0016058622423753238
S25->S26->S29->S33->S34->S35->S37,L1->L2->L3,19,7,0,0.0,0.0016058622423753238
S25->S28->S39->S40->S41->S44->S45->S47->S48->S50->S51,L1->L2->L3,19,11,0,0.0,0.0016058622423753238
S12->S13->S15->S17->S19->S20->S21->S28->S29->S30->S33->S34->S35->S37,L0->L2->L3,19,14,0,0.0,0.0016058622423753238
S0->S1->S3->S5->S7->S8->S9->S24->S26->S29->S30->S33->S34->S36->S37,L0->L1->L2->L3,19,15,0,0.0,0.0016058622423753238
S0->S1->S3->S5->S7->S8->S9->S27->S29->S30->S33->S34->S36->S37->S38,L0->L2->L3,19,15,0,0.0,0.0016058622423753238
S12->S13->S15->S16->S18->S20->S22->S38,L0->L3,19,8,0,0.0,0.0016058622423753238
S0->S1->S2->S4->S6->S8->S11->S26->S29->S30->S33->S34->S36->S37->S38,L0->L2->L3,19,15,0,0.0,0.0016058622423753238
S0->S1->S2->S4->S6->S8->S11->S26->S29->S30->S33->S34->S35->S37->S38,L0->L2->L3,19,15,0,0.0,0.0016058622423753238
S0->S1->S3->S4->S7->S8->S9->S26->S29->S30->S33->S34->S36->S37->S38,L0->L2->L3,19,15,0,0.0,0.0016058622423753238
S0->S1->S5->S6->S8->S10->S29->S30->S33->S34->S36->S37,L0->L3,19,12,0,0.0,0.0016058622423753238
S12->S13->S14->S17->S19->S20->S21->S28->S29->S30->S33->S34->S35->S37,L0->L2->L3,19,14,0,0.0,0.0016058622423753238
S0->S1->S2->S5->S7->S8->S11->S29->S33->S34->S35->S37,L0->L3,19,12,0,0.0,0.0016058622423753238
S0->S1->S2->S4->S7->S8->S10->S26->S39->S40->S41->S43->S45->S47->S48->S49->S51,L0->L2->L3,19,17,0,0.0,0.0016058622423753238
S0->S1->S2->S5->S7->S8->S9->S26->S39->S40->S41->S43->S45->S47->S48->S50->S51,L0->L2->L3,19,17,0,0.0,0.0016058622423753238
S0->S1->S3->S4->S7->S8->S10->S29->S30->S33->S35->S37,L0->L3,19,12,0,0.0,0.0016058622423753238
S0->S1->S5->S6->S8->S9->S29->S30->S33->S34->S35->S37,L0->L3,19,12,0,0.0,0.0016058622423753238
S0->S2->S4->S7->S8->S11->S29->S30->S33->S34->S36->S37,L0->L3,19,12,0,0.0,0.0016058622423753238
S0->S1->S3->S5->S6->S8->S9->S26->S29->S30->S32->S33->S34->S35->S37,L0->L2->L3,19,15,0,0.0,0.0016058622423753238
S0->S1->S3->S5->S6->S8->S10->S26->S29->S30->S32->S33->S34->S36->S37,L0->L2->L3,19,15,0,0.0,0.0016058622423753238
S0->S1->S2->S4->S7->S8->S10->S29->S30->S33->S36->S37,L0->L3,19,12,1,0.05263157894736842,0.0016058622423753238
S0->S2->S5->S7->S8->S11->S29->S30->S33->S34->S35->S37,L0->L3,19,12,0,0.0,0.0016058622423753238
S0->S1->S2->S4->S6->S8->S11->S27->S29->S30->S32->S33->S34->S36->S37,L0->L2->L3,19,15,2,0.10526315789473684,0.0016058622423753238
S0->S1->S2->S4->S7->S11->S29->S30->S33->S34->S36->S37,L0->L3,19,12,0,0.0,0.0016058622423753238
S0->S1->S3->S5->S7->S8->S9->S29->S30->S33->S36->S37,L0->L3,19,12,0,0.0,0.0016058622423753238
S12->S13->S14->S17->S18->S20->S21->S28->S29->S30->S33->S34->S36->S37,L0->L2->L3,19,14,0,0.0,0.0016058622423753238
S12->S13->S14->S17->S18->S20->S22->S28->S29->S30->S33->S34->S35->S37,L0->L2->L3,19,14,0,0.0,0.0016058622423753238
S24->S28->S29->S30->S32->S33->S34->S36->S37,L1->L2->L3,19,9,0,0.0,0.0016058622423753238
S0->S1->S3->S5->S7->S8->S11->S26->S39->S40->S41->S43->S45->S47->S48->S49->S51,L0->L2->L3,19,17,0,0.0,0.0016058622423753238
S0->S1->S2->S5->S7->S8->S10->S27->S29->S30->S32->S33->S34->S36->S37,L0->L2->L3,19,15,0,0.0,0.0016058622423753238
S25->S29->S30->S32->S36->S37,L1->L3,19,6,4,0.21052631578947367,0.0016058622423753238
S0->S1->S2->S5->S6->S8->S11->S27->S29->S30->S33->S34->S36->S37->S38,L0->L2->L3,19,15,0,0.0,0.0016058622423753238
S25->S27->S29->S33->S34->S36->S37,L1->L2->L3,19,7,0,0.0,0.0016058622423753238
S0->S1->S2->S4->S6->S8->S9->S26->S29->S30->S33->S34->S36->S37->S38,L0->L2->L3,19,15,0,0.0,0.0016058622423753238
S0->S1->S2->S5->S6->S8->S9->S26->S29->S30->S33->S34->S36->S37->S38,L0->L2->L3,19,15,0,0.0,0.0016058622423753238
S0->S1->S2->S4->S7->S8->S11->S27->S39->S40->S41->S43->S45->S47->S48->S50->S51,L0->L2->L3,18,17,0,0.0,0.001521343176987149
S0->S1->S3->S4->S7->S8->S11->S24->S29->S30->S33->S34->S35->S37,L0->L1->L3,18,14,0,0.0,0.001521343176987149
S0->S1->S2->S4->S7->S8->S11->S24->S29->S30->S33->S34->S35->S37,L0->L1->L3,18,14,0,0.0,0.001521343176987149
S0->S1->S3->S4->S6->S8->S9->S11->S29->S30->S33->S34->S35->S37,L0->L3,18,14,0,0.0,0.001521343176987149
S0->S1->S3->S4->S7->S8->S9->S26->S29->S30->S33->S34->S35->S37->S38,L0->L2->L3,18,15,0,0.0,0.001521343176987149
S25->S26->S39->S40->S41->S43->S44->S45->S47->S48->S50->S51,L1->L2->L3,18,12,0,0.0,0.001521343176987149
S0->S1->S3->S4->S7->S8->S9->S29->S30->S32->S34->S36->S37,L0->L3,18,13,1,0.05555555555555555,0.001521343176987149
S0->S1->S3->S4->S6->S8->S11->S29->S30->S32->S34->S36->S37,L0->L3,18,13,4,0.2222222222222222,0.001521343176987149
S0->S1->S2->S4->S7->S8->S11->S29->S30->S33->S35->S37,L0->L3,18,12,0,0.0,0.001521343176987149
S0->S1->S3->S4->S6->S8->S11->S27->S39->S40->S41->S44->S45->S47->S48->S50->S51,L0->L2->L3,18,17,0,0.0,0.001521343176987149
S0->S1->S3->S4->S7->S8->S9->S27->S29->S30->S33->S34->S36->S37->S38,L0->L2->L3,18,15,0,0.0,0.001521343176987149
S0->S1->S2->S5->S6->S8->S10->S26->S39->S40->S41->S43->S45->S47->S48->S49->S51,L0->L2->L3,18,17,0,0.0,0.001521343176987149
S0->S1->S3->S5->S6->S8->S9->S29->S30->S33->S35->S37,L0->L3,18,12,0,0.0,0.001521343176987149
S0->S1->S3->S5->S6->S8->S11->S29->S30->S32->S34->S36->S37,L0->L3,18,13,2,0.1111111111111111,0.001521343176987149
S0->S1->S3->S5->S6->S8->S9->S24->S29->S30->S33->S34->S36->S37,L0->L1->L3,18,14,0,0.0,0.001521343176987149
S0->S1->S3->S4->S6->S8->S10->S26->S39->S40->S41->S44->S45->S47->S48->S50->S51,L0->L2->L3,18,17,0,0.0,0.001521343176987149
S1->S2->S4->S6->S8->S9->S29->S30->S33->S34->S36->S37,L0->L3,18,12,0,0.0,0.001521343176987149
S24->S26->S30->S31->S33->S34->S36->S37,L1->L2->L3,18,8,0,0.0,0.001521343176987149
S1->S2->S4->S7->S8->S9->S29->S30->S33->S34->S35->S37,L0->L3,18,12,0,0.0,0.001521343176987149
S1->S2->S4->S7->S8->S11->S29->S30->S33->S34->S35->S37,L0->L3,18,12,0,0.0,0.001521343176987149
S0->S1->S2->S4->S6->S8->S9->S29->S30->S32->S34->S36->S37,L0->L3,18,13,0,0.0,0.001521343176987149
S0->S1->S2->S4->S6->S11->S29->S30->S33->S34->S35->S37,L0->L3,18,12,0,0.0,0.001521343176987149
S12->S13->S14->S16->S19->S20->S21->S29->S30->S32->S36->S37,L0->L3,18,12,10,0.5555555555555556,0.001521343176987149
S24->S27->S29->S33->S34->S36->S37,L1->L2->L3,18,7,0,0.0,0.001521343176987149
S24->S28->S29->S30->S33->S34->S36->S37->S38,L1->L2->L3,18,9,0,0.0,0.001521343176987149
S0->S3->S4->S7->S8->S11->S29->S30->S33->S34->S36->S37,L0->L3,18,12,0,0.0,0.001521343176987149
S0->S1->S3->S5->S7->S9->S29->S30->S33->S34->S36->S37,L0->L3,18,12,0,0.0,0.001521343176987149
S0->S1->S2->S5->S6->S8->S10->S27->S39->S40->S41->S43->S45->S47->S48->S50->S51,L0->L2->L3,18,17,0,0.0,0.001521343176987149
S0->S1->S2->S4->S7->S8->S10->S24->S29->S30->S33->S34->S35->S37,L0->L1->L3,18,14,0,0.0,0.001521343176987149
S0->S1->S2->S5->S6->S8->S11->S26->S39->S40->S41->S44->S45->S47->S48->S50->S51,L0->L2->L3,18,17,0,0.0,0.001521343176987149
S0->S1->S2->S4->S6->S8->S9->S26->S39->S40->S41->S43->S45->S47->S48->S50->S51,L0->L2->L3,18,17,0,0.0,0.001521343176987149
S12->S13->S14->S16->S19->S20->S22->S29->S30->S32->S36->S37,L0->L3,18,12,2,0.1111111111111111,0.001521343176987149
S0->S1->S2->S5->S7->S8->S10->S29->S30->S32->S34->S35->S37,L0->L3,18,13,3,0.16666666666666666,0.001521343176987149
S12->S13->S14->S17->S18->S20->S22->S28->S29->S30->S33->S34->S36->S37,L0->L2->L3,18,14,0,0.0,0.001521343176987149
S12->S13->S15->S17->S19->S20->S22->S38,L0->L3,18,8,0,0.0,0.001521343176987149
S0->S1->S2->S4->S6->S8->S11->S29->S30->S33->S35->S37,L0->L3,18,12,0,0.0,0.001521343176987149
S0->S1->S2->S5->S7->S8->S10->S26->S29->S30->S33->S34->S35->S37->S38,L0->L2->L3,18,15,0,0.0,0.001521343176987149
S0->S1->S2->S5->S7->S8->S10->S26->S29->S30->S32->S33->S34->S36->S37,L0->L2->L3,18,15,0,0.0,0.001521343176987149
S0->S1->S2->S4->S6->S8->S11->S29->S30->S32->S34->S35->S37,L0->L3,18,13,3,0.16666666666666666,0.001521343176987149
S12->S13->S14->S17->S19->S20->S23->S28->S29->S30->S33->S34->S36->S37,L0->L2->L3,18,14,1,0.05555555555555555,0.001521343176987149
S0->S1->S2->S5->S6->S8->S11->S29->S30->S32->S34->S35->S37,L0->L3,18,13,3,0.16666666666666666,0.001521343176987149
S0->S1->S2->S4->S6->S8->S10->S29->S33->S34->S36->S37,L0->L3,18,12,0,0.0,0.001521343176987149
S0->S1->S2->S5->S6->S8->S9->S24->S29->S30->S33->S34->S35->S37,L0->L1->L3,18,14,0,0.0,0.001521343176987149
S12->S13->S15->S16->S19->S20->S22->S28->S29->S30->S33->S34->S35->S37,L0->L2->L3,18,14,0,0.0,0.001521343176987149
S12->S13->S15->S16->S19->S20->S23->S28->S29->S30->S33->S34->S35->S37,L0->L2->L3,18,14,0,0.0,0.001521343176987149
S0->S1->S2->S5->S6->S8->S9->S24->S29->S30->S33->S34->S36->S37,L0->L1->L3,18,14,0,0.0,0.001521343176987149
S0->S1->S2->S5->S7->S8->S9->S29->S30->S31->S32->S33->S34->S35->S37,L0->L3,18,15,1,0.05555555555555555,0.001521343176987149
S1->S2->S4->S7->S8->S11->S29->S30->S33->S34->S36->S37,L0->L3,18,12,0,0.0,0.001521343176987149
S0->S1->S3->S5->S7->S8->S10->S26->S29->S30->S33->S34->S35->S37->S38,L0->L2->L3,18,15,1,0.05555555555555555,0.001521343176987149
S0->S1->S2->S4->S7->S8->S11->S29->S30->S32->S34->S36->S37,L0->L3,17,13,1,0.058823529411764705,0.001436824111598974
S0->S1->S3->S5->S6->S8->S10->S26->S29->S30->S32->S33->S34->S35->S37,L0->L2->L3,17,15,0,0.0,0.001436824111598974
S0->S1->S3->S4->S7->S8->S10->S29->S30->S31->S32->S33->S34->S36->S37,L0->L3,17,15,0,0.0,0.001436824111598974
S0->S1->S3->S4->S7->S8->S9->S26->S29->S30->S32->S33->S34->S35->S37,L0->L2->L3,17,15,0,0.0,0.001436824111598974
S0->S1->S3->S4->S7->S8->S9->S29->S30->S32->S34->S35->S37,L0->L3,17,13,1,0.058823529411764705,0.001436824111598974
S0->S1->S3->S4->S6->S8->S11->S26->S39->S40->S41->S43->S45->S47->S48->S49->S51,L0->L2->L3,17,17,0,0.0,0.001436824111598974
S0->S1->S2->S3->S5->S7->S8->S9->S29->S30->S33->S34->S36->S37,L0->L3,17,14,1,0.058823529411764705,0.001436824111598974
S0->S1->S3->S4->S6->S8->S11->S27->S29->S30->S32->S33->S34->S35->S37,L0->L2->L3,17,15,0,0.0,0.001436824111598974
S0->S1->S3->S4->S7->S8->S11->S29->S30->S33->S35->S37,L0->L3,17,12,0,0.0,0.001436824111598974
S0->S1->S3->S4->S6->S8->S9->S27->S39->S40->S41->S43->S45->S47->S48->S50->S51,L0->L2->L3,17,17,0,0.0,0.001436824111598974
S0->S1->S3->S4->S7->S8->S11->S27->S29->S30->S33->S34->S36->S37->S38,L0->L2->L3,17,15,2,0.11764705882352941,0.001436824111598974
S0->S1->S3->S4->S6->S8->S9->S24->S29->S30->S33->S34->S35->S37,L0->L1->L3,17,14,0,0.0,0.001436824111598974
S25->S27->S29->S33->S34->S35->S37,L1->L2->L3,17,7,0,0.0,0.001436824111598974
S12->S13->S15->S17->S18->S20->S21->S28->S29->S30->S33->S34->S36->S37,L0->L2->L3,17,14,0,0.0,0.001436824111598974
S0->S1->S2->S4->S7->S9->S29->S30->S33->S34->S35->S37,L0->L3,17,12,0,0.0,0.001436824111598974
S12->S13->S15->S17->S18->S20->S23->S29->S30->S32->S36->S37,L0->L3,17,12,0,0.0,0.001436824111598974
S0->S1->S2->S5->S6->S8->S11->S26->S39->S40->S41->S44->S45->S47->S48->S49->S51,L0->L2->L3,17,17,0,0.0,0.001436824111598974
S0->S1->S2->S5->S6->S8->S9->S26->S29->S30->S32->S33->S34->S36->S37,L0->L2->L3,17,15,0,0.0,0.001436824111598974
S0->S1->S2->S5->S7->S8->S10->S26->S39->S40->S41->S44->S45->S47->S48->S50->S51,L0->L2->L3,17,17,0,0.0,0.001436824111598974
S0->S1->S2->S4->S6->S8->S11->S26->S39->S40->S41->S43->S45->S47->S48->S49->S51,L0->L2->L3,17,17,0,0.0,0.001436824111598974
S12->S13->S14->S17->S18->S20->S21->S29->S30->S32->S35->S37,L0->L3,17,12,3,0.17647058823529413,0.001436824111598974
S12->S13->S15->S17->S18->S20->S21->S38,L0->L3,17,8,0,0.0,0.001436824111598974
S0->S1->S2->S5->S6->S8->S11->S28->S29->S30->S31->S33->S34->S36->S37,L0->L2->L3,17,15,0,0.0,0.001436824111598974
S0->S1->S2->S4->S7->S8->S9->S27->S29->S30->S32->S33->S34->S36->S37,L0->L2->L3,17,15,0,0.0,0.001436824111598974
S0->S1->S2->S4->S6->S8->S9->S24->S26->S29->S30->S33->S34->S36->S37,L0->L1->L2->L3,17,15,0,0.0,0.001436824111598974
S12->S13->S14->S17->S19->S20->S21->S38,L0->L3,17,8,0,0.0,0.001436824111598974
S12->S13->S15->S17->S19->S20->S23->S28->S29->S30->S33->S34->S35->S37,L0->L2->L3,17,14,0,0.0,0.001436824111598974
S0->S1->S2->S5->S6->S9->S29->S30->S33->S34->S36->S37,L0->L3,17,12,0,0.0,0.001436824111598974
S12->S13->S15->S16->S18->S20->S22->S28->S29->S30->S33->S34->S35->S37,L0->L2->L3,17,14,0,0.0,0.001436824111598974
S1->S2->S5->S6->S8->S11->S29->S30->S33->S34->S36->S37,L0->L3,17,12,0,0.0,0.001436824111598974
S0->S1->S2->S5->S7->S8->S9->S24->S29->S30->S33->S34->S36->S37,L0->L1->L3,17,14,0,0.0,0.001436824111598974
S0->S1->S2->S5->S7->S8->S11->S28->S29->S30->S31->S33->S34->S36->S37,L0->L2->L3,17,15,1,0.058823529411764705,0.001436824111598974
S1->S3->S5->S6->S8->S11->S29->S30->S33->S34->S35->S37,L0->L3,17,12,0,0.0,0.001436824111598974
S0->S1->S3->S5->S7->S8->S10->S11->S29->S30->S33->S34->S36->S37,L0->L3,17,14,0,0.0,0.001436824111598974
S0->S1->S2->S4->S7->S8->S10->S26->S29->S30->S33->S34->S36->S37->S38,L0->L2->L3,17,15,0,0.0,0.001436824111598974
S0->S1->S3->S5->S6->S8->S11->S26->S29->S30->S33->S34->S35->S37->S38,L0->L2->L3,17,15,0,0.0,0.001436824111598974
S0->S1->S3->S4->S6->S8->S10->S29->S33->S34->S36->S37,L0->L3,17,12,0,0.0,0.001436824111598974
S0->S1->S3->S5->S6->S8->S10->S27->S29->S30->S33->S34->S35->S37->S38,L0->L2->L3,17,15,0,0.0,0.001436824111598974
S0->S1->S3->S5->S6->S8->S10->S29->S30->S32->S34->S35->S37,L0->L3,17,13,1,0.058823529411764705,0.001436824111598974
S0->S1->S3->S5->S6->S8->S11->S27->S29->S30->S32->S33->S34->S36->S37,L0->L2->L3,17,15,0,0.0,0.001436824111598974
S0->S1->S3->S5->S6->S8->S10->S29->S30->S32->S34->S36->S37,L0->L3,17,13,2,0.11764705882352941,0.001436824111598974
S0->S1->S2->S4->S7->S8->S10->S26->S39->S40->S41->S44->S45->S47->S48->S50->S51,L0->L2->L3,17,17,0,0.0,0.001436824111598974
S0->S1->S2->S4->S7->S8->S10->S27->S29->S30->S33->S34->S36->S37->S38,L0->L2->L3,17,15,0,0.0,0.001436824111598974
S0->S1->S3->S5->S7->S8->S10->S26->S29->S30->S32->S33->S34->S35->S37,L0->L2->L3,17,15,0,0.0,0.001436824111598974
S0->S1->S3->S5->S7->S8->S10->S24->S26->S29->S30->S33->S34->S36->S37,L0->L1->L2->L3,17,15,0,0.0,0.001436824111598974
S0->S1->S2->S4->S7->S8->S11->S27->S39->S40->S41->S43->S45->S47->S48->S49->S51,L0->L2->L3,17,17,0,0.0,0.001436824111598974
S0->S1->S2->S5->S6->S11->S29->S30->S33->S34->S36->S37,L0->L3,17,12,0,0.0,0.001436824111598974
S0->S1->S2->S4->S6->S8->S9->S26->S29->S30->S32->S33->S34->S35->S37,L0->L2->L3,17,15,0,0.0,0.001436824111598974
S0->S1->S2->S4->S6->S8->S9->S26->S29->S30->S33->S34->S35->S37->S38,L0->L2->L3,17,15,0,0.0,0.001436824111598974
S0->S1->S2->S5->S7->S8->S10->S29->S30->S32->S34->S36->S37,L0->L3,17,13,0,0.0,0.001436824111598974
S24->S26->S29->S30->S32->S37,L1->L2->L3,17,6,0,0.0,0.001436824111598974
S1->S3->S4->S7->S8->S11->S29->S30->S33->S34->S36->S37,L0->L3,17,12,0,0.0,0.001436824111598974
S24->S28->S39->S40->S41->S44->S45->S47->S48->S50->S51,L1->L2->L3,17,11,0,0.0,0.001436824111598974
S0->S1->S3->S5->S7->S8->S9->S29->S30->S33->S35->S37,L0->L3,17,12,1,0.058823529411764705,0.001436824111598974
S0->S1->S5->S7->S8->S11->S29->S30->S33->S34->S35->S37,L0->L3,17,12,0,0.0,0.001436824111598974
S0->S2->S5->S6->S8->S11->S29->S30->S33->S34->S35->S37,L0->L3,17,12,0,0.0,0.001436824111598974
S0->S1->S4->S7->S8->S10->S29->S30->S33->S34->S36->S37,L0->L3,17,12,1,0.058823529411764705,0.001436824111598974
S0->S1->S2->S5->S7->S8->S9->S29->S30->S32->S34->S36->S37,L0->L3,17,13,0,0.0,0.001436824111598974
S0->S1->S2->S5->S7->S8->S11->S27->S29->S30->S32->S33->S34->S36->S37,L0->L2->L3,17,15,0,0.0,0.001436824111598974
S12->S13->S14->S16->S19->S20->S21->S28->S29->S30->S33->S34->S36->S37,L0->L2->L3,17,14,0,0.0,0.001436824111598974
S0->S1->S2->S4->S6->S8->S9->S27->S39->S40->S41->S43->S45->S47->S48->S49->S51,L0->L2->L3,17,17,0,0.0,0.001436824111598974
S12->S13->S14->S16->S18->S20->S23->S29->S30->S32->S36->S37,L0->L3,17,12,1,0.058823529411764705,0.001436824111598974
S0->S1->S3->S4->S6->S8->S9->S27->S29->S30->S32->S33->S34->S36->S37,L0->L2->L3,16,15,0,0.0,0.0013523050462107991
S0->S1->S2->S4->S7->S8->S11->S26->S39->S40->S41->S43->S45->S47->S48->S49->S51,L0->L2->L3,16,17,0,0.0,0.0013523050462107991
S0->S1->S3->S4->S7->S8->S9->S27->S29->S30->S32->S33->S34->S35->S37,L0->L2->L3,16,15,0,0.0,0.0013523050462107991
S0->S1->S3->S4->S6->S8->S9->S26->S29->S30->S32->S33->S34->S36->S37,L0->L2->L3,16,15,0,0.0,0.0013523050462107991
S0->S1->S3->S4->S6->S8->S10->S26->S39->S40->S41->S43->S45->S47->S48->S50->S51,L0->L2->L3,16,17,0,0.0,0.0013523050462107991
S0->S1->S3->S5->S6->S8->S11->S29->S30->S33->S35->S37,L0->L3,16,12,0,0.0,0.0013523050462107991
S0->S1->S2->S4->S7->S8->S10->S27->S39->S40->S41->S44->S45->S47->S48->S50->S51,L0->L2->L3,16,17,1,0.0625,0.0013523050462107991
S0->S1->S3->S5->S6->S8->S10->S29->S30->S31->S32->S33->S34->S35->S37,L0->L3,16,15,0,0.0,0.0013523050462107991
S0->S1->S2->S4->S7->S8->S10->S28->S29->S30->S31->S33->S34->S36->S37,L0->L2->L3,16,15,0,0.0,0.0013523050462107991
S0->S1->S3->S5->S6->S8->S10->S26->S29->S30->S33->S34->S35->S37->S38,L0->L2->L3,16,15,1,0.0625,0.0013523050462107991
S0->S1->S3->S4->S6->S8->S11->S26->S29->S30->S33->S34->S35->S37->S38,L0->L2->L3,16,15,0,0.0,0.0013523050462107991
S0->S1->S2->S5->S6->S8->S10->S24->S29->S30->S33->S34->S35->S37,L0->L1->L3,16,14,0,0.0,0.0013523050462107991
S0->S1->S2->S5->S6->S8->S10->S24->S29->S30->S33->S34->S36->S37,L0->L1->L3,16,14,0,0.0,0.0013523050462107991
S0->S1->S3->S4->S6->S8->S11->S29->S30->S31->S32->S33->S34->S36->S37,L0->L3,16,15,0,0.0,0.0013523050462107991
S0->S1->S3->S5->S6->S11->S29->S30->S33->S34->S36->S37,L0->L3,16,12,0,0.0,0.0013523050462107991
S0->S1->S3->S5->S7->S8->S10->S26->S29->S30->S31->S33->S34->S36->S37,L0->L2->L3,16,15,0,0.0,0.0013523050462107991
S0->S1->S3->S5->S7->S8->S10->S26->S29->S30->S32->S33->S34->S36->S37,L0->L2->L3,16,15,0,0.0,0.0013523050462107991
S0->S1->S3->S5->S6->S8->S9->S29->S30->S32->S34->S36->S37,L0->L3,16,13,0,0.0,0.0013523050462107991
S0->S1->S3->S5->S6->S8->S9->S29->S30->S32->S34->S35->S37,L0->L3,16,13,1,0.0625,0.0013523050462107991
S0->S1->S2->S5->S6->S8->S10->S27->S29->S30->S32->S33->S34->S35->S37,L0->L2->L3,16,15,0,0.0,0.0013523050462107991
S1->S2->S5->S7->S8->S11->S29->S30->S33->S34->S36->S37,L0->L3,16,12,1,0.0625,0.0013523050462107991
S1->S3->S4->S6->S8->S11->S29->S30->S33->S34->S35->S37,L0->L3,16,12,0,0.0,0.0013523050462107991
S1->S3->S4->S6->S8->S10->S29->S30->S33->S34->S36->S37,L0->L3,16,12,0,0.0,0.0013523050462107991
S0->S1->S2->S5->S6->S8->S10->S29->S30->S31->S32->S33->S34->S35->S37,L0->L3,16,15,0,0.0,0.0013523050462107991
S0->S1->S2->S5->S7->S8->S9->S27->S29->S30->S32->S33->S34->S35->S37,L0->L2->L3,16,15,1,0.0625,0.0013523050462107991
S0->S1->S2->S5->S7->S8->S9->S29->S30->S31->S32->S33->S34->S36->S37,L0->L3,16,15,0,0.0,0.0013523050462107991
S0->S3->S5->S6->S8->S10->S29->S30->S33->S34->S36->S37,L0->L3,16,12,0,0.0,0.0013523050462107991
S1->S2->S4->S7->S8->S9->S29->S30->S33->S34->S36->S37,L0->L3,16,12,0,0.0,0.0013523050462107991
S0->S1->S3->S5->S7->S8->S10->S29->S30->S33->S36->S37,L0->L3,16,12,1,0.0625,0.0013523050462107991
S24->S28->S39->S40->S41->S43->S45->S47->S48->S49->S51,L1->L2->L3,16,11,2,0.125,0.0013523050462107991
S0->S1->S3->S5->S7->S8->S10->S27->S39->S40->S41->S43->S45->S47->S48->S49->S51,L0->L2->L3,16,17,0,0.0,0.0013523050462107991
S0->S1->S3->S5->S7->S8->S9->S29->S30->S32->S34->S35->S37,L0->L3,16,13,1,0.0625,0.0013523050462107991
S0->S1->S3->S5->S7->S8->S9->S29->S30->S31->S32->S33->S34->S36->S37,L0->L3,16,15,0,0.0,0.0013523050462107991
S0->S1->S3->S5->S7->S8->S9->S29->S30->S31->S33->S34->S35->S37->S38,L0->L3,16,15,0,0.0,0.0013523050462107991
S0->S1->S3->S5->S7->S8->S9->S26->S29->S30->S32->S33->S34->S36->S37,L0->L2->L3,16,15,0,0.0,0.0013523050462107991
S0->S1->S3->S5->S7->S8->S11->S29->S30->S33->S35->S37,L0->L3,16,12,0,0.0,0.0013523050462107991
S0->S1->S3->S5->S7->S8->S11->S29->S30->S32->S34->S35->S37,L0->L3,16,13,0,0.0,0.0013523050462107991
S0->S1->S3->S5->S7->S8->S11->S29->S30->S32->S34->S36->S37,L0->L3,16,13,1,0.0625,0.0013523050462107991
S0->S1->S3->S5->S7->S8->S11->S27->S29->S30->S32->S33->S34->S35->S37,L0->L2->L3,16,15,0,0.0,0.0013523050462107991
S0->S1->S3->S5->S7->S8->S11->S26->S39->S40->S41->S43->S45->S47->S48->S50->S51,L0->L2->L3,16,17,0,0.0,0.0013523050462107991
S0->S1->S2->S5->S6->S8->S10->S27->S39->S40->S41->S44->S45->S47->S48->S50->S51,L0->L2->L3,16,17,0,0.0,0.0013523050462107991
S0->S1->S2->S5->S7->S9->S29->S30->S33->S34->S35->S37,L0->L3,16,12,0,0.0,0.0013523050462107991
S0->S1->S4->S7->S8->S11->S29->S30->S33->S34->S36->S37,L0->L3,16,12,0,0.0,0.0013523050462107991
S0->S1->S2->S4->S7->S8->S9->S24->S26->S29->S30->S33->S34->S36->S37,L0->L1->L2->L3,16,15,0,0.0,0.0013523050462107991
S0->S2->S4->S6->S8->S11->S29->S30->S33->S34->S36->S37,L0->L3,16,12,1,0.0625,0.0013523050462107991
S0->S1->S5->S7->S8->S11->S29->S30->S33->S34->S36->S37,L0->L3,16,12,0,0.0,0.0013523050462107991
S0->S2->S4->S7->S8->S9->S29->S30->S33->S34->S36->S37,L0->L3,16,12,0,0.0,0.0013523050462107991
S0->S1->S2->S4->S6->S8->S9->S26->S39->S40->S41->S44->S45->S47->S48->S50->S51,L0->L2->L3,16,17,0,0.0,0.0013523050462107991
S0->S1->S2->S5->S7->S8->S11->S26->S29->S30->S33->S34->S36->S37->S38,L0->L2->L3,16,15,1,0.0625,0.0013523050462107991
S0->S1->S2->S4->S7->S8->S9->S26->S29->S30->S33->S34->S36->S37->S38,L0->L2->L3,16,15,0,0.0,0.0013523050462107991
S0->S1->S2->S5->S7->S8->S11->S27->S29->S30->S32->S33->S34->S35->S37,L0->L2->L3,16,15,0,0.0,0.0013523050462107991
S12->S13->S14->S16->S18->S20->S21->S28->S29->S30->S33->S34->S35->S37,L0->L2->L3,16,14,0,0.0,0.0013523050462107991
S0->S1->S2->S4->S6->S8->S11->S27->S39->S40->S41->S43->S45->S47->S48->S49->S51,L0->L2->L3,16,17,1,0.0625,0.0013523050462107991
S12->S13->S15->S16->S18->S20->S22->S28->S29->S30->S33->S34->S36->S37,L0->L2->L3,16,14,0,0.0,0.0013523050462107991
S0->S1->S2->S5->S7->S8->S10->S27->S29->S30->S33->S34->S35->S37->S38,L0->L2->L3,16,15,1,0.0625,0.0013523050462107991
S12->S13->S14->S17->S18->S20->S21->S28->S29->S30->S33->S34->S35->S37,L0->L2->L3,16,14,0,0.0,0.0013523050462107991
S0->S1->S2->S5->S6->S8->S10->S29->S30->S32->S34->S35->S37,L0->L3,16,13,4,0.25,0.0013523050462107991
S0->S1->S2->S5->S6->S9->S29->S30->S33->S34->S35->S37,L0->L3,16,12,0,0.0,0.0013523050462107991
S12->S13->S14->S17->S19->S20->S23->S29->S30->S32->S34->S35->S37,L0->L3,16,13,0,0.0,0.0013523050462107991
S0->S1->S2->S5->S7->S8->S10->S26->S39->S40->S41->S43->S45->S47->S48->S50->S51,L0->L2->L3,16,17,0,0.0,0.0013523050462107991
S0->S1->S2->S4->S6->S8->S9->S11->S29->S30->S33->S34->S35->S37,L0->L3,16,14,0,0.0,0.0013523050462107991
S0->S1->S2->S5->S7->S8->S10->S29->S30->S33->S35->S37,L0->L3,16,12,0,0.0,0.0013523050462107991
S0->S1->S2->S4->S6->S8->S11->S26->S29->S30->S32->S33->S34->S35->S37,L0->L2->L3,16,15,0,0.0,0.0013523050462107991
S0->S1->S2->S4->S6->S8->S10->S29->S30->S32->S34->S35->S37,L0->L3,16,13,3,0.1875,0.0013523050462107991
S12->S13->S15->S16->S19->S20->S23->S29->S30->S32->S36->S37,L0->L3,16,12,3,0.1875,0.0013523050462107991
S12->S13->S15->S16->S19->S20->S21->S29->S30->S32->S34->S36->S37,L0->L3,16,13,3,0.1875,0.0013523050462107991
S12->S13->S15->S16->S19->S20->S22->S29->S30->S32->S35->S37,L0->L3,16,12,7,0.4375,0.0013523050462107991
S12->S13->S15->S16->S18->S20->S23->S29->S30->S32->S36->S37,L0->L3,16,12,2,0.125,0.0013523050462107991
S12->S13->S15->S16->S18->S20->S23->S28->S29->S30->S33->S34->S35->S37,L0->L2->L3,16,14,0,0.0,0.0013523050462107991
S0->S1->S2->S5->S6->S8->S9->S26->S29->S30->S32->S33->S34->S35->S37,L0->L2->L3,16,15,0,0.0,0.0013523050462107991
S0->S1->S2->S4->S6->S8->S11->S24->S26->S29->S30->S33->S34->S36->S37,L0->L1->L2->L3,16,15,0,0.0,0.0013523050462107991
S0->S1->S2->S4->S6->S8->S10->S26->S39->S40->S41->S44->S45->S47->S48->S50->S51,L0->L2->L3,16,17,0,0.0,0.0013523050462107991
S12->S13->S15->S17->S18->S20->S22->S28->S29->S30->S33->S34->S35->S37,L0->L2->L3,16,14,0,0.0,0.0013523050462107991
S12->S13->S15->S17->S18->S20->S21->S28->S29->S30->S33->S34->S35->S37,L0->L2->L3,16,14,0,0.0,0.0013523050462107991
S0->S1->S2->S4->S7->S8->S9->S29->S33->S34->S36->S37,L0->L3,16,12,0,0.0,0.0013523050462107991
S12->S13->S15->S17->S18->S20->S23->S28->S29->S30->S33->S34->S36->S37,L0->L2->L3,16,14,0,0.0,0.0013523050462107991
S0->S1->S2->S5->S6->S8->S11->S27->S39->S40->S41->S44->S45->S47->S48->S50->S51,L0->L2->L3,16,17,0,0.0,0.0013523050462107991
S0->S1->S3->S4->S7->S8->S10->S26->S29->S30->S32->S33->S34->S36->S37,L0->L2->L3,16,15,0,0.0,0.0013523050462107991
S29->S30->S33->S34->S35->S37->S38,L3,16,7,1,0.0625,0.0013523050462107991
S0->S1->S3->S4->S6->S8->S9->S29->S33->S34->S36->S37,L0->L3,15,12,0,0.0,0.001267785980822624
S0->S1->S2->S3->S4->S6->S8->S10->S29->S30->S33->S34->S36->S37,L0->L3,15,14,0,0.0,0.001267785980822624
S0->S1->S2->S4->S7->S8->S10->S24->S29->S30->S33->S34->S36->S37,L0->L1->L3,15,14,1,0.06666666666666667,0.001267785980822624
S24->S28->S29->S30->S33->S34->S35->S37->S38,L1->L2->L3,15,9,0,0.0,0.001267785980822624
S0->S1->S2->S5->S7->S8->S11->S26->S29->S30->S32->S33->S34->S36->S37,L0->L2->L3,15,15,0,0.0,0.001267785980822624
S0->S1->S3->S5->S7->S8->S10->S29->S30->S32->S34->S36->S37,L0->L3,15,13,1,0.06666666666666667,0.001267785980822624
S0->S1->S3->S5->S7->S8->S11->S26->S29->S30->S33->S34->S36->S37->S38,L0->L2->L3,15,15,0,0.0,0.001267785980822624
S0->S1->S3->S4->S6->S8->S10->S27->S29->S30->S33->S34->S35->S37->S38,L0->L2->L3,15,15,0,0.0,0.001267785980822624
S0->S1->S2->S5->S7->S8->S9->S28->S29->S30->S31->S33->S34->S36->S37,L0->L2->L3,15,15,0,0.0,0.001267785980822624
S0->S1->S2->S5->S6->S8->S11->S24->S29->S30->S33->S34->S36->S37,L0->L1->L3,15,14,0,0.0,0.001267785980822624
S12->S13->S14->S16->S19->S20->S22->S28->S29->S30->S33->S34->S35->S37,L0->L2->L3,15,14,0,0.0,0.001267785980822624
S0->S1->S3->S5->S7->S8->S11->S27->S39->S40->S41->S44->S45->S47->S48->S49->S51,L0->L2->L3,15,17,0,0.0,0.001267785980822624
S0->S1->S2->S4->S6->S8->S10->S26->S39->S40->S41->S43->S45->S47->S48->S49->S51,L0->L2->L3,15,17,0,0.0,0.001267785980822624
S0->S1->S2->S5->S6->S8->S11->S28->S29->S30->S31->S33->S34->S35->S37,L0->L2->L3,15,15,0,0.0,0.001267785980822624
S12->S13->S14->S16->S19->S20->S23->S29->S30->S32->S35->S37,L0->L3,15,12,1,0.06666666666666667,0.001267785980822624
S0->S1->S3->S4->S6->S8->S10->S29->S30->S31->S32->S33->S34->S35->S37,L0->L3,15,15,0,0.0,0.001267785980822624
S12->S13->S14->S16->S18->S20->S22->S29->S30->S32->S34->S35->S37,L0->L3,15,13,0,0.0,0.001267785980822624
S0->S1->S2->S4->S7->S8->S9->S27->S29->S30->S32->S33->S34->S35->S37,L0->L2->L3,15,15,0,0.0,0.001267785980822624
S12->S13->S14->S17->S18->S20->S22->S38,L0->L3,15,8,0,0.0,0.001267785980822624
S0->S1->S2->S5->S6->S8->S11->S27->S39->S40->S41->S44->S45->S47->S48->S49->S51,L0->L2->L3,15,17,0,0.0,0.001267785980822624
S0->S1->S3->S5->S6->S8->S11->S28->S29->S30->S31->S33->S34->S36->S37,L0->L2->L3,15,15,0,0.0,0.001267785980822624
S0->S1->S2->S4->S7->S8->S10->S28->S29->S30->S31->S33->S34->S35->S37,L0->L2->L3,15,15,0,0.0,0.001267785980822624
S0->S1->S2->S4->S6->S8->S10->S27->S39->S40->S41->S44->S45->S47->S48->S49->S51,L0->L2->L3,15,17,0,0.0,0.001267785980822624
S12->S13->S15->S17->S18->S20->S22->S28->S29->S30->S33->S34->S36->S37,L0->L2->L3,15,14,0,0.0,0.001267785980822624
S0->S1->S2->S4->S7->S8->S11->S26->S29->S30->S32->S33->S34->S36->S37,L0->L2->L3,15,15,0,0.0,0.001267785980822624
S0->S1->S2->S4->S6->S11->S29->S30->S33->S34->S36->S37,L0->L3,15,12,0,0.0,0.001267785980822624
S0->S1->S2->S4->S7->S8->S11->S26->S29->S30->S33->S34->S35->S37->S38,L0->L2->L3,15,15,0,0.0,0.001267785980822624
S12->S13->S15->S17->S19->S20->S22->S29->S30->S32->S35->S37,L0->L3,15,12,0,0.0,0.001267785980822624
S0->S1->S3->S5->S6->S8->S11->S29->S30->S31->S32->S33->S34->S35->S37,L0->L3,15,15,0,0.0,0.001267785980822624
S0->S1->S2->S5->S7->S8->S10->S26->S39->S40->S41->S44->S45->S47->S48->S49->S51,L0->L2->L3,15,17,0,0.0,0.001267785980822624
S0->S1->S3->S4->S6->S8->S10->S29->S33->S34->S35->S37,L0->L3,15,12,0,0.0,0.001267785980822624
S0->S1->S2->S4->S7->S8->S10->S27->S29->S30->S33->S34->S35->S37->S38,L0->L2->L3,15,15,1,0.06666666666666667,0.001267785980822624
S12->S13->S14->S17->S18->S20->S23->S29->S30->S32->S36->S37,L0->L3,15,12,4,0.26666666666666666,0.001267785980822624
S0->S1->S3->S4->S7->S8->S11->S24->S26->S29->S30->S33->S34->S36->S37,L0->L1->L2->L3,15,15,0,0.0,0.001267785980822624
S0->S1->S3->S4->S7->S8->S10->S29->S33->S34->S35->S37,L0->L3,15,12,0,0.0,0.001267785980822624
S0->S1->S3->S4->S7->S8->S11->S24->S29->S30->S33->S34->S36->S37,L0->L1->L3,15,14,0,0.0,0.001267785980822624
S25->S26->S27->S29->S30->S32->S33->S34->S36->S37,L1->L2->L3,15,10,0,0.0,0.001267785980822624
S25->S26->S27->S29->S30->S32->S33->S34->S35->S37,L1->L2->L3,15,10,0,0.0,0.001267785980822624
S0->S1->S3->S5->S7->S8->S9->S24->S26->S29->S30->S33->S34->S35->S37,L0->L1->L2->L3,15,15,0,0.0,0.001267785980822624
S1->S3->S4->S7->S8->S9->S29->S30->S33->S34->S35->S37,L0->L3,15,12,0,0.0,0.001267785980822624
S0->S1->S4->S7->S8->S9->S29->S30->S33->S34->S36->S37,L0->L3,15,12,0,0.0,0.001267785980822624
S0->S1->S3->S4->S6->S8->S11->S27->S39->S40->S41->S43->S45->S47->S48->S50->S51,L0->L2->L3,15,17,0,0.0,0.001267785980822624
S0->S1->S2->S5->S7->S8->S9->S27->S39->S40->S41->S43->S45->S47->S48->S50->S51,L0->L2->L3,15,17,0,0.0,0.001267785980822624
S0->S1->S2->S5->S6->S8->S10->S28->S29->S30->S31->S33->S34->S36->S37,L0->L2->L3,15,15,0,0.0,0.001267785980822624
S24->S28->S29->S30->S32->S33->S34->S35->S37,L1->L2->L3,15,9,0,0.0,0.001267785980822624
S0->S1->S5->S6->S8->S9->S29->S30->S33->S34->S36->S37,L0->L3,15,12,0,0.0,0.001267785980822624
S0->S1->S2->S5->S7->S8->S9->S26->S29->S30->S32->S33->S34->S35->S37,L0->L2->L3,15,15,0,0.0,0.001267785980822624
S0->S1->S3->S4->S7->S8->S9->S24->S29->S30->S33->S34->S36->S37,L0->L1->L3,15,14,0,0.0,0.001267785980822624
S0->S1->S3->S4->S7->S8->S9->S24->S29->S30->S33->S34->S35->S37,L0->L1->L3,15,14,0,0.0,0.001267785980822624
S0->S2->S5->S7->S8->S11->S29->S30->S33->S34->S36->S37,L0->L3,15,12,0,0.0,0.001267785980822624
S0->S1->S5->S7->S8->S9->S29->S30->S33->S34->S35->S37,L0->L3,15,12,0,0.0,0.001267785980822624
S0->S1->S3->S4->S7->S8->S9->S24->S26->S29->S30->S33->S34->S35->S37,L0->L1->L2->L3,15,15,0,0.0,0.001267785980822624
S0->S1->S2->S4->S6->S8->S10->S24->S29->S30->S33->S34->S36->S37,L0->L1->L3,15,14,0,0.0,0.001267785980822624
S25->S26->S39->S40->S41->S43->S44->S45->S47->S48->S49->S51,L1->L2->L3,15,12,0,0.0,0.001267785980822624
S0->S1->S2->S5->S6->S8->S9->S27->S39->S40->S41->S43->S45->S47->S48->S50->S51,L0->L2->L3,15,17,0,0.0,0.001267785980822624
S12->S13->S14->S17->S19->S20->S23->S38,L0->L3,15,8,0,0.0,0.001267785980822624
S0->S1->S2->S5->S6->S8->S9->S29->S30->S31->S32->S33->S34->S36->S37,L0->L3,15,15,0,0.0,0.001267785980822624
S0->S1->S3->S5->S6->S8->S10->S26->S39->S40->S41->S43->S45->S47->S48->S49->S51,L0->L2->L3,15,17,0,0.0,0.001267785980822624
S0->S1->S3->S5->S7->S8->S9->S29->S30->S32->S34->S36->S37,L0->L3,15,13,2,0.13333333333333333,0.001267785980822624
S0->S1->S3->S5->S6->S8->S11->S26->S29->S30->S32->S33->S34->S36->S37,L0->L2->L3,15,15,0,0.0,0.001267785980822624
S12->S13->S14->S17->S19->S20->S22->S28->S29->S30->S33->S34->S36->S37,L0->L2->L3,15,14,0,0.0,0.001267785980822624
S12->S13->S14->S16->S18->S20->S21->S29->S30->S32->S35->S37,L0->L3,15,12,5,0.3333333333333333,0.001267785980822624
S1->S3->S5->S7->S8->S10->S29->S30->S33->S34->S36->S37,L0->L3,15,12,0,0.0,0.001267785980822624
S0->S1->S2->S5->S7->S8->S9->S27->S39->S40->S41->S44->S45->S47->S48->S49->S51,L0->L2->L3,15,17,0,0.0,0.001267785980822624
S0->S1->S2->S4->S6->S9->S29->S30->S33->S34->S35->S37,L0->L3,15,12,1,0.06666666666666667,0.001267785980822624
S0->S1->S3->S5->S6->S8->S11->S27->S29->S30->S33->S34->S35->S37->S38,L0->L2->L3,15,15,0,0.0,0.001267785980822624
S12->S13->S15->S17->S19->S20->S21->S29->S30->S32->S35->S37,L0->L3,15,12,1,0.06666666666666667,0.001267785980822624
S0->S1->S3->S4->S7->S8->S10->S29->S33->S34->S36->S37,L0->L3,15,12,1,0.06666666666666667,0.001267785980822624
S12->S13->S14->S17->S18->S20->S23->S38,L0->L3,15,8,0,0.0,0.001267785980822624
S0->S1->S2->S4->S6->S8->S11->S27->S39->S40->S41->S44->S45->S47->S48->S50->S51,L0->L2->L3,15,17,0,0.0,0.001267785980822624
S0->S1->S3->S4->S7->S8->S11->S26->S39->S40->S41->S44->S45->S47->S48->S49->S51,L0->L2->L3,15,17,0,0.0,0.001267785980822624
S0->S1->S3->S4->S7->S8->S9->S10->S29->S30->S33->S34->S35->S37,L0->L3,15,14,0,0.0,0.001267785980822624
S0->S1->S2->S4->S7->S8->S10->S29->S30->S33->S35->S37,L0->L3,15,12,0,0.0,0.001267785980822624
S0->S1->S2->S4->S7->S8->S9->S29->S30->S32->S34->S35->S37,L0->L3,15,13,1,0.06666666666666667,0.001267785980822624
S0->S1->S3->S4->S6->S8->S11->S27->S29->S30->S32->S33->S34->S36->S37,L0->L2->L3,15,15,0,0.0,0.001267785980822624
S0->S1->S3->S5->S6->S8->S10->S11->S29->S30->S33->S34->S35->S37,L0->L3,15,14,0,0.0,0.001267785980822624
S0->S1->S3->S5->S6->S11->S29->S30->S33->S34->S35->S37,L0->L3,15,12,0,0.0,0.001267785980822624
S0->S1->S2->S4->S7->S8->S9->S29->S30->S33->S35->S37,L0->L3,15,12,0,0.0,0.001267785980822624
S0->S1->S2->S4->S6->S8->S10->S29->S30->S33->S35->S37,L0->L3,15,12,0,0.0,0.001267785980822624
S25->S26->S29->S30->S33->S34->S36,L1->L2->L3,15,7,0,0.0,0.001267785980822624
S1->S2->S5->S7->S8->S9->S29->S30->S33->S34->S36->S37,L0->L3,15,12,0,0.0,0.001267785980822624
S0->S1->S3->S5->S6->S8->S9->S26->S39->S40->S41->S44->S45->S47->S48->S49->S51,L0->L2->L3,14,17,0,0.0,0.0011832669154344493
S0->S1->S3->S5->S6->S8->S9->S26->S39->S40->S41->S44->S45->S47->S48->S50->S51,L0->L2->L3,14,17,0,0.0,0.0011832669154344493
S0->S1->S2->S4->S7->S8->S10->S27->S29->S30->S32->S33->S34->S36->S37,L0->L2->L3,14,15,0,0.0,0.0011832669154344493
S0->S1->S3->S4->S6->S8->S10->S26->S29->S30->S32->S33->S34->S35->S37,L0->L2->L3,14,15,0,0.0,0.0011832669154344493
S0->S1->S3->S5->S6->S9->S29->S30->S33->S34->S35->S37,L0->L3,14,12,0,0.0,0.0011832669154344493
S0->S1->S2->S5->S7->S8->S10->S29->S30->S33->S36->S37,L0->L3,14,12,0,0.0,0.0011832669154344493
S0->S1->S3->S4->S7->S8->S10->S26->S39->S40->S41->S44->S45->S47->S48->S50->S51,L0->L2->L3,14,17,0,0.0,0.0011832669154344493
S0->S1->S2->S5->S7->S8->S11->S26->S39->S40->S41->S43->S45->S47->S48->S50->S51,L0->L2->L3,14,17,0,0.0,0.0011832669154344493
S0->S1->S2->S5->S7->S8->S11->S27->S39->S40->S41->S44->S45->S47->S48->S49->S51,L0->L2->L3,14,17,0,0.0,0.0011832669154344493
S0->S1->S3->S4->S6->S8->S10->S26->S39->S40->S41->S44->S45->S47->S48->S49->S51,L0->L2->L3,14,17,0,0.0,0.0011832669154344493
S0->S1->S3->S5->S7->S8->S11->S29->S33->S34->S35->S37,L0->L3,14,12,0,0.0,0.0011832669154344493
S12->S13->S14->S17->S18->S20->S21->S29->S30->S32->S34->S36->S37,L0->L3,14,13,0,0.0,0.0011832669154344493
S0->S1->S3->S4->S6->S8->S10->S27->S39->S40->S41->S43->S45->S47->S48->S50->S51,L0->L2->L3,14,17,0,0.0,0.0011832669154344493
S12->S13->S14->S16->S18->S20->S21->S38,L0->L3,14,8,0,0.0,0.0011832669154344493
S0->S1->S2->S4->S7->S8->S9->S26->S29->S30->S32->S33->S34->S36->S37,L0->L2->L3,14,15,0,0.0,0.0011832669154344493
S0->S1->S3->S4->S6->S8->S10->S24->S26->S29->S30->S33->S34->S35->S37,L0->L1->L2->L3,14,15,0,0.0,0.0011832669154344493
S0->S1->S2->S5->S6->S8->S10->S27->S29->S30->S33->S34->S36->S37->S38,L0->L2->L3,14,15,0,0.0,0.0011832669154344493
S0->S1->S2->S4->S6->S8->S10->S24->S26->S29->S30->S33->S34->S36->S37,L0->L1->L2->L3,14,15,0,0.0,0.0011832669154344493
S12->S13->S15->S17->S19->S20->S23->S29->S30->S32->S35->S37,L0->L3,14,12,3,0.21428571428571427,0.0011832669154344493
S12->S13->S15->S17->S19->S20->S21->S28->S29->S30->S33->S34->S36->S37,L0->L2->L3,14,14,0,0.0,0.0011832669154344493
S0->S1->S2->S5->S6->S10->S29->S30->S33->S34->S35->S37,L0->L3,14,12,0,0.0,0.0011832669154344493
S0->S2->S5->S7->S8->S10->S29->S30->S33->S34->S36->S37,L0->L3,14,12,0,0.0,0.0011832669154344493
S0->S1->S2->S4->S6->S8->S11->S28->S29->S30->S31->S33->S34->S36->S37,L0->L2->L3,14,15,0,0.0,0.0011832669154344493
S0->S1->S2->S4->S6->S10->S29->S30->S33->S34->S35->S37,L0->L3,14,12,1,0.07142857142857142,0.0011832669154344493
S0->S1->S4->S6->S8->S9->S29->S30->S33->S34->S35->S37,L0->L3,14,12,0,0.0,0.0011832669154344493
S0->S1->S4->S6->S8->S10->S29->S30->S33->S34->S35->S37,L0->L3,14,12,1,0.07142857142857142,0.0011832669154344493
S0->S1->S4->S6->S8->S10->S29->S30->S33->S34->S36->S37,L0->L3,14,12,0,0.0,0.0011832669154344493
S0->S1->S2->S4->S7->S11->S29->S30->S33->S34->S35->S37,L0->L3,14,12,0,0.0,0.0011832669154344493
S1->S3->S5->S7->S8->S9->S29->S30->S33->S34->S35->S37,L0->L3,14,12,0,0.0,0.0011832669154344493
S0->S1->S2->S5->S7->S10->S29->S30->S33->S34->S36->S37,L0->L3,14,12,0,0.0,0.0011832669154344493
S0->S1->S2->S4->S6->S8->S11->S29->S30->S31->S32->S33->S34->S36->S37,L0->L3,14,15,0,0.0,0.0011832669154344493
S0->S1->S2->S5->S7->S11->S29->S30->S33->S34->S36->S37,L0->L3,14,12,0,0.0,0.0011832669154344493
S1->S3->S5->S6->S8->S11->S29->S30->S33->S34->S36->S37,L0->L3,14,12,0,0.0,0.0011832669154344493
S0->S1->S2->S4->S6->S8->S11->S29->S30->S32->S34->S36->S37,L0->L3,14,13,1,0.07142857142857142,0.0011832669154344493
S0->S1->S2->S4->S6->S8->S11->S29->S33->S34->S35->S37,L0->L3,14,12,0,0.0,0.0011832669154344493
S0->S1->S3->S4->S7->S8->S11->S27->S39->S40->S41->S43->S45->S47->S48->S49->S51,L0->L2->L3,14,17,1,0.07142857142857142,0.0011832669154344493
S24->S26->S30->S31->S33->S34->S35->S37,L1->L2->L3,14,8,0,0.0,0.0011832669154344493
S24->S27->S29->S30->S32->S34->S35->S37,L1->L2->L3,14,8,0,0.0,0.0011832669154344493
S0->S1->S2->S5->S7->S8->S10->S26->S29->S30->S33->S34->S36->S37->S38,L0->L2->L3,14,15,0,0.0,0.0011832669154344493
S0->S1->S3->S4->S7->S8->S11->S26->S29->S30->S32->S33->S34->S36->S37,L0->L2->L3,14,15,0,0.0,0.0011832669154344493
S0->S1->S3->S5->S6->S8->S11->S26->S39->S40->S41->S44->S45->S47->S48->S49->S51,L0->L2->L3,14,17,0,0.0,0.0011832669154344493
S0->S1->S3->S5->S6->S8->S11->S27->S39->S40->S41->S44->S45->S47->S48->S50->S51,L0->L2->L3,14,17,0,0.0,0.0011832669154344493
S0->S1->S2->S4->S6->S8->S11->S29->S33->S34->S36->S37,L0->L3,14,12,0,0.0,0.0011832669154344493
S0->S1->S3->S5->S7->S8->S9->S24->S29->S30->S33->S34->S35->S37,L0->L1->L3,14,14,0,0.0,0.0011832669154344493
S0->S1->S2->S5->S7->S8->S10->S26->S29->S30->S32->S33->S34->S35->S37,L0->L2->L3,14,15,0,0.0,0.0011832669154344493
S0->S1->S2->S5->S6->S8->S10->S29->S30->S33->S36->S37,L0->L3,14,12,0,0.0,0.0011832669154344493
S0->S1->S3->S4->S7->S8->S11->S24->S26->S29->S30->S33->S34->S35->S37,L0->L1->L2->L3,14,15,0,0.0,0.0011832669154344493
S0->S1->S3->S5->S6->S8->S9->S26->S29->S30->S32->S33->S34->S36->S37,L0->L2->L3,14,15,0,0.0,0.0011832669154344493
S0->S1->S2->S5->S7->S8->S10->S26->S39->S40->S41->S43->S45->S47->S48->S49->S51,L0->L2->L3,14,17,0,0.0,0.0011832669154344493
S0->S1->S3->S4->S6->S8->S9->S26->S29->S30->S33->S34->S36->S37->S38,L0->L2->L3,14,15,0,0.0,0.0011832669154344493
S0->S1->S2->S5->S6->S8->S10->S29->S30->S32->S34->S36->S37,L0->L3,14,13,2,0.14285714285714285,0.0011832669154344493
S0->S1->S2->S4->S7->S8->S11->S26->S29->S30->S33->S34->S36->S37->S38,L0->L2->L3,14,15,0,0.0,0.0011832669154344493
S0->S1->S3->S5->S6->S8->S11->S29->S33->S34->S36->S37,L0->L3,14,12,0,0.0,0.0011832669154344493
S1->S3->S4->S6->S8->S9->S29->S30->S33->S34->S36->S37,L0->L3,14,12,0,0.0,0.0011832669154344493
S0->S1->S3->S4->S7->S8->S9->S29->S30->S33->S36->S37,L0->L3,14,12,0,0.0,0.0011832669154344493
S0->S1->S3->S4->S7->S8->S9->S29->S33->S34->S35->S37,L0->L3,14,12,0,0.0,0.0011832669154344493
S12->S13->S15->S16->S18->S20->S22->S29->S30->S32->S36->S37,L0->L3,14,12,3,0.21428571428571427,0.0011832669154344493
S0->S1->S2->S4->S7->S8->S9->S29->S30->S33->S36->S37,L0->L3,14,12,0,0.0,0.0011832669154344493
S0->S1->S2->S5->S6->S8->S9->S27->S29->S30->S32->S33->S34->S36->S37,L0->L2->L3,14,15,2,0.14285714285714285,0.0011832669154344493
S0->S1->S2->S5->S6->S8->S9->S28->S29->S30->S31->S33->S34->S36->S37,L0->L2->L3,14,15,1,0.07142857142857142,0.0011832669154344493
S0->S1->S3->S5->S6->S8->S10->S26->S29->S30->S33->S34->S36->S37->S38,L0->L2->L3,14,15,0,0.0,0.0011832669154344493
S0->S1->S2->S4->S6->S8->S11->S27->S29->S30->S33->S34->S36->S37->S38,L0->L2->L3,14,15,0,0.0,0.0011832669154344493
S0->S1->S2->S5->S6->S8->S11->S29->S30->S33->S35->S37,L0->L3,14,12,0,0.0,0.0011832669154344493
S25->S26->S29->S30->S32->S35->S37->S38,L1->L2->L3,14,8,0,0.0,0.0011832669154344493
S0->S1->S2->S5->S6->S8->S9->S29->S30->S33->S36->S37,L0->L3,14,12,0,0.0,0.0011832669154344493
S12->S13->S15->S17->S18->S20->S21->S29->S30->S32->S35->S37,L0->L3,14,12,3,0.21428571428571427,0.0011832669154344493
S1->S2->S5->S7->S8->S11->S29->S30->S33->S34->S35->S37,L0->L3,14,12,0,0.0,0.0011832669154344493
S0->S1->S2->S5->S6->S8->S9->S29->S30->S33->S35->S37,L0->L3,14,12,0,0.0,0.0011832669154344493
S25->S27->S29->S30->S32->S36->S37,L1->L2->L3,14,7,3,0.21428571428571427,0.0011832669154344493
S0->S1->S2->S4->S6->S8->S11->S24->S29->S30->S33->S34->S35->S37,L0->L1->L3,14,14,0,0.0,0.0011832669154344493
S0->S1->S3->S4->S6->S8->S11->S29->S33->S34->S35->S37,L0->L3,14,12,0,0.0,0.0011832669154344493
S0->S1->S2->S4->S7->S8->S11->S29->S30->S33->S34->S35,L0->L3,14,12,0,0.0,0.0011832669154344493
S1->S2->S4->S7->S8->S10->S29->S30->S33->S34->S35->S37,L0->L3,14,12,0,0.0,0.0011832669154344493
S0->S1->S2->S4->S7->S8->S9->S24->S29->S30->S33->S34->S36->S37,L0->L1->L3,14,14,0,0.0,0.0011832669154344493
S0->S1->S5->S7->S8->S10->S29->S30->S33->S34->S36->S37,L0->L3,14,12,0,0.0,0.0011832669154344493
S0->S3->S5->S7->S8->S11->S29->S30->S33->S34->S36->S37,L0->L3,14,12,0,0.0,0.0011832669154344493
S0->S1->S3->S4->S6->S8->S9->S11->S29->S30->S33->S34->S36->S37,L0->L3,14,14,0,0.0,0.0011832669154344493
S0->S1->S3->S4->S7->S8->S9->S24->S26->S29->S30->S33->S34->S36->S37,L0->L1->L2->L3,14,15,0,0.0,0.0011832669154344493
S0->S1->S3->S4->S6->S8->S9->S29->S33->S34->S35->S37,L0->L3,14,12,0,0.0,0.0011832669154344493
S0->S1->S3->S4->S6->S8->S9->S28->S29->S30->S31->S33->S34->S35->S37,L0->L2->L3,14,15,0,0.0,0.0011832669154344493
S0->S2->S5->S6->S8->S9->S29->S30->S33->S34->S36->S37,L0->L3,14,12,0,0.0,0.0011832669154344493
S0->S1->S3->S4->S7->S10->S29->S30->S33->S34->S36->S37,L0->L3,14,12,0,0.0,0.0011832669154344493
S0->S1->S2->S5->S7->S8->S9->S29->S30->S32->S34->S35->S37,L0->L3,14,13,2,0.14285714285714285,0.0011832669154344493
S0->S2->S4->S6->S8->S11->S29->S30->S33->S34->S35->S37,L0->L3,14,12,0,0.0,0.0011832669154344493
S0->S1->S3->S4->S6->S8->S9->S29->S30->S32->S34->S35->S37,L0->L3,14,13,1,0.07142857142857142,0.0011832669154344493
S0->S1->S2->S4->S7->S8->S11->S27->S39->S40->S41->S44->S45->S47->S48->S50->S51,L0->L2->L3,14,17,0,0.0,0.0011832669154344493
S0->S1->S5->S7->S8->S10->S29->S30->S33->S34->S35->S37,L0->L3,13,12,0,0.0,0.0010987478500462742
S0->S1->S3->S4->S6->S8->S10->S29->S30->S32->S33->S34->S36->S37->S38,L0->L3,13,15,0,0.0,0.0010987478500462742
S0->S2->S5->S6->S8->S10->S29->S30->S33->S34->S35->S37,L0->L3,13,12,0,0.0,0.0010987478500462742
S0->S2->S4->S7->S8->S11->S29->S30->S33->S34->S35->S37,L0->L3,13,12,0,0.0,0.0010987478500462742
S0->S1->S3->S4->S6->S8->S9->S27->S29->S30->S33->S34->S36->S37->S38,L0->L2->L3,13,15,0,0.0,0.0010987478500462742
S0->S1->S3->S5->S6->S8->S9->S27->S39->S40->S41->S44->S45->S47->S48->S49->S51,L0->L2->L3,13,17,1,0.07692307692307693,0.0010987478500462742
S0->S1->S3->S5->S7->S8->S10->S29->S30->S32->S34->S35->S37,L0->L3,13,13,1,0.07692307692307693,0.0010987478500462742
S0->S1->S2->S5->S7->S8->S11->S28->S29->S30->S31->S33->S34->S35->S37,L0->L2->L3,13,15,0,0.0,0.0010987478500462742
S0->S1->S3->S5->S6->S8->S10->S26->S39->S40->S41->S43->S45->S47->S48->S50->S51,L0->L2->L3,13,17,0,0.0,0.0010987478500462742
S0->S1->S2->S5->S6->S8->S9->S26->S39->S40->S41->S44->S45->S47->S48->S50->S51,L0->L2->L3,13,17,0,0.0,0.0010987478500462742
S24->S26->S29->S30->S32->S33->S34->S36->S37->S38,L1->L2->L3,13,10,0,0.0,0.0010987478500462742
S0->S1->S3->S4->S7->S8->S9->S27->S29->S30->S32->S33->S34->S36->S37,L0->L2->L3,13,15,0,0.0,0.0010987478500462742
S0->S1->S2->S4->S7->S8->S11->S27->S29->S30->S32->S33->S34->S36->S37,L0->L2->L3,13,15,0,0.0,0.0010987478500462742
S0->S1->S2->S5->S6->S8->S10->S28->S29->S30->S31->S33->S34->S35->S37,L0->L2->L3,13,15,0,0.0,0.0010987478500462742
S0->S1->S3->S4->S6->S8->S11->S29->S33->S34->S36->S37,L0->L3,13,12,0,0.0,0.0010987478500462742
S0->S3->S5->S7->S8->S11->S29->S30->S33->S34->S35->S37,L0->L3,13,12,0,0.0,0.0010987478500462742
S0->S1->S2->S4->S7->S8->S9->S28->S29->S30->S31->S33->S34->S36->S37,L0->L2->L3,13,15,0,0.0,0.0010987478500462742
S0->S1->S2->S5->S7->S8->S10->S27->S39->S40->S41->S44->S45->S47->S48->S49->S51,L0->L2->L3,13,17,0,0.0,0.0010987478500462742
S0->S1->S5->S6->S8->S10->S29->S30->S33->S34->S35->S37,L0->L3,13,12,1,0.07692307692307693,0.0010987478500462742
S0->S1->S3->S4->S7->S8->S9->S29->S33->S34->S36->S37,L0->L3,13,12,0,0.0,0.0010987478500462742
S0->S1->S2->S5->S6->S8->S9->S27->S39->S40->S41->S43->S45->S47->S48->S49->S51,L0->L2->L3,13,17,0,0.0,0.0010987478500462742
S0->S1->S2->S4->S6->S8->S9->S29->S30->S32->S36->S37->S38,L0->L3,13,13,0,0.0,0.0010987478500462742
S0->S1->S2->S5->S7->S8->S11->S29->S30->S33->S35->S37,L0->L3,13,12,0,0.0,0.0010987478500462742
S24->S29->S30->S32->S34->S35->S37,L1->L3,13,7,1,0.07692307692307693,0.0010987478500462742
S0->S1->S2->S4->S6->S8->S9->S29->S30->S31->S32->S33->S34->S36->S37,L0->L3,13,15,0,0.0,0.0010987478500462742
S0->S1->S2->S4->S6->S8->S9->S29->S30->S31->S32->S33->S34->S35->S37,L0->L3,13,15,0,0.0,0.0010987478500462742
S0->S1->S2->S5->S6->S8->S10->S27->S29->S30->S32->S33->S34->S36->S37,L0->L2->L3,13,15,0,0.0,0.0010987478500462742
S0->S1->S3->S5->S7->S8->S9->S26->S29->S30->S32->S33->S34->S35->S37,L0->L2->L3,13,15,1,0.07692307692307693,0.0010987478500462742
S0->S1->S2->S5->S6->S8->S9->S27->S29->S30->S32->S33->S34->S35->S37,L0->L2->L3,13,15,0,0.0,0.0010987478500462742
S0->S1->S3->S4->S6->S8->S11->S27->S29->S30->S33->S34->S36->S37->S38,L0->L2->L3,13,15,0,0.0,0.0010987478500462742
S0->S1->S2->S5->S7->S8->S11->S39->S40->S41->S43->S44->S45->S47->S48->S49->S51,L0->L3,13,17,0,0.0,0.0010987478500462742
S0->S1->S3->S5->S7->S10->S29->S30->S33->S34->S35->S37,L0->L3,13,12,0,0.0,0.0010987478500462742
S0->S2->S4->S7->S8->S9->S29->S30->S33->S34->S35->S37,L0->L3,13,12,0,0.0,0.0010987478500462742
S0->S1->S2->S4->S7->S8->S10->S29->S30->S31->S32->S33->S34->S36->S37,L0->L3,13,15,0,0.0,0.0010987478500462742
S0->S1->S4->S7->S8->S11->S29->S30->S33->S34->S35->S37,L0->L3,13,12,0,0.0,0.0010987478500462742
S0->S1->S2->S4->S6->S8->S11->S28->S29->S30->S31->S33->S34->S35->S37,L0->L2->L3,13,15,0,0.0,0.0010987478500462742
S0->S1->S3->S5->S7->S8->S10->S26->S29->S30->S33->S34->S36->S37->S38,L0->L2->L3,13,15,2,0.15384615384615385,0.0010987478500462742
S0->S1->S3->S5->S7->S8->S10->S27->S39->S40->S41->S43->S45->S47->S48->S50->S51,L0->L2->L3,13,17,0,0.0,0.0010987478500462742
S0->S1->S3->S5->S6->S8->S10->S27->S39->S40->S41->S44->S45->S47->S48->S49->S51,L0->L2->L3,13,17,0,0.0,0.0010987478500462742
S0->S1->S2->S3->S5->S6->S8->S9->S29->S30->S33->S34->S36->S37,L0->L3,13,14,0,0.0,0.0010987478500462742
S0->S1->S2->S5->S6->S8->S10->S26->S29->S30->S32->S33->S34->S36->S37,L0->L2->L3,13,15,0,0.0,0.0010987478500462742
S0->S1->S3->S5->S7->S8->S10->S28->S29->S30->S31->S33->S34->S35->S37,L0->L2->L3,13,15,0,0.0,0.0010987478500462742
S0->S1->S3->S4->S6->S8->S9->S26->S39->S40->S41->S44->S45->S47->S48->S49->S51,L0->L2->L3,13,17,0,0.0,0.0010987478500462742
S0->S1->S3->S4->S7->S8->S10->S27->S39->S40->S41->S43->S45->S47->S48->S50->S51,L0->L2->L3,13,17,0,0.0,0.0010987478500462742
S0->S1->S2->S4->S7->S8->S9->S11->S29->S30->S33->S34->S35->S37,L0->L3,13,14,0,0.0,0.0010987478500462742
S0->S1->S3->S4->S6->S8->S9->S29->S30->S31->S32->S33->S34->S36->S37,L0->L3,13,15,0,0.0,0.0010987478500462742
S12->S13->S14->S16->S19->S20->S22->S29->S30->S32->S35->S37,L0->L3,13,12,3,0.23076923076923078,0.0010987478500462742
S0->S1->S3->S4->S6->S8->S10->S27->S29->S30->S32->S33->S34->S36->S37,L0->L2->L3,13,15,0,0.0,0.0010987478500462742
S12->S13->S15->S17->S18->S20->S22->S29->S30->S32->S36->S37,L0->L3,13,12,2,0.15384615384615385,0.0010987478500462742
S0->S1->S3->S4->S6->S8->S10->S26->S29->S30->S33->S34->S35->S37->S38,L0->L2->L3,13,15,0,0.0,0.0010987478500462742
S0->S1->S3->S4->S7->S8->S11->S29->S30->S33->S36->S37,L0->L3,13,12,0,0.0,0.0010987478500462742
S0->S1->S3->S4->S7->S8->S11->S29->S33->S34->S36->S37,L0->L3,13,12,0,0.0,0.0010987478500462742
S0->S1->S2->S5->S6->S8->S9->S29->S30->S32->S34->S36->S37,L0->L3,13,13,0,0.0,0.0010987478500462742
S0->S1->S3->S5->S6->S8->S10->S27->S29->S30->S33->S34->S36->S37->S38,L0->L2->L3,13,15,0,0.0,0.0010987478500462742
S0->S1->S2->S4->S7->S8->S11->S29->S33->S34->S36->S37,L0->L3,13,12,0,0.0,0.0010987478500462742
S0->S1->S3->S4->S7->S8->S9->S10->S29->S30->S33->S34->S36->S37,L0->L3,13,14,0,0.0,0.0010987478500462742
S0->S1->S2->S4->S7->S8->S9->S26->S39->S40->S41->S44->S45->S47->S48->S49->S51,L0->L2->L3,13,17,0,0.0,0.0010987478500462742
S0->S1->S2->S4->S6->S8->S9->S26->S39->S40->S41->S43->S45->S47->S48->S49->S51,L0->L2->L3,13,17,0,0.0,0.0010987478500462742
S0->S1->S2->S4->S6->S8->S11->S26->S39->S40->S41->S43->S45->S47->S48->S50->S51,L0->L2->L3,13,17,0,0.0,0.0010987478500462742
S0->S1->S3->S4->S7->S8->S11->S29->S30->S32->S34->S36->S37,L0->L3,13,13,1,0.07692307692307693,0.0010987478500462742
S1->S3->S4->S7->S8->S11->S29->S30->S33->S34->S35->S37,L0->L3,13,12,0,0.0,0.0010987478500462742
S12->S13->S15->S16->S19->S20->S23->S29->S30->S32->S35->S37,L0->L3,13,12,5,0.38461538461538464,0.0010987478500462742
S1->S3->S4->S7->S8->S10->S29->S30->S33->S34->S36->S37,L0->L3,13,12,0,0.0,0.0010987478500462742
S0->S1->S2->S5->S7->S8->S9->S26->S29->S30->S33->S34->S35->S37->S38,L0->L2->L3,13,15,0,0.0,0.0010987478500462742
S1->S2->S4->S7->S8->S10->S29->S30->S33->S34->S36->S37,L0->L3,13,12,0,0.0,0.0010987478500462742
S12->S13->S15->S16->S18->S20->S21->S38,L0->L3,13,8,0,0.0,0.0010987478500462742
S0->S1->S3->S5->S7->S8->S9->S26->S39->S40->S41->S43->S45->S47->S48->S50->S51,L0->L2->L3,13,17,0,0.0,0.0010987478500462742
S12->S13->S15->S17->S18->S20->S22->S38,L0->L3,13,8,0,0.0,0.0010987478500462742
S0->S1->S2->S5->S7->S8->S10->S27->S39->S40->S41->S43->S45->S47->S48->S50->S51,L0->L2->L3,13,17,0,0.0,0.0010987478500462742
S0->S1->S3->S5->S7->S8->S9->S26->S29->S30->S33->S34->S35->S37->S38,L0->L2->L3,13,15,0,0.0,0.0010987478500462742
S0->S1->S3->S4->S7->S8->S10->S26->S29->S30->S33->S34->S36->S37->S38,L0->L2->L3,13,15,0,0.0,0.0010987478500462742
S0->S1->S2->S5->S7->S8->S11->S26->S39->S40->S41->S44->S45->S47->S48->S50->S51,L0->L2->L3,13,17,0,0.0,0.0010987478500462742
S0->S1->S3->S4->S7->S8->S10->S24->S26->S29->S30->S33->S34->S35->S37,L0->L1->L2->L3,13,15,0,0.0,0.0010987478500462742
S0->S1->S3->S4->S7->S8->S10->S26->S39->S40->S41->S43->S45->S47->S48->S50->S51,L0->L2->L3,13,17,0,0.0,0.0010987478500462742
S0->S1->S3->S5->S6->S8->S11->S26->S39->S40->S41->S43->S45->S47->S48->S49->S51,L0->L2->L3,13,17,0,0.0,0.0010987478500462742
S0->S1->S3->S5->S6->S8->S11->S26->S29->S30->S31->S33->S34->S36->S37,L0->L2->L3,13,15,0,0.0,0.0010987478500462742
S0->S1->S3->S5->S6->S8->S11->S27->S29->S30->S33->S34->S36->S37->S38,L0->L2->L3,13,15,0,0.0,0.0010987478500462742
S0->S1->S3->S5->S6->S8->S10->S29->S33->S34->S36->S37,L0->L3,13,12,0,0.0,0.0010987478500462742
S0->S3->S4->S6->S8->S10->S29->S30->S33->S34->S36->S37,L0->L3,13,12,0,0.0,0.0010987478500462742
S0->S1->S3->S4->S7->S8->S9->S29->S30->S31->S32->S33->S34->S36->S37,L0->L3,13,15,1,0.07692307692307693,0.0010987478500462742
S0->S1->S3->S5->S7->S8->S10->S29->S33->S34->S36->S37,L0->L3,13,12,0,0.0,0.0010987478500462742
S0->S1->S2->S5->S7->S8->S10->S24->S26->S29->S30->S33->S34->S36->S37,L0->L1->L2->L3,13,15,1,0.07692307692307693,0.0010987478500462742
S0->S1->S2->S4->S6->S8->S10->S27->S39->S40->S41->S43->S45->S47->S48->S50->S51,L0->L2->L3,13,17,0,0.0,0.0010987478500462742
S0->S1->S2->S5->S6->S8->S11->S29->S33->S34->S35->S37,L0->L3,13,12,0,0.0,0.0010987478500462742
S0->S1->S3->S4->S7->S8->S11->S26->S29->S30->S33->S34->S35->S37->S38,L0->L2->L3,13,15,0,0.0,0.0010987478500462742
S0->S1->S3->S5->S6->S8->S10->S29->S30->S33->S34->S35,L0->L3,13,12,1,0.07692307692307693,0.0010987478500462742
S0->S3->S5->S6->S8->S9->S29->S30->S33->S34->S35->S37,L0->L3,13,12,0,0.0,0.0010987478500462742
S24->S27->S29->S30->S32->S35->S37->S38,L1->L2->L3,13,8,0,0.0,0.0010987478500462742
S1->S2->S4->S6->S8->S11->S29->S30->S33->S34->S36->S37,L0->L3,13,12,0,0.0,0.0010987478500462742
S12->S13->S14->S17->S19->S20->S21->S29->S30->S32->S36->S37,L0->L3,13,12,3,0.23076923076923078,0.0010987478500462742
S12->S13->S14->S17->S19->S20->S22->S28->S29->S30->S33->S34->S35->S37,L0->L2->L3,13,14,0,0.0,0.0010987478500462742
S0->S1->S2->S5->S7->S8->S9->S24->S26->S29->S30->S33->S34->S35->S37,L0->L1->L2->L3,13,15,0,0.0,0.0010987478500462742
S0->S1->S2->S4->S6->S8->S10->S29->S30->S31->S32->S33->S34->S36->S37,L0->L3,13,15,0,0.0,0.0010987478500462742
S0->S1->S3->S4->S7->S8->S11->S28->S29->S30->S31->S33->S34->S35->S37,L0->L2->L3,13,15,0,0.0,0.0010987478500462742
S0->S1->S2->S4->S7->S8->S10->S29->S30->S32->S34->S35->S37,L0->L3,13,13,1,0.07692307692307693,0.0010987478500462742
S1->S3->S5->S6->S8->S9->S29->S30->S33->S34->S35->S37,L0->L3,13,12,0,0.0,0.0010987478500462742
S0->S1->S2->S4->S6->S9->S29->S30->S33->S34->S36->S37,L0->L3,13,12,0,0.0,0.0010987478500462742
S0->S1->S2->S4->S6->S8->S11->S27->S39->S40->S41->S44->S45->S47->S48->S49->S51,L0->L2->L3,13,17,0,0.0,0.0010987478500462742
S0->S1->S3->S5->S7->S8->S9->S26->S39->S40->S41->S43->S45->S47->S48->S49->S51,L0->L2->L3,13,17,0,0.0,0.0010987478500462742
S0->S1->S2->S4->S7->S8->S10->S27->S39->S40->S41->S43->S45->S47->S48->S49->S51,L0->L2->L3,13,17,0,0.0,0.0010987478500462742
S0->S1->S3->S5->S6->S8->S9->S27->S29->S30->S33->S34->S36->S37->S38,L0->L2->L3,13,15,0,0.0,0.0010987478500462742
S12->S13->S14->S17->S18->S20->S21->S29->S30->S31->S32->S33->S34->S36->S37,L0->L3,13,15,0,0.0,0.0010987478500462742
S12->S13->S15->S17->S19->S20->S23->S29->S30->S32->S36->S37,L0->L3,13,12,6,0.46153846153846156,0.0010987478500462742
S0->S2->S5->S7->S8->S10->S29->S30->S33->S34->S35->S37,L0->L3,12,12,0,0.0,0.0010142287846580994
S0->S1->S3->S4->S7->S8->S9->S27->S29->S30->S33->S34->S35->S37->S38,L0->L2->L3,12,15,0,0.0,0.0010142287846580994
S0->S3->S4->S7->S8->S9->S29->S30->S33->S34->S35->S37,L0->L3,12,12,0,0.0,0.0010142287846580994
S0->S1->S3->S4->S7->S8->S10->S27->S29->S30->S32->S33->S34->S35->S37,L0->L2->L3,12,15,0,0.0,0.0010142287846580994
S0->S1->S3->S4->S6->S8->S10->S28->S29->S30->S31->S33->S34->S35->S37,L0->L2->L3,12,15,0,0.0,0.0010142287846580994
S0->S1->S3->S5->S6->S8->S9->S26->S39->S40->S41->S43->S45->S47->S48->S50->S51,L0->L2->L3,12,17,0,0.0,0.0010142287846580994
S0->S1->S2->S5->S7->S8->S9->S10->S29->S30->S33->S34->S36->S37,L0->L3,12,14,0,0.0,0.0010142287846580994
S0->S1->S3->S5->S6->S8->S10->S26->S39->S40->S41->S44->S45->S47->S48->S50->S51,L0->L2->L3,12,17,0,0.0,0.0010142287846580994
S0->S1->S3->S4->S6->S8->S10->S27->S39->S40->S41->S44->S45->S47->S48->S49->S51,L0->L2->L3,12,17,0,0.0,0.0010142287846580994
S0->S1->S2->S5->S7->S8->S10->S29->S33->S34->S35->S37,L0->L3,12,12,0,0.0,0.0010142287846580994
S0->S1->S3->S5->S7->S8->S11->S29->S33->S34->S36->S37,L0->L3,12,12,0,0.0,0.0010142287846580994
S0->S1->S2->S4->S6->S8->S11->S27->S29->S30->S32->S33->S34->S35->S37,L0->L2->L3,12,15,0,0.0,0.0010142287846580994
S0->S1->S2->S5->S6->S8->S9->S28->S29->S30->S31->S33->S34->S35->S37,L0->L2->L3,12,15,0,0.0,0.0010142287846580994
S0->S1->S2->S5->S6->S8->S9->S27->S39->S40->S41->S44->S45->S47->S48->S49->S51,L0->L2->L3,12,17,0,0.0,0.0010142287846580994
S0->S1->S3->S5->S7->S8->S11->S26->S29->S30->S33->S34->S35->S37->S38,L0->L2->L3,12,15,0,0.0,0.0010142287846580994
S0->S1->S2->S4->S7->S8->S10->S26->S39->S40->S41->S43->S45->S47->S48->S50->S51,L0->L2->L3,12,17,0,0.0,0.0010142287846580994
S0->S1->S2->S3->S5->S6->S8->S11->S29->S30->S33->S34->S36->S37,L0->L3,12,14,0,0.0,0.0010142287846580994
S1->S2->S5->S7->S8->S10->S29->S30->S33->S34->S35->S37,L0->L3,12,12,0,0.0,0.0010142287846580994
S1->S2->S5->S6->S8->S11->S29->S30->S33->S34->S35->S37,L0->L3,12,12,0,0.0,0.0010142287846580994
S24->S27->S29->S30->S33->S34->S35,L1->L2->L3,12,7,0,0.0,0.0010142287846580994
S0->S1->S3->S5->S7->S8->S9->S10->S29->S30->S33->S34->S36->S37,L0->L3,12,14,0,0.0,0.0010142287846580994
S0->S1->S3->S4->S6->S8->S11->S29->S30->S31->S32->S33->S34->S35->S37,L0->L3,12,15,0,0.0,0.0010142287846580994
S0->S1->S3->S4->S7->S8->S9->S26->S39->S40->S41->S43->S45->S47->S48->S50->S51,L0->L2->L3,12,17,0,0.0,0.0010142287846580994
S0->S3->S5->S7->S8->S10->S29->S30->S33->S34->S35->S37,L0->L3,12,12,0,0.0,0.0010142287846580994
S0->S3->S5->S7->S8->S10->S29->S30->S33->S34->S36->S37,L0->L3,12,12,0,0.0,0.0010142287846580994
S0->S1->S2->S4->S6->S8->S10->S26->S39->S40->S41->S44->S45->S47->S48->S49->S51,L0->L2->L3,12,17,0,0.0,0.0010142287846580994
S0->S1->S3->S4->S6->S8->S11->S29->S30->S31->S33->S34->S35->S37->S38,L0->L3,12,15,0,0.0,0.0010142287846580994
S0->S3->S5->S6->S8->S10->S29->S30->S33->S34->S35->S37,L0->L3,12,12,0,0.0,0.0010142287846580994
S0->S1->S2->S5->S7->S8->S10->S28->S29->S30->S31->S33->S34->S36->S37,L0->L2->L3,12,15,0,0.0,0.0010142287846580994
S0->S1->S3->S4->S6->S8->S10->S27->S29->S30->S33->S34->S36->S37->S38,L0->L2->L3,12,15,0,0.0,0.0010142287846580994
S0->S1->S3->S5->S6->S8->S9->S28->S29->S30->S31->S33->S34->S36->S37,L0->L2->L3,12,15,0,0.0,0.0010142287846580994
S0->S1->S3->S5->S7->S8->S9->S26->S39->S40->S41->S44->S45->S47->S48->S49->S51,L0->L2->L3,12,17,0,0.0,0.0010142287846580994
S0->S1->S2->S5->S6->S8->S10->S29->S33->S34->S35->S37,L0->L3,12,12,0,0.0,0.0010142287846580994
S0->S1->S2->S4->S7->S8->S9->S29->S30->S31->S32->S33->S34->S36->S37,L0->L3,12,15,0,0.0,0.0010142287846580994
S0->S1->S3->S4->S7->S8->S10->S27->S39->S40->S41->S43->S45->S47->S48->S49->S51,L0->L2->L3,12,17,0,0.0,0.0010142287846580994
S0->S1->S2->S4->S7->S8->S9->S29->S30->S33->S34->S35,L0->L3,12,12,0,0.0,0.0010142287846580994
S0->S1->S2->S4->S7->S8->S10->S29->S33->S34->S36->S37,L0->L3,12,12,0,0.0,0.0010142287846580994
S0->S1->S2->S4->S6->S8->S10->S26->S39->S40->S41->S43->S45->S47->S48->S50->S51,L0->L2->L3,12,17,0,0.0,0.0010142287846580994
S0->S1->S3->S4->S6->S8->S11->S27->S39->S40->S41->S43->S45->S47->S48->S49->S51,L0->L2->L3,12,17,0,0.0,0.0010142287846580994
S0->S1->S2->S4->S6->S8->S10->S24->S26->S29->S30->S33->S34->S35->S37,L0->L1->L2->L3,12,15,2,0.16666666666666666,0.0010142287846580994
S0->S1->S3->S5->S7->S8->S10->S29->S30->S31->S32->S33->S34->S35->S37,L0->L3,12,15,0,0.0,0.0010142287846580994
S0->S1->S3->S4->S6->S8->S9->S26->S39->S40->S41->S44->S45->S47->S48->S50->S51,L0->L2->L3,12,17,0,0.0,0.0010142287846580994
S0->S1->S3->S4->S7->S8->S10->S29->S30->S31->S32->S33->S34->S35->S37,L0->L3,12,15,0,0.0,0.0010142287846580994
S0->S1->S3->S4->S7->S8->S10->S28->S29->S30->S31->S33->S34->S36->S37,L0->L2->L3,12,15,0,0.0,0.0010142287846580994
S0->S1->S2->S5->S6->S8->S11->S29->S33->S34->S36->S37,L0->L3,12,12,0,0.0,0.0010142287846580994
S0->S1->S2->S4->S7->S8->S10->S26->S29->S30->S32->S33->S34->S35->S37,L0->L2->L3,12,15,0,0.0,0.0010142287846580994
S0->S1->S3->S5->S6->S8->S10->S27->S39->S40->S41->S43->S45->S47->S48->S50->S51,L0->L2->L3,12,17,0,0.0,0.0010142287846580994
S0->S1->S3->S5->S6->S8->S10->S24->S26->S29->S30->S33->S34->S36->S37,L0->L1->L2->L3,12,15,0,0.0,0.0010142287846580994
S0->S1->S2->S4->S7->S8->S11->S29->S33->S34->S35->S37,L0->L3,12,12,0,0.0,0.0010142287846580994
S0->S1->S3->S5->S7->S8->S10->S27->S29->S30->S33->S34->S35->S37->S38,L0->L2->L3,12,15,0,0.0,0.0010142287846580994
S0->S1->S2->S4->S6->S8->S9->S27->S29->S30->S32->S33->S34->S36->S37,L0->L2->L3,12,15,0,0.0,0.0010142287846580994
S0->S1->S2->S5->S6->S8->S9->S29->S30->S31->S32->S33->S34->S35->S37,L0->L3,12,15,0,0.0,0.0010142287846580994
S0->S1->S3->S5->S6->S8->S10->S24->S26->S29->S30->S33->S34->S35->S37,L0->L1->L2->L3,12,15,0,0.0,0.0010142287846580994
S0->S1->S3->S4->S6->S8->S9->S24->S26->S29->S30->S33->S34->S35->S37,L0->L1->L2->L3,12,15,0,0.0,0.0010142287846580994
S1->S3->S5->S6->S8->S9->S29->S30->S33->S34->S36->S37,L0->L3,12,12,0,0.0,0.0010142287846580994
S0->S1->S3->S4->S7->S8->S11->S29->S30->S31->S32->S33->S34->S35->S37,L0->L3,12,15,0,0.0,0.0010142287846580994
S0->S1->S3->S4->S7->S8->S11->S29->S30->S33->S34->S35,L0->L3,12,12,0,0.0,0.0010142287846580994
S12->S13->S15->S16->S18->S20->S21->S29->S30->S32->S36->S37,L0->L3,12,12,3,0.25,0.0010142287846580994
S0->S1->S3->S5->S6->S8->S10->S26->S39->S40->S41->S44->S45->S47->S48->S49->S51,L0->L2->L3,12,17,0,0.0,0.0010142287846580994
S0->S1->S2->S4->S7->S8->S10->S26->S39->S40->S41->S44->S45->S47->S48->S49->S51,L0->L2->L3,12,17,1,0.08333333333333333,0.0010142287846580994
S0->S1->S3->S4->S6->S8->S9->S26->S29->S30->S32->S33->S34->S35->S37,L0->L2->L3,12,15,0,0.0,0.0010142287846580994
S0->S1->S2->S5->S6->S8->S10->S26->S39->S40->S41->S43->S45->S47->S48->S50->S51,L0->L2->L3,12,17,0,0.0,0.0010142287846580994
S0->S1->S3->S4->S7->S8->S10->S28->S29->S30->S31->S33->S34->S35->S37,L0->L2->L3,12,15,0,0.0,0.0010142287846580994
S12->S13->S15->S17->S18->S20->S23->S29->S30->S32->S35->S37,L0->L3,12,12,3,0.25,0.0010142287846580994
S0->S1->S3->S5->S7->S8->S10->S24->S26->S29->S30->S33->S34->S35->S37,L0->L1->L2->L3,12,15,0,0.0,0.0010142287846580994
S0->S1->S3->S5->S7->S11->S29->S30->S33->S34->S35->S37,L0->L3,12,12,0,0.0,0.0010142287846580994
S0->S1->S2->S5->S6->S11->S29->S30->S33->S34->S35->S37,L0->L3,12,12,0,0.0,0.0010142287846580994
S0->S1->S3->S5->S6->S8->S10->S29->S30->S33->S35->S37,L0->L3,12,12,0,0.0,0.0010142287846580994
S12->S13->S15->S17->S19->S20->S23->S28->S29->S30->S33->S34->S36->S37,L0->L2->L3,12,14,0,0.0,0.0010142287846580994
S0->S1->S3->S4->S7->S8->S11->S26->S29->S30->S31->S33->S34->S35->S37,L0->L2->L3,12,15,0,0.0,0.0010142287846580994
S0->S1->S3->S5->S7->S8->S11->S27->S29->S30->S33->S34->S36->S37->S38,L0->L2->L3,12,15,0,0.0,0.0010142287846580994
S0->S1->S2->S5->S7->S8->S10->S26->S29->S30->S31->S33->S34->S35->S37,L0->L2->L3,12,15,0,0.0,0.0010142287846580994
S0->S1->S3->S4->S6->S8->S10->S29->S30->S33->S36->S37,L0->L3,12,12,0,0.0,0.0010142287846580994
S0->S1->S3->S5->S6->S8->S11->S29->S33->S34->S35->S37,L0->L3,12,12,0,0.0,0.0010142287846580994
S0->S1->S2->S4->S6->S8->S10->S27->S39->S40->S41->S44->S45->S47->S48->S50->S51,L0->L2->L3,12,17,0,0.0,0.0010142287846580994
S12->S13->S14->S17->S19->S20->S21->S29->S30->S32->S35->S37,L0->L3,12,12,0,0.0,0.0010142287846580994
S12->S13->S15->S17->S19->S20->S22->S29->S30->S32->S36->S37,L0->L3,12,12,3,0.25,0.0010142287846580994
S12->S13->S15->S17->S18->S20->S21->S29->S30->S32->S36->S37,L0->L3,12,12,0,0.0,0.0010142287846580994
S0->S1->S3->S5->S6->S8->S11->S26->S39->S40->S41->S43->S45->S47->S48->S50->S51,L0->L2->L3,12,17,0,0.0,0.0010142287846580994
S0->S2->S5->S6->S8->S9->S29->S30->S33->S34->S35->S37,L0->L3,12,12,0,0.0,0.0010142287846580994
S0->S1->S3->S4->S7->S8->S10->S27->S29->S30->S31->S33->S34->S35->S37,L0->L2->L3,12,15,0,0.0,0.0010142287846580994
S0->S1->S2->S5->S7->S8->S11->S24->S26->S29->S30->S33->S34->S36->S37,L0->L1->L2->L3,12,15,0,0.0,0.0010142287846580994
S0->S1->S3->S4->S6->S10->S29->S30->S33->S34->S36->S37,L0->L3,12,12,1,0.08333333333333333,0.0010142287846580994
S0->S1->S3->S5->S6->S8->S11->S29->S30->S31->S32->S33->S34->S36->S37,L0->L3,12,15,0,0.0,0.0010142287846580994
S0->S1->S3->S4->S6->S8->S11->S24->S26->S29->S30->S33->S34->S36->S37,L0->L1->L2->L3,12,15,0,0.0,0.0010142287846580994
S0->S1->S3->S4->S7->S8->S10->S27->S29->S30->S32->S33->S34->S36->S37,L0->L2->L3,12,15,0,0.0,0.0010142287846580994
S0->S1->S2->S4->S7->S8->S9->S24->S26->S29->S30->S33->S34->S35->S37,L0->L1->L2->L3,12,15,0,0.0,0.0010142287846580994
S25->S29->S30->S32->S35->S37,L1->L3,12,6,0,0.0,0.0010142287846580994
S0->S1->S3->S4->S7->S8->S10->S26->S29->S30->S31->S33->S34->S35->S37,L0->L2->L3,12,15,0,0.0,0.0010142287846580994
S0->S1->S2->S4->S6->S8->S9->S27->S39->S40->S41->S44->S45->S47->S48->S49->S51,L0->L2->L3,12,17,0,0.0,0.0010142287846580994
S0->S1->S2->S5->S6->S8->S10->S24->S26->S29->S30->S33->S34->S36->S37,L0->L1->L2->L3,12,15,1,0.08333333333333333,0.0010142287846580994
S0->S1->S2->S4->S6->S8->S10->S26->S29->S30->S33->S34->S35->S37->S38,L0->L2->L3,12,15,0,0.0,0.0010142287846580994
S0->S1->S2->S4->S6->S8->S10->S26->S29->S30->S33->S34->S36->S37->S38,L0->L2->L3,12,15,0,0.0,0.0010142287846580994
S0->S1->S3->S4->S6->S8->S9->S26->S39->S40->S41->S43->S45->S47->S48->S49->S51,L0->L2->L3,12,17,0,0.0,0.0010142287846580994
S0->S1->S3->S5->S7->S8->S10->S29->S33->S34->S35->S37,L0->L3,12,12,0,0.0,0.0010142287846580994
S0->S1->S2->S5->S6->S8->S10->S27->S39->S40->S41->S43->S45->S47->S48->S49->S51,L0->L2->L3,11,17,0,0.0,0.0009297097192699242
S0->S1->S2->S5->S6->S8->S11->S26->S29->S30->S32->S33->S34->S36->S37,L0->L2->L3,11,15,0,0.0,0.0009297097192699242
S25->S38,L1->L3,11,2,0,0.0,0.0009297097192699242
S0->S1->S3->S4->S6->S8->S11->S29->S30->S33->S36->S37,L0->L3,11,12,0,0.0,0.0009297097192699242
S0->S1->S3->S4->S7->S8->S9->S27->S39->S40->S41->S44->S45->S47->S48->S50->S51,L0->L2->L3,11,17,0,0.0,0.0009297097192699242
S0->S1->S3->S4->S7->S8->S9->S27->S39->S40->S41->S43->S45->S47->S48->S50->S51,L0->L2->L3,11,17,0,0.0,0.0009297097192699242
S0->S1->S2->S5->S6->S8->S9->S24->S26->S29->S30->S33->S34->S36->S37,L0->L1->L2->L3,11,15,0,0.0,0.0009297097192699242
S0->S1->S2->S4->S6->S8->S9->S27->S39->S40->S41->S43->S45->S47->S48->S50->S51,L0->L2->L3,11,17,0,0.0,0.0009297097192699242
S0->S1->S2->S4->S7->S8->S10->S24->S27->S29->S30->S33->S34->S35->S37,L0->L1->L2->L3,11,15,0,0.0,0.0009297097192699242
S0->S1->S3->S4->S7->S11->S29->S30->S33->S34->S35->S37,L0->L3,11,12,0,0.0,0.0009297097192699242
S0->S1->S3->S4->S7->S10->S29->S30->S33->S34->S35->S37,L0->L3,11,12,0,0.0,0.0009297097192699242
S0->S1->S2->S4->S7->S8->S11->S27->S29->S30->S32->S33->S34->S35->S37,L0->L2->L3,11,15,0,0.0,0.0009297097192699242
S0->S1->S3->S5->S7->S8->S11->S27->S29->S30->S33->S34->S35->S37->S38,L0->L2->L3,11,15,0,0.0,0.0009297097192699242
S0->S1->S3->S5->S7->S8->S11->S29->S30->S31->S32->S33->S34->S35->S37,L0->L3,11,15,0,0.0,0.0009297097192699242
S0->S1->S3->S5->S7->S8->S11->S28->S29->S30->S31->S33->S34->S36->S37,L0->L2->L3,11,15,1,0.09090909090909091,0.0009297097192699242
S12->S13->S14->S16->S19->S20->S23->S27->S29->S30->S31->S33->S34->S35->S37,L0->L2->L3,11,15,1,0.09090909090909091,0.0009297097192699242
S0->S1->S2->S4->S6->S8->S9->S24->S27->S29->S30->S33->S34->S35->S37,L0->L1->L2->L3,11,15,0,0.0,0.0009297097192699242
S0->S1->S2->S4->S7->S8->S10->S29->S30->S31->S33->S34->S36->S37->S38,L0->L3,11,15,0,0.0,0.0009297097192699242
S0->S1->S3->S5->S6->S8->S11->S27->S29->S30->S32->S33->S34->S35->S37,L0->L2->L3,11,15,0,0.0,0.0009297097192699242
S0->S1->S3->S5->S6->S8->S11->S28->S29->S30->S31->S33->S34->S35->S37,L0->L2->L3,11,15,1,0.09090909090909091,0.0009297097192699242
S0->S1->S3->S5->S6->S8->S11->S27->S39->S40->S41->S43->S45->S47->S48->S49->S51,L0->L2->L3,11,17,0,0.0,0.0009297097192699242
S0->S1->S3->S4->S7->S8->S11->S27->S29->S30->S32->S33->S34->S36->S37,L0->L2->L3,11,15,0,0.0,0.0009297097192699242
S0->S1->S3->S4->S7->S8->S11->S27->S29->S30->S32->S33->S34->S35->S37,L0->L2->L3,11,15,0,0.0,0.0009297097192699242
S0->S1->S2->S4->S7->S8->S11->S29->S30->S31->S32->S33->S34->S35->S37,L0->L3,11,15,0,0.0,0.0009297097192699242
S12->S13->S14->S17->S19->S20->S23->S29->S30->S31->S32->S33->S34->S35->S37,L0->L3,11,15,0,0.0,0.0009297097192699242
S0->S1->S3->S5->S6->S8->S11->S24->S26->S29->S30->S33->S34->S35->S37,L0->L1->L2->L3,11,15,0,0.0,0.0009297097192699242
S0->S1->S2->S4->S6->S8->S11->S29->S30->S33->S34->S36,L0->L3,11,12,0,0.0,0.0009297097192699242
S0->S1->S2->S4->S7->S10->S29->S30->S33->S34->S36->S37,L0->L3,11,12,0,0.0,0.0009297097192699242
S0->S1->S3->S4->S7->S8->S11->S27->S39->S40->S41->S44->S45->S47->S48->S50->S51,L0->L2->L3,11,17,0,0.0,0.0009297097192699242
S0->S1->S2->S4->S7->S8->S11->S24->S26->S29->S30->S33->S34->S35->S37,L0->L1->L2->L3,11,15,0,0.0,0.0009297097192699242
S0->S3->S4->S6->S8->S9->S29->S30->S33->S34->S36->S37,L0->L3,11,12,0,0.0,0.0009297097192699242
S0->S1->S3->S4->S7->S8->S11->S26->S39->S40->S41->S44->S45->S47->S48->S50->S51,L0->L2->L3,11,17,0,0.0,0.0009297097192699242
S12->S13->S15->S17->S18->S20->S21->S27->S29->S30->S31->S33->S34->S35->S37,L0->L2->L3,11,15,0,0.0,0.0009297097192699242
S0->S1->S2->S5->S6->S8->S11->S29->S30->S33->S36->S37,L0->L3,11,12,0,0.0,0.0009297097192699242
S0->S1->S3->S4->S7->S8->S11->S28->S29->S30->S31->S33->S34->S36->S37,L0->L2->L3,11,15,0,0.0,0.0009297097192699242
S12->S13->S15->S17->S18->S20->S22->S26->S29->S30->S31->S33->S34->S35->S37,L0->L2->L3,11,15,0,0.0,0.0009297097192699242
S12->S13->S14->S16->S18->S20->S21->S29->S30->S32->S34->S36->S37,L0->L3,11,13,2,0.18181818181818182,0.0009297097192699242
S1->S3->S5->S7->S8->S11->S29->S30->S33->S34->S36->S37,L0->L3,11,12,0,0.0,0.0009297097192699242
S1->S3->S5->S7->S8->S11->S29->S30->S33->S34->S35->S37,L0->L3,11,12,0,0.0,0.0009297097192699242
S0->S1->S2->S4->S6->S8->S11->S29->S30->S31->S32->S33->S34->S35->S37,L0->L3,11,15,0,0.0,0.0009297097192699242
S0->S1->S3->S5->S6->S8->S9->S10->S29->S30->S33->S34->S36->S37,L0->L3,11,14,0,0.0,0.0009297097192699242
S0->S1->S3->S5->S6->S8->S9->S29->S30->S33->S34->S35,L0->L3,11,12,0,0.0,0.0009297097192699242
S0->S1->S2->S4->S7->S9->S29->S30->S33->S34->S36->S37,L0->L3,11,12,0,0.0,0.0009297097192699242
S0->S1->S3->S4->S6->S8->S9->S29->S30->S31->S32->S33->S34->S35->S37,L0->L3,11,15,0,0.0,0.0009297097192699242
S0->S1->S3->S5->S7->S11->S29->S30->S33->S34->S36->S37,L0->L3,11,12,0,0.0,0.0009297097192699242
S0->S1->S3->S4->S6->S8->S10->S26->S29->S30->S32->S33->S34->S36->S37,L0->L2->L3,11,15,0,0.0,0.0009297097192699242
S0->S1->S2->S4->S7->S8->S10->S24->S26->S29->S30->S33->S34->S36->S37,L0->L1->L2->L3,11,15,0,0.0,0.0009297097192699242
S0->S1->S2->S5->S6->S8->S9->S10->S29->S30->S33->S34->S36->S37,L0->L3,11,14,0,0.0,0.0009297097192699242
S12->S13->S15->S16->S19->S20->S22->S29->S30->S32->S36->S37,L0->L3,11,12,1,0.09090909090909091,0.0009297097192699242
S0->S1->S2->S5->S6->S8->S10->S26->S39->S40->S41->S44->S45->S47->S48->S49->S51,L0->L2->L3,11,17,0,0.0,0.0009297097192699242
S12->S13->S14->S17->S19->S20->S21->S24->S26->S29->S30->S33->S34->S36->S37,L0->L1->L2->L3,11,15,0,0.0,0.0009297097192699242
S0->S1->S2->S4->S7->S8->S9->S11->S29->S30->S33->S34->S36->S37,L0->L3,11,14,0,0.0,0.0009297097192699242
S0->S1->S3->S4->S6->S8->S9->S27->S29->S30->S32->S33->S34->S35->S37,L0->L2->L3,11,15,0,0.0,0.0009297097192699242
S0->S1->S3->S4->S6->S8->S9->S26->S39->S40->S41->S43->S45->S47->S48->S50->S51,L0->L2->L3,11,17,0,0.0,0.0009297097192699242
S0->S1->S2->S4->S6->S8->S10->S26->S29->S30->S32->S33->S34->S35->S37,L0->L2->L3,11,15,0,0.0,0.0009297097192699242
S0->S1->S3->S5->S7->S8->S10->S27->S29->S30->S32->S33->S34->S35->S37,L0->L2->L3,11,15,0,0.0,0.0009297097192699242
S0->S1->S3->S5->S7->S8->S10->S29->S30->S31->S32->S33->S34->S36->S37,L0->L3,11,15,0,0.0,0.0009297097192699242
S0->S1->S2->S5->S6->S8->S9->S29->S30->S32->S36->S37->S38,L0->L3,11,13,0,0.0,0.0009297097192699242
S0->S1->S3->S5->S6->S8->S10->S27->S29->S30->S32->S33->S34->S35->S37,L0->L2->L3,11,15,0,0.0,0.0009297097192699242
S12->S13->S15->S16->S18->S20->S21->S28->S29->S30->S33->S34->S36->S37,L0->L2->L3,11,14,0,0.0,0.0009297097192699242
S0->S1->S3->S4->S6->S8->S10->S24->S26->S29->S30->S33->S34->S36->S37,L0->L1->L2->L3,11,15,0,0.0,0.0009297097192699242
S12->S13->S15->S16->S18->S20->S21->S29->S30->S33->S36->S37,L0->L3,11,12,0,0.0,0.0009297097192699242
S0->S1->S3->S4->S7->S8->S9->S11->S29->S30->S33->S34->S36->S37,L0->L3,11,14,0,0.0,0.0009297097192699242
S12->S13->S15->S16->S19->S20->S21->S29->S30->S32->S35->S37,L0->L3,11,12,2,0.18181818181818182,0.0009297097192699242
S12->S13->S14->S16->S19->S20->S21->S26->S29->S30->S33->S34->S36->S37->S38,L0->L2->L3,11,15,0,0.0,0.0009297097192699242
S12->S13->S14->S16->S19->S20->S22->S29->S30->S32->S34->S35->S37,L0->L3,11,13,2,0.18181818181818182,0.0009297097192699242
S1->S3->S4->S6->S8->S9->S29->S30->S33->S34->S35->S37,L0->L3,11,12,0,0.0,0.0009297097192699242
S0->S1->S2->S5->S7->S8->S9->S26->S29->S30->S31->S33->S34->S36->S37,L0->L2->L3,11,15,0,0.0,0.0009297097192699242
S0->S1->S3->S5->S6->S8->S9->S26->S29->S30->S31->S33->S34->S35->S37,L0->L2->L3,11,15,0,0.0,0.0009297097192699242
S12->S13->S14->S17->S18->S20->S22->S26->S29->S30->S31->S33->S34->S36->S37,L0->L2->L3,11,15,0,0.0,0.0009297097192699242
S0->S1->S3->S5->S7->S8->S9->S24->S27->S29->S30->S33->S34->S35->S37,L0->L1->L2->L3,11,15,0,0.0,0.0009297097192699242
S0->S1->S2->S5->S6->S8->S10->S29->S33->S34->S36->S37,L0->L3,11,12,0,0.0,0.0009297097192699242
S0->S1->S2->S5->S7->S8->S10->S27->S29->S30->S33->S34->S36->S37->S38,L0->L2->L3,11,15,0,0.0,0.0009297097192699242
S0->S1->S2->S5->S6->S8->S10->S26->S39->S40->S41->S44->S45->S47->S48->S50->S51,L0->L2->L3,11,17,0,0.0,0.0009297097192699242
S0->S1->S2->S4->S6->S8->S11->S26->S29->S30->S31->S33->S34->S35->S37,L0->L2->L3,11,15,0,0.0,0.0009297097192699242
S0->S1->S2->S4->S7->S8->S9->S29->S33->S34->S35->S37,L0->L3,11,12,0,0.0,0.0009297097192699242
S0->S1->S3->S4->S7->S8->S9->S29->S30->S31->S33->S34->S35->S37->S38,L0->L3,11,15,0,0.0,0.0009297097192699242
S0->S1->S3->S4->S6->S8->S11->S26->S29->S30->S31->S33->S34->S36->S37,L0->L2->L3,11,15,0,0.0,0.0009297097192699242
S0->S1->S2->S4->S7->S8->S10->S29->S33->S34->S35->S37,L0->L3,11,12,1,0.09090909090909091,0.0009297097192699242
S12->S13->S15->S16->S18->S20->S22->S29->S30->S32->S35->S37,L0->L3,11,12,3,0.2727272727272727,0.0009297097192699242
S0->S1->S3->S5->S6->S10->S29->S30->S33->S34->S35->S37,L0->L3,11,12,0,0.0,0.0009297097192699242
S0->S1->S3->S4->S7->S9->S29->S30->S33->S34->S36->S37,L0->L3,11,12,0,0.0,0.0009297097192699242
S0->S1->S2->S5->S6->S8->S11->S27->S29->S30->S32->S33->S34->S36->S37,L0->L2->L3,11,15,0,0.0,0.0009297097192699242
S24->S29->S30->S32->S35->S37,L1->L3,11,6,4,0.36363636363636365,0.0009297097192699242
S0->S1->S3->S5->S7->S8->S11->S26->S39->S40->S41->S44->S45->S47->S48->S49->S51,L0->L2->L3,11,17,0,0.0,0.0009297097192699242
S0->S1->S2->S4->S6->S8->S9->S28->S29->S30->S31->S33->S34->S36->S37,L0->L2->L3,11,15,0,0.0,0.0009297097192699242
S0->S1->S2->S5->S6->S8->S9->S27->S39->S40->S41->S44->S45->S47->S48->S50->S51,L0->L2->L3,11,17,0,0.0,0.0009297097192699242
S0->S1->S3->S5->S6->S8->S9->S29->S33->S34->S35->S37,L0->L3,11,12,0,0.0,0.0009297097192699242
S0->S1->S3->S5->S7->S8->S11->S29->S30->S31->S33->S34->S35->S37->S38,L0->L3,11,15,0,0.0,0.0009297097192699242
S0->S3->S4->S7->S8->S10->S29->S30->S33->S34->S35->S37,L0->L3,11,12,0,0.0,0.0009297097192699242
S0->S1->S4->S7->S8->S9->S29->S30->S33->S34->S35->S37,L0->L3,11,12,0,0.0,0.0009297097192699242
S0->S1->S5->S6->S8->S11->S29->S30->S33->S34->S35->S37,L0->L3,11,12,0,0.0,0.0009297097192699242
S0->S1->S2->S5->S7->S8->S9->S27->S29->S30->S32->S33->S34->S36->S37,L0->L2->L3,11,15,0,0.0,0.0009297097192699242
S0->S3->S5->S7->S8->S9->S29->S30->S33->S34->S36->S37,L0->L3,11,12,0,0.0,0.0009297097192699242
S0->S1->S2->S4->S7->S8->S11->S24->S26->S29->S30->S33->S34->S36->S37,L0->L1->L2->L3,11,15,0,0.0,0.0009297097192699242
S0->S1->S3->S5->S6->S10->S29->S30->S33->S34->S36->S37,L0->L3,11,12,0,0.0,0.0009297097192699242
S12->S13->S15->S16->S18->S20->S23->S24->S26->S29->S30->S33->S34->S35->S37,L0->L1->L2->L3,11,15,0,0.0,0.0009297097192699242
S0->S1->S3->S4->S7->S8->S9->S26->S39->S40->S41->S43->S45->S47->S48->S49->S51,L0->L2->L3,11,17,0,0.0,0.0009297097192699242
S0->S2->S4->S6->S8->S9->S29->S30->S33->S34->S36->S37,L0->L3,11,12,0,0.0,0.0009297097192699242
S12->S13->S15->S16->S18->S20->S23->S29->S30->S32->S35->S37,L0->L3,11,12,1,0.09090909090909091,0.0009297097192699242
S25->S27->S29->S30->S33->S34->S35,L1->L2->L3,11,7,0,0.0,0.0009297097192699242
S25->S27->S29->S30->S32->S34->S36->S37,L1->L2->L3,11,8,1,0.09090909090909091,0.0009297097192699242
S0->S1->S2->S5->S6->S8->S10->S27->S39->S40->S41->S44->S45->S47->S48->S49->S51,L0->L2->L3,11,17,0,0.0,0.0009297097192699242
S24->S27->S29->S30->S33->S34->S36,L1->L2->L3,11,7,0,0.0,0.0009297097192699242
S0->S2->S5->S6->S8->S11->S29->S30->S33->S34->S36->S37,L0->L3,11,12,0,0.0,0.0009297097192699242
S12->S13->S14->S16->S18->S20->S22->S29->S30->S32->S36->S37,L0->L3,11,12,2,0.18181818181818182,0.0009297097192699242
S12->S13->S14->S17->S18->S20->S22->S29->S30->S32->S36->S37,L0->L3,11,12,1,0.09090909090909091,0.0009297097192699242
S0->S1->S2->S4->S7->S8->S11->S27->S29->S30->S33->S34->S35->S37->S38,L0->L2->L3,11,15,0,0.0,0.0009297097192699242
S0->S1->S2->S3->S4->S6->S8->S11->S29->S30->S33->S34->S35->S37,L0->L3,10,14,0,0.0,0.0008451906538817494
S0->S2->S4->S7->S8->S10->S29->S30->S33->S34->S35->S37,L0->L3,10,12,0,0.0,0.0008451906538817494
S0->S1->S2->S5->S7->S8->S9->S29->S33->S34->S35->S37,L0->L3,10,12,0,0.0,0.0008451906538817494
S0->S1->S2->S5->S7->S8->S9->S28->S29->S30->S31->S33->S34->S35->S37,L0->L2->L3,10,15,0,0.0,0.0008451906538817494
S0->S1->S3->S4->S7->S8->S10->S24->S26->S29->S30->S33->S34->S36->S37,L0->L1->L2->L3,10,15,0,0.0,0.0008451906538817494
S0->S1->S3->S4->S6->S9->S29->S30->S33->S34->S35->S37,L0->L3,10,12,0,0.0,0.0008451906538817494
S36->S37,L3,10,2,0,0.0,0.0008451906538817494
S0->S2->S4->S6->S8->S9->S29->S30->S33->S34->S35->S37,L0->L3,10,12,0,0.0,0.0008451906538817494
S0->S1->S2->S4->S6->S8->S9->S27->S39->S40->S41->S44->S45->S47->S48->S50->S51,L0->L2->L3,10,17,0,0.0,0.0008451906538817494
S12->S13->S14->S16->S19->S20->S21->S29->S30->S32->S35->S37,L0->L3,10,12,4,0.4,0.0008451906538817494
S0->S1->S2->S5->S7->S8->S11->S26->S29->S30->S31->S33->S34->S36->S37,L0->L2->L3,10,15,0,0.0,0.0008451906538817494
S0->S1->S2->S3->S4->S6->S8->S9->S29->S30->S33->S34->S35->S37,L0->L3,10,14,0,0.0,0.0008451906538817494
S12->S13->S15->S17->S19->S20->S21->S26->S29->S30->S31->S33->S34->S36->S37,L0->L2->L3,10,15,0,0.0,0.0008451906538817494
S25->S27->S38,L1->L2->L3,10,3,0,0.0,0.0008451906538817494
S25->S28->S29->S30->S32->S33->S34->S36->S37,L1->L2->L3,10,9,0,0.0,0.0008451906538817494
S0->S1->S2->S5->S7->S8->S10->S29->S30->S33->S34->S35,L0->L3,10,12,0,0.0,0.0008451906538817494
S0->S1->S2->S4->S6->S8->S9->S29->S33->S34->S35->S37,L0->L3,10,12,0,0.0,0.0008451906538817494
S12->S13->S14->S16->S18->S20->S22->S28->S29->S30->S33->S34->S36->S37,L0->L2->L3,10,14,0,0.0,0.0008451906538817494
S12->S13->S14->S16->S18->S20->S22->S29->S30->S32->S34->S36->S37,L0->L3,10,13,0,0.0,0.0008451906538817494
S0->S1->S2->S5->S7->S8->S9->S10->S29->S30->S33->S34->S35->S37,L0->L3,10,14,0,0.0,0.0008451906538817494
S0->S1->S2->S4->S6->S8->S9->S29->S30->S33->S34->S35,L0->L3,10,12,0,0.0,0.0008451906538817494
S0->S1->S3->S4->S6->S11->S29->S30->S33->S34->S36->S37,L0->L3,10,12,0,0.0,0.0008451906538817494
S0->S1->S3->S5->S6->S8->S9->S27->S39->S40->S41->S43->S45->S47->S48->S50->S51,L0->L2->L3,10,17,0,0.0,0.0008451906538817494
S0->S2->S5->S6->S8->S10->S29->S30->S33->S34->S36->S37,L0->L3,10,12,0,0.0,0.0008451906538817494
S24->S26->S29->S30->S32->S33->S34->S35->S37->S38,L1->L2->L3,10,10,0,0.0,0.0008451906538817494
S0->S3->S4->S7->S8->S9->S29->S30->S33->S34->S36->S37,L0->L3,10,12,0,0.0,0.0008451906538817494
S0->S1->S3->S4->S6->S8->S10->S27->S39->S40->S41->S43->S45->S47->S48->S49->S51,L0->L2->L3,10,17,0,0.0,0.0008451906538817494
S12->S13->S14->S17->S18->S20->S21->S29->S30->S32->S36->S37,L0->L3,10,12,2,0.2,0.0008451906538817494
S0->S1->S2->S5->S7->S8->S10->S29->S33->S34->S36->S37,L0->L3,10,12,0,0.0,0.0008451906538817494
S0->S1->S2->S5->S7->S8->S11->S29->S30->S33->S34->S35,L0->L3,10,12,0,0.0,0.0008451906538817494
S0->S1->S3->S5->S6->S8->S9->S29->S33->S34->S36->S37,L0->L3,10,12,0,0.0,0.0008451906538817494
S0->S1->S2->S4->S7->S8->S9->S29->S30->S31->S32->S33->S34->S35->S37,L0->L3,10,15,0,0.0,0.0008451906538817494
S0->S1->S3->S5->S7->S8->S9->S27->S29->S30->S31->S33->S34->S36->S37,L0->L2->L3,10,15,0,0.0,0.0008451906538817494
S0->S1->S2->S5->S7->S8->S10->S27->S39->S40->S41->S43->S45->S47->S48->S49->S51,L0->L2->L3,10,17,0,0.0,0.0008451906538817494
S0->S1->S2->S5->S6->S8->S10->S29->S30->S33->S34->S36,L0->L3,10,12,0,0.0,0.0008451906538817494
S0->S1->S3->S4->S7->S8->S10->S27->S39->S40->S41->S44->S45->S47->S48->S50->S51,L0->L2->L3,10,17,0,0.0,0.0008451906538817494
S12->S13->S15->S17->S18->S20->S23->S27->S29->S30->S31->S33->S34->S36->S37,L0->L2->L3,10,15,0,0.0,0.0008451906538817494
S0->S1->S2->S5->S6->S8->S11->S26->S39->S40->S41->S43->S45->S47->S48->S50->S51,L0->L2->L3,10,17,0,0.0,0.0008451906538817494
S0->S1->S2->S4->S6->S8->S10->S27->S29->S30->S32->S33->S34->S36->S37,L0->L2->L3,10,15,0,0.0,0.0008451906538817494
S12->S13->S15->S17->S19->S20->S23->S24->S26->S29->S30->S33->S34->S35->S37,L0->L1->L2->L3,10,15,0,0.0,0.0008451906538817494
S0->S1->S2->S4->S7->S8->S9->S27->S39->S40->S41->S44->S45->S47->S48->S49->S51,L0->L2->L3,10,17,0,0.0,0.0008451906538817494
S0->S1->S3->S5->S6->S8->S9->S11->S29->S30->S33->S34->S35->S37,L0->L3,10,14,0,0.0,0.0008451906538817494
S0->S1->S3->S5->S6->S8->S9->S10->S29->S30->S33->S34->S35->S37,L0->L3,10,14,0,0.0,0.0008451906538817494
S0->S1->S2->S4->S6->S8->S9->S10->S29->S30->S33->S34->S35->S37,L0->L3,10,14,0,0.0,0.0008451906538817494
S0->S1->S3->S4->S5->S6->S8->S10->S29->S30->S33->S34->S35->S37,L0->L3,10,14,0,0.0,0.0008451906538817494
S0->S1->S3->S4->S5->S6->S8->S11->S29->S30->S33->S34->S36->S37,L0->L3,10,14,0,0.0,0.0008451906538817494
S0->S1->S3->S5->S7->S8->S9->S27->S39->S40->S41->S44->S45->S47->S48->S50->S51,L0->L2->L3,10,17,0,0.0,0.0008451906538817494
S0->S1->S3->S5->S7->S8->S9->S28->S29->S30->S31->S33->S34->S35->S37,L0->L2->L3,10,15,0,0.0,0.0008451906538817494
S0->S1->S3->S5->S7->S8->S9->S29->S30->S31->S32->S33->S34->S35->S37,L0->L3,10,15,0,0.0,0.0008451906538817494
S0->S1->S2->S4->S7->S8->S11->S29->S30->S31->S32->S33->S34->S36->S37,L0->L3,10,15,0,0.0,0.0008451906538817494
S0->S1->S2->S5->S6->S8->S11->S29->S30->S33->S34->S35,L0->L3,10,12,0,0.0,0.0008451906538817494
S0->S1->S2->S5->S6->S8->S11->S29->S30->S33->S34->S36,L0->L3,10,12,0,0.0,0.0008451906538817494
S12->S13->S14->S17->S19->S20->S21->S29->S30->S31->S32->S33->S34->S36->S37,L0->L3,10,15,0,0.0,0.0008451906538817494
S12->S13->S14->S17->S19->S20->S21->S29->S30->S32->S34->S35->S37,L0->L3,10,13,0,0.0,0.0008451906538817494
S12->S13->S15->S17->S19->S20->S23->S26->S29->S30->S31->S33->S34->S36->S37,L0->L2->L3,10,15,0,0.0,0.0008451906538817494
S12->S13->S14->S17->S19->S20->S22->S29->S30->S32->S35->S37,L0->L3,10,12,0,0.0,0.0008451906538817494
S0->S1->S2->S4->S7->S8->S10->S29->S30->S31->S32->S33->S34->S35->S37,L0->L3,10,15,0,0.0,0.0008451906538817494
S12->S13->S15->S17->S19->S20->S23->S29->S30->S32->S34->S35->S37,L0->L3,10,13,0,0.0,0.0008451906538817494
S0->S1->S3->S4->S6->S8->S10->S26->S39->S40->S41->S43->S45->S47->S48->S49->S51,L0->L2->L3,10,17,0,0.0,0.0008451906538817494
S0->S1->S3->S5->S7->S8->S11->S27->S29->S30->S32->S33->S34->S36->S37,L0->L2->L3,10,15,0,0.0,0.0008451906538817494
S0->S1->S3->S5->S7->S8->S11->S27->S39->S40->S41->S43->S45->S47->S48->S50->S51,L0->L2->L3,10,17,0,0.0,0.0008451906538817494
S0->S1->S3->S5->S7->S8->S11->S27->S39->S40->S41->S44->S45->S47->S48->S50->S51,L0->L2->L3,10,17,0,0.0,0.0008451906538817494
S0->S1->S2->S4->S7->S8->S10->S24->S26->S29->S30->S33->S34->S35->S37,L0->L1->L2->L3,10,15,0,0.0,0.0008451906538817494
S0->S3->S4->S6->S8->S11->S29->S30->S33->S34->S35->S37,L0->L3,10,12,0,0.0,0.0008451906538817494
S0->S3->S4->S6->S8->S9->S29->S30->S33->S34->S35->S37,L0->L3,10,12,0,0.0,0.0008451906538817494
S0->S1->S2->S5->S7->S8->S9->S27->S39->S40->S41->S44->S45->S47->S48->S50->S51,L0->L2->L3,10,17,0,0.0,0.0008451906538817494
S0->S3->S5->S6->S8->S11->S29->S30->S33->S34->S36->S37,L0->L3,10,12,0,0.0,0.0008451906538817494
S1->S2->S4->S6->S8->S11->S29->S30->S33->S34->S35->S37,L0->L3,10,12,0,0.0,0.0008451906538817494
S0->S1->S4->S6->S8->S11->S29->S30->S33->S34->S36->S37,L0->L3,10,12,0,0.0,0.0008451906538817494
S0->S1->S2->S5->S7->S8->S9->S24->S26->S29->S30->S33->S34->S36->S37,L0->L1->L2->L3,10,15,0,0.0,0.0008451906538817494
S12->S13->S14->S16->S18->S20->S21->S29->S30->S32->S36->S37,L0->L3,10,12,4,0.4,0.0008451906538817494
S0->S1->S2->S5->S7->S8->S9->S11->S29->S30->S33->S34->S35->S37,L0->L3,10,14,0,0.0,0.0008451906538817494
S12->S13->S15->S17->S18->S20->S21->S29->S30->S32->S34->S36->S37,L0->L3,10,13,1,0.1,0.0008451906538817494
S0->S1->S2->S5->S6->S8->S9->S24->S26->S29->S30->S33->S34->S35->S37,L0->L1->L2->L3,10,15,0,0.0,0.0008451906538817494
S0->S1->S2->S5->S6->S8->S9->S11->S29->S30->S33->S34->S36->S37,L0->L3,10,14,0,0.0,0.0008451906538817494
S12->S13->S14->S16->S18->S20->S23->S29->S30->S32->S35->S37,L0->L3,10,12,3,0.3,0.0008451906538817494
S0->S1->S2->S4->S7->S8->S10->S26->S29->S30->S31->S33->S34->S36->S37,L0->L2->L3,10,15,0,0.0,0.0008451906538817494
S0->S1->S3->S5->S7->S8->S10->S26->S39->S40->S41->S43->S45->S47->S48->S49->S51,L0->L2->L3,10,17,0,0.0,0.0008451906538817494
S12->S13->S15->S17->S19->S20->S23->S29->S33->S34->S35->S37,L0->L3,10,12,0,0.0,0.0008451906538817494
S12->S13->S15->S16->S18->S20->S21->S29->S30->S32->S35->S37,L0->L3,10,12,1,0.1,0.0008451906538817494
S0->S1->S3->S4->S6->S8->S11->S26->S39->S40->S41->S44->S45->S47->S48->S50->S51,L0->L2->L3,10,17,0,0.0,0.0008451906538817494
S0->S1->S3->S5->S6->S8->S10->S29->S30->S31->S33->S34->S36->S37->S38,L0->L3,10,15,0,0.0,0.0008451906538817494
S0->S1->S3->S5->S6->S8->S10->S28->S29->S30->S31->S33->S34->S36->S37,L0->L2->L3,10,15,0,0.0,0.0008451906538817494
S0->S1->S2->S4->S7->S8->S10->S29->S30->S33->S34->S35,L0->L3,10,12,0,0.0,0.0008451906538817494
S0->S1->S3->S5->S6->S8->S10->S29->S30->S31->S32->S33->S34->S36->S37,L0->L3,10,15,0,0.0,0.0008451906538817494
S0->S1->S3->S5->S7->S8->S10->S26->S39->S40->S41->S43->S45->S47->S48->S50->S51,L0->L2->L3,10,17,0,0.0,0.0008451906538817494
S0->S1->S3->S5->S7->S8->S10->S27->S29->S30->S32->S33->S34->S36->S37,L0->L2->L3,10,15,0,0.0,0.0008451906538817494
S12->S13->S14->S16->S19->S20->S22->S27->S29->S30->S31->S33->S34->S35->S37,L0->L2->L3,10,15,0,0.0,0.0008451906538817494
S12->S13->S14->S16->S19->S20->S21->S28->S29->S30->S33->S34->S35->S37,L0->L2->L3,10,14,0,0.0,0.0008451906538817494
S0->S1->S2->S5->S7->S8->S11->S27->S29->S30->S33->S34->S36->S37->S38,L0->L2->L3,10,15,0,0.0,0.0008451906538817494
S0->S1->S3->S4->S6->S8->S9->S24->S26->S29->S30->S33->S34->S36->S37,L0->L1->L2->L3,10,15,0,0.0,0.0008451906538817494
S0->S1->S3->S4->S6->S8->S9->S10->S29->S30->S33->S34->S35->S37,L0->L3,10,14,0,0.0,0.0008451906538817494
S0->S1->S3->S4->S6->S8->S9->S10->S29->S30->S33->S34->S36->S37,L0->L3,10,14,0,0.0,0.0008451906538817494
S1->S2->S5->S7->S8->S9->S29->S30->S33->S34->S35->S37,L0->L3,10,12,0,0.0,0.0008451906538817494
S24->S27->S39->S40->S41->S43->S44->S45->S47->S48->S50->S51,L1->L2->L3,10,12,0,0.0,0.0008451906538817494
S0->S1->S2->S5->S6->S8->S9->S29->S33->S34->S35->S37,L0->L3,10,12,0,0.0,0.0008451906538817494
S12->S13->S15->S16->S18->S20->S21->S26->S29->S30->S31->S33->S34->S35->S37,L0->L2->L3,10,15,0,0.0,0.0008451906538817494
S12->S13->S15->S16->S18->S20->S22->S27->S29->S30->S31->S33->S34->S35->S37,L0->L2->L3,10,15,0,0.0,0.0008451906538817494
S1->S3->S5->S6->S8->S10->S29->S30->S33->S34->S35->S37,L0->L3,10,12,0,0.0,0.0008451906538817494
S12->S13->S15->S16->S19->S20->S23->S29->S30->S32->S34->S36->S37,L0->L3,10,13,0,0.0,0.0008451906538817494
S0->S1->S2->S4->S7->S8->S11->S29->S30->S33->S36->S37,L0->L3,10,12,0,0.0,0.0008451906538817494
S0->S1->S3->S4->S7->S9->S29->S30->S33->S34->S35->S37,L0->L3,10,12,0,0.0,0.0008451906538817494
S0->S1->S3->S4->S6->S8->S11->S29->S30->S32->S34->S35->S37,L0->L3,10,13,1,0.1,0.0008451906538817494
S0->S1->S3->S4->S6->S8->S11->S27->S39->S40->S41->S44->S45->S47->S48->S49->S51,L0->L2->L3,10,17,0,0.0,0.0008451906538817494
S0->S1->S2->S5->S6->S8->S9->S26->S39->S40->S41->S43->S45->S47->S48->S49->S51,L0->L2->L3,10,17,0,0.0,0.0008451906538817494
S0->S1->S2->S5->S6->S8->S9->S26->S39->S40->S41->S44->S45->S47->S48->S49->S51,L0->L2->L3,10,17,0,0.0,0.0008451906538817494
S0->S1->S2->S4->S6->S8->S11->S26->S29->S30->S31->S33->S34->S36->S37,L0->L2->L3,10,15,0,0.0,0.0008451906538817494
S12->S13->S14->S16->S19->S20->S21->S29->S30->S33->S36->S37,L0->L3,10,12,0,0.0,0.0008451906538817494
S0->S1->S2->S4->S7->S8->S9->S26->S29->S30->S32->S33->S34->S35->S37,L0->L2->L3,10,15,0,0.0,0.0008451906538817494
S0->S1->S2->S5->S7->S8->S11->S27->S39->S40->S41->S43->S45->S47->S48->S49->S51,L0->L2->L3,10,17,0,0.0,0.0008451906538817494
S0->S1->S2->S5->S7->S8->S11->S29->S30->S31->S32->S33->S34->S35->S37,L0->L3,10,15,0,0.0,0.0008451906538817494
S0->S1->S2->S4->S7->S8->S11->S24->S27->S29->S30->S33->S34->S35->S37,L0->L1->L2->L3,10,15,0,0.0,0.0008451906538817494
S0->S1->S4->S7->S8->S10->S29->S30->S33->S34->S35->S37,L0->L3,10,12,0,0.0,0.0008451906538817494
S1->S2->S5->S6->S8->S9->S29->S30->S33->S34->S36->S37,L0->L3,10,12,0,0.0,0.0008451906538817494
S1->S2->S5->S6->S8->S10->S29->S30->S33->S34->S35->S37,L0->L3,10,12,0,0.0,0.0008451906538817494
S1->S2->S5->S6->S8->S10->S29->S30->S33->S34->S36->S37,L0->L3,10,12,0,0.0,0.0008451906538817494
S12->S13->S15->S16->S18->S20->S23->S29->S30->S32->S34->S36->S37,L0->L3,10,13,0,0.0,0.0008451906538817494
S25->S27->S29->S30->S32->S34->S35->S37,L1->L2->L3,10,8,2,0.2,0.0008451906538817494
S0->S1->S2->S5->S7->S8->S9->S29->S30->S33->S34->S35,L0->L3,10,12,0,0.0,0.0008451906538817494
S0->S1->S3->S4->S6->S8->S9->S29->S30->S33->S34->S35,L0->L3,10,12,0,0.0,0.0008451906538817494
S0->S1->S2->S5->S6->S8->S9->S24->S27->S29->S30->S33->S34->S36->S37,L0->L1->L2->L3,10,15,0,0.0,0.0008451906538817494
S0->S1->S3->S4->S7->S8->S9->S27->S39->S40->S41->S44->S45->S47->S48->S49->S51,L0->L2->L3,10,17,0,0.0,0.0008451906538817494
S0->S1->S3->S4->S7->S8->S9->S26->S39->S40->S41->S44->S45->S47->S48->S50->S51,L0->L2->L3,10,17,0,0.0,0.0008451906538817494
S0->S1->S2->S5->S6->S8->S11->S26->S29->S30->S32->S33->S34->S35->S37,L0->L2->L3,10,15,0,0.0,0.0008451906538817494
S0->S1->S3->S4->S6->S8->S9->S27->S39->S40->S41->S43->S45->S47->S48->S49->S51,L0->L2->L3,10,17,0,0.0,0.0008451906538817494
S0->S1->S3->S4->S6->S8->S9->S27->S39->S40->S41->S44->S45->S47->S48->S50->S51,L0->L2->L3,10,17,0,0.0,0.0008451906538817494
S0->S1->S3->S4->S7->S8->S10->S27->S29->S30->S33->S34->S36->S37->S38,L0->L2->L3,10,15,0,0.0,0.0008451906538817494
S0->S1->S3->S5->S7->S8->S11->S24->S26->S29->S30->S33->S34->S35->S37,L0->L1->L2->L3,10,15,0,0.0,0.0008451906538817494
S0->S1->S2->S4->S7->S8->S11->S27->S39->S40->S41->S44->S45->S47->S48->S49->S51,L0->L2->L3,10,17,0,0.0,0.0008451906538817494
S0->S1->S2->S3->S5->S6->S8->S10->S29->S30->S33->S34->S35->S37,L0->L3,9,14,0,0.0,0.0007606715884935745
S0->S1->S3->S4->S6->S8->S9->S29->S30->S32->S33->S34->S36->S37->S38,L0->L3,9,15,0,0.0,0.0007606715884935745
S29->S30->S33->S34->S36->S37->S38,L3,9,7,0,0.0,0.0007606715884935745
S0->S1->S2->S4->S7->S8->S11->S28->S29->S30->S31->S33->S34->S35->S37,L0->L2->L3,9,15,0,0.0,0.0007606715884935745
S0->S1->S2->S4->S6->S8->S9->S28->S29->S30->S31->S33->S34->S35->S37,L0->L2->L3,9,15,0,0.0,0.0007606715884935745
S0->S1->S2->S4->S7->S8->S10->S24->S28->S29->S30->S33->S34->S35->S37,L0->L1->L2->L3,9,15,0,0.0,0.0007606715884935745
S12->S13->S14->S16->S19->S20->S21->S29->S30->S31->S32->S33->S34->S36->S37,L0->L3,9,15,0,0.0,0.0007606715884935745
S0->S1->S3->S5->S7->S8->S10->S27->S39->S40->S41->S44->S45->S47->S48->S49->S51,L0->L2->L3,9,17,0,0.0,0.0007606715884935745
S12->S13->S14->S16->S19->S20->S22->S29->S30->S33->S36->S37,L0->L3,9,12,0,0.0,0.0007606715884935745
S0->S1->S2->S4->S7->S8->S9->S26->S39->S40->S41->S44->S45->S47->S48->S50->S51,L0->L2->L3,9,17,0,0.0,0.0007606715884935745
S0->S1->S2->S4->S6->S8->S9->S26->S39->S40->S41->S44->S45->S47->S48->S49->S51,L0->L2->L3,9,17,0,0.0,0.0007606715884935745
S0->S1->S3->S5->S7->S8->S11->S26->S39->S40->S41->S44->S45->S47->S48->S50->S51,L0->L2->L3,9,17,0,0.0,0.0007606715884935745
S0->S1->S3->S5->S7->S8->S10->S24->S27->S29->S30->S33->S34->S36->S37,L0->L1->L2->L3,9,15,0,0.0,0.0007606715884935745
S12->S13->S15->S17->S19->S20->S23->S29->S30->S31->S33->S34->S36->S37->S38,L0->L3,9,15,0,0.0,0.0007606715884935745
S0->S1->S3->S5->S7->S8->S10->S28->S29->S30->S31->S33->S34->S36->S37,L0->L2->L3,9,15,0,0.0,0.0007606715884935745
S0->S1->S3->S5->S7->S8->S10->S26->S39->S40->S41->S44->S45->S47->S48->S49->S51,L0->L2->L3,9,17,0,0.0,0.0007606715884935745
S0->S1->S2->S5->S7->S8->S11->S24->S26->S29->S30->S33->S34->S35->S37,L0->L1->L2->L3,9,15,0,0.0,0.0007606715884935745
S12->S13->S14->S16->S19->S20->S23->S29->S30->S31->S32->S33->S34->S35->S37,L0->L3,9,15,0,0.0,0.0007606715884935745
S12->S13->S14->S16->S19->S20->S23->S29->S30->S32->S34->S35->S37,L0->L3,9,13,1,0.1111111111111111,0.0007606715884935745
S0->S1->S3->S5->S7->S10->S29->S30->S33->S34->S36->S37,L0->L3,9,12,0,0.0,0.0007606715884935745
S0->S1->S3->S4->S6->S8->S10->S27->S39->S40->S41->S44->S45->S47->S48->S50->S51,L0->L2->L3,9,17,0,0.0,0.0007606715884935745
S0->S1->S3->S5->S7->S8->S9->S11->S29->S30->S33->S34->S36->S37,L0->L3,9,14,0,0.0,0.0007606715884935745
S0->S1->S2->S4->S7->S8->S9->S27->S39->S40->S41->S43->S45->S47->S48->S50->S51,L0->L2->L3,9,17,0,0.0,0.0007606715884935745
S0->S1->S3->S5->S7->S8->S9->S11->S29->S30->S33->S34->S35->S37,L0->L3,9,14,0,0.0,0.0007606715884935745
S12->S13->S14->S16->S18->S20->S23->S28->S29->S30->S33->S34->S36->S37,L0->L2->L3,9,14,0,0.0,0.0007606715884935745
S0->S1->S3->S5->S7->S8->S11->S29->S30->S32->S33->S34->S36->S37->S38,L0->L3,9,15,1,0.1111111111111111,0.0007606715884935745
S0->S1->S3->S5->S7->S8->S11->S29->S30->S33->S36->S37,L0->L3,9,12,0,0.0,0.0007606715884935745
S0->S1->S2->S5->S7->S8->S11->S29->S33->S34->S36->S37,L0->L3,9,12,0,0.0,0.0007606715884935745
S0->S1->S3->S5->S6->S8->S9->S29->S30->S31->S32->S33->S34->S36->S37,L0->L3,9,15,0,0.0,0.0007606715884935745
S0->S1->S3->S4->S6->S10->S29->S30->S33->S34->S35->S37,L0->L3,9,12,0,0.0,0.0007606715884935745
S12->S13->S14->S17->S18->S20->S21->S29->S30->S31->S32->S33->S34->S35->S37,L0->L3,9,15,0,0.0,0.0007606715884935745
S12->S13->S14->S17->S18->S20->S21->S24->S26->S29->S30->S33->S34->S36->S37,L0->L1->L2->L3,9,15,0,0.0,0.0007606715884935745
S0->S1->S3->S4->S6->S8->S10->S29->S30->S31->S32->S33->S34->S36->S37,L0->L3,9,15,0,0.0,0.0007606715884935745
S12->S13->S14->S17->S18->S20->S23->S26->S29->S30->S31->S33->S34->S35->S37,L0->L2->L3,9,15,0,0.0,0.0007606715884935745
S12->S13->S14->S17->S18->S20->S23->S29->S30->S33->S35->S37,L0->L3,9,12,0,0.0,0.0007606715884935745
S0->S1->S3->S5->S6->S8->S9->S24->S26->S29->S30->S33->S34->S36->S37,L0->L1->L2->L3,9,15,0,0.0,0.0007606715884935745
S0->S1->S2->S5->S6->S8->S10->S29->S30->S32->S37,L0->L3,9,11,0,0.0,0.0007606715884935745
S0->S1->S2->S4->S7->S8->S9->S27->S39->S40->S41->S44->S45->S47->S48->S50->S51,L0->L2->L3,9,17,0,0.0,0.0007606715884935745
S0->S1->S3->S5->S7->S8->S9->S29->S33->S34->S35->S37,L0->L3,9,12,0,0.0,0.0007606715884935745
S0->S1->S3->S5->S7->S8->S9->S27->S39->S40->S41->S44->S45->S47->S48->S49->S51,L0->L2->L3,9,17,1,0.1111111111111111,0.0007606715884935745
S0->S1->S2->S4->S6->S8->S9->S10->S29->S30->S33->S34->S36->S37,L0->L3,9,14,0,0.0,0.0007606715884935745
S0->S1->S3->S5->S7->S8->S9->S26->S39->S40->S41->S44->S45->S47->S48->S50->S51,L0->L2->L3,9,17,0,0.0,0.0007606715884935745
S24->S29->S30->S33->S34->S35,L1->L3,9,6,0,0.0,0.0007606715884935745
S0->S1->S2->S4->S6->S8->S9->S11->S29->S30->S33->S34->S36->S37,L0->L3,9,14,0,0.0,0.0007606715884935745
S12->S13->S14->S16->S18->S20->S22->S29->S30->S32->S35->S37,L0->L3,9,12,1,0.1111111111111111,0.0007606715884935745
S12->S13->S14->S16->S18->S20->S22->S26->S29->S30->S31->S33->S34->S35->S37,L0->L2->L3,9,15,0,0.0,0.0007606715884935745
S0->S1->S3->S5->S6->S8->S9->S27->S39->S40->S41->S44->S45->S47->S48->S50->S51,L0->L2->L3,9,17,0,0.0,0.0007606715884935745
S0->S1->S2->S4->S7->S8->S9->S27->S39->S40->S41->S43->S45->S47->S48->S49->S51,L0->L2->L3,9,17,0,0.0,0.0007606715884935745
S0->S1->S3->S5->S6->S8->S9->S27->S29->S30->S32->S33->S34->S35->S37,L0->L2->L3,9,15,1,0.1111111111111111,0.0007606715884935745
S12->S13->S14->S17->S18->S20->S23->S24->S26->S29->S30->S33->S34->S35->S37,L0->L1->L2->L3,9,15,0,0.0,0.0007606715884935745
S0->S1->S3->S5->S6->S8->S9->S27->S29->S30->S33->S34->S35->S37->S38,L0->L2->L3,9,15,0,0.0,0.0007606715884935745
S12->S13->S14->S17->S18->S20->S22->S24->S26->S29->S30->S33->S34->S35->S37,L0->L1->L2->L3,9,15,0,0.0,0.0007606715884935745
S12->S13->S14->S17->S18->S20->S23->S29->S30->S33->S36->S37,L0->L3,9,12,0,0.0,0.0007606715884935745
S24->S26->S27->S29->S30->S33->S34->S36->S37,L1->L2->L3,9,9,0,0.0,0.0007606715884935745
S12->S13->S14->S17->S18->S20->S22->S29->S30->S31->S32->S33->S34->S36->S37,L0->L3,9,15,0,0.0,0.0007606715884935745
S0->S1->S2->S5->S7->S8->S9->S29->S30->S32->S36->S37->S38,L0->L3,9,13,0,0.0,0.0007606715884935745
S0->S3->S4->S7->S8->S10->S29->S30->S33->S34->S36->S37,L0->L3,9,12,0,0.0,0.0007606715884935745
S12->S13->S15->S17->S18->S20->S22->S29->S30->S32->S35->S37,L0->L3,9,12,3,0.3333333333333333,0.0007606715884935745
S0->S1->S2->S5->S6->S8->S11->S29->S30->S31->S32->S33->S34->S36->S37,L0->L3,9,15,0,0.0,0.0007606715884935745
S0->S1->S3->S4->S6->S8->S9->S26->S29->S30->S31->S33->S34->S35->S37,L0->L2->L3,9,15,0,0.0,0.0007606715884935745
S0->S3->S4->S7->S8->S11->S29->S30->S33->S34->S35->S37,L0->L3,9,12,0,0.0,0.0007606715884935745
S12->S13->S15->S17->S18->S20->S22->S27->S29->S30->S33->S34->S36->S37->S38,L0->L2->L3,9,15,0,0.0,0.0007606715884935745
S0->S1->S2->S4->S6->S8->S10->S27->S29->S30->S33->S34->S36->S37->S38,L0->L2->L3,9,15,2,0.2222222222222222,0.0007606715884935745
S0->S1->S3->S4->S6->S8->S9->S24->S28->S29->S30->S33->S34->S35->S37,L0->L1->L2->L3,9,15,0,0.0,0.0007606715884935745
S0->S1->S2->S4->S7->S8->S11->S26->S39->S40->S41->S43->S45->S47->S48->S50->S51,L0->L2->L3,9,17,0,0.0,0.0007606715884935745
S12->S13->S15->S16->S19->S20->S21->S29->S30->S31->S32->S33->S34->S36->S37,L0->L3,9,15,0,0.0,0.0007606715884935745
S12->S13->S15->S16->S19->S20->S21->S26->S29->S30->S31->S33->S34->S35->S37,L0->L2->L3,9,15,0,0.0,0.0007606715884935745
S0->S1->S3->S4->S7->S8->S11->S29->S30->S31->S32->S33->S34->S36->S37,L0->L3,9,15,0,0.0,0.0007606715884935745
S0->S1->S3->S4->S7->S8->S11->S29->S33->S34->S35->S37,L0->L3,9,12,0,0.0,0.0007606715884935745
S0->S1->S2->S5->S7->S8->S9->S26->S39->S40->S41->S44->S45->S47->S48->S49->S51,L0->L2->L3,9,17,0,0.0,0.0007606715884935745
S12->S13->S15->S16->S18->S20->S21->S27->S29->S30->S32->S33->S34->S36->S37,L0->L2->L3,9,15,0,0.0,0.0007606715884935745
S0->S1->S3->S5->S6->S8->S10->S27->S39->S40->S41->S44->S45->S47->S48->S50->S51,L0->L2->L3,9,17,0,0.0,0.0007606715884935745
S0->S1->S2->S4->S6->S8->S11->S27->S29->S30->S31->S33->S34->S36->S37,L0->L2->L3,9,15,0,0.0,0.0007606715884935745
S25->S27->S29->S30->S32->S35->S37->S38,L1->L2->L3,9,8,1,0.1111111111111111,0.0007606715884935745
S0->S1->S2->S4->S6->S8->S11->S24->S27->S29->S30->S33->S34->S36->S37,L0->L1->L2->L3,9,15,0,0.0,0.0007606715884935745
S12->S13->S15->S16->S18->S20->S23->S26->S29->S30->S33->S34->S35->S37->S38,L0->L2->L3,9,15,0,0.0,0.0007606715884935745
S12->S13->S15->S16->S18->S20->S23->S29->S30->S31->S32->S33->S34->S35->S37,L0->L3,9,15,0,0.0,0.0007606715884935745
S0->S1->S3->S5->S6->S8->S10->S26->S29->S30->S31->S33->S34->S36->S37,L0->L2->L3,9,15,0,0.0,0.0007606715884935745
S0->S1->S2->S5->S6->S8->S9->S29->S33->S34->S36->S37,L0->L3,9,12,0,0.0,0.0007606715884935745
S0->S1->S2->S5->S6->S8->S9->S29->S30->S32->S34->S35->S37,L0->L3,9,13,0,0.0,0.0007606715884935745
S0->S1->S2->S4->S7->S8->S10->S29->S30->S33->S34->S36,L0->L3,9,12,0,0.0,0.0007606715884935745
S0->S1->S2->S5->S6->S8->S9->S29->S30->S33->S34->S35,L0->L3,9,12,0,0.0,0.0007606715884935745
S0->S1->S2->S5->S7->S11->S29->S30->S33->S34->S35->S37,L0->L3,9,12,0,0.0,0.0007606715884935745
S0->S1->S2->S5->S7->S9->S29->S30->S33->S34->S36->S37,L0->L3,9,12,0,0.0,0.0007606715884935745
S0->S1->S2->S3->S5->S6->S8->S9->S29->S30->S33->S34->S35->S37,L0->L3,9,14,0,0.0,0.0007606715884935745
S0->S1->S2->S5->S7->S8->S9->S29->S30->S33->S34->S36,L0->L3,9,12,0,0.0,0.0007606715884935745
S12->S13->S14->S17->S19->S20->S23->S29->S33->S34->S35->S37,L0->L3,9,12,0,0.0,0.0007606715884935745
S0->S1->S2->S4->S6->S8->S11->S29->S30->S31->S33->S34->S35->S37->S38,L0->L3,9,15,0,0.0,0.0007606715884935745
S0->S1->S3->S5->S6->S8->S10->S29->S30->S32->S33->S34->S35->S37->S38,L0->L3,9,15,0,0.0,0.0007606715884935745
S0->S1->S3->S5->S6->S8->S11->S24->S26->S29->S30->S33->S34->S36->S37,L0->L1->L2->L3,9,15,0,0.0,0.0007606715884935745
S12->S13->S14->S17->S19->S20->S23->S24->S26->S29->S30->S33->S34->S36->S37,L0->L1->L2->L3,9,15,0,0.0,0.0007606715884935745
S12->S13->S14->S16->S18->S20->S21->S29->S30->S32->S34->S35->S37,L0->L3,9,13,1,0.1111111111111111,0.0007606715884935745
S12->S13->S14->S17->S19->S20->S21->S26->S29->S30->S32->S33->S34->S36->S37,L0->L2->L3,9,15,0,0.0,0.0007606715884935745
S0->S1->S3->S5->S6->S8->S11->S26->S39->S40->S41->S44->S45->S47->S48->S50->S51,L0->L2->L3,9,17,0,0.0,0.0007606715884935745
S0->S1->S2->S5->S6->S10->S29->S30->S33->S34->S36->S37,L0->L3,9,12,0,0.0,0.0007606715884935745
S12->S13->S15->S17->S19->S20->S23->S29->S30->S31->S32->S33->S34->S35->S37,L0->L3,9,15,0,0.0,0.0007606715884935745
S0->S1->S2->S3->S4->S6->S8->S9->S29->S30->S33->S34->S36->S37,L0->L3,9,14,1,0.1111111111111111,0.0007606715884935745
S0->S2->S4->S6->S8->S10->S29->S30->S33->S34->S35->S37,L0->L3,9,12,0,0.0,0.0007606715884935745
S0->S1->S2->S4->S6->S8->S10->S29->S33->S34->S35->S37,L0->L3,9,12,0,0.0,0.0007606715884935745
S0->S1->S3->S4->S7->S8->S11->S26->S39->S40->S41->S43->S45->S47->S48->S50->S51,L0->L2->L3,9,17,0,0.0,0.0007606715884935745
S12->S13->S15->S17->S19->S20->S21->S29->S30->S33->S36->S37,L0->L3,9,12,0,0.0,0.0007606715884935745
S12->S13->S15->S17->S19->S20->S21->S27->S29->S30->S33->S34->S35->S37->S38,L0->L2->L3,9,15,0,0.0,0.0007606715884935745
S24->S27->S29->S30->S32->S34->S36->S37,L1->L2->L3,9,8,0,0.0,0.0007606715884935745
S0->S1->S3->S4->S7->S8->S11->S29->S30->S31->S33->S34->S35->S37->S38,L0->L3,9,15,0,0.0,0.0007606715884935745
S0->S1->S2->S5->S7->S8->S9->S27->S39->S40->S41->S43->S45->S47->S48->S49->S51,L0->L2->L3,9,17,0,0.0,0.0007606715884935745
S0->S1->S2->S3->S4->S7->S8->S11->S29->S30->S33->S34->S35->S37,L0->L3,9,14,0,0.0,0.0007606715884935745
S12->S13->S15->S17->S19->S20->S21->S24->S26->S29->S30->S33->S34->S36->S37,L0->L1->L2->L3,9,15,0,0.0,0.0007606715884935745
S0->S1->S2->S5->S6->S8->S11->S26->S29->S30->S31->S33->S34->S35->S37,L0->L2->L3,9,15,0,0.0,0.0007606715884935745
S0->S1->S3->S4->S7->S8->S10->S27->S39->S40->S41->S44->S45->S47->S48->S49->S51,L0->L2->L3,9,17,0,0.0,0.0007606715884935745
S0->S1->S2->S5->S6->S8->S11->S27->S29->S30->S32->S33->S34->S35->S37,L0->L2->L3,9,15,0,0.0,0.0007606715884935745
S0->S1->S2->S5->S6->S8->S11->S27->S39->S40->S41->S43->S45->S47->S48->S50->S51,L0->L2->L3,9,17,0,0.0,0.0007606715884935745
S0->S1->S2->S5->S6->S8->S11->S29->S30->S31->S32->S33->S34->S35->S37,L0->L3,9,15,0,0.0,0.0007606715884935745
S12->S13->S15->S16->S19->S20->S23->S26->S29->S30->S31->S33->S34->S35->S37,L0->L2->L3,9,15,0,0.0,0.0007606715884935745
S0->S3->S5->S7->S8->S9->S29->S30->S33->S34->S35->S37,L0->L3,9,12,0,0.0,0.0007606715884935745
S0->S1->S2->S4->S6->S8->S10->S24->S27->S29->S30->S33->S34->S36->S37,L0->L1->L2->L3,9,15,0,0.0,0.0007606715884935745
S0->S1->S3->S5->S6->S8->S9->S11->S29->S30->S33->S34->S36->S37,L0->L3,8,14,0,0.0,0.0006761525231053996
S12->S13->S14->S17->S19->S20->S21->S24->S26->S29->S30->S33->S34->S35->S37,L0->L1->L2->L3,8,15,0,0.0,0.0006761525231053996
S12->S13->S14->S17->S18->S20->S23->S29->S30->S32->S34->S36->S37,L0->L3,8,13,0,0.0,0.0006761525231053996
S24->S29->S33->S34->S36->S37,L1->L3,8,6,0,0.0,0.0006761525231053996
S0->S1->S2->S5->S7->S8->S10->S29->S30->S31->S32->S33->S34->S35->S37,L0->L3,8,15,0,0.0,0.0006761525231053996
S0->S1->S3->S5->S7->S8->S9->S27->S29->S30->S32->S33->S34->S35->S37,L0->L2->L3,8,15,0,0.0,0.0006761525231053996
S0->S1->S3->S5->S7->S8->S9->S29->S30->S33->S34->S35,L0->L3,8,12,0,0.0,0.0006761525231053996
S0->S1->S3->S5->S7->S8->S9->S28->S29->S30->S31->S33->S34->S36->S37,L0->L2->L3,8,15,0,0.0,0.0006761525231053996
S0->S1->S3->S5->S7->S8->S9->S29->S33->S34->S36->S37,L0->L3,8,12,0,0.0,0.0006761525231053996
S0->S1->S2->S4->S7->S8->S9->S10->S29->S30->S33->S34->S35->S37,L0->L3,8,14,0,0.0,0.0006761525231053996
S0->S1->S3->S5->S6->S9->S29->S30->S33->S34->S36->S37,L0->L3,8,12,0,0.0,0.0006761525231053996
S0->S1->S3->S5->S7->S8->S11->S29->S30->S31->S32->S33->S34->S36->S37,L0->L3,8,15,0,0.0,0.0006761525231053996
S12->S13->S14->S17->S18->S20->S21->S26->S29->S30->S31->S33->S34->S36->S37,L0->L2->L3,8,15,0,0.0,0.0006761525231053996
S24->S28->S39->S40->S41->S44->S45->S47->S48->S49->S51,L1->L2->L3,8,11,0,0.0,0.0006761525231053996
S0->S1->S3->S5->S7->S8->S11->S27->S39->S40->S41->S43->S45->S47->S48->S49->S51,L0->L2->L3,8,17,0,0.0,0.0006761525231053996
S0->S1->S2->S4->S6->S8->S9->S26->S29->S30->S31->S33->S34->S36->S37,L0->L2->L3,8,15,0,0.0,0.0006761525231053996
S0->S1->S2->S5->S7->S8->S11->S29->S30->S31->S33->S34->S36->S37->S38,L0->L3,8,15,0,0.0,0.0006761525231053996
S12->S13->S15->S17->S18->S20->S23->S29->S30->S32->S34->S35->S37,L0->L3,8,13,1,0.125,0.0006761525231053996
S0->S1->S2->S5->S7->S8->S11->S27->S39->S40->S41->S43->S45->S47->S48->S50->S51,L0->L2->L3,8,17,0,0.0,0.0006761525231053996
S12->S13->S14->S16->S19->S20->S22->S26->S29->S30->S31->S33->S34->S36->S37,L0->L2->L3,8,15,0,0.0,0.0006761525231053996
S0->S1->S3->S4->S7->S8->S10->S25->S27->S29->S30->S33->S34->S35->S37,L0->L1->L2->L3,8,15,0,0.0,0.0006761525231053996
S0->S1->S2->S5->S7->S8->S11->S24->S27->S29->S30->S33->S34->S36->S37,L0->L1->L2->L3,8,15,0,0.0,0.0006761525231053996
S0->S1->S3->S5->S7->S8->S9->S27->S29->S30->S32->S33->S34->S36->S37,L0->L2->L3,8,15,0,0.0,0.0006761525231053996
S0->S1->S3->S5->S7->S8->S9->S27->S39->S40->S41->S43->S45->S47->S48->S50->S51,L0->L2->L3,8,17,0,0.0,0.0006761525231053996
S12->S13->S14->S17->S18->S20->S22->S24->S26->S29->S30->S33->S34->S36->S37,L0->L1->L2->L3,8,15,0,0.0,0.0006761525231053996
S0->S1->S2->S5->S7->S8->S10->S29->S30->S31->S32->S33->S34->S36->S37,L0->L3,8,15,0,0.0,0.0006761525231053996
S12->S13->S14->S17->S18->S20->S23->S27->S29->S30->S31->S33->S34->S35->S37,L0->L2->L3,8,15,0,0.0,0.0006761525231053996
S12->S13->S14->S17->S18->S20->S23->S29->S30->S31->S32->S33->S34->S36->S37,L0->L3,8,15,0,0.0,0.0006761525231053996
S0->S1->S2->S3->S5->S7->S8->S11->S29->S30->S33->S34->S35->S37,L0->L3,8,14,0,0.0,0.0006761525231053996
S12->S13->S14->S17->S18->S20->S22->S29->S30->S32->S35->S37,L0->L3,8,12,1,0.125,0.0006761525231053996
S12->S13->S14->S16->S18->S20->S21->S29->S33->S34->S35->S37,L0->L3,8,12,0,0.0,0.0006761525231053996
S0->S1->S2->S4->S6->S8->S9->S29->S30->S33->S34->S36,L0->L3,8,12,0,0.0,0.0006761525231053996
S0->S1->S2->S5->S7->S8->S10->S29->S30->S33->S34->S36,L0->L3,8,12,0,0.0,0.0006761525231053996
S12->S13->S14->S17->S18->S20->S21->S26->S29->S30->S33->S34->S35->S37->S38,L0->L2->L3,8,15,0,0.0,0.0006761525231053996
S12->S13->S14->S17->S18->S20->S21->S29->S30->S33->S35->S37,L0->L3,8,12,0,0.0,0.0006761525231053996
S0->S1->S3->S4->S6->S8->S10->S27->S29->S30->S31->S33->S34->S35->S37,L0->L2->L3,8,15,0,0.0,0.0006761525231053996
S0->S1->S2->S4->S6->S8->S9->S29->S30->S32->S33->S34->S35->S37->S38,L0->L3,8,15,0,0.0,0.0006761525231053996
S0->S1->S3->S5->S6->S8->S9->S27->S29->S30->S32->S33->S34->S36->S37,L0->L2->L3,8,15,0,0.0,0.0006761525231053996
S0->S1->S3->S4->S6->S8->S10->S29->S30->S31->S33->S34->S36->S37->S38,L0->L3,8,15,0,0.0,0.0006761525231053996
S0->S1->S3->S4->S6->S8->S10->S28->S29->S30->S31->S33->S34->S36->S37,L0->L2->L3,8,15,0,0.0,0.0006761525231053996
S0->S1->S2->S5->S7->S8->S11->S29->S30->S32->S36->S37->S38,L0->L3,8,13,0,0.0,0.0006761525231053996
S0->S1->S2->S4->S7->S8->S10->S29->S30->S32->S36->S37->S38,L0->L3,8,13,0,0.0,0.0006761525231053996
S12->S13->S14->S16->S18->S20->S21->S29->S30->S33->S34->S35,L0->L3,8,12,0,0.0,0.0006761525231053996
S0->S1->S2->S4->S7->S8->S10->S27->S39->S40->S41->S44->S45->S47->S48->S49->S51,L0->L2->L3,8,17,0,0.0,0.0006761525231053996
S12->S13->S14->S16->S18->S20->S21->S27->S29->S30->S33->S34->S35->S37->S38,L0->L2->L3,8,15,0,0.0,0.0006761525231053996
S0->S1->S2->S5->S6->S8->S11->S24->S26->S29->S30->S33->S34->S36->S37,L0->L1->L2->L3,8,15,0,0.0,0.0006761525231053996
S12->S13->S15->S17->S19->S20->S22->S29->S30->S31->S32->S33->S34->S36->S37,L0->L3,8,15,0,0.0,0.0006761525231053996
S0->S1->S3->S4->S7->S8->S9->S29->S30->S31->S32->S33->S34->S35->S37,L0->L3,8,15,0,0.0,0.0006761525231053996
S24->S27->S39->S40->S41->S43->S44->S45->S47->S48->S49->S51,L1->L2->L3,8,12,0,0.0,0.0006761525231053996
S1->S2->S5->S7->S8->S10->S29->S30->S33->S34->S36->S37,L0->L3,8,12,0,0.0,0.0006761525231053996
S12->S13->S15->S16->S18->S20->S23->S27->S29->S30->S32->S33->S34->S35->S37,L0->L2->L3,8,15,0,0.0,0.0006761525231053996
S0->S1->S3->S4->S7->S8->S9->S29->S30->S33->S34->S35,L0->L3,8,12,0,0.0,0.0006761525231053996
S0->S1->S3->S4->S6->S8->S11->S29->S30->S32->S37,L0->L3,8,11,0,0.0,0.0006761525231053996
S12->S13->S15->S16->S18->S20->S22->S24->S26->S29->S30->S33->S34->S36->S37,L0->L1->L2->L3,8,15,0,0.0,0.0006761525231053996
S0->S1->S2->S4->S6->S8->S11->S24->S28->S29->S30->S33->S34->S36->S37,L0->L1->L2->L3,8,15,0,0.0,0.0006761525231053996
S0->S1->S3->S4->S7->S8->S9->S29->S30->S32->S33->S34->S35->S37->S38,L0->L3,8,15,1,0.125,0.0006761525231053996
S0->S1->S3->S4->S7->S8->S9->S39->S40->S41->S43->S44->S45->S47->S48->S50->S51,L0->L3,8,17,0,0.0,0.0006761525231053996
S0->S1->S2->S4->S7->S8->S9->S29->S30->S31->S33->S34->S36->S37->S38,L0->L3,8,15,0,0.0,0.0006761525231053996
S12->S13->S15->S16->S18->S20->S21->S24->S26->S29->S30->S33->S34->S36->S37,L0->L1->L2->L3,8,15,0,0.0,0.0006761525231053996
S1->S3->S5->S6->S8->S10->S29->S30->S33->S34->S36->S37,L0->L3,8,12,0,0.0,0.0006761525231053996
S0->S1->S2->S4->S7->S8->S9->S29->S30->S32->S36->S37->S38,L0->L3,8,13,0,0.0,0.0006761525231053996
S0->S1->S3->S5->S6->S8->S10->S28->S29->S30->S31->S33->S34->S35->S37,L0->L2->L3,8,15,0,0.0,0.0006761525231053996
S0->S1->S3->S5->S6->S8->S10->S27->S39->S40->S41->S43->S45->S47->S48->S49->S51,L0->L2->L3,8,17,0,0.0,0.0006761525231053996
S0->S1->S3->S4->S6->S8->S11->S26->S39->S40->S41->S44->S45->S47->S48->S49->S51,L0->L2->L3,8,17,0,0.0,0.0006761525231053996
S12->S13->S14->S17->S19->S20->S22->S29->S30->S32->S34->S36->S37,L0->L3,8,13,1,0.125,0.0006761525231053996
S0->S1->S2->S5->S7->S8->S10->S27->S29->S30->S31->S33->S34->S36->S37,L0->L2->L3,8,15,0,0.0,0.0006761525231053996
S12->S13->S14->S17->S19->S20->S22->S26->S29->S30->S31->S33->S34->S35->S37,L0->L2->L3,8,15,0,0.0,0.0006761525231053996
S0->S1->S2->S5->S7->S8->S10->S24->S26->S29->S30->S33->S34->S35->S37,L0->L1->L2->L3,8,15,0,0.0,0.0006761525231053996
S12->S13->S14->S17->S19->S20->S23->S27->S29->S30->S31->S33->S34->S35->S37,L0->L2->L3,8,15,0,0.0,0.0006761525231053996
S0->S1->S3->S5->S7->S9->S29->S30->S33->S34->S35->S37,L0->L3,8,12,0,0.0,0.0006761525231053996
S0->S1->S3->S5->S7->S8->S9->S39->S40->S41->S43->S44->S45->S47->S48->S50->S51,L0->L3,8,17,0,0.0,0.0006761525231053996
S0->S1->S2->S5->S7->S8->S9->S24->S28->S29->S30->S33->S34->S36->S37,L0->L1->L2->L3,8,15,0,0.0,0.0006761525231053996
S24->S27->S29->S30->S32->S37,L1->L2->L3,8,6,0,0.0,0.0006761525231053996
S0->S1->S2->S4->S6->S8->S11->S27->S39->S40->S41->S43->S45->S47->S48->S50->S51,L0->L2->L3,8,17,0,0.0,0.0006761525231053996
S0->S1->S2->S5->S6->S8->S10->S26->S29->S30->S31->S33->S34->S36->S37,L0->L2->L3,8,15,0,0.0,0.0006761525231053996
S0->S1->S2->S5->S6->S8->S10->S26->S29->S30->S31->S33->S34->S35->S37,L0->L2->L3,8,15,0,0.0,0.0006761525231053996
S0->S1->S2->S3->S5->S7->S8->S10->S29->S30->S33->S34->S35->S37,L0->L3,8,14,0,0.0,0.0006761525231053996
S12->S13->S14->S17->S19->S20->S22->S29->S30->S32->S36->S37,L0->L3,8,12,1,0.125,0.0006761525231053996
S0->S1->S2->S4->S7->S8->S11->S26->S29->S30->S31->S33->S34->S35->S37,L0->L2->L3,8,15,0,0.0,0.0006761525231053996
S0->S1->S2->S4->S6->S8->S10->S27->S39->S40->S41->S43->S45->S47->S48->S49->S51,L0->L2->L3,8,17,0,0.0,0.0006761525231053996
S0->S1->S2->S4->S6->S8->S10->S29->S30->S31->S32->S33->S34->S35->S37,L0->L3,8,15,0,0.0,0.0006761525231053996
S0->S3->S4->S6->S8->S11->S29->S30->S33->S34->S36->S37,L0->L3,8,12,0,0.0,0.0006761525231053996
S12->S13->S15->S17->S18->S20->S22->S26->S29->S30->S31->S33->S34->S36->S37,L0->L2->L3,8,15,0,0.0,0.0006761525231053996
S0->S3->S5->S6->S8->S11->S29->S30->S33->S34->S35->S37,L0->L3,8,12,0,0.0,0.0006761525231053996
S0->S2->S5->S7->S8->S9->S29->S30->S33->S34->S36->S37,L0->L3,8,12,0,0.0,0.0006761525231053996
S0->S1->S2->S5->S6->S8->S9->S11->S29->S30->S33->S34->S35->S37,L0->L3,8,14,1,0.125,0.0006761525231053996
S12->S13->S15->S16->S19->S20->S22->S29->S30->S32->S34->S35->S37,L0->L3,8,13,1,0.125,0.0006761525231053996
S12->S13->S15->S17->S19->S20->S22->S29->S30->S33->S34->S36,L0->L3,8,12,0,0.0,0.0006761525231053996
S0->S1->S2->S5->S6->S8->S9->S26->S29->S30->S31->S33->S34->S35->S37,L0->L2->L3,8,15,0,0.0,0.0006761525231053996
S0->S1->S2->S5->S6->S8->S11->S24->S26->S29->S30->S33->S34->S35->S37,L0->L1->L2->L3,8,15,0,0.0,0.0006761525231053996
S12->S13->S15->S16->S19->S20->S22->S29->S30->S33->S36->S37,L0->L3,8,12,0,0.0,0.0006761525231053996
S12->S13->S15->S16->S19->S20->S21->S29->S30->S32->S34->S35->S37,L0->L3,8,13,1,0.125,0.0006761525231053996
S12->S13->S15->S16->S19->S20->S22->S24->S26->S29->S30->S33->S34->S36->S37,L0->L1->L2->L3,8,15,0,0.0,0.0006761525231053996
S12->S13->S15->S16->S19->S20->S21->S24->S26->S29->S30->S33->S34->S35->S37,L0->L1->L2->L3,8,15,0,0.0,0.0006761525231053996
S12->S13->S15->S16->S19->S20->S21->S24->S27->S29->S30->S33->S34->S36->S37,L0->L1->L2->L3,8,15,0,0.0,0.0006761525231053996
S0->S1->S3->S4->S7->S8->S11->S26->S29->S30->S31->S33->S34->S36->S37,L0->L2->L3,8,15,0,0.0,0.0006761525231053996
S0->S1->S2->S5->S6->S8->S11->S27->S39->S40->S41->S43->S45->S47->S48->S49->S51,L0->L2->L3,8,17,0,0.0,0.0006761525231053996
S24->S26->S28->S29->S30->S32->S33->S34->S36->S37,L1->L2->L3,8,10,0,0.0,0.0006761525231053996
S0->S1->S3->S4->S7->S8->S10->S29->S30->S33->S34->S36,L0->L3,8,12,0,0.0,0.0006761525231053996
S12->S13->S15->S17->S18->S20->S22->S29->S30->S31->S32->S33->S34->S35->S37,L0->L3,8,15,0,0.0,0.0006761525231053996
S12->S13->S15->S17->S18->S20->S22->S27->S29->S30->S32->S33->S34->S36->S37,L0->L2->L3,8,15,0,0.0,0.0006761525231053996
S0->S1->S2->S4->S6->S8->S10->S27->S29->S30->S31->S33->S34->S35->S37,L0->L2->L3,8,15,0,0.0,0.0006761525231053996
S0->S1->S2->S4->S6->S8->S10->S27->S29->S30->S32->S33->S34->S35->S37,L0->L2->L3,8,15,0,0.0,0.0006761525231053996
S12->S13->S15->S17->S18->S20->S23->S24->S26->S29->S30->S33->S34->S35->S37,L0->L1->L2->L3,8,15,0,0.0,0.0006761525231053996
S0->S1->S2->S3->S4->S7->S8->S11->S29->S30->S33->S34->S36->S37,L0->L3,8,14,0,0.0,0.0006761525231053996
S0->S2->S4->S6->S8->S10->S29->S30->S33->S34->S36->S37,L0->L3,8,12,0,0.0,0.0006761525231053996
S0->S1->S2->S5->S7->S8->S9->S29->S30->S31->S33->S34->S36->S37->S38,L0->L3,8,15,0,0.0,0.0006761525231053996
S0->S2->S4->S7->S8->S10->S29->S30->S33->S34->S36->S37,L0->L3,8,12,0,0.0,0.0006761525231053996
S0->S1->S2->S3->S4->S6->S8->S10->S29->S30->S33->S34->S35->S37,L0->L3,8,14,0,0.0,0.0006761525231053996
S12->S13->S15->S17->S18->S20->S23->S29->S30->S33->S36->S37,L0->L3,7,12,0,0.0,0.0005916334577172246
S0->S1->S3->S4->S7->S8->S10->S24->S27->S29->S30->S33->S34->S35->S37,L0->L1->L2->L3,7,15,0,0.0,0.0005916334577172246
S0->S1->S2->S4->S7->S8->S11->S27->S29->S30->S31->S33->S34->S36->S37,L0->L2->L3,7,15,1,0.14285714285714285,0.0005916334577172246
S0->S1->S2->S4->S7->S8->S11->S27->S29->S30->S31->S33->S34->S35->S37,L0->L2->L3,7,15,0,0.0,0.0005916334577172246
S39->S40->S41->S43->S44->S45->S47->S48->S50->S51,L3,7,10,0,0.0,0.0005916334577172246
S29->S30->S32->S33->S34->S35->S37,L3,7,7,0,0.0,0.0005916334577172246
S0->S1->S3->S4->S6->S8->S9->S28->S29->S30->S31->S33->S34->S36->S37,L0->L2->L3,7,15,0,0.0,0.0005916334577172246
S25->S28->S29->S30->S32->S33->S34->S35->S37,L1->L2->L3,7,9,0,0.0,0.0005916334577172246
S0->S1->S2->S3->S4->S7->S8->S9->S29->S30->S33->S34->S35->S37,L0->L3,7,14,0,0.0,0.0005916334577172246
S0->S1->S3->S4->S6->S8->S9->S27->S29->S30->S31->S33->S34->S35->S37,L0->L2->L3,7,15,0,0.0,0.0005916334577172246
S0->S1->S3->S4->S6->S8->S9->S29->S30->S32->S36->S37->S38,L0->L3,7,13,0,0.0,0.0005916334577172246
S1->S3->S4->S7->S8->S10->S29->S30->S33->S34->S35->S37,L0->L3,7,12,0,0.0,0.0005916334577172246
S0->S1->S2->S5->S7->S8->S9->S26->S39->S40->S41->S44->S45->S47->S48->S50->S51,L0->L2->L3,7,17,0,0.0,0.0005916334577172246
S1->S2->S4->S6->S8->S9->S29->S30->S33->S34->S35->S37,L0->L3,7,12,0,0.0,0.0005916334577172246
S0->S1->S2->S4->S7->S8->S11->S28->S29->S30->S31->S33->S34->S36->S37,L0->L2->L3,7,15,0,0.0,0.0005916334577172246
S0->S1->S2->S5->S6->S8->S11->S29->S30->S32->S36->S37->S38,L0->L3,7,13,0,0.0,0.0005916334577172246
S0->S1->S2->S5->S6->S8->S11->S29->S30->S32->S33->S34->S36->S37->S38,L0->L3,7,15,0,0.0,0.0005916334577172246
S12->S13->S14->S17->S19->S20->S23->S29->S30->S33->S36->S37,L0->L3,7,12,0,0.0,0.0005916334577172246
S12->S13->S14->S16->S18->S20->S21->S27->S29->S30->S31->S33->S34->S35->S37,L0->L2->L3,7,15,0,0.0,0.0005916334577172246
S12->S13->S14->S16->S18->S20->S21->S29->S30->S31->S32->S33->S34->S36->S37,L0->L3,7,15,0,0.0,0.0005916334577172246
S12->S13->S14->S16->S18->S20->S21->S29->S30->S31->S32->S33->S34->S35->S37,L0->L3,7,15,0,0.0,0.0005916334577172246
S24->S25->S26->S29->S30->S33->S34->S36->S37,L1->L2->L3,7,9,0,0.0,0.0005916334577172246
S0->S1->S2->S5->S7->S8->S9->S24->S27->S29->S30->S33->S34->S36->S37,L0->L1->L2->L3,7,15,0,0.0,0.0005916334577172246
S12->S13->S14->S16->S18->S20->S21->S26->S29->S30->S31->S33->S34->S35->S37,L0->L2->L3,7,15,0,0.0,0.0005916334577172246
S0->S1->S3->S4->S7->S8->S10->S29->S30->S32->S33->S34->S36->S37->S38,L0->L3,7,15,0,0.0,0.0005916334577172246
S0->S1->S3->S4->S7->S8->S10->S29->S30->S31->S33->S34->S35->S37->S38,L0->L3,7,15,0,0.0,0.0005916334577172246
S0->S1->S2->S4->S6->S8->S10->S26->S29->S30->S31->S33->S34->S36->S37,L0->L2->L3,7,15,0,0.0,0.0005916334577172246
S1->S3->S4->S6->S8->S10->S29->S30->S33->S34->S35->S37,L0->L3,7,12,0,0.0,0.0005916334577172246
S0->S1->S3->S5->S6->S8->S10->S39->S40->S41->S43->S44->S45->S47->S48->S49->S51,L0->L3,7,17,0,0.0,0.0005916334577172246
S0->S1->S3->S5->S6->S8->S10->S29->S30->S33->S34->S36,L0->L3,7,12,0,0.0,0.0005916334577172246
S0->S1->S3->S4->S6->S8->S11->S25->S27->S29->S30->S33->S34->S36->S37,L0->L1->L2->L3,7,15,0,0.0,0.0005916334577172246
S0->S1->S3->S4->S6->S8->S11->S24->S28->S29->S30->S33->S34->S36->S37,L0->L1->L2->L3,7,15,0,0.0,0.0005916334577172246
S12->S13->S14->S17->S19->S20->S21->S29->S30->S33->S36->S37,L0->L3,7,12,0,0.0,0.0005916334577172246
S12->S13->S14->S17->S19->S20->S21->S29->S30->S33->S35->S37,L0->L3,7,12,0,0.0,0.0005916334577172246
S0->S1->S2->S4->S5->S6->S8->S10->S29->S30->S33->S34->S36->S37,L0->L3,7,14,0,0.0,0.0005916334577172246
S0->S1->S2->S5->S7->S10->S29->S30->S33->S34->S35->S37,L0->L3,7,12,0,0.0,0.0005916334577172246
S12->S13->S14->S17->S19->S20->S22->S23->S29->S30->S33->S34->S36->S37,L0->L3,7,14,0,0.0,0.0005916334577172246
S12->S13->S15->S17->S19->S20->S22->S26->S29->S30->S31->S33->S34->S36->S37,L0->L2->L3,7,15,0,0.0,0.0005916334577172246
S12->S13->S15->S17->S19->S20->S22->S26->S29->S30->S31->S33->S34->S35->S37,L0->L2->L3,7,15,0,0.0,0.0005916334577172246
S0->S1->S3->S5->S7->S8->S9->S24->S28->S29->S30->S33->S34->S36->S37,L0->L1->L2->L3,7,15,0,0.0,0.0005916334577172246
S0->S1->S3->S5->S7->S8->S9->S25->S27->S29->S30->S33->S34->S36->S37,L0->L1->L2->L3,7,15,0,0.0,0.0005916334577172246
S0->S1->S3->S4->S7->S8->S11->S24->S27->S29->S30->S33->S34->S35->S37,L0->L1->L2->L3,7,15,0,0.0,0.0005916334577172246
S0->S1->S3->S5->S6->S8->S11->S27->S39->S40->S41->S44->S45->S47->S48->S49->S51,L0->L2->L3,7,17,0,0.0,0.0005916334577172246
S0->S1->S3->S4->S6->S8->S10->S29->S30->S33->S34->S36,L0->L3,7,12,0,0.0,0.0005916334577172246
S0->S1->S2->S4->S7->S8->S10->S27->S39->S40->S41->S43->S45->S47->S48->S50->S51,L0->L2->L3,7,17,0,0.0,0.0005916334577172246
S12->S13->S15->S17->S19->S20->S22->S29->S33->S34->S36->S37,L0->L3,7,12,0,0.0,0.0005916334577172246
S12->S13->S15->S16->S18->S20->S21->S26->S29->S30->S31->S33->S34->S36->S37,L0->L2->L3,7,15,0,0.0,0.0005916334577172246
S12->S13->S15->S16->S18->S20->S21->S24->S26->S29->S30->S33->S34->S35->S37,L0->L1->L2->L3,7,15,0,0.0,0.0005916334577172246
S0->S1->S2->S4->S7->S8->S11->S29->S30->S33->S34->S36,L0->L3,7,12,0,0.0,0.0005916334577172246
S0->S1->S2->S5->S6->S8->S9->S29->S30->S31->S33->S34->S36->S37->S38,L0->L3,7,15,0,0.0,0.0005916334577172246
S0->S1->S2->S5->S6->S8->S9->S29->S30->S31->S33->S34->S35->S37->S38,L0->L3,7,15,0,0.0,0.0005916334577172246
S12->S13->S15->S17->S19->S20->S23->S26->S29->S30->S32->S33->S34->S36->S37,L0->L2->L3,7,15,0,0.0,0.0005916334577172246
S12->S13->S15->S16->S18->S20->S23->S27->S29->S30->S32->S33->S34->S36->S37,L0->L2->L3,7,15,0,0.0,0.0005916334577172246
S0->S1->S2->S4->S6->S8->S10->S28->S29->S30->S31->S33->S34->S36->S37,L0->L2->L3,7,15,0,0.0,0.0005916334577172246
S0->S1->S2->S4->S6->S8->S10->S28->S29->S30->S31->S33->S34->S35->S37,L0->L2->L3,7,15,0,0.0,0.0005916334577172246
S12->S13->S15->S17->S19->S20->S21->S29->S30->S32->S34->S36->S37,L0->L3,7,13,1,0.14285714285714285,0.0005916334577172246
S0->S1->S3->S4->S6->S8->S9->S24->S28->S29->S30->S33->S34->S36->S37,L0->L1->L2->L3,7,15,0,0.0,0.0005916334577172246
S12->S13->S14->S16->S18->S20->S22->S29->S30->S31->S33->S34->S35->S37->S38,L0->L3,7,15,0,0.0,0.0005916334577172246
S12->S13->S15->S17->S19->S20->S21->S29->S33->S34->S36->S37,L0->L3,7,12,1,0.14285714285714285,0.0005916334577172246
S12->S13->S15->S16->S18->S20->S22->S29->S30->S33->S35->S37,L0->L3,7,12,0,0.0,0.0005916334577172246
S0->S1->S3->S5->S6->S8->S11->S29->S30->S33->S34->S36,L0->L3,7,12,0,0.0,0.0005916334577172246
S0->S1->S3->S5->S6->S8->S11->S29->S30->S32->S36->S37->S38,L0->L3,7,13,1,0.14285714285714285,0.0005916334577172246
S0->S1->S2->S4->S7->S8->S9->S10->S29->S30->S33->S34->S36->S37,L0->L3,7,14,0,0.0,0.0005916334577172246
S12->S13->S14->S17->S18->S20->S23->S29->S30->S32->S35->S37,L0->L3,7,12,0,0.0,0.0005916334577172246
S0->S1->S3->S4->S6->S8->S10->S29->S30->S32->S36->S37->S38,L0->L3,7,13,0,0.0,0.0005916334577172246
S12->S13->S15->S16->S18->S20->S23->S24->S27->S29->S30->S33->S34->S36->S37,L0->L1->L2->L3,7,15,0,0.0,0.0005916334577172246
S0->S1->S2->S5->S7->S8->S11->S29->S30->S32->S33->S34->S35->S37->S38,L0->L3,7,15,0,0.0,0.0005916334577172246
S0->S1->S3->S5->S7->S8->S11->S28->S29->S30->S31->S33->S34->S35->S37,L0->L2->L3,7,15,0,0.0,0.0005916334577172246
S0->S1->S3->S5->S7->S8->S11->S29->S30->S32->S35->S37->S38,L0->L3,7,13,0,0.0,0.0005916334577172246
S0->S1->S2->S4->S6->S8->S10->S29->S30->S31->S33->S34->S36->S37->S38,L0->L3,7,15,0,0.0,0.0005916334577172246
S0->S1->S2->S4->S6->S8->S10->S29->S30->S31->S33->S34->S35->S37->S38,L0->L3,7,15,0,0.0,0.0005916334577172246
S12->S13->S15->S17->S18->S20->S21->S29->S30->S33->S35->S37,L0->L3,7,12,0,0.0,0.0005916334577172246
S12->S13->S15->S17->S18->S20->S21->S39->S40->S41->S44->S45->S47->S48->S49,L0->L3,7,15,0,0.0,0.0005916334577172246
S12->S13->S14->S17->S18->S20->S23->S27->S29->S30->S31->S33->S34->S36->S37,L0->L2->L3,7,15,0,0.0,0.0005916334577172246
S12->S13->S14->S17->S18->S20->S23->S29->S30->S31->S33->S34->S35->S37->S38,L0->L3,7,15,0,0.0,0.0005916334577172246
S0->S1->S2->S5->S7->S8->S10->S26->S29->S30->S31->S33->S34->S36->S37,L0->L2->L3,7,15,0,0.0,0.0005916334577172246
S24->S38,L1->L3,7,2,0,0.0,0.0005916334577172246
S12->S13->S15->S16->S18->S20->S23->S26->S29->S30->S32->S33->S34->S35->S37,L0->L2->L3,7,15,0,0.0,0.0005916334577172246
S0->S1->S3->S4->S7->S8->S9->S28->S29->S30->S31->S33->S34->S36->S37,L0->L2->L3,7,15,0,0.0,0.0005916334577172246
S0->S1->S2->S4->S7->S8->S11->S29->S30->S32->S33->S34->S35->S37->S38,L0->L3,7,15,0,0.0,0.0005916334577172246
S0->S1->S3->S4->S7->S8->S9->S28->S29->S30->S31->S33->S34->S35->S37,L0->L2->L3,7,15,0,0.0,0.0005916334577172246
S12->S13->S15->S16->S18->S20->S23->S29->S30->S33->S35->S37,L0->L3,7,12,0,0.0,0.0005916334577172246
S12->S13->S15->S17->S19->S20->S22->S27->S29->S30->S31->S33->S34->S36->S37,L0->L2->L3,7,15,0,0.0,0.0005916334577172246
S12->S13->S14->S17->S18->S20->S23->S24->S26->S29->S30->S33->S34->S36->S37,L0->L1->L2->L3,7,15,0,0.0,0.0005916334577172246
S12->S13->S14->S17->S18->S20->S22->S29->S30->S33->S34->S36,L0->L3,7,12,1,0.14285714285714285,0.0005916334577172246
S12->S13->S14->S17->S18->S20->S22->S27->S29->S30->S31->S33->S34->S36->S37,L0->L2->L3,7,15,0,0.0,0.0005916334577172246
S0->S1->S2->S4->S6->S8->S10->S24->S28->S29->S30->S33->S34->S35->S37,L0->L1->L2->L3,7,15,0,0.0,0.0005916334577172246
S0->S1->S3->S5->S7->S8->S11->S26->S29->S30->S31->S33->S34->S36->S37,L0->L2->L3,7,15,0,0.0,0.0005916334577172246
S0->S1->S3->S5->S7->S8->S11->S26->S29->S30->S31->S33->S34->S35->S37,L0->L2->L3,7,15,0,0.0,0.0005916334577172246
S0->S1->S2->S4->S7->S8->S9->S26->S29->S30->S31->S33->S34->S36->S37,L0->L2->L3,7,15,0,0.0,0.0005916334577172246
S0->S1->S2->S4->S6->S8->S9->S29->S30->S31->S33->S34->S36->S37->S38,L0->L3,7,15,0,0.0,0.0005916334577172246
S12->S13->S14->S16->S18->S20->S23->S29->S30->S33->S35->S37,L0->L3,7,12,0,0.0,0.0005916334577172246
S12->S13->S15->S16->S19->S20->S22->S26->S29->S30->S31->S33->S34->S35->S37,L0->L2->L3,7,15,0,0.0,0.0005916334577172246
S12->S13->S15->S17->S19->S20->S22->S29->S30->S33->S35->S37,L0->L3,7,12,0,0.0,0.0005916334577172246
S0->S1->S2->S4->S7->S8->S10->S27->S29->S30->S32->S33->S34->S35->S37,L0->L2->L3,7,15,1,0.14285714285714285,0.0005916334577172246
S0->S1->S3->S5->S6->S8->S9->S29->S30->S31->S32->S33->S34->S35->S37,L0->L3,7,15,0,0.0,0.0005916334577172246
S0->S1->S3->S5->S6->S8->S9->S27->S39->S40->S41->S43->S45->S47->S48->S49->S51,L0->L2->L3,7,17,0,0.0,0.0005916334577172246
S0->S1->S3->S5->S6->S8->S9->S29->S30->S32->S33->S34->S36->S37->S38,L0->L3,7,15,0,0.0,0.0005916334577172246
S0->S1->S3->S5->S6->S8->S9->S29->S30->S32->S33->S34->S35->S37->S38,L0->L3,7,15,0,0.0,0.0005916334577172246
S0->S1->S2->S3->S5->S6->S8->S11->S29->S30->S33->S34->S35->S37,L0->L3,7,14,0,0.0,0.0005916334577172246
S0->S1->S2->S3->S5->S6->S8->S10->S29->S30->S33->S34->S36->S37,L0->L3,7,14,0,0.0,0.0005916334577172246
S0->S1->S3->S5->S6->S8->S9->S29->S30->S31->S33->S34->S35->S37->S38,L0->L3,7,15,0,0.0,0.0005916334577172246
S12->S13->S14->S16->S19->S20->S23->S29->S30->S32->S34->S36->S37,L0->L3,7,13,1,0.14285714285714285,0.0005916334577172246
S24->S28->S29->S30->S32->S36->S37,L1->L2->L3,7,7,3,0.42857142857142855,0.0005916334577172246
S0->S1->S2->S4->S5->S7->S8->S10->S29->S30->S33->S34->S36->S37,L0->L3,7,14,0,0.0,0.0005916334577172246
S0->S1->S2->S5->S7->S8->S11->S29->S30->S31->S32->S33->S34->S36->S37,L0->L3,7,15,0,0.0,0.0005916334577172246
S12->S13->S14->S16->S19->S20->S21->S22->S29->S30->S33->S34->S35->S37,L0->L3,7,14,0,0.0,0.0005916334577172246
S12->S13->S14->S16->S19->S20->S21->S26->S29->S30->S32->S33->S34->S35->S37,L0->L2->L3,7,15,0,0.0,0.0005916334577172246
S0->S1->S2->S5->S7->S8->S11->S27->S39->S40->S41->S44->S45->S47->S48->S50->S51,L0->L2->L3,7,17,0,0.0,0.0005916334577172246
S12->S13->S15->S16->S19->S20->S23->S24->S27->S29->S30->S33->S34->S36->S37,L0->L1->L2->L3,7,15,0,0.0,0.0005916334577172246
S0->S1->S3->S4->S7->S8->S11->S29->S30->S33->S34->S36,L0->L3,7,12,0,0.0,0.0005916334577172246
S0->S1->S3->S5->S6->S8->S9->S29->S30->S33->S34->S36,L0->L3,7,12,0,0.0,0.0005916334577172246
S12->S13->S15->S16->S19->S20->S21->S26->S29->S30->S31->S33->S34->S36->S37,L0->L2->L3,7,15,0,0.0,0.0005916334577172246
S12->S13->S15->S16->S19->S20->S21->S27->S29->S30->S31->S33->S34->S36->S37,L0->L2->L3,7,15,0,0.0,0.0005916334577172246
S12->S13->S15->S16->S19->S20->S22->S26->S29->S30->S31->S33->S34->S36->S37,L0->L2->L3,7,15,0,0.0,0.0005916334577172246
S12->S13->S14->S16->S19->S20->S21->S29->S30->S32->S36->S37->S38,L0->L3,7,13,0,0.0,0.0005916334577172246
S0->S1->S2->S4->S7->S8->S9->S27->S29->S30->S31->S33->S34->S35->S37,L0->L2->L3,7,15,0,0.0,0.0005916334577172246
S12->S13->S14->S16->S19->S20->S22->S26->S29->S30->S33->S34->S35->S37->S38,L0->L2->L3,7,15,0,0.0,0.0005916334577172246
S0->S1->S2->S5->S7->S8->S11->S26->S29->S30->S33->S34->S35->S37->S38,L0->L2->L3,7,15,0,0.0,0.0005916334577172246
S0->S1->S3->S4->S6->S8->S11->S29->S30->S33->S34->S36,L0->L3,7,12,0,0.0,0.0005916334577172246
S0->S1->S3->S4->S7->S8->S9->S26->S39->S40->S41->S44->S45->S47->S48->S49->S51,L0->L2->L3,7,17,0,0.0,0.0005916334577172246
S0->S1->S2->S4->S6->S8->S11->S24->S26->S29->S30->S33->S34->S35->S37,L0->L1->L2->L3,7,15,0,0.0,0.0005916334577172246
S12->S13->S15->S16->S19->S20->S21->S26->S29->S30->S32->S33->S34->S36->S37,L0->L2->L3,7,15,0,0.0,0.0005916334577172246
S0->S1->S2->S4->S6->S8->S9->S25->S27->S29->S30->S33->S34->S36->S37,L0->L1->L2->L3,7,15,0,0.0,0.0005916334577172246
S12->S13->S14->S16->S19->S20->S23->S29->S30->S32->S36->S37,L0->L3,7,12,1,0.14285714285714285,0.0005916334577172246
S12->S13->S15->S17->S19->S20->S23->S29->S30->S32->S34->S36->S37,L0->L3,7,13,0,0.0,0.0005916334577172246
S0->S1->S3->S5->S6->S8->S9->S29->S30->S31->S33->S34->S36->S37->S38,L0->L3,7,15,0,0.0,0.0005916334577172246
S0->S1->S2->S4->S7->S8->S10->S25->S27->S29->S30->S33->S34->S35->S37,L0->L1->L2->L3,7,15,0,0.0,0.0005916334577172246
S12->S13->S14->S16->S19->S20->S22->S27->S29->S30->S33->S34->S35->S37->S38,L0->L2->L3,7,15,0,0.0,0.0005916334577172246
S12->S13->S14->S16->S19->S20->S22->S27->S29->S30->S32->S33->S34->S35->S37,L0->L2->L3,7,15,0,0.0,0.0005916334577172246
S0->S1->S2->S5->S7->S8->S11->S26->S29->S30->S31->S33->S34->S35->S37,L0->L2->L3,7,15,0,0.0,0.0005916334577172246
S0->S1->S2->S5->S7->S8->S11->S25->S27->S29->S30->S33->S34->S36->S37,L0->L1->L2->L3,7,15,0,0.0,0.0005916334577172246
S12->S13->S15->S16->S19->S20->S22->S26->S29->S30->S32->S33->S34->S36->S37,L0->L2->L3,7,15,0,0.0,0.0005916334577172246
S12->S13->S15->S16->S19->S20->S21->S29->S30->S33->S34->S35,L0->L3,7,12,0,0.0,0.0005916334577172246
S12->S13->S15->S17->S19->S20->S21->S22->S29->S30->S33->S34->S36->S37,L0->L3,7,14,0,0.0,0.0005916334577172246
S0->S1->S2->S4->S7->S8->S9->S24->S27->S29->S30->S33->S34->S36->S37,L0->L1->L2->L3,7,15,0,0.0,0.0005916334577172246
S0->S1->S2->S5->S6->S8->S10->S29->S30->S31->S32->S33->S34->S36->S37,L0->L3,7,15,0,0.0,0.0005916334577172246
S12->S13->S14->S17->S19->S20->S23->S29->S30->S32->S35->S37,L0->L3,7,12,1,0.14285714285714285,0.0005916334577172246
S12->S13->S14->S17->S19->S20->S23->S29->S30->S32->S34->S36->S37,L0->L3,7,13,0,0.0,0.0005916334577172246
S0->S1->S2->S5->S6->S8->S9->S29->S30->S32->S35->S37->S38,L0->L3,7,13,0,0.0,0.0005916334577172246
S12->S13->S14->S17->S19->S20->S22->S29->S30->S31->S32->S33->S34->S36->S37,L0->L3,7,15,0,0.0,0.0005916334577172246
S0->S1->S2->S4->S6->S8->S11->S29->S30->S32->S35->S37->S38,L0->L3,7,13,0,0.0,0.0005916334577172246
S12->S13->S14->S17->S19->S20->S22->S29->S30->S31->S32->S33->S34->S35->S37,L0->L3,7,15,0,0.0,0.0005916334577172246
S0->S1->S2->S3->S4->S7->S8->S10->S29->S30->S33->S34->S35->S37,L0->L3,7,14,0,0.0,0.0005916334577172246
S0->S1->S3->S4->S6->S8->S9->S29->S30->S33->S34->S36,L0->L3,7,12,0,0.0,0.0005916334577172246
S0->S1->S5->S7->S8->S9->S29->S30->S33->S34->S36->S37,L0->L3,7,12,0,0.0,0.0005916334577172246
S0->S1->S2->S3->S4->S7->S8->S10->S29->S30->S33->S34->S36->S37,L0->L3,6,14,0,0.0,0.0005071143923290497
S12->S13->S14->S17->S19->S20->S22->S27->S29->S30->S32->S33->S34->S35->S37,L0->L2->L3,6,15,0,0.0,0.0005071143923290497
S12->S13->S14->S17->S19->S20->S23->S27->S29->S30->S32->S33->S34->S35->S37,L0->L2->L3,6,15,0,0.0,0.0005071143923290497
S12->S13->S14->S17->S19->S20->S23->S27->S29->S30->S33->S34->S36->S37->S38,L0->L2->L3,6,15,0,0.0,0.0005071143923290497
S12->S13->S14->S17->S19->S20->S23->S24->S26->S29->S30->S33->S34->S35->S37,L0->L1->L2->L3,6,15,0,0.0,0.0005071143923290497
S0->S1->S2->S3->S5->S7->S8->S10->S29->S30->S33->S34->S36->S37,L0->L3,6,14,0,0.0,0.0005071143923290497
S12->S13->S15->S16->S17->S19->S20->S23->S29->S30->S33->S34->S35->S37,L0->L3,6,14,0,0.0,0.0005071143923290497
S0->S1->S3->S4->S7->S8->S10->S11->S26->S29->S30->S33->S34->S35->S37,L0->L2->L3,6,15,0,0.0,0.0005071143923290497
S0->S1->S3->S4->S7->S11->S29->S30->S33->S34->S36->S37,L0->L3,6,12,0,0.0,0.0005071143923290497
S12->S13->S15->S17->S19->S20->S21->S26->S29->S30->S33->S34->S35->S37->S38,L0->L2->L3,6,15,0,0.0,0.0005071143923290497
S0->S1->S2->S5->S7->S8->S9->S29->S30->S32->S33->S34->S35->S37->S38,L0->L3,6,15,0,0.0,0.0005071143923290497
S0->S3->S5->S6->S8->S9->S29->S30->S33->S34->S36->S37,L0->L3,6,12,0,0.0,0.0005071143923290497
S0->S1->S2->S5->S6->S8->S10->S29->S30->S32->S33->S34->S36->S37->S38,L0->L3,6,15,0,0.0,0.0005071143923290497
S24->S26->S30->S33->S34->S36->S37->S38,L1->L2->L3,6,8,0,0.0,0.0005071143923290497
S0->S1->S2->S4->S7->S8->S9->S24->S27->S29->S30->S33->S34->S35->S37,L0->L1->L2->L3,6,15,0,0.0,0.0005071143923290497
S0->S1->S2->S5->S6->S8->S11->S27->S29->S30->S31->S33->S34->S35->S37,L0->L2->L3,6,15,0,0.0,0.0005071143923290497
S12->S13->S15->S17->S18->S20->S23->S29->S30->S31->S32->S33->S34->S36->S37,L0->L3,6,15,0,0.0,0.0005071143923290497
S0->S1->S2->S3->S4->S6->S8->S11->S29->S30->S33->S34->S36->S37,L0->L3,6,14,0,0.0,0.0005071143923290497
S0->S1->S2->S5->S6->S8->S11->S26->S29->S30->S32->S36->S37,L0->L2->L3,6,13,1,0.16666666666666666,0.0005071143923290497
S12->S13->S15->S17->S19->S20->S21->S24->S26->S29->S30->S33->S34->S35->S37,L0->L1->L2->L3,6,15,0,0.0,0.0005071143923290497
S12->S13->S15->S16->S19->S20->S21->S29->S30->S33->S35->S37,L0->L3,6,12,0,0.0,0.0005071143923290497
S12->S13->S15->S16->S19->S20->S22->S26->S29->S30->S32->S33->S34->S35->S37,L0->L2->L3,6,15,0,0.0,0.0005071143923290497
S0->S1->S3->S5->S7->S8->S10->S29->S30->S32->S33->S34->S36->S37->S38,L0->L3,6,15,0,0.0,0.0005071143923290497
S0->S1->S3->S5->S7->S8->S10->S27->S39->S40->S41->S44->S45->S47->S48->S50->S51,L0->L2->L3,6,17,0,0.0,0.0005071143923290497
S12->S13->S14->S16->S19->S20->S22->S29->S33->S34->S36->S37,L0->L3,6,12,0,0.0,0.0005071143923290497
S12->S13->S14->S16->S19->S20->S22->S28->S29->S30->S33->S34->S36->S37,L0->L2->L3,6,14,0,0.0,0.0005071143923290497
S12->S13->S14->S16->S19->S20->S22->S27->S29->S30->S31->S33->S34->S36->S37,L0->L2->L3,6,15,0,0.0,0.0005071143923290497
S0->S1->S2->S4->S7->S8->S10->S26->S29->S30->S31->S33->S34->S35->S37,L0->L2->L3,6,15,0,0.0,0.0005071143923290497
S0->S1->S3->S5->S7->S8->S10->S26->S29->S30->S31->S33->S34->S35->S37,L0->L2->L3,6,15,0,0.0,0.0005071143923290497
S0->S1->S3->S4->S6->S8->S10->S24->S27->S29->S30->S33->S34->S36->S37,L0->L1->L2->L3,6,15,0,0.0,0.0005071143923290497
S0->S1->S3->S5->S7->S8->S10->S29->S30->S33->S34->S35,L0->L3,6,12,0,0.0,0.0005071143923290497
S12->S13->S14->S16->S19->S20->S23->S24->S26->S29->S30->S33->S34->S35->S37,L0->L1->L2->L3,6,15,0,0.0,0.0005071143923290497
S12->S13->S15->S17->S19->S20->S23->S29->S30->S31->S33->S34->S35->S37->S38,L0->L3,6,15,0,0.0,0.0005071143923290497
S12->S13->S14->S16->S19->S20->S23->S27->S29->S30->S31->S33->S34->S36->S37,L0->L2->L3,6,15,0,0.0,0.0005071143923290497
S12->S13->S15->S16->S19->S20->S21->S24->S27->S29->S30->S33->S34->S35->S37,L0->L1->L2->L3,6,15,0,0.0,0.0005071143923290497
S0->S1->S2->S5->S6->S8->S9->S26->S29->S30->S31->S33->S34->S36->S37,L0->L2->L3,6,15,0,0.0,0.0005071143923290497
S0->S1->S3->S4->S7->S8->S9->S26->S29->S30->S32->S35->S37,L0->L2->L3,6,13,1,0.16666666666666666,0.0005071143923290497
S12->S13->S15->S16->S19->S20->S22->S29->S30->S31->S32->S33->S34->S35->S37,L0->L3,6,15,0,0.0,0.0005071143923290497
S12->S13->S15->S16->S19->S20->S22->S29->S30->S32->S34->S36->S37,L0->L3,6,13,2,0.3333333333333333,0.0005071143923290497
S0->S1->S3->S5->S7->S8->S10->S29->S30->S33->S34->S36,L0->L3,6,12,0,0.0,0.0005071143923290497
S12->S13->S14->S16->S19->S20->S21->S29->S30->S32->S34->S36->S37,L0->L3,6,13,2,0.3333333333333333,0.0005071143923290497
S0->S1->S2->S5->S7->S8->S11->S27->S29->S30->S31->S33->S34->S36->S37,L0->L2->L3,6,15,0,0.0,0.0005071143923290497
S12->S13->S14->S16->S19->S20->S22->S24->S26->S29->S30->S33->S34->S35->S37,L0->L1->L2->L3,6,15,0,0.0,0.0005071143923290497
S12->S13->S14->S16->S19->S20->S22->S24->S26->S29->S30->S33->S34->S36->S37,L0->L1->L2->L3,6,15,0,0.0,0.0005071143923290497
S12->S13->S14->S16->S19->S20->S21->S29->S30->S33->S35->S37,L0->L3,6,12,0,0.0,0.0005071143923290497
S0->S1->S3->S5->S7->S8->S10->S29->S30->S31->S33->S34->S35->S37->S38,L0->L3,6,15,0,0.0,0.0005071143923290497
S12->S13->S15->S16->S19->S20->S22->S27->S29->S30->S31->S33->S34->S36->S37,L0->L2->L3,6,15,0,0.0,0.0005071143923290497
S12->S13->S15->S16->S19->S20->S22->S23->S29->S30->S33->S34->S35->S37,L0->L3,6,14,0,0.0,0.0005071143923290497
S12->S13->S15->S16->S19->S20->S22->S24->S27->S29->S30->S33->S34->S36->S37,L0->L1->L2->L3,6,15,0,0.0,0.0005071143923290497
S0->S1->S3->S4->S7->S8->S9->S24->S28->S29->S30->S33->S34->S36->S37,L0->L1->L2->L3,6,15,0,0.0,0.0005071143923290497
S25->S27->S28->S29->S30->S33->S34->S35->S37,L1->L2->L3,6,9,0,0.0,0.0005071143923290497
S0->S1->S3->S4->S6->S8->S11->S29->S30->S32->S35->S37->S38,L0->L3,6,13,0,0.0,0.0005071143923290497
S12->S13->S15->S16->S19->S20->S21->S29->S30->S31->S32->S33->S34->S35->S37,L0->L3,6,15,0,0.0,0.0005071143923290497
S0->S1->S2->S5->S7->S8->S11->S24->S27->S29->S30->S33->S34->S35->S37,L0->L1->L2->L3,6,15,0,0.0,0.0005071143923290497
S0->S1->S2->S5->S7->S8->S11->S24->S28->S29->S30->S33->S34->S35->S37,L0->L1->L2->L3,6,15,0,0.0,0.0005071143923290497
S0->S1->S3->S4->S6->S8->S10->S26->S29->S30->S31->S33->S34->S36->S37,L0->L2->L3,6,15,0,0.0,0.0005071143923290497
S0->S1->S3->S5->S6->S8->S9->S29->S30->S32->S36->S37->S38,L0->L3,6,13,0,0.0,0.0005071143923290497
S12->S13->S14->S17->S18->S20->S21->S27->S29->S30->S31->S33->S34->S35->S37,L0->L2->L3,6,15,0,0.0,0.0005071143923290497
S12->S13->S14->S17->S18->S20->S21->S24->S26->S29->S30->S33->S34->S35->S37,L0->L1->L2->L3,6,15,0,0.0,0.0005071143923290497
S12->S13->S14->S17->S18->S20->S21->S26->S29->S30->S32->S33->S34->S35->S37,L0->L2->L3,6,15,0,0.0,0.0005071143923290497
S0->S1->S2->S4->S6->S8->S9->S25->S26->S29->S30->S33->S34->S36->S37,L0->L1->L2->L3,6,15,0,0.0,0.0005071143923290497
S24->S28->S39->S40->S41->S43->S45->S47->S48->S50->S51,L1->L2->L3,6,11,0,0.0,0.0005071143923290497
S24->S29->S30->S32->S34->S36->S37,L1->L3,6,7,1,0.16666666666666666,0.0005071143923290497
S12->S13->S15->S16->S19->S20->S21->S39->S40->S41->S43->S45->S47->S48->S49,L0->L3,6,15,0,0.0,0.0005071143923290497
S0->S1->S3->S4->S7->S8->S11->S29->S30->S32->S36->S37->S38,L0->L3,6,13,0,0.0,0.0005071143923290497
S12->S13->S15->S16->S19->S20->S23->S26->S29->S30->S32->S33->S34->S36->S37,L0->L2->L3,6,15,0,0.0,0.0005071143923290497
S0->S1->S3->S5->S7->S8->S11->S24->S26->S29->S30->S33->S34->S36->S37,L0->L1->L2->L3,6,15,0,0.0,0.0005071143923290497
S0->S1->S3->S4->S6->S8->S10->S24->S27->S29->S30->S33->S34->S35->S37,L0->L1->L2->L3,6,15,0,0.0,0.0005071143923290497
S12->S13->S15->S16->S19->S20->S22->S29->S30->S33->S34->S36,L0->L3,6,12,0,0.0,0.0005071143923290497
S0->S1->S3->S5->S6->S8->S9->S28->S29->S30->S31->S33->S34->S35->S37,L0->L2->L3,6,15,0,0.0,0.0005071143923290497
S0->S1->S2->S4->S7->S8->S9->S27->S29->S30->S32->S35->S37,L0->L2->L3,6,13,2,0.3333333333333333,0.0005071143923290497
S0->S1->S2->S5->S7->S8->S10->S29->S30->S31->S33->S34->S35->S37->S38,L0->L3,6,15,0,0.0,0.0005071143923290497
S0->S1->S2->S4->S6->S8->S9->S24->S26->S29->S30->S33->S34->S35->S37,L0->L1->L2->L3,6,15,0,0.0,0.0005071143923290497
S0->S1->S3->S5->S6->S8->S9->S26->S39->S40->S41->S43->S45->S47->S48->S49->S51,L0->L2->L3,6,17,0,0.0,0.0005071143923290497
S12->S13->S14->S17->S18->S20->S22->S29->S30->S32->S34->S35->S37,L0->L3,6,13,1,0.16666666666666666,0.0005071143923290497
S12->S13->S14->S16->S18->S20->S22->S27->S29->S30->S32->S33->S34->S36->S37,L0->L2->L3,6,15,0,0.0,0.0005071143923290497
S12->S13->S14->S16->S18->S20->S22->S24->S26->S29->S30->S33->S34->S35->S37,L0->L1->L2->L3,6,15,0,0.0,0.0005071143923290497
S12->S13->S15->S16->S19->S20->S22->S27->S39->S40->S41->S43->S45->S47->S48->S50->S51,L0->L2->L3,6,17,0,0.0,0.0005071143923290497
S12->S13->S15->S17->S18->S20->S21->S24->S26->S29->S30->S33->S34->S36->S37,L0->L1->L2->L3,6,15,0,0.0,0.0005071143923290497
S0->S1->S2->S4->S6->S8->S10->S29->S30->S33->S34->S35,L0->L3,6,12,0,0.0,0.0005071143923290497
S0->S1->S2->S5->S6->S8->S9->S10->S29->S30->S33->S34->S35->S37,L0->L3,6,14,0,0.0,0.0005071143923290497
S12->S13->S15->S16->S19->S20->S23->S26->S29->S30->S33->S34->S35->S37->S38,L0->L2->L3,6,15,0,0.0,0.0005071143923290497
S12->S13->S14->S16->S18->S20->S23->S29->S30->S33->S36->S37,L0->L3,6,12,0,0.0,0.0005071143923290497
S0->S1->S2->S4->S7->S8->S9->S26->S29->S30->S31->S33->S34->S35->S37,L0->L2->L3,6,15,0,0.0,0.0005071143923290497
S0->S1->S3->S5->S7->S8->S11->S25->S27->S29->S30->S33->S34->S36->S37,L0->L1->L2->L3,6,15,0,0.0,0.0005071143923290497
S12->S13->S15->S17->S19->S20->S22->S29->S30->S31->S33->S34->S35->S37->S38,L0->L3,6,15,0,0.0,0.0005071143923290497
S12->S13->S14->S17->S18->S20->S22->S26->S29->S30->S32->S33->S34->S36->S37,L0->L2->L3,6,15,0,0.0,0.0005071143923290497
S12->S13->S14->S17->S18->S20->S23->S26->S29->S30->S32->S33->S34->S36->S37,L0->L2->L3,6,15,0,0.0,0.0005071143923290497
S0->S1->S2->S5->S7->S8->S10->S28->S29->S30->S31->S33->S34->S35->S37,L0->L2->L3,6,15,0,0.0,0.0005071143923290497
S12->S13->S15->S17->S19->S20->S22->S26->S29->S30->S33->S34->S36->S37->S38,L0->L2->L3,6,15,0,0.0,0.0005071143923290497
S12->S13->S15->S16->S18->S20->S23->S29->S30->S33->S34->S36,L0->L3,6,12,0,0.0,0.0005071143923290497
S12->S13->S15->S16->S18->S20->S23->S29->S33->S34->S35->S37,L0->L3,6,12,0,0.0,0.0005071143923290497
S12->S13->S15->S16->S18->S20->S23->S29->S30->S32->S34->S35->S37,L0->L3,6,13,2,0.3333333333333333,0.0005071143923290497
S0->S1->S3->S4->S7->S8->S9->S29->S30->S32->S36->S37->S38,L0->L3,6,13,0,0.0,0.0005071143923290497
S12->S13->S15->S16->S18->S20->S23->S26->S29->S30->S31->S33->S34->S35->S37,L0->L2->L3,6,15,0,0.0,0.0005071143923290497
S0->S1->S3->S4->S6->S8->S11->S29->S30->S32->S33->S34->S36->S37->S38,L0->L3,6,15,0,0.0,0.0005071143923290497
S0->S1->S3->S4->S7->S8->S9->S29->S30->S32->S34->S35->S37->S38,L0->L3,6,14,0,0.0,0.0005071143923290497
S25->S26->S27->S29->S30->S33->S34->S35->S37,L1->L2->L3,6,9,0,0.0,0.0005071143923290497
S12->S13->S14->S17->S18->S20->S23->S29->S30->S31->S33->S34->S36->S37->S38,L0->L3,6,15,0,0.0,0.0005071143923290497
S12->S13->S14->S17->S18->S20->S23->S29->S30->S31->S32->S33->S34->S35->S37,L0->L3,6,15,0,0.0,0.0005071143923290497
S24->S29->S33->S34->S35->S37,L1->L3,6,6,0,0.0,0.0005071143923290497
S0->S1->S3->S5->S6->S8->S9->S25->S26->S29->S30->S33->S34->S36->S37,L0->L1->L2->L3,6,15,0,0.0,0.0005071143923290497
S0->S1->S3->S5->S6->S8->S9->S26->S29->S30->S31->S33->S34->S36->S37,L0->L2->L3,6,15,0,0.0,0.0005071143923290497
S12->S13->S15->S17->S18->S20->S21->S29->S30->S33->S36->S37,L0->L3,6,12,0,0.0,0.0005071143923290497
S24->S29->S30->S32->S35->S37->S38,L1->L3,6,7,0,0.0,0.0005071143923290497
S0->S1->S3->S4->S6->S8->S9->S24->S27->S29->S30->S33->S34->S36->S37,L0->L1->L2->L3,6,15,1,0.16666666666666666,0.0005071143923290497
S0->S1->S3->S4->S7->S8->S11->S26->S39->S40->S41->S43->S45->S47->S48->S49->S51,L0->L2->L3,6,17,0,0.0,0.0005071143923290497
S0->S1->S3->S5->S7->S8->S11->S29->S30->S33->S34->S36,L0->L3,6,12,0,0.0,0.0005071143923290497
S12->S13->S14->S16->S18->S20->S23->S29->S30->S31->S32->S33->S34->S36->S37,L0->L3,6,15,0,0.0,0.0005071143923290497
S0->S1->S2->S4->S6->S8->S9->S29->S30->S32->S35->S37->S38,L0->L3,6,13,0,0.0,0.0005071143923290497
S0->S1->S2->S4->S6->S8->S9->S29->S30->S32->S37,L0->L3,6,11,0,0.0,0.0005071143923290497
S0->S1->S2->S5->S7->S8->S11->S29->S30->S33->S34->S36,L0->L3,6,12,0,0.0,0.0005071143923290497
S0->S1->S2->S5->S7->S8->S10->S29->S30->S32->S33->S34->S35->S37->S38,L0->L3,6,15,0,0.0,0.0005071143923290497
S0->S1->S2->S5->S7->S8->S10->S29->S30->S32->S33->S34->S36->S37->S38,L0->L3,6,15,0,0.0,0.0005071143923290497
S12->S13->S15->S16->S18->S20->S22->S29->S30->S32->S34->S36->S37,L0->L3,6,13,1,0.16666666666666666,0.0005071143923290497
S0->S1->S3->S5->S6->S8->S9->S24->S27->S29->S30->S33->S34->S36->S37,L0->L1->L2->L3,6,15,0,0.0,0.0005071143923290497
S12->S13->S14->S17->S18->S20->S23->S29->S30->S32->S34->S35->S37,L0->L3,6,13,1,0.16666666666666666,0.0005071143923290497
S0->S1->S2->S4->S7->S8->S9->S28->S29->S30->S31->S33->S34->S35->S37,L0->L2->L3,6,15,0,0.0,0.0005071143923290497
S0->S1->S3->S5->S6->S8->S11->S29->S30->S32->S37,L0->L3,6,11,0,0.0,0.0005071143923290497
S12->S13->S15->S16->S18->S20->S22->S29->S30->S33->S34->S36,L0->L3,6,12,0,0.0,0.0005071143923290497
S12->S13->S15->S16->S18->S20->S22->S29->S30->S33->S36->S37,L0->L3,6,12,0,0.0,0.0005071143923290497
S12->S13->S15->S17->S19->S20->S22->S24->S26->S29->S30->S33->S34->S35->S37,L0->L1->L2->L3,6,15,0,0.0,0.0005071143923290497
S12->S13->S14->S16->S18->S20->S22->S23->S29->S30->S33->S34->S36->S37,L0->L3,6,14,0,0.0,0.0005071143923290497
S12->S13->S14->S16->S18->S20->S23->S26->S29->S30->S32->S33->S34->S36->S37,L0->L2->L3,6,15,0,0.0,0.0005071143923290497
S12->S13->S14->S16->S18->S20->S23->S24->S26->S29->S30->S33->S34->S35->S37,L0->L1->L2->L3,6,15,0,0.0,0.0005071143923290497
S12->S13->S14->S16->S18->S20->S22->S29->S30->S33->S35->S37,L0->L3,6,12,0,0.0,0.0005071143923290497
S12->S13->S14->S16->S18->S20->S22->S29->S30->S33->S36->S37,L0->L3,6,12,0,0.0,0.0005071143923290497
S0->S1->S3->S4->S6->S11->S29->S30->S33->S34->S35->S37,L0->L3,6,12,0,0.0,0.0005071143923290497
S0->S1->S3->S4->S6->S8->S9->S25->S29->S30->S33->S34->S35->S37,L0->L1->L3,6,14,0,0.0,0.0005071143923290497
S0->S1->S2->S4->S7->S8->S11->S25->S27->S29->S30->S33->S34->S35->S37,L0->L1->L2->L3,6,15,0,0.0,0.0005071143923290497
S12->S13->S15->S17->S18->S20->S22->S26->S29->S30->S32->S33->S34->S36->S37,L0->L2->L3,6,15,1,0.16666666666666666,0.0005071143923290497
S12->S13->S15->S16->S18->S20->S22->S29->S30->S31->S32->S33->S34->S36->S37,L0->L3,6,15,0,0.0,0.0005071143923290497
S12->S13->S15->S17->S19->S20->S23->S24->S26->S29->S30->S33->S34->S36->S37,L0->L1->L2->L3,6,15,0,0.0,0.0005071143923290497
S12->S13->S15->S17->S19->S20->S22->S29->S30->S32->S34->S36->S37,L0->L3,6,13,0,0.0,0.0005071143923290497
S12->S13->S14->S17->S19->S20->S21->S27->S29->S30->S33->S34->S35->S37->S38,L0->L2->L3,6,15,0,0.0,0.0005071143923290497
S12->S13->S14->S17->S19->S20->S21->S26->S29->S30->S33->S34->S36->S37->S38,L0->L2->L3,6,15,0,0.0,0.0005071143923290497
S12->S13->S14->S17->S19->S20->S21->S27->S29->S30->S32->S33->S34->S35->S37,L0->L2->L3,6,15,0,0.0,0.0005071143923290497
S12->S13->S14->S17->S19->S20->S21->S22->S29->S30->S33->S34->S36->S37,L0->L3,6,14,0,0.0,0.0005071143923290497
S0->S1->S2->S5->S7->S8->S10->S25->S26->S29->S30->S33->S34->S36->S37,L0->L1->L2->L3,6,15,0,0.0,0.0005071143923290497
S12->S13->S14->S17->S19->S20->S21->S29->S30->S31->S32->S33->S34->S35->S37,L0->L3,6,15,0,0.0,0.0005071143923290497
S12->S13->S15->S17->S19->S20->S23->S27->S29->S30->S31->S33->S34->S35->S37,L0->L2->L3,6,15,0,0.0,0.0005071143923290497
S12->S13->S15->S17->S19->S20->S23->S26->S29->S30->S31->S33->S34->S35->S37,L0->L2->L3,6,15,0,0.0,0.0005071143923290497
S0->S1->S2->S4->S7->S8->S10->S39->S40->S41->S43->S44->S45->S47->S48->S50->S51,L0->L3,6,17,0,0.0,0.0005071143923290497
S12->S13->S15->S16->S18->S20->S22->S26->S29->S30->S31->S33->S34->S36->S37,L0->L2->L3,6,15,0,0.0,0.0005071143923290497
S0->S1->S2->S5->S6->S8->S9->S29->S30->S32->S33->S34->S36->S37->S38,L0->L3,6,15,0,0.0,0.0005071143923290497
S12->S13->S15->S16->S17->S19->S20->S21->S29->S30->S33->S34->S36->S37,L0->L3,6,14,0,0.0,0.0005071143923290497
S0->S1->S3->S5->S6->S8->S11->S26->S29->S30->S32->S34->S35->S37,L0->L2->L3,6,14,0,0.0,0.0005071143923290497
S0->S1->S3->S5->S6->S8->S11->S27->S29->S30->S31->S33->S34->S36->S37,L0->L2->L3,6,15,0,0.0,0.0005071143923290497
S0->S1->S3->S5->S6->S8->S11->S26->S29->S30->S31->S33->S34->S35->S37,L0->L2->L3,6,15,0,0.0,0.0005071143923290497
S0->S1->S2->S4->S7->S8->S10->S29->S30->S31->S33->S34->S35->S37->S38,L0->L3,6,15,0,0.0,0.0005071143923290497
S0->S1->S2->S4->S7->S8->S10->S29->S30->S32->S33->S34->S35->S37->S38,L0->L3,6,15,0,0.0,0.0005071143923290497
S0->S1->S3->S5->S6->S8->S11->S24->S28->S29->S30->S33->S34->S36->S37,L0->L1->L2->L3,6,15,0,0.0,0.0005071143923290497
S0->S1->S3->S4->S6->S8->S9->S27->S29->S30->S31->S33->S34->S36->S37,L0->L2->L3,6,15,1,0.16666666666666666,0.0005071143923290497
S12->S13->S15->S17->S18->S20->S22->S29->S30->S31->S32->S33->S34->S36->S37,L0->L3,6,15,0,0.0,0.0005071143923290497
S0->S1->S3->S4->S6->S8->S9->S26->S29->S30->S31->S33->S34->S36->S37,L0->L2->L3,6,15,0,0.0,0.0005071143923290497
S0->S1->S2->S4->S6->S8->S9->S29->S33->S34->S36->S37,L0->L3,6,12,0,0.0,0.0005071143923290497
S0->S1->S2->S4->S6->S8->S9->S39->S40->S41->S43->S44->S45->S47->S48->S50->S51,L0->L3,6,17,0,0.0,0.0005071143923290497
S12->S13->S14->S16->S18->S20->S21->S29->S30->S33->S35->S37,L0->L3,6,12,0,0.0,0.0005071143923290497
S0->S1->S2->S5->S6->S8->S10->S29->S30->S32->S35->S37->S38,L0->L3,6,13,0,0.0,0.0005071143923290497
S0->S1->S3->S5->S7->S8->S9->S24->S27->S29->S30->S33->S34->S36->S37,L0->L1->L2->L3,6,15,0,0.0,0.0005071143923290497
S12->S13->S14->S16->S18->S20->S22->S29->S30->S31->S32->S33->S34->S35->S37,L0->L3,6,15,0,0.0,0.0005071143923290497
S0->S1->S2->S4->S7->S8->S11->S29->S30->S31->S33->S34->S36->S37->S38,L0->L3,6,15,0,0.0,0.0005071143923290497
S12->S13->S15->S17->S19->S20->S22->S24->S27->S29->S30->S33->S34->S35->S37,L0->L1->L2->L3,6,15,0,0.0,0.0005071143923290497
S12->S13->S14->S17->S19->S20->S22->S26->S29->S30->S31->S33->S34->S36->S37,L0->L2->L3,6,15,0,0.0,0.0005071143923290497
S0->S1->S3->S5->S6->S8->S10->S29->S30->S31->S32->S36->S37,L0->L3,6,13,2,0.3333333333333333,0.0005071143923290497
S0->S1->S3->S5->S6->S8->S10->S27->S29->S30->S32->S36->S37,L0->L2->L3,6,13,0,0.0,0.0005071143923290497
S12->S13->S14->S17->S19->S20->S22->S24->S26->S29->S30->S33->S34->S35->S37,L0->L1->L2->L3,6,15,0,0.0,0.0005071143923290497
S12->S13->S14->S17->S19->S20->S22->S24->S26->S29->S30->S33->S34->S36->S37,L0->L1->L2->L3,6,15,0,0.0,0.0005071143923290497
S12->S13->S14->S17->S19->S20->S21->S29->S30->S33->S34->S35,L0->L3,6,12,0,0.0,0.0005071143923290497
S0->S1->S3->S5->S6->S8->S11->S24->S27->S29->S30->S33->S34->S36->S37,L0->L1->L2->L3,6,15,0,0.0,0.0005071143923290497
S25->S29->S30->S32->S34->S35->S37,L1->L3,6,7,0,0.0,0.0005071143923290497
S12->S13->S15->S17->S19->S20->S21->S29->S30->S33->S34->S36,L0->L3,6,12,0,0.0,0.0005071143923290497
S0->S1->S3->S4->S7->S8->S10->S29->S30->S32->S36->S37->S38,L0->L3,6,13,0,0.0,0.0005071143923290497
S12->S13->S14->S15->S16->S18->S20->S22->S29->S30->S33->S34->S35->S37,L0->L3,6,14,0,0.0,0.0005071143923290497
S24->S25->S26->S29->S30->S32->S34->S36->S37,L1->L2->L3,6,9,2,0.3333333333333333,0.0005071143923290497
S0->S1->S3->S5->S7->S8->S9->S29->S30->S33->S34->S36,L0->L3,6,12,0,0.0,0.0005071143923290497
S12->S13->S14->S17->S19->S20->S23->S29->S30->S33->S35->S37,L0->L3,6,12,0,0.0,0.0005071143923290497
S12->S13->S15->S17->S18->S20->S22->S29->S30->S32->S34->S35->S37,L0->L3,6,13,2,0.3333333333333333,0.0005071143923290497
S0->S1->S2->S5->S6->S8->S11->S29->S30->S31->S33->S34->S36->S37->S38,L0->L3,6,15,0,0.0,0.0005071143923290497
S12->S13->S15->S17->S18->S20->S23->S24->S27->S29->S30->S33->S34->S35->S37,L0->L1->L2->L3,6,15,0,0.0,0.0005071143923290497
S0->S1->S3->S4->S6->S8->S9->S27->S39->S40->S41->S44->S45->S47->S48->S49->S51,L0->L2->L3,6,17,0,0.0,0.0005071143923290497
S0->S1->S3->S4->S6->S8->S9->S29->S30->S31->S33->S34->S36->S37->S38,L0->L3,6,15,0,0.0,0.0005071143923290497
S0->S1->S2->S5->S7->S8->S9->S27->S29->S30->S32->S35->S37,L0->L2->L3,6,13,2,0.3333333333333333,0.0005071143923290497
S1->S2->S5->S7->S8->S10->S27->S29->S30->S33->S34->S36->S37,L0->L2->L3,6,13,0,0.0,0.0005071143923290497
S0->S1->S2->S5->S7->S8->S9->S26->S29->S30->S31->S33->S34->S35->S37,L0->L2->L3,6,15,0,0.0,0.0005071143923290497
S12->S13->S15->S16->S18->S20->S21->S27->S29->S30->S31->S33->S34->S35->S37,L0->L2->L3,6,15,0,0.0,0.0005071143923290497
S0->S1->S2->S5->S6->S8->S9->S29->S30->S32->S33->S34->S35->S37->S38,L0->L3,6,15,0,0.0,0.0005071143923290497
S12->S13->S15->S17->S18->S20->S23->S26->S29->S30->S31->S33->S34->S35->S37,L0->L2->L3,6,15,0,0.0,0.0005071143923290497
S12->S13->S15->S17->S18->S20->S23->S26->S29->S30->S32->S33->S34->S36->S37,L0->L2->L3,6,15,0,0.0,0.0005071143923290497
S12->S13->S15->S17->S18->S20->S23->S27->S29->S30->S31->S33->S34->S35->S37,L0->L2->L3,6,15,0,0.0,0.0005071143923290497
S0->S1->S2->S5->S6->S8->S10->S24->S26->S29->S30->S33->S34->S35->S37,L0->L1->L2->L3,6,15,0,0.0,0.0005071143923290497
S0->S1->S3->S4->S7->S8->S10->S26->S29->S30->S32->S34->S36->S37,L0->L2->L3,6,14,1,0.16666666666666666,0.0005071143923290497
S0->S1->S3->S4->S6->S8->S9->S29->S30->S32->S35->S37->S38,L0->L3,6,13,0,0.0,0.0005071143923290497
S27->S29->S30->S32->S33->S34->S35->S37,L2->L3,5,8,0,0.0,0.0004225953269408747
S0->S1->S2->S4->S7->S8->S11->S26->S39->S40->S41->S44->S45->S47->S48->S50->S51,L0->L2->L3,5,17,0,0.0,0.0004225953269408747
S0->S1->S2->S29->S30->S33->S34->S35->S37,L0->L3,5,9,0,0.0,0.0004225953269408747
S0->S1->S2->S29->S30->S33->S34->S36->S37,L0->L3,5,9,0,0.0,0.0004225953269408747
S12->S13->S15->S17->S18->S20->S23->S26->S29->S30->S31->S33->S34->S36->S37,L0->L2->L3,5,15,0,0.0,0.0004225953269408747
S0->S1->S3->S4->S7->S8->S10->S26->S39->S40->S41->S44->S45->S47->S48->S49->S51,L0->L2->L3,5,17,0,0.0,0.0004225953269408747
S27->S30->S33->S34->S36->S37,L2->L3,5,6,0,0.0,0.0004225953269408747
S25->S29->S33->S34->S35->S37,L1->L3,5,6,1,0.2,0.0004225953269408747
S25->S29->S33->S34->S36->S37,L1->L3,5,6,0,0.0,0.0004225953269408747
S0->S1->S3->S4->S7->S8->S10->S25->S26->S29->S30->S33->S34->S36->S37,L0->L1->L2->L3,5,15,0,0.0,0.0004225953269408747
S12->S13->S15->S17->S19->S20->S21->S29->S30->S31->S32->S33->S34->S35->S37,L0->L3,5,15,0,0.0,0.0004225953269408747
S27->S29->S30->S33->S34->S35->S37->S38,L2->L3,5,8,0,0.0,0.0004225953269408747
S27->S30->S33->S34->S35->S37,L2->L3,5,6,0,0.0,0.0004225953269408747
S30->S33->S34->S35->S37,L3,5,5,0,0.0,0.0004225953269408747
S12->S13->S14->S17->S19->S20->S22->S29->S30->S33->S34->S36,L0->L3,5,12,0,0.0,0.0004225953269408747
S0->S1->S2->S4->S6->S8->S11->S29->S30->S33->S34->S35,L0->L3,5,12,0,0.0,0.0004225953269408747
S12->S13->S14->S17->S19->S20->S22->S27->S29->S30->S31->S33->S34->S35->S37,L0->L2->L3,5,15,0,0.0,0.0004225953269408747
S0->S1->S2->S4->S6->S8->S11->S29->S30->S31->S33->S34->S36->S37->S38,L0->L3,5,15,0,0.0,0.0004225953269408747
S12->S13->S14->S17->S19->S20->S23->S26->S29->S30->S31->S33->S34->S36->S37,L0->L2->L3,5,15,0,0.0,0.0004225953269408747
S12->S13->S14->S17->S19->S20->S23->S26->S29->S30->S32->S33->S34->S35->S37,L0->L2->L3,5,15,0,0.0,0.0004225953269408747
S12->S13->S14->S17->S19->S20->S22->S29->S33->S34->S35->S37,L0->L3,5,12,0,0.0,0.0004225953269408747
S0->S1->S2->S4->S7->S8->S10->S29->S30->S32->S33->S34->S36->S37->S38,L0->L3,5,15,0,0.0,0.0004225953269408747
S25->S27->S29->S30->S32->S33->S34->S35->S37->S38,L1->L2->L3,5,10,0,0.0,0.0004225953269408747
S0->S1->S2->S5->S6->S8->S10->S24->S27->S29->S30->S33->S34->S35->S37,L0->L1->L2->L3,5,15,0,0.0,0.0004225953269408747
S25->S26->S29->S30->S32->S33->S34->S36->S37->S38,L1->L2->L3,5,10,0,0.0,0.0004225953269408747
S12->S13->S15->S16->S17->S18->S20->S21->S29->S30->S33->S34->S36->S37,L0->L3,5,14,0,0.0,0.0004225953269408747
S25->S26->S29->S30->S32->S34->S35->S37->S38,L1->L2->L3,5,9,0,0.0,0.0004225953269408747
S0->S1->S2->S3->S5->S7->S8->S9->S29->S30->S33->S34->S35->S37,L0->L3,5,14,0,0.0,0.0004225953269408747
S12->S13->S14->S17->S19->S20->S21->S29->S33->S34->S35->S37,L0->L3,5,12,0,0.0,0.0004225953269408747
S0->S1->S2->S5->S7->S8->S10->S24->S28->S29->S30->S33->S34->S36->S37,L0->L1->L2->L3,5,15,0,0.0,0.0004225953269408747
S0->S1->S3->S4->S6->S8->S11->S25->S26->S29->S30->S33->S34->S36->S37,L0->L1->L2->L3,5,15,1,0.2,0.0004225953269408747
S0->S1->S3->S5->S6->S8->S10->S29->S30->S32->S35->S37->S38,L0->L3,5,13,0,0.0,0.0004225953269408747
S0->S1->S3->S5->S6->S8->S10->S29->S30->S32->S37,L0->L3,5,11,0,0.0,0.0004225953269408747
S0->S1->S2->S4->S7->S8->S11->S39->S40->S41->S43->S44->S45->S47->S48->S50->S51,L0->L3,5,17,0,0.0,0.0004225953269408747
S12->S13->S15->S16->S18->S20->S21->S27->S29->S30->S31->S33->S34->S36->S37,L0->L2->L3,5,15,0,0.0,0.0004225953269408747
S0->S1->S2->S5->S6->S8->S9->S29->S30->S33->S34->S36,L0->L3,5,12,0,0.0,0.0004225953269408747
S12->S13->S15->S16->S18->S20->S21->S24->S27->S29->S30->S33->S34->S35->S37,L0->L1->L2->L3,5,15,0,0.0,0.0004225953269408747
S12->S13->S15->S16->S18->S20->S21->S29->S30->S33->S35->S37,L0->L3,5,12,0,0.0,0.0004225953269408747
S0->S1->S2->S4->S7->S8->S9->S29->S30->S31->S33->S34->S35->S37->S38,L0->L3,5,15,0,0.0,0.0004225953269408747
S0->S1->S2->S4->S7->S8->S9->S29->S30->S32->S33->S34->S35->S37->S38,L0->L3,5,15,0,0.0,0.0004225953269408747
S12->S13->S15->S16->S18->S20->S21->S29->S30->S32->S34->S35->S37,L0->L3,5,13,0,0.0,0.0004225953269408747
S12->S13->S15->S16->S18->S20->S21->S29->S30->S32->S34->S36->S37,L0->L3,5,13,0,0.0,0.0004225953269408747
S12->S13->S15->S16->S18->S20->S21->S29->S30->S33->S34->S35,L0->L3,5,12,0,0.0,0.0004225953269408747
S12->S13->S15->S16->S18->S20->S21->S27->S29->S30->S33->S34->S36->S37->S38,L0->L2->L3,5,15,0,0.0,0.0004225953269408747
S0->S1->S3->S5->S6->S8->S11->S29->S30->S32->S33->S34->S36->S37->S38,L0->L3,5,15,0,0.0,0.0004225953269408747
S0->S1->S3->S4->S6->S8->S11->S24->S28->S29->S30->S33->S34->S35->S37,L0->L1->L2->L3,5,15,0,0.0,0.0004225953269408747
S0->S1->S2->S5->S7->S8->S10->S24->S27->S29->S30->S33->S34->S35->S37,L0->L1->L2->L3,5,15,0,0.0,0.0004225953269408747
S0->S1->S2->S5->S7->S8->S10->S24->S27->S29->S30->S33->S34->S36->S37,L0->L1->L2->L3,5,15,0,0.0,0.0004225953269408747
S12->S13->S14->S17->S19->S20->S21->S27->S29->S30->S33->S34->S36->S37->S38,L0->L2->L3,5,15,0,0.0,0.0004225953269408747
S12->S13->S14->S17->S19->S20->S21->S24->S27->S29->S30->S33->S34->S35->S37,L0->L1->L2->L3,5,15,0,0.0,0.0004225953269408747
S12->S13->S14->S17->S18->S20->S23->S29->S33->S34->S36->S37,L0->L3,5,12,0,0.0,0.0004225953269408747
S0->S1->S2->S5->S7->S8->S10->S25->S27->S29->S30->S33->S34->S36->S37,L0->L1->L2->L3,5,15,0,0.0,0.0004225953269408747
S12->S13->S15->S17->S19->S20->S23->S27->S29->S30->S31->S33->S34->S36->S37,L0->L2->L3,5,15,0,0.0,0.0004225953269408747
S0->S1->S3->S5->S6->S8->S10->S26->S29->S30->S32->S35->S37,L0->L2->L3,5,13,0,0.0,0.0004225953269408747
S12->S13->S15->S16->S18->S20->S21->S29->S33->S34->S36->S37,L0->L3,5,12,0,0.0,0.0004225953269408747
S12->S13->S15->S16->S18->S20->S22->S23->S29->S30->S33->S34->S35->S37,L0->L3,5,14,0,0.0,0.0004225953269408747
S12->S13->S15->S16->S18->S20->S22->S24->S27->S29->S30->S33->S34->S35->S37,L0->L1->L2->L3,5,15,0,0.0,0.0004225953269408747
S0->S1->S3->S5->S6->S8->S10->S25->S27->S29->S30->S33->S34->S36->S37,L0->L1->L2->L3,5,15,0,0.0,0.0004225953269408747
S0->S1->S3->S5->S6->S8->S10->S24->S27->S29->S30->S33->S34->S35->S37,L0->L1->L2->L3,5,15,0,0.0,0.0004225953269408747
S0->S1->S3->S5->S6->S8->S10->S24->S28->S29->S30->S33->S34->S36->S37,L0->L1->L2->L3,5,15,0,0.0,0.0004225953269408747
S0->S1->S3->S4->S6->S8->S11->S27->S29->S30->S31->S33->S34->S35->S37,L0->L2->L3,5,15,0,0.0,0.0004225953269408747
S12->S13->S15->S16->S18->S20->S22->S29->S30->S33->S34->S35,L0->L3,5,12,0,0.0,0.0004225953269408747
S0->S1->S3->S4->S6->S8->S10->S29->S30->S33->S34->S35,L0->L3,5,12,0,0.0,0.0004225953269408747
S12->S13->S14->S17->S18->S20->S23->S29->S30->S32->S36->S37->S38,L0->L3,5,13,0,0.0,0.0004225953269408747
S12->S13->S14->S17->S18->S20->S23->S29->S30->S33->S34->S35,L0->L3,5,12,0,0.0,0.0004225953269408747
S0->S1->S3->S5->S6->S8->S11->S39->S40->S41->S43->S44->S45->S47->S48->S49->S51,L0->L3,5,17,0,0.0,0.0004225953269408747
S0->S1->S3->S5->S6->S8->S11->S39->S40->S41->S43->S44->S45->S47->S48->S50->S51,L0->L3,5,17,0,0.0,0.0004225953269408747
S0->S1->S3->S5->S6->S8->S11->S29->S30->S32->S35->S37->S38,L0->L3,5,13,0,0.0,0.0004225953269408747
S0->S1->S3->S5->S6->S8->S11->S29->S30->S33->S34->S35,L0->L3,5,12,0,0.0,0.0004225953269408747
S12->S13->S15->S16->S18->S20->S22->S29->S33->S34->S35->S37,L0->L3,5,12,0,0.0,0.0004225953269408747
S12->S13->S15->S16->S18->S20->S22->S29->S30->S32->S34->S35->S37,L0->L3,5,13,0,0.0,0.0004225953269408747
S0->S1->S2->S5->S6->S8->S9->S27->S29->S30->S31->S33->S34->S36->S37,L0->L2->L3,5,15,0,0.0,0.0004225953269408747
S12->S13->S15->S16->S18->S20->S23->S24->S26->S29->S30->S33->S34->S36->S37,L0->L1->L2->L3,5,15,0,0.0,0.0004225953269408747
S0->S1->S3->S4->S6->S8->S11->S29->S30->S31->S33->S34->S36->S37->S38,L0->L3,5,15,0,0.0,0.0004225953269408747
S0->S1->S3->S4->S7->S8->S9->S29->S30->S32->S35->S37->S38,L0->L3,5,13,0,0.0,0.0004225953269408747
S12->S13->S15->S17->S19->S20->S22->S26->S29->S30->S32->S33->S34->S36->S37,L0->L2->L3,5,15,0,0.0,0.0004225953269408747
S25->S26->S27->S29->S30->S33->S34->S36->S37,L1->L2->L3,5,9,0,0.0,0.0004225953269408747
S12->S13->S14->S17->S18->S20->S23->S27->S29->S30->S32->S33->S34->S35->S37,L0->L2->L3,5,15,0,0.0,0.0004225953269408747
S12->S13->S14->S17->S18->S20->S23->S27->S29->S30->S33->S34->S35->S37->S38,L0->L2->L3,5,15,0,0.0,0.0004225953269408747
S12->S13->S14->S17->S18->S20->S23->S27->S29->S30->S33->S34->S36->S37->S38,L0->L2->L3,5,15,0,0.0,0.0004225953269408747
S24->S30->S33->S34->S35->S37->S38,L1->L3,5,7,1,0.2,0.0004225953269408747
S0->S1->S3->S5->S6->S8->S9->S25->S27->S29->S30->S33->S34->S36->S37,L0->L1->L2->L3,5,15,0,0.0,0.0004225953269408747
S0->S1->S2->S5->S7->S8->S10->S29->S30->S32->S35->S37->S38,L0->L3,5,13,0,0.0,0.0004225953269408747
S12->S13->S14->S17->S18->S20->S22->S29->S30->S31->S32->S33->S34->S35->S37,L0->L3,5,15,0,0.0,0.0004225953269408747
S12->S13->S14->S17->S18->S20->S22->S24->S27->S29->S30->S33->S34->S36->S37,L0->L1->L2->L3,5,15,0,0.0,0.0004225953269408747
S12->S13->S14->S17->S18->S20->S23->S26->S29->S30->S31->S33->S34->S36->S37,L0->L2->L3,5,15,0,0.0,0.0004225953269408747
S12->S13->S14->S17->S18->S20->S23->S26->S29->S30->S32->S33->S34->S35->S37,L0->L2->L3,5,15,0,0.0,0.0004225953269408747
S12->S13->S14->S17->S18->S20->S23->S26->S29->S30->S33->S34->S36->S37->S38,L0->L2->L3,5,15,0,0.0,0.0004225953269408747
S0->S1->S2->S5->S7->S8->S10->S27->S39->S40->S41->S44->S45->S47->S48->S50->S51,L0->L2->L3,5,17,0,0.0,0.0004225953269408747
S0->S1->S3->S4->S6->S8->S10->S29->S30->S32->S35->S37->S38,L0->L3,5,13,0,0.0,0.0004225953269408747
S12->S13->S15->S17->S19->S20->S22->S27->S29->S30->S31->S33->S34->S35->S37,L0->L2->L3,5,15,0,0.0,0.0004225953269408747
S12->S13->S15->S16->S18->S20->S23->S29->S30->S33->S36->S37,L0->L3,5,12,0,0.0,0.0004225953269408747
S0->S1->S2->S5->S6->S8->S9->S26->S39->S40->S41->S43->S45->S47->S48->S50->S51,L0->L2->L3,5,17,0,0.0,0.0004225953269408747
S0->S1->S2->S5->S6->S8->S10->S25->S27->S29->S30->S33->S34->S35->S37,L0->L1->L2->L3,5,15,0,0.0,0.0004225953269408747
S12->S13->S14->S17->S18->S20->S21->S39->S40->S41->S43->S44->S45->S47->S48->S50->S51,L0->L3,5,17,0,0.0,0.0004225953269408747
S12->S13->S14->S17->S18->S20->S22->S23->S29->S30->S33->S34->S35->S37,L0->L3,5,14,0,0.0,0.0004225953269408747
S12->S13->S14->S17->S18->S20->S21->S27->S29->S30->S32->S33->S34->S36->S37,L0->L2->L3,5,15,0,0.0,0.0004225953269408747
S0->S1->S2->S5->S7->S8->S10->S39->S40->S41->S43->S44->S45->S47->S48->S49->S51,L0->L3,5,17,0,0.0,0.0004225953269408747
S0->S1->S3->S5->S6->S8->S9->S27->S29->S30->S31->S33->S34->S36->S37,L0->L2->L3,5,15,0,0.0,0.0004225953269408747
S0->S1->S2->S4->S6->S8->S10->S24->S28->S29->S30->S33->S34->S36->S37,L0->L1->L2->L3,5,15,0,0.0,0.0004225953269408747
S12->S13->S15->S17->S19->S20->S22->S27->S29->S30->S33->S34->S35->S37->S38,L0->L2->L3,5,15,1,0.2,0.0004225953269408747
S12->S13->S15->S17->S19->S20->S22->S27->S39->S40->S41->S43->S45->S47->S48->S49->S51,L0->L2->L3,5,17,0,0.0,0.0004225953269408747
S25->S27->S29->S30->S33->S34->S36,L1->L2->L3,5,7,0,0.0,0.0004225953269408747
S0->S1->S3->S4->S7->S8->S9->S27->S39->S40->S41->S43->S45->S47->S48->S49->S51,L0->L2->L3,5,17,0,0.0,0.0004225953269408747
S0->S1->S3->S4->S6->S8->S11->S29->S30->S32->S36->S37->S38,L0->L3,5,13,0,0.0,0.0004225953269408747
S0->S1->S3->S4->S7->S8->S9->S27->S29->S30->S31->S33->S34->S36->S37,L0->L2->L3,5,15,0,0.0,0.0004225953269408747
S12->S13->S15->S16->S19->S20->S21->S27->S29->S30->S31->S33->S34->S35->S37,L0->L2->L3,5,15,0,0.0,0.0004225953269408747
S12->S13->S14->S17->S18->S20->S21->S26->S29->S30->S31->S33->S34->S35->S37,L0->L2->L3,5,15,0,0.0,0.0004225953269408747
S12->S13->S14->S17->S18->S20->S21->S26->S29->S30->S32->S33->S34->S36->S37,L0->L2->L3,5,15,0,0.0,0.0004225953269408747
S0->S1->S2->S4->S6->S8->S9->S24->S28->S29->S30->S33->S34->S35->S37,L0->L1->L2->L3,5,15,0,0.0,0.0004225953269408747
S12->S13->S14->S16->S19->S20->S23->S29->S30->S33->S35->S37,L0->L3,5,12,0,0.0,0.0004225953269408747
S0->S1->S3->S5->S7->S8->S10->S25->S26->S29->S30->S33->S34->S36->S37,L0->L1->L2->L3,5,15,0,0.0,0.0004225953269408747
S0->S1->S2->S4->S6->S8->S9->S25->S29->S30->S33->S34->S36->S37,L0->L1->L3,5,14,1,0.2,0.0004225953269408747
S0->S1->S2->S4->S6->S8->S9->S26->S29->S30->S31->S33->S34->S35->S37,L0->L2->L3,5,15,0,0.0,0.0004225953269408747
S12->S13->S16->S18->S20->S21->S29->S30->S33->S34->S35->S37,L0->L3,5,12,0,0.0,0.0004225953269408747
S12->S13->S16->S18->S20->S23->S29->S30->S33->S34->S36->S37,L0->L3,5,12,0,0.0,0.0004225953269408747
S12->S13->S15->S17->S19->S20->S23->S29->S30->S31->S32->S33->S34->S36->S37,L0->L3,5,15,0,0.0,0.0004225953269408747
S12->S13->S14->S16->S19->S20->S23->S29->S30->S31->S32->S33->S34->S36->S37,L0->L3,5,15,0,0.0,0.0004225953269408747
S12->S13->S14->S16->S19->S20->S23->S26->S29->S30->S31->S33->S34->S36->S37,L0->L2->L3,5,15,0,0.0,0.0004225953269408747
S12->S13->S14->S16->S19->S20->S23->S26->S29->S30->S32->S33->S34->S35->S37,L0->L2->L3,5,15,0,0.0,0.0004225953269408747
S12->S13->S14->S16->S19->S20->S23->S26->S29->S30->S32->S33->S34->S36->S37,L0->L2->L3,5,15,0,0.0,0.0004225953269408747
S0->S1->S2->S5->S6->S8->S9->S25->S27->S29->S30->S33->S34->S36->S37,L0->L1->L2->L3,5,15,0,0.0,0.0004225953269408747
S0->S1->S2->S4->S6->S8->S11->S24->S27->S29->S30->S33->S34->S35->S37,L0->L1->L2->L3,5,15,0,0.0,0.0004225953269408747
S0->S1->S3->S4->S7->S8->S9->S26->S29->S30->S31->S33->S34->S36->S37,L0->L2->L3,5,15,0,0.0,0.0004225953269408747
S0->S1->S3->S4->S7->S8->S9->S26->S29->S30->S31->S33->S34->S35->S37,L0->L2->L3,5,15,0,0.0,0.0004225953269408747
S0->S1->S3->S4->S7->S8->S9->S24->S28->S29->S30->S33->S34->S35->S37,L0->L1->L2->L3,5,15,0,0.0,0.0004225953269408747
S12->S13->S15->S17->S19->S20->S23->S29->S30->S32->S36->S37->S38,L0->L3,5,13,0,0.0,0.0004225953269408747
S12->S13->S14->S16->S19->S20->S22->S29->S30->S31->S32->S33->S34->S35->S37,L0->L3,5,15,0,0.0,0.0004225953269408747
S12->S13->S14->S16->S19->S20->S22->S29->S30->S31->S32->S33->S34->S36->S37,L0->L3,5,15,0,0.0,0.0004225953269408747
S12->S13->S14->S16->S19->S20->S22->S27->S29->S30->S32->S33->S34->S36->S37,L0->L2->L3,5,15,0,0.0,0.0004225953269408747
S0->S1->S3->S4->S6->S8->S10->S24->S28->S29->S30->S33->S34->S36->S37,L0->L1->L2->L3,5,15,0,0.0,0.0004225953269408747
S12->S13->S14->S16->S19->S20->S22->S27->S29->S30->S33->S34->S36->S37->S38,L0->L2->L3,5,15,0,0.0,0.0004225953269408747
S12->S13->S14->S16->S19->S20->S22->S26->S29->S30->S32->S33->S34->S35->S37,L0->L2->L3,5,15,0,0.0,0.0004225953269408747
S12->S13->S15->S16->S19->S20->S22->S23->S29->S30->S33->S34->S36->S37,L0->L3,5,14,0,0.0,0.0004225953269408747
S12->S13->S15->S16->S19->S20->S21->S29->S30->S33->S36->S37,L0->L3,5,12,0,0.0,0.0004225953269408747
S12->S13->S15->S16->S19->S20->S21->S29->S30->S31->S33->S34->S35->S37->S38,L0->L3,5,15,0,0.0,0.0004225953269408747
S0->S1->S3->S4->S7->S8->S11->S29->S30->S32->S35->S37->S38,L0->L3,5,13,0,0.0,0.0004225953269408747
S0->S1->S3->S4->S7->S8->S11->S29->S30->S32->S37,L0->L3,5,11,0,0.0,0.0004225953269408747
S0->S1->S3->S4->S7->S8->S11->S39->S40->S41->S43->S44->S45->S47->S48->S49->S51,L0->L3,5,17,0,0.0,0.0004225953269408747
S0->S1->S2->S5->S6->S8->S10->S27->S29->S30->S32->S36->S37,L0->L2->L3,5,13,0,0.0,0.0004225953269408747
S12->S13->S14->S16->S19->S20->S21->S27->S29->S30->S31->S33->S34->S35->S37,L0->L2->L3,5,15,0,0.0,0.0004225953269408747
S12->S13->S14->S16->S19->S20->S21->S27->S29->S30->S31->S33->S34->S36->S37,L0->L2->L3,5,15,0,0.0,0.0004225953269408747
S12->S13->S14->S16->S19->S20->S21->S26->S29->S30->S32->S33->S34->S36->S37,L0->L2->L3,5,15,0,0.0,0.0004225953269408747
S12->S13->S14->S16->S19->S20->S21->S24->S26->S29->S30->S33->S34->S35->S37,L0->L1->L2->L3,5,15,0,0.0,0.0004225953269408747
S12->S13->S14->S16->S19->S20->S21->S24->S26->S29->S30->S33->S34->S36->S37,L0->L1->L2->L3,5,15,0,0.0,0.0004225953269408747
S12->S13->S14->S16->S18->S20->S23->S29->S30->S32->S34->S35->S37,L0->L3,5,13,0,0.0,0.0004225953269408747
S12->S13->S14->S16->S18->S20->S23->S29->S30->S32->S34->S36->S37,L0->L3,5,13,0,0.0,0.0004225953269408747
S12->S13->S15->S16->S19->S20->S22->S29->S30->S33->S35->S37,L0->L3,5,12,0,0.0,0.0004225953269408747
S12->S13->S15->S16->S19->S20->S22->S39->S40->S41->S43->S44->S45->S47->S48->S49->S51,L0->L3,5,17,0,0.0,0.0004225953269408747
S12->S13->S15->S16->S19->S20->S22->S29->S30->S31->S32->S33->S34->S36->S37,L0->L3,5,15,0,0.0,0.0004225953269408747
S12->S13->S15->S16->S19->S20->S22->S27->S29->S30->S32->S33->S34->S35->S37,L0->L2->L3,5,15,0,0.0,0.0004225953269408747
S12->S13->S15->S16->S19->S20->S23->S29->S30->S31->S32->S33->S34->S35->S37,L0->L3,5,15,0,0.0,0.0004225953269408747
S12->S13->S15->S16->S19->S20->S23->S27->S29->S30->S32->S33->S34->S35->S37,L0->L2->L3,5,15,0,0.0,0.0004225953269408747
S12->S13->S15->S16->S19->S20->S23->S27->S29->S30->S33->S34->S36->S37->S38,L0->L2->L3,5,15,0,0.0,0.0004225953269408747
S0->S1->S2->S5->S7->S8->S11->S29->S30->S32->S33->S34->S36->S37->S38,L0->L3,5,15,0,0.0,0.0004225953269408747
S12->S13->S14->S16->S18->S20->S23->S29->S33->S34->S36->S37,L0->L3,5,12,0,0.0,0.0004225953269408747
S12->S13->S14->S16->S18->S20->S23->S27->S29->S30->S32->S33->S34->S36->S37,L0->L2->L3,5,15,0,0.0,0.0004225953269408747
S0->S1->S3->S5->S7->S8->S11->S24->S27->S29->S30->S33->S34->S35->S37,L0->L1->L2->L3,5,15,0,0.0,0.0004225953269408747
S24->S28->S30->S31->S33->S34->S35->S37,L1->L2->L3,5,8,0,0.0,0.0004225953269408747
S12->S13->S15->S16->S19->S20->S23->S24->S26->S29->S30->S33->S34->S36->S37,L0->L1->L2->L3,5,15,0,0.0,0.0004225953269408747
S0->S1->S3->S4->S6->S8->S9->S24->S27->S29->S30->S33->S34->S35->S37,L0->L1->L2->L3,5,15,0,0.0,0.0004225953269408747
S0->S1->S3->S4->S7->S8->S11->S27->S39->S40->S41->S43->S45->S47->S48->S50->S51,L0->L2->L3,5,17,0,0.0,0.0004225953269408747
S12->S13->S15->S17->S18->S20->S22->S23->S29->S30->S33->S34->S36->S37,L0->L3,5,14,0,0.0,0.0004225953269408747
S12->S13->S15->S17->S18->S20->S21->S29->S30->S31->S32->S33->S34->S35->S37,L0->L3,5,15,0,0.0,0.0004225953269408747
S12->S13->S15->S17->S18->S20->S21->S29->S30->S31->S32->S33->S34->S36->S37,L0->L3,5,15,0,0.0,0.0004225953269408747
S12->S13->S15->S17->S18->S20->S21->S27->S29->S30->S31->S33->S34->S36->S37,L0->L2->L3,5,15,0,0.0,0.0004225953269408747
S12->S13->S15->S17->S18->S20->S21->S26->S29->S30->S31->S33->S34->S36->S37,L0->L2->L3,5,15,0,0.0,0.0004225953269408747
S12->S13->S15->S16->S19->S20->S23->S39->S40->S41->S44->S45->S47->S48->S49,L0->L3,5,15,0,0.0,0.0004225953269408747
S0->S1->S3->S4->S7->S8->S11->S27->S29->S30->S31->S33->S34->S35->S37,L0->L2->L3,5,15,0,0.0,0.0004225953269408747
S0->S1->S3->S4->S7->S8->S11->S27->S29->S30->S31->S33->S34->S36->S37,L0->L2->L3,5,15,0,0.0,0.0004225953269408747
S0->S1->S3->S5->S7->S8->S11->S39->S40->S41->S43->S44->S45->S47->S48->S49->S51,L0->L3,5,17,0,0.0,0.0004225953269408747
S0->S1->S3->S5->S7->S8->S11->S29->S30->S32->S36->S37->S38,L0->L3,5,13,0,0.0,0.0004225953269408747
S0->S1->S2->S4->S7->S8->S9->S26->S29->S30->S32->S34->S36->S37,L0->L2->L3,5,14,0,0.0,0.0004225953269408747
S12->S13->S14->S16->S18->S20->S23->S29->S30->S31->S32->S33->S34->S35->S37,L0->L3,5,15,0,0.0,0.0004225953269408747
S12->S13->S14->S16->S18->S20->S23->S26->S29->S30->S33->S34->S35->S37->S38,L0->L2->L3,5,15,1,0.2,0.0004225953269408747
S0->S1->S2->S5->S7->S8->S11->S39->S40->S41->S43->S44->S45->S47->S48->S50->S51,L0->L3,5,17,0,0.0,0.0004225953269408747
S0->S1->S3->S5->S7->S8->S11->S27->S29->S30->S31->S33->S34->S35->S37,L0->L2->L3,5,15,0,0.0,0.0004225953269408747
S0->S1->S2->S5->S7->S8->S11->S29->S30->S31->S33->S34->S35->S37->S38,L0->L3,5,15,0,0.0,0.0004225953269408747
S12->S13->S14->S16->S18->S20->S22->S26->S29->S30->S32->S33->S34->S36->S37,L0->L2->L3,5,15,0,0.0,0.0004225953269408747
S12->S13->S14->S16->S18->S20->S22->S24->S26->S29->S30->S33->S34->S36->S37,L0->L1->L2->L3,5,15,0,0.0,0.0004225953269408747
S0->S1->S2->S5->S7->S8->S9->S11->S29->S30->S33->S34->S36->S37,L0->L3,5,14,0,0.0,0.0004225953269408747
S12->S13->S14->S16->S18->S20->S22->S23->S29->S30->S33->S34->S35->S37,L0->L3,5,14,0,0.0,0.0004225953269408747
S12->S13->S14->S16->S18->S20->S23->S26->S29->S30->S31->S33->S34->S36->S37,L0->L2->L3,5,15,0,0.0,0.0004225953269408747
S12->S13->S14->S16->S18->S20->S23->S26->S29->S30->S32->S33->S34->S35->S37,L0->L2->L3,5,15,0,0.0,0.0004225953269408747
S0->S1->S3->S4->S6->S8->S10->S11->S27->S29->S30->S33->S34->S36->S37,L0->L2->L3,5,15,0,0.0,0.0004225953269408747
S0->S1->S2->S4->S7->S8->S11->S26->S29->S30->S31->S33->S34->S36->S37,L0->L2->L3,5,15,0,0.0,0.0004225953269408747
S0->S1->S3->S4->S7->S8->S11->S26->S29->S30->S32->S36->S37,L0->L2->L3,5,13,1,0.2,0.0004225953269408747
S12->S13->S15->S17->S18->S20->S22->S26->S29->S30->S33->S34->S35->S37->S38,L0->L2->L3,5,15,0,0.0,0.0004225953269408747
S0->S1->S3->S4->S7->S8->S11->S24->S28->S29->S30->S33->S34->S35->S37,L0->L1->L2->L3,5,15,0,0.0,0.0004225953269408747
S0->S1->S3->S4->S7->S8->S10->S29->S30->S33->S34->S35,L0->L3,5,12,0,0.0,0.0004225953269408747
S12->S13->S14->S16->S18->S20->S21->S29->S30->S31->S33->S34->S35->S37->S38,L0->L3,5,15,0,0.0,0.0004225953269408747
S12->S13->S14->S16->S18->S20->S21->S29->S30->S31->S33->S34->S36->S37->S38,L0->L3,5,15,0,0.0,0.0004225953269408747
S24->S26->S29->S30->S33->S34->S35->S36->S37,L1->L2->L3,5,9,1,0.2,0.0004225953269408747
S0->S1->S3->S4->S5->S7->S8->S9->S29->S30->S33->S34->S36->S37,L0->L3,5,14,0,0.0,0.0004225953269408747
S0->S1->S3->S5->S7->S8->S9->S26->S29->S30->S31->S33->S34->S36->S37,L0->L2->L3,5,15,0,0.0,0.0004225953269408747
S12->S13->S14->S16->S18->S20->S22->S29->S30->S31->S32->S33->S34->S36->S37,L0->L3,5,15,0,0.0,0.0004225953269408747
S12->S13->S14->S16->S18->S20->S22->S26->S29->S30->S31->S33->S34->S36->S37,L0->L2->L3,5,15,0,0.0,0.0004225953269408747
S12->S13->S14->S16->S18->S20->S22->S26->S29->S30->S32->S33->S34->S35->S37,L0->L2->L3,5,15,0,0.0,0.0004225953269408747
S12->S13->S15->S17->S19->S20->S21->S39->S40->S41->S43->S44->S45->S47->S48->S50->S51,L0->L3,5,17,0,0.0,0.0004225953269408747
S0->S1->S2->S4->S6->S8->S10->S26->S29->S30->S31->S33->S34->S35->S37,L0->L2->L3,5,15,0,0.0,0.0004225953269408747
S0->S1->S2->S4->S7->S8->S11->S26->S29->S30->S32->S36->S37,L0->L2->L3,5,13,2,0.4,0.0004225953269408747
S0->S1->S3->S4->S7->S8->S10->S29->S30->S32->S37,L0->L3,5,11,0,0.0,0.0004225953269408747
S0->S1->S3->S4->S7->S8->S10->S27->S29->S30->S32->S36->S37,L0->L2->L3,5,13,2,0.4,0.0004225953269408747
S12->S13->S14->S16->S18->S20->S21->S27->S29->S30->S32->S33->S34->S35->S37,L0->L2->L3,5,15,0,0.0,0.0004225953269408747
S12->S13->S14->S16->S18->S20->S21->S26->S29->S30->S31->S33->S34->S36->S37,L0->L2->L3,5,15,0,0.0,0.0004225953269408747
S12->S13->S14->S15->S17->S18->S20->S22->S29->S30->S33->S34->S35->S37,L0->L3,5,14,0,0.0,0.0004225953269408747
S12->S13->S14->S15->S17->S19->S20->S22->S29->S30->S33->S34->S36->S37,L0->L3,5,14,0,0.0,0.0004225953269408747
S24->S25->S26->S29->S30->S32->S34->S35->S37,L1->L2->L3,5,9,1,0.2,0.0004225953269408747
S0->S1->S3->S5->S7->S8->S9->S29->S30->S32->S36->S37->S38,L0->L3,5,13,0,0.0,0.0004225953269408747
S0->S1->S3->S5->S7->S8->S9->S29->S30->S32->S33->S34->S35->S37->S38,L0->L3,5,15,0,0.0,0.0004225953269408747
S12->S13->S15->S17->S18->S20->S22->S29->S30->S31->S33->S34->S36->S37->S38,L0->L3,5,15,0,0.0,0.0004225953269408747
S12->S13->S15->S17->S18->S20->S22->S27->S29->S30->S31->S33->S34->S36->S37,L0->L2->L3,5,15,0,0.0,0.0004225953269408747
S12->S13->S15->S17->S18->S20->S22->S27->S29->S30->S33->S34->S35->S37->S38,L0->L2->L3,5,15,0,0.0,0.0004225953269408747
S12->S13->S15->S17->S18->S20->S22->S27->S39->S40->S41->S43->S45->S47->S48->S49->S51,L0->L2->L3,5,17,0,0.0,0.0004225953269408747
S0->S1->S2->S5->S6->S8->S11->S29->S30->S31->S33->S34->S35->S37->S38,L0->L3,5,15,0,0.0,0.0004225953269408747
S0->S1->S2->S5->S6->S8->S11->S29->S30->S32->S34->S35->S37->S38,L0->L3,5,14,0,0.0,0.0004225953269408747
S1->S2->S4->S6->S8->S10->S29->S30->S33->S34->S35->S37,L0->L3,5,12,0,0.0,0.0004225953269408747
S0->S1->S4->S7->S8->S10->S26->S29->S30->S33->S34->S36->S37,L0->L2->L3,5,13,0,0.0,0.0004225953269408747
S24->S27->S30->S31->S33->S34->S35->S37,L1->L2->L3,5,8,0,0.0,0.0004225953269408747
S0->S1->S2->S4->S7->S8->S9->S24->S28->S29->S30->S33->S34->S36->S37,L0->L1->L2->L3,5,15,0,0.0,0.0004225953269408747
S1->S2->S5->S6->S8->S9->S29->S30->S33->S34->S35->S37,L0->L3,5,12,0,0.0,0.0004225953269408747
S0->S1->S2->S5->S7->S8->S9->S25->S26->S29->S30->S33->S34->S35->S37,L0->L1->L2->L3,5,15,0,0.0,0.0004225953269408747
S0->S1->S2->S4->S6->S10->S29->S30->S33->S34->S36->S37,L0->L3,5,12,0,0.0,0.0004225953269408747
S24->S27->S29->S30->S32->S36->S37->S38,L1->L2->L3,5,8,0,0.0,0.0004225953269408747
S0->S1->S4->S6->S8->S11->S29->S30->S33->S34->S35->S37,L0->L3,5,12,0,0.0,0.0004225953269408747
S25->S29->S30->S32->S34->S36->S37,L1->L3,5,7,0,0.0,0.0004225953269408747
S12->S13->S15->S17->S19->S20->S21->S26->S29->S30->S32->S33->S34->S36->S37,L0->L2->L3,5,15,0,0.0,0.0004225953269408747
S39->S40->S41->S43->S44->S45->S47->S48->S49->S51,L3,5,10,0,0.0,0.0004225953269408747
S24->S26->S29->S30->S32->S34->S36->S37->S38,L1->L2->L3,5,9,0,0.0,0.0004225953269408747
S0->S1->S2->S4->S5->S7->S8->S9->S29->S30->S33->S34->S35->S37,L0->L3,5,14,0,0.0,0.0004225953269408747
S0->S1->S2->S5->S6->S8->S10->S29->S30->S32->S33->S34->S35->S37->S38,L0->L3,5,15,0,0.0,0.0004225953269408747
S24->S26->S39->S40->S41->S43->S44->S45->S47->S48->S50->S51,L1->L2->L3,5,12,0,0.0,0.0004225953269408747
S12->S13->S15->S17->S18->S20->S23->S29->S30->S32->S34->S36->S37,L0->L3,5,13,1,0.2,0.0004225953269408747
S12->S13->S15->S17->S18->S20->S23->S27->S39->S40->S41->S43->S45->S47->S48->S49->S51,L0->L2->L3,5,17,0,0.0,0.0004225953269408747
S12->S13->S15->S17->S18->S20->S23->S29->S30->S31->S32->S33->S34->S35->S37,L0->L3,5,15,0,0.0,0.0004225953269408747
S12->S13->S15->S17->S18->S20->S23->S39->S40->S41->S43->S44->S45->S47->S48->S50->S51,L0->L3,5,17,0,0.0,0.0004225953269408747
S12->S13->S15->S17->S18->S20->S23->S29->S30->S31->S33->S34->S36->S37->S38,L0->L3,5,15,0,0.0,0.0004225953269408747
S0->S1->S3->S4->S7->S8->S10->S25->S29->S30->S33->S34->S36->S37,L0->L1->L3,5,14,0,0.0,0.0004225953269408747
S35->S37,L3,5,2,0,0.0,0.0004225953269408747
S0->S1->S2->S5->S7->S8->S9->S29->S30->S31->S33->S34->S35->S37->S38,L0->L3,5,15,0,0.0,0.0004225953269408747
S0->S1->S2->S5->S6->S8->S11->S26->S29->S30->S31->S33->S34->S36->S37,L0->L2->L3,5,15,0,0.0,0.0004225953269408747
S0->S1->S2->S5->S7->S8->S9->S29->S33->S34->S36->S37,L0->L3,5,12,0,0.0,0.0004225953269408747
S0->S2->S5->S7->S8->S9->S26->S29->S30->S33->S34->S36->S37,L0->L2->L3,5,13,0,0.0,0.0004225953269408747
S27->S29->S30->S32->S33->S34->S36->S37,L2->L3,4,8,0,0.0,0.0003380762615526998
S12->S13->S14->S16->S19->S20->S23->S27->S39->S40->S41->S44->S45->S47->S48->S50->S51,L0->L2->L3,4,17,0,0.0,0.0003380762615526998
S12->S13->S15->S17->S19->S20->S21->S27->S29->S30->S31->S33->S34->S36->S37,L0->L2->L3,4,15,0,0.0,0.0003380762615526998
S0->S1->S2->S5->S7->S8->S9->S29->S30->S32->S37,L0->L3,4,11,0,0.0,0.0003380762615526998
S12->S13->S14->S16->S18->S20->S22->S29->S30->S31->S33->S34->S36->S37->S38,L0->L3,4,15,0,0.0,0.0003380762615526998
S12->S13->S14->S16->S18->S20->S22->S27->S29->S30->S33->S34->S35->S37->S38,L0->L2->L3,4,15,0,0.0,0.0003380762615526998
S29->S30->S32->S33->S34->S36->S37,L3,4,7,0,0.0,0.0003380762615526998
S0->S1->S2->S4->S7->S8->S9->S27->S29->S30->S31->S33->S34->S36->S37,L0->L2->L3,4,15,0,0.0,0.0003380762615526998
S1->S2->S4->S6->S8->S10->S29->S30->S33->S34->S36->S37,L0->L3,4,12,0,0.0,0.0003380762615526998
S0->S1->S2->S3->S4->S7->S8->S9->S29->S30->S33->S34->S36->S37,L0->L3,4,14,0,0.0,0.0003380762615526998
S25->S28->S38,L1->L2->L3,4,3,0,0.0,0.0003380762615526998
S12->S13->S14->S16->S19->S20->S21->S29->S30->S31->S32->S33->S34->S35->S37,L0->L3,4,15,0,0.0,0.0003380762615526998
S12->S13->S14->S16->S19->S20->S23->S24->S26->S29->S30->S33->S34->S36->S37,L0->L1->L2->L3,4,15,0,0.0,0.0003380762615526998
S12->S13->S14->S16->S19->S20->S21->S29->S30->S31->S33->S34->S35->S37->S38,L0->L3,4,15,0,0.0,0.0003380762615526998
S0->S1->S2->S4->S7->S8->S10->S12->S13->S14->S17->S18->S20->S23->S29->S30->S33->S34->S36->S37,L0->L3,4,20,0,0.0,0.0003380762615526998
S12->S13->S15->S17->S19->S20->S23->S27->S29->S30->S32->S33->S34->S35->S37,L0->L2->L3,4,15,0,0.0,0.0003380762615526998
S12->S13->S14->S16->S18->S20->S22->S29->S33->S34->S35->S37,L0->L3,4,12,0,0.0,0.0003380762615526998
S0->S1->S2->S5->S7->S8->S9->S10->S29->S30->S31->S33->S34->S35->S37,L0->L3,4,15,0,0.0,0.0003380762615526998
S12->S13->S15->S17->S19->S20->S23->S24->S27->S29->S30->S33->S34->S35->S37,L0->L1->L2->L3,4,15,0,0.0,0.0003380762615526998
S12->S13->S15->S17->S19->S20->S22->S24->S26->S29->S30->S33->S34->S36->S37,L0->L1->L2->L3,4,15,0,0.0,0.0003380762615526998
S0->S1->S2->S4->S6->S8->S10->S25->S27->S29->S30->S33->S34->S35->S37,L0->L1->L2->L3,4,15,0,0.0,0.0003380762615526998
S25->S29->S30->S32->S36->S37->S38,L1->L3,4,7,0,0.0,0.0003380762615526998
S25->S29->S30->S33->S34->S36,L1->L3,4,6,0,0.0,0.0003380762615526998
S25->S28->S30->S33->S34->S35->S37,L1->L2->L3,4,7,0,0.0,0.0003380762615526998
S0->S1->S2->S5->S7->S9->S26->S29->S30->S33->S34->S35->S37,L0->L2->L3,4,13,0,0.0,0.0003380762615526998
S0->S1->S2->S4->S6->S8->S10->S25->S27->S29->S30->S33->S34->S36->S37,L0->L1->L2->L3,4,15,0,0.0,0.0003380762615526998
S24->S25->S29->S30->S33->S34->S35->S37,L1->L3,4,8,1,0.25,0.0003380762615526998
S12->S13->S15->S17->S19->S20->S23->S29->S30->S32->S37,L0->L3,4,11,0,0.0,0.0003380762615526998
S24->S26->S27->S29->S30->S32->S34->S35->S37,L1->L2->L3,4,9,0,0.0,0.0003380762615526998
S24->S25->S26->S27->S29->S30->S32->S33->S34->S36->S37,L1->L2->L3,4,11,0,0.0,0.0003380762615526998
S0->S1->S2->S5->S6->S8->S11->S24->S27->S29->S30->S33->S34->S36->S37,L0->L1->L2->L3,4,15,0,0.0,0.0003380762615526998
S12->S13->S15->S17->S19->S20->S21->S27->S29->S30->S32->S33->S34->S36->S37,L0->L2->L3,4,15,0,0.0,0.0003380762615526998
S0->S1->S2->S5->S7->S8->S9->S27->S29->S30->S31->S33->S34->S35->S37,L0->L2->L3,4,15,0,0.0,0.0003380762615526998
S0->S1->S2->S5->S7->S8->S9->S27->S29->S30->S31->S33->S34->S36->S37,L0->L2->L3,4,15,0,0.0,0.0003380762615526998
S0->S1->S2->S4->S7->S8->S11->S24->S28->S29->S30->S33->S34->S36->S37,L0->L1->L2->L3,4,15,0,0.0,0.0003380762615526998
S24->S26->S28->S29->S30->S32->S33->S34->S35->S37,L1->L2->L3,4,10,0,0.0,0.0003380762615526998
S0->S1->S3->S4->S7->S8->S11->S29->S30->S32->S33->S34->S36->S37->S38,L0->L3,4,15,0,0.0,0.0003380762615526998
S39->S40->S41->S43->S45->S47->S50->S51,L3,4,8,0,0.0,0.0003380762615526998
S0->S1->S2->S4->S7->S8->S9->S25->S26->S29->S30->S33->S34->S36->S37,L0->L1->L2->L3,4,15,0,0.0,0.0003380762615526998
S0->S1->S2->S4->S7->S8->S9->S25->S27->S29->S30->S33->S34->S36->S37,L0->L1->L2->L3,4,15,0,0.0,0.0003380762615526998
S12->S13->S15->S17->S18->S20->S23->S26->S29->S30->S32->S33->S34->S35->S37,L0->L2->L3,4,15,0,0.0,0.0003380762615526998
S1->S2->S5->S6->S8->S9->S26->S29->S30->S33->S34->S36->S37,L0->L2->L3,4,13,0,0.0,0.0003380762615526998
S12->S13->S14->S16->S18->S20->S23->S26->S29->S30->S31->S33->S34->S35->S37,L0->L2->L3,4,15,0,0.0,0.0003380762615526998
S0->S2->S4->S7->S8->S10->S29->S30->S33->S34->S35->S37->S38,L0->L3,4,13,1,0.25,0.0003380762615526998
S12->S13->S14->S16->S18->S20->S22->S29->S33->S34->S36->S37,L0->L3,4,12,0,0.0,0.0003380762615526998
S12->S13->S14->S16->S18->S20->S23->S24->S26->S29->S30->S33->S34->S36->S37,L0->L1->L2->L3,4,15,0,0.0,0.0003380762615526998
S0->S1->S2->S5->S6->S8->S11->S26->S29->S30->S32->S34->S36->S37,L0->L2->L3,4,14,1,0.25,0.0003380762615526998
S0->S1->S3->S5->S7->S8->S9->S29->S30->S31->S33->S34->S36->S37->S38,L0->L3,4,15,0,0.0,0.0003380762615526998
S0->S1->S2->S5->S6->S8->S11->S25->S29->S30->S33->S34->S36->S37,L0->L1->L3,4,14,0,0.0,0.0003380762615526998
S0->S1->S3->S5->S7->S8->S9->S24->S28->S29->S30->S33->S34->S35->S37,L0->L1->L2->L3,4,15,0,0.0,0.0003380762615526998
S0->S1->S3->S4->S6->S11->S26->S29->S30->S33->S34->S35->S37,L0->L2->L3,4,13,0,0.0,0.0003380762615526998
S0->S1->S2->S4->S7->S8->S9->S24->S28->S29->S30->S33->S34->S35->S37,L0->L1->L2->L3,4,15,0,0.0,0.0003380762615526998
S24->S26->S27->S29->S30->S32->S34->S36->S37,L1->L2->L3,4,9,1,0.25,0.0003380762615526998
S25->S26->S29->S30->S32->S34->S36->S37->S38,L1->L2->L3,4,9,0,0.0,0.0003380762615526998
S0->S1->S3->S5->S7->S8->S9->S10->S29->S30->S33->S34->S35->S37,L0->L3,4,14,0,0.0,0.0003380762615526998
S24->S25->S27->S29->S30->S33->S34->S35->S37,L1->L2->L3,4,9,1,0.25,0.0003380762615526998
S12->S13->S14->S16->S19->S20->S23->S26->S29->S30->S31->S33->S34->S35->S37,L0->L2->L3,4,15,0,0.0,0.0003380762615526998
S0->S1->S3->S5->S7->S8->S9->S27->S29->S30->S32->S36->S37,L0->L2->L3,4,13,0,0.0,0.0003380762615526998
S12->S13->S14->S16->S19->S20->S21->S29->S30->S32->S34->S35->S37,L0->L3,4,13,0,0.0,0.0003380762615526998
S12->S13->S14->S16->S19->S20->S22->S24->S27->S29->S30->S33->S34->S36->S37,L0->L1->L2->L3,4,15,0,0.0,0.0003380762615526998
S12->S13->S14->S16->S19->S20->S23->S26->S29->S30->S33->S34->S35->S37->S38,L0->L2->L3,4,15,0,0.0,0.0003380762615526998
S0->S1->S2->S5->S6->S8->S10->S24->S27->S29->S30->S33->S34->S36->S37,L0->L1->L2->L3,4,15,0,0.0,0.0003380762615526998
S12->S13->S14->S16->S19->S20->S23->S26->S29->S30->S33->S34->S36->S37->S38,L0->L2->L3,4,15,0,0.0,0.0003380762615526998
S0->S1->S2->S4->S6->S8->S9->S26->S29->S30->S32->S35->S37,L0->L2->L3,4,13,0,0.0,0.0003380762615526998
S0->S1->S2->S5->S7->S8->S11->S12->S13->S15->S17->S19->S20->S23->S29->S30->S33->S34->S35->S37,L0->L3,4,20,0,0.0,0.0003380762615526998
S0->S1->S2->S5->S7->S8->S9->S25->S26->S29->S30->S33->S34->S36->S37,L0->L1->L2->L3,4,15,0,0.0,0.0003380762615526998
S0->S1->S2->S5->S7->S8->S9->S25->S27->S29->S30->S33->S34->S35->S37,L0->L1->L2->L3,4,15,0,0.0,0.0003380762615526998
S0->S1->S2->S5->S7->S8->S9->S25->S27->S29->S30->S33->S34->S36->S37,L0->L1->L2->L3,4,15,0,0.0,0.0003380762615526998
S0->S1->S2->S5->S7->S8->S9->S25->S29->S30->S33->S34->S36->S37,L0->L1->L3,4,14,0,0.0,0.0003380762615526998
S0->S1->S2->S5->S7->S8->S11->S29->S30->S32->S34->S36->S37->S38,L0->L3,4,14,0,0.0,0.0003380762615526998
S0->S1->S3->S5->S7->S8->S11->S29->S30->S32->S37,L0->L3,4,11,0,0.0,0.0003380762615526998
S12->S13->S17->S19->S20->S21->S29->S30->S33->S34->S36->S37,L0->L3,4,12,0,0.0,0.0003380762615526998
S0->S1->S5->S7->S8->S10->S27->S29->S30->S33->S34->S35->S37,L0->L2->L3,4,13,0,0.0,0.0003380762615526998
S0->S1->S3->S4->S6->S8->S9->S25->S27->S29->S30->S33->S34->S35->S37,L0->L1->L2->L3,4,15,0,0.0,0.0003380762615526998
S12->S13->S16->S19->S20->S21->S29->S30->S33->S34->S35->S37,L0->L3,4,12,0,0.0,0.0003380762615526998
S0->S1->S3->S4->S6->S8->S9->S25->S27->S29->S30->S33->S34->S36->S37,L0->L1->L2->L3,4,15,0,0.0,0.0003380762615526998
S12->S13->S15->S17->S19->S20->S21->S29->S30->S32->S37,L0->L3,4,11,0,0.0,0.0003380762615526998
S0->S1->S2->S5->S6->S8->S10->S26->S29->S30->S32->S35->S37,L0->L2->L3,4,13,2,0.5,0.0003380762615526998
S0->S1->S2->S5->S6->S8->S10->S24->S26->S39->S40->S41->S44->S45->S47->S48->S49->S51,L0->L1->L2->L3,4,18,0,0.0,0.0003380762615526998
S0->S1->S3->S4->S7->S8->S11->S25->S27->S29->S30->S33->S34->S36->S37,L0->L1->L2->L3,4,15,0,0.0,0.0003380762615526998
S24->S25->S27->S29->S30->S32->S33->S34->S35->S37,L1->L2->L3,4,10,0,0.0,0.0003380762615526998
S0->S1->S5->S6->S8->S11->S27->S29->S30->S33->S34->S35->S37,L0->L2->L3,4,13,0,0.0,0.0003380762615526998
S0->S1->S5->S6->S8->S11->S29->S30->S31->S33->S34->S36->S37,L0->L3,4,13,0,0.0,0.0003380762615526998
S12->S13->S14->S15->S16->S18->S20->S23->S29->S30->S33->S34->S36->S37,L0->L3,4,14,0,0.0,0.0003380762615526998
S12->S13->S14->S15->S16->S19->S20->S23->S29->S30->S33->S34->S35->S37,L0->L3,4,14,0,0.0,0.0003380762615526998
S0->S1->S2->S5->S7->S8->S9->S24->S27->S29->S30->S33->S34->S35->S37,L0->L1->L2->L3,4,15,0,0.0,0.0003380762615526998
S0->S1->S2->S5->S7->S8->S9->S24->S28->S29->S30->S33->S34->S35->S37,L0->L1->L2->L3,4,15,0,0.0,0.0003380762615526998
S24->S25->S27->S29->S30->S32->S33->S34->S36->S37,L1->L2->L3,4,10,0,0.0,0.0003380762615526998
S12->S13->S15->S17->S19->S20->S21->S29->S30->S31->S33->S34->S35->S37->S38,L0->L3,4,15,0,0.0,0.0003380762615526998
S12->S13->S14->S15->S17->S18->S20->S22->S29->S30->S33->S34->S36->S37,L0->L3,4,14,0,0.0,0.0003380762615526998
S0->S1->S3->S4->S5->S7->S8->S9->S29->S30->S33->S34->S35->S37,L0->L3,4,14,0,0.0,0.0003380762615526998
S0->S1->S2->S5->S7->S8->S11->S29->S30->S32->S35->S37->S38,L0->L3,4,13,0,0.0,0.0003380762615526998
S12->S13->S14->S16->S18->S20->S23->S27->S39->S40->S41->S43->S45->S47->S48->S50->S51,L0->L2->L3,4,17,0,0.0,0.0003380762615526998
S0->S1->S2->S4->S5->S7->S8->S10->S29->S30->S33->S34->S35->S37,L0->L3,4,14,0,0.0,0.0003380762615526998
S12->S13->S14->S17->S18->S20->S21->S22->S29->S30->S33->S34->S36->S37,L0->L3,4,14,0,0.0,0.0003380762615526998
S0->S1->S2->S4->S5->S7->S8->S11->S29->S30->S33->S34->S35->S37,L0->L3,4,14,0,0.0,0.0003380762615526998
S0->S1->S2->S4->S5->S7->S8->S11->S29->S30->S33->S34->S36->S37,L0->L3,4,14,0,0.0,0.0003380762615526998
S24->S27->S39->S41->S43->S45->S47->S48->S49->S51,L1->L2->L3,4,10,0,0.0,0.0003380762615526998
S0->S1->S2->S4->S6->S8->S9->S24->S29->S30->S33->S34->S35->S37->S38,L0->L1->L3,4,15,0,0.0,0.0003380762615526998
S0->S1->S3->S4->S7->S8->S10->S24->S28->S29->S30->S33->S34->S35->S37,L0->L1->L2->L3,4,15,0,0.0,0.0003380762615526998
S0->S1->S3->S4->S7->S8->S10->S25->S26->S29->S30->S33->S34->S35->S37,L0->L1->L2->L3,4,15,0,0.0,0.0003380762615526998
S0->S1->S3->S4->S7->S8->S10->S25->S27->S29->S30->S33->S34->S36->S37,L0->L1->L2->L3,4,15,0,0.0,0.0003380762615526998
S0->S1->S3->S29->S30->S33->S34->S35->S37,L0->L3,4,9,0,0.0,0.0003380762615526998
S0->S1->S3->S5->S7->S8->S9->S26->S29->S30->S31->S33->S34->S35->S37,L0->L2->L3,4,15,0,0.0,0.0003380762615526998
S0->S1->S3->S5->S7->S8->S9->S26->S29->S30->S32->S36->S37,L0->L2->L3,4,13,3,0.75,0.0003380762615526998
S12->S13->S15->S17->S19->S20->S23->S29->S30->S33->S34->S36,L0->L3,4,12,0,0.0,0.0003380762615526998
S12->S13->S15->S17->S19->S20->S21->S29->S30->S32->S34->S35->S37,L0->L3,4,13,0,0.0,0.0003380762615526998
S12->S13->S15->S17->S19->S20->S22->S29->S30->S31->S32->S33->S34->S35->S37,L0->L3,4,15,0,0.0,0.0003380762615526998
S0->S1->S4->S7->S8->S9->S39->S40->S41->S43->S45->S47->S48->S50->S51,L0->L3,4,15,0,0.0,0.0003380762615526998
S12->S13->S14->S15->S17->S18->S20->S23->S29->S30->S33->S34->S36->S37,L0->L3,4,14,0,0.0,0.0003380762615526998
S12->S13->S15->S17->S19->S20->S23->S39->S40->S41->S43->S44->S45->S47->S48->S49->S51,L0->L3,4,17,0,0.0,0.0003380762615526998
S12->S13->S14->S16->S18->S20->S21->S26->S29->S30->S33->S34->S35->S37->S38,L0->L2->L3,4,15,0,0.0,0.0003380762615526998
S12->S13->S14->S16->S17->S19->S20->S23->S29->S30->S33->S34->S35->S37,L0->L3,4,14,0,0.0,0.0003380762615526998
S0->S1->S2->S5->S6->S11->S26->S29->S30->S33->S34->S36->S37,L0->L2->L3,4,13,0,0.0,0.0003380762615526998
S24->S26->S39->S41->S44->S45->S47->S48->S50->S51,L1->L2->L3,4,10,0,0.0,0.0003380762615526998
S24->S27->S29->S30->S32->S33->S34->S35->S37->S38,L1->L2->L3,4,10,0,0.0,0.0003380762615526998
S0->S1->S2->S4->S7->S8->S11->S24->S27->S29->S30->S33->S34->S36->S37,L0->L1->L2->L3,4,15,0,0.0,0.0003380762615526998
S0->S1->S2->S4->S6->S8->S10->S25->S26->S29->S30->S33->S34->S35->S37,L0->L1->L2->L3,4,15,0,0.0,0.0003380762615526998
S0->S1->S3->S4->S7->S8->S11->S27->S29->S30->S32->S34->S36->S37,L0->L2->L3,4,14,1,0.25,0.0003380762615526998
S12->S13->S14->S16->S18->S20->S21->S24->S26->S29->S30->S33->S34->S36->S37,L0->L1->L2->L3,4,15,0,0.0,0.0003380762615526998
S0->S1->S2->S4->S6->S8->S10->S25->S26->S29->S30->S33->S34->S36->S37,L0->L1->L2->L3,4,15,0,0.0,0.0003380762615526998
S12->S13->S14->S15->S17->S19->S20->S23->S29->S30->S33->S34->S36->S37,L0->L3,4,14,0,0.0,0.0003380762615526998
S12->S13->S14->S16->S18->S20->S23->S29->S30->S32->S33->S34->S36->S37->S38,L0->L3,4,15,1,0.25,0.0003380762615526998
S12->S13->S15->S17->S19->S20->S21->S29->S30->S33->S35->S37,L0->L3,4,12,0,0.0,0.0003380762615526998
S12->S13->S14->S16->S17->S18->S20->S23->S29->S30->S33->S34->S35->S37,L0->L3,4,14,0,0.0,0.0003380762615526998
S0->S1->S3->S5->S7->S8->S11->S29->S30->S33->S34->S35,L0->L3,4,12,0,0.0,0.0003380762615526998
S0->S1->S2->S4->S7->S8->S9->S26->S29->S30->S32->S35->S37,L0->L2->L3,4,13,1,0.25,0.0003380762615526998
S0->S1->S2->S4->S7->S10->S29->S30->S33->S34->S35->S37,L0->L3,4,12,0,0.0,0.0003380762615526998
S12->S13->S14->S16->S18->S20->S21->S26->S29->S30->S33->S34->S36->S37->S38,L0->L2->L3,4,15,0,0.0,0.0003380762615526998
S0->S1->S3->S4->S6->S8->S10->S12->S13->S14->S16->S18->S20->S23->S29->S30->S33->S34->S35->S37,L0->L3,4,20,0,0.0,0.0003380762615526998
S12->S13->S14->S16->S18->S20->S21->S27->S29->S30->S31->S33->S34->S36->S37,L0->L2->L3,4,15,0,0.0,0.0003380762615526998
S0->S1->S2->S4->S7->S8->S9->S25->S29->S30->S33->S34->S36->S37,L0->L1->L3,4,14,0,0.0,0.0003380762615526998
S0->S1->S2->S5->S6->S8->S11->S27->S29->S30->S31->S33->S34->S36->S37,L0->L2->L3,4,15,0,0.0,0.0003380762615526998
S0->S1->S2->S4->S6->S8->S9->S27->S29->S30->S31->S33->S34->S36->S37,L0->L2->L3,4,15,0,0.0,0.0003380762615526998
S12->S13->S14->S16->S19->S20->S21->S27->S39->S40->S41->S44->S45->S47->S48->S50->S51,L0->L2->L3,4,17,2,0.5,0.0003380762615526998
S12->S13->S14->S16->S19->S20->S23->S29->S30->S33->S36->S37,L0->L3,4,12,0,0.0,0.0003380762615526998
S12->S13->S15->S17->S19->S20->S21->S27->S29->S30->S33->S34->S36->S37->S38,L0->L2->L3,4,15,0,0.0,0.0003380762615526998
S12->S13->S14->S16->S19->S20->S23->S29->S33->S34->S35->S37,L0->L3,4,12,0,0.0,0.0003380762615526998
S0->S1->S2->S5->S6->S8->S10->S29->S30->S32->S34->S35->S37->S38,L0->L3,4,14,0,0.0,0.0003380762615526998
S0->S1->S2->S4->S6->S8->S10->S11->S26->S29->S30->S33->S34->S36->S37,L0->L2->L3,4,15,0,0.0,0.0003380762615526998
S12->S13->S15->S17->S19->S20->S23->S29->S30->S32->S35->S37->S38,L0->L3,4,13,0,0.0,0.0003380762615526998
S0->S1->S2->S4->S6->S8->S9->S39->S40->S41->S43->S44->S45->S47->S48->S49->S51,L0->L3,4,17,0,0.0,0.0003380762615526998
S12->S13->S14->S16->S18->S20->S21->S29->S30->S33->S36->S37,L0->L3,4,12,0,0.0,0.0003380762615526998
S12->S13->S14->S16->S19->S20->S22->S29->S30->S32->S34->S36->S37,L0->L3,4,13,0,0.0,0.0003380762615526998
S0->S1->S3->S5->S7->S8->S11->S29->S30->S31->S32->S36->S37,L0->L3,4,13,0,0.0,0.0003380762615526998
S0->S1->S2->S5->S7->S8->S9->S12->S13->S15->S17->S18->S20->S21->S29->S30->S33->S34->S35->S37,L0->L3,4,20,0,0.0,0.0003380762615526998
S12->S13->S14->S16->S18->S20->S22->S26->S29->S30->S33->S34->S36->S37->S38,L0->L2->L3,4,15,0,0.0,0.0003380762615526998
S0->S1->S3->S4->S7->S8->S10->S29->S30->S31->S32->S36->S37,L0->L3,4,13,1,0.25,0.0003380762615526998
S0->S1->S2->S5->S6->S8->S11->S24->S27->S29->S30->S33->S34->S35->S37,L0->L1->L2->L3,4,15,0,0.0,0.0003380762615526998
S12->S13->S15->S17->S19->S20->S23->S27->S29->S30->S32->S36->S37,L0->L2->L3,4,13,0,0.0,0.0003380762615526998
S0->S1->S3->S4->S6->S8->S9->S27->S29->S30->S32->S35->S37,L0->L2->L3,4,13,3,0.75,0.0003380762615526998
S12->S13->S15->S17->S19->S20->S22->S24->S27->S29->S30->S33->S34->S36->S37,L0->L1->L2->L3,4,15,0,0.0,0.0003380762615526998
S0->S1->S2->S4->S7->S8->S11->S29->S30->S31->S33->S34->S35->S37->S38,L0->L3,4,15,0,0.0,0.0003380762615526998
S12->S13->S15->S17->S19->S20->S23->S27->S29->S30->S33->S34->S36->S37->S38,L0->L2->L3,4,15,0,0.0,0.0003380762615526998
S0->S1->S2->S5->S6->S8->S10->S29->S30->S31->S33->S34->S35->S37->S38,L0->L3,4,15,0,0.0,0.0003380762615526998
S12->S13->S15->S17->S19->S20->S21->S29->S30->S31->S32->S33->S34->S36->S37,L0->L3,4,15,0,0.0,0.0003380762615526998
S12->S13->S14->S17->S18->S20->S23->S24->S27->S29->S30->S33->S34->S36->S37,L0->L1->L2->L3,4,15,0,0.0,0.0003380762615526998
S0->S1->S3->S5->S7->S8->S9->S12->S13->S15->S17->S19->S20->S21->S29->S30->S33->S34->S36->S37,L0->L3,4,20,0,0.0,0.0003380762615526998
S0->S1->S2->S5->S7->S8->S11->S27->S29->S30->S32->S36->S37,L0->L2->L3,4,13,1,0.25,0.0003380762615526998
S12->S13->S14->S16->S19->S20->S23->S29->S33->S34->S36->S37,L0->L3,4,12,0,0.0,0.0003380762615526998
S0->S1->S2->S4->S7->S8->S10->S11->S26->S29->S30->S33->S34->S36->S37,L0->L2->L3,4,15,0,0.0,0.0003380762615526998
S12->S13->S14->S16->S19->S20->S21->S39->S40->S41->S43->S44->S45->S47->S48->S50->S51,L0->L3,4,17,0,0.0,0.0003380762615526998
S12->S13->S14->S16->S19->S20->S21->S39->S40->S41->S44->S45->S47->S48->S49,L0->L3,4,15,0,0.0,0.0003380762615526998
S12->S13->S14->S16->S19->S20->S21->S26->S29->S30->S31->S33->S34->S36->S37,L0->L2->L3,4,15,0,0.0,0.0003380762615526998
S0->S1->S2->S4->S6->S8->S9->S24->S27->S29->S30->S33->S34->S36->S37,L0->L1->L2->L3,4,15,0,0.0,0.0003380762615526998
S0->S1->S2->S4->S6->S8->S9->S27->S29->S30->S32->S34->S35->S37,L0->L2->L3,4,14,2,0.5,0.0003380762615526998
S0->S1->S3->S4->S7->S8->S10->S39->S40->S41->S43->S44->S45->S47->S48->S49->S51,L0->L3,4,17,0,0.0,0.0003380762615526998
S12->S13->S15->S17->S18->S20->S23->S24->S26->S29->S30->S33->S34->S36->S37,L0->L1->L2->L3,4,15,0,0.0,0.0003380762615526998
S0->S1->S3->S4->S7->S8->S9->S27->S29->S30->S32->S35->S37,L0->L2->L3,4,13,1,0.25,0.0003380762615526998
S0->S1->S3->S4->S7->S8->S9->S25->S26->S29->S30->S33->S34->S36->S37,L0->L1->L2->L3,4,15,0,0.0,0.0003380762615526998
S0->S1->S3->S4->S7->S8->S9->S25->S27->S29->S30->S33->S34->S36->S37,L0->L1->L2->L3,4,15,0,0.0,0.0003380762615526998
S0->S1->S2->S5->S7->S8->S11->S12->S13->S15->S16->S18->S20->S22->S29->S30->S33->S34->S35->S37,L0->L3,4,20,0,0.0,0.0003380762615526998
S0->S1->S3->S5->S7->S8->S11->S24->S27->S29->S30->S33->S34->S36->S37,L0->L1->L2->L3,4,15,0,0.0,0.0003380762615526998
S0->S1->S3->S5->S7->S8->S11->S24->S28->S29->S30->S33->S34->S35->S37,L0->L1->L2->L3,4,15,0,0.0,0.0003380762615526998
S0->S1->S3->S5->S7->S8->S11->S25->S27->S29->S30->S33->S34->S35->S37,L0->L1->L2->L3,4,15,0,0.0,0.0003380762615526998
S12->S13->S14->S17->S18->S20->S21->S29->S30->S33->S36->S37,L0->L3,4,12,0,0.0,0.0003380762615526998
S12->S13->S15->S17->S18->S20->S22->S29->S30->S33->S36->S37,L0->L3,4,12,0,0.0,0.0003380762615526998
S12->S13->S15->S17->S18->S20->S22->S29->S33->S34->S35->S37,L0->L3,4,12,0,0.0,0.0003380762615526998
S0->S1->S3->S4->S6->S8->S11->S39->S40->S41->S43->S44->S45->S47->S48->S49->S51,L0->L3,4,17,0,0.0,0.0003380762615526998
S12->S13->S15->S17->S18->S20->S23->S26->S29->S30->S33->S34->S36->S37->S38,L0->L2->L3,4,15,0,0.0,0.0003380762615526998
S12->S13->S15->S17->S18->S20->S22->S27->S29->S30->S31->S33->S34->S35->S37,L0->L2->L3,4,15,0,0.0,0.0003380762615526998
S0->S1->S2->S5->S6->S8->S11->S29->S30->S32->S35->S37->S38,L0->L3,4,13,0,0.0,0.0003380762615526998
S0->S1->S2->S5->S7->S8->S10->S39->S40->S41->S43->S44->S45->S47->S48->S50->S51,L0->L3,4,17,0,0.0,0.0003380762615526998
S12->S13->S14->S17->S18->S20->S22->S24->S27->S29->S30->S33->S34->S35->S37,L0->L1->L2->L3,4,15,0,0.0,0.0003380762615526998
S12->S13->S14->S17->S18->S20->S22->S25->S29->S30->S33->S34->S36->S37,L0->L1->L3,4,14,0,0.0,0.0003380762615526998
S12->S13->S14->S17->S18->S20->S22->S26->S29->S30->S31->S33->S34->S35->S37,L0->L2->L3,4,15,0,0.0,0.0003380762615526998
S12->S13->S14->S17->S18->S20->S21->S29->S33->S34->S35->S37,L0->L3,4,12,0,0.0,0.0003380762615526998
S12->S13->S14->S17->S18->S20->S21->S39->S40->S41->S43->S44->S45->S47->S48->S49->S51,L0->L3,4,17,0,0.0,0.0003380762615526998
S12->S13->S14->S17->S18->S20->S21->S39->S40->S41->S43->S45->S47->S48->S49,L0->L3,4,15,0,0.0,0.0003380762615526998
S0->S1->S2->S5->S7->S8->S10->S29->S30->S32->S37,L0->L3,4,11,0,0.0,0.0003380762615526998
S12->S13->S15->S17->S18->S20->S22->S24->S27->S29->S30->S33->S34->S36->S37,L0->L1->L2->L3,4,15,0,0.0,0.0003380762615526998
S12->S13->S15->S17->S18->S20->S22->S26->S29->S30->S32->S33->S34->S35->S37,L0->L2->L3,4,15,0,0.0,0.0003380762615526998
S12->S13->S15->S17->S18->S20->S21->S39->S40->S41->S43->S44->S45->S47->S48->S50->S51,L0->L3,4,17,0,0.0,0.0003380762615526998
S12->S13->S15->S17->S18->S20->S22->S39->S40->S41->S43->S45->S47->S48->S49,L0->L3,4,15,1,0.25,0.0003380762615526998
S0->S1->S2->S4->S7->S8->S11->S29->S30->S32->S33->S34->S36->S37->S38,L0->L3,4,15,0,0.0,0.0003380762615526998
S0->S1->S2->S4->S7->S8->S11->S29->S30->S32->S36->S37->S38,L0->L3,4,13,0,0.0,0.0003380762615526998
S0->S1->S2->S4->S7->S8->S11->S12->S13->S15->S16->S19->S20->S23->S29->S30->S33->S34->S35->S37,L0->L3,4,20,0,0.0,0.0003380762615526998
S12->S13->S14->S17->S18->S20->S22->S29->S30->S31->S32->S36->S37,L0->L3,4,13,0,0.0,0.0003380762615526998
S12->S13->S14->S17->S18->S20->S22->S29->S30->S32->S34->S36->S37,L0->L3,4,13,1,0.25,0.0003380762615526998
S12->S13->S14->S17->S18->S20->S22->S29->S30->S32->S37,L0->L3,4,11,0,0.0,0.0003380762615526998
S12->S13->S14->S17->S18->S20->S22->S29->S30->S33->S34->S35,L0->L3,4,12,0,0.0,0.0003380762615526998
S0->S1->S2->S5->S7->S8->S10->S29->S30->S32->S36->S37->S38,L0->L3,4,13,0,0.0,0.0003380762615526998
S0->S1->S3->S5->S7->S8->S10->S29->S30->S32->S33->S34->S35->S37->S38,L0->L3,4,15,0,0.0,0.0003380762615526998
S0->S1->S3->S5->S7->S8->S10->S29->S30->S32->S35->S37->S38,L0->L3,4,13,0,0.0,0.0003380762615526998
S0->S1->S3->S5->S7->S8->S10->S29->S30->S32->S36->S37->S38,L0->L3,4,13,0,0.0,0.0003380762615526998
S12->S13->S15->S17->S18->S20->S21->S29->S30->S32->S34->S35->S37,L0->L3,4,13,1,0.25,0.0003380762615526998
S12->S13->S15->S17->S18->S20->S22->S23->S29->S30->S33->S34->S35->S37,L0->L3,4,14,0,0.0,0.0003380762615526998
S12->S13->S15->S17->S18->S20->S22->S24->S26->S29->S30->S33->S34->S35->S37,L0->L1->L2->L3,4,15,0,0.0,0.0003380762615526998
S12->S13->S14->S17->S18->S20->S22->S29->S33->S34->S36->S37,L0->L3,4,12,0,0.0,0.0003380762615526998
S0->S1->S3->S4->S6->S8->S10->S26->S29->S30->S31->S33->S34->S35->S37,L0->L2->L3,4,15,0,0.0,0.0003380762615526998
S12->S13->S14->S17->S18->S20->S23->S26->S39->S40->S41->S43->S45->S47->S48->S49->S51,L0->L2->L3,4,17,0,0.0,0.0003380762615526998
S12->S13->S15->S17->S18->S20->S21->S27->S29->S30->S32->S33->S34->S36->S37,L0->L2->L3,4,15,0,0.0,0.0003380762615526998
S12->S13->S15->S17->S18->S20->S21->S27->S29->S30->S33->S34->S36->S37->S38,L0->L2->L3,4,15,0,0.0,0.0003380762615526998
S12->S13->S15->S17->S18->S20->S21->S26->S29->S30->S32->S33->S34->S35->S37,L0->L2->L3,4,15,0,0.0,0.0003380762615526998
S12->S13->S15->S17->S18->S20->S21->S26->S29->S30->S32->S33->S34->S36->S37,L0->L2->L3,4,15,0,0.0,0.0003380762615526998
S0->S1->S3->S4->S7->S8->S9->S29->S30->S31->S33->S34->S36->S37->S38,L0->L3,4,15,0,0.0,0.0003380762615526998
S0->S1->S3->S4->S7->S8->S9->S29->S30->S32->S33->S34->S36->S37->S38,L0->L3,4,15,0,0.0,0.0003380762615526998
S0->S1->S3->S4->S7->S8->S9->S29->S30->S32->S37,L0->L3,4,11,0,0.0,0.0003380762615526998
S12->S13->S14->S17->S18->S20->S22->S29->S30->S33->S35->S37,L0->L3,4,12,0,0.0,0.0003380762615526998
S0->S1->S2->S5->S7->S8->S10->S29->S30->S31->S32->S34->S36->S37,L0->L3,4,14,1,0.25,0.0003380762615526998
S0->S1->S3->S5->S7->S8->S10->S27->S29->S30->S31->S33->S34->S36->S37,L0->L2->L3,4,15,0,0.0,0.0003380762615526998
S0->S1->S2->S4->S7->S8->S10->S25->S29->S30->S33->S34->S36->S37,L0->L1->L3,4,14,1,0.25,0.0003380762615526998
S0->S1->S3->S5->S6->S10->S29->S30->S33->S34->S36->S37->S38,L0->L3,4,13,0,0.0,0.0003380762615526998
S0->S1->S3->S4->S6->S8->S11->S29->S30->S31->S32->S35->S37,L0->L3,4,13,2,0.5,0.0003380762615526998
S12->S13->S15->S17->S18->S20->S21->S26->S29->S30->S31->S33->S34->S35->S37,L0->L2->L3,4,15,0,0.0,0.0003380762615526998
S12->S13->S15->S17->S18->S20->S21->S27->S29->S30->S32->S33->S34->S35->S37,L0->L2->L3,4,15,0,0.0,0.0003380762615526998
S12->S13->S15->S17->S18->S20->S21->S24->S26->S29->S30->S33->S34->S35->S37,L0->L1->L2->L3,4,15,0,0.0,0.0003380762615526998
S12->S13->S15->S16->S19->S20->S23->S29->S30->S32->S36->S37->S38,L0->L3,4,13,0,0.0,0.0003380762615526998
S0->S1->S2->S4->S6->S8->S10->S29->S30->S32->S33->S34->S36->S37->S38,L0->L3,4,15,0,0.0,0.0003380762615526998
S12->S13->S15->S17->S18->S20->S21->S26->S39->S40->S41->S43->S45->S47->S48->S50->S51,L0->L2->L3,4,17,0,0.0,0.0003380762615526998
S12->S13->S14->S17->S18->S20->S23->S27->S39->S40->S41->S43->S45->S47->S48->S50->S51,L0->L2->L3,4,17,0,0.0,0.0003380762615526998
S0->S1->S3->S4->S6->S8->S10->S26->S27->S29->S30->S32->S33->S34->S35->S37,L0->L2->L3,4,16,0,0.0,0.0003380762615526998
S12->S13->S14->S17->S18->S20->S23->S29->S30->S33->S34->S36,L0->L3,4,12,0,0.0,0.0003380762615526998
S0->S1->S2->S4->S7->S8->S10->S25->S27->S29->S30->S33->S34->S36->S37,L0->L1->L2->L3,4,15,0,0.0,0.0003380762615526998
S0->S1->S2->S4->S6->S8->S10->S29->S30->S32->S35->S37->S38,L0->L3,4,13,0,0.0,0.0003380762615526998
S0->S1->S2->S4->S6->S8->S10->S29->S30->S32->S36->S37->S38,L0->L3,4,13,0,0.0,0.0003380762615526998
S0->S1->S2->S4->S6->S8->S10->S29->S30->S33->S34->S36,L0->L3,4,12,0,0.0,0.0003380762615526998
S12->S13->S15->S16->S19->S20->S23->S29->S30->S33->S35->S37,L0->L3,4,12,0,0.0,0.0003380762615526998
S12->S13->S14->S17->S18->S20->S23->S29->S33->S34->S35->S37,L0->L3,4,12,0,0.0,0.0003380762615526998
S12->S13->S14->S17->S19->S20->S21->S22->S29->S30->S33->S34->S35->S37,L0->L3,4,14,0,0.0,0.0003380762615526998
S0->S1->S3->S5->S7->S8->S10->S25->S26->S29->S30->S33->S34->S35->S37,L0->L1->L2->L3,4,15,1,0.25,0.0003380762615526998
S0->S1->S3->S5->S7->S8->S10->S25->S27->S29->S30->S33->S34->S36->S37,L0->L1->L2->L3,4,15,0,0.0,0.0003380762615526998
S12->S13->S15->S16->S19->S20->S23->S29->S30->S32->S33->S34->S36->S37->S38,L0->L3,4,15,0,0.0,0.0003380762615526998
S12->S13->S15->S16->S19->S20->S23->S29->S30->S32->S34->S35->S37,L0->L3,4,13,1,0.25,0.0003380762615526998
S12->S13->S15->S16->S19->S20->S23->S26->S39->S40->S41->S43->S45->S47->S48->S50->S51,L0->L2->L3,4,17,0,0.0,0.0003380762615526998
S12->S13->S15->S16->S19->S20->S23->S26->S39->S40->S41->S44->S45->S47->S48->S50->S51,L0->L2->L3,4,17,0,0.0,0.0003380762615526998
S12->S13->S15->S16->S19->S20->S23->S27->S29->S30->S31->S33->S34->S35->S37,L0->L2->L3,4,15,0,0.0,0.0003380762615526998
S12->S13->S14->S17->S19->S20->S21->S24->S27->S29->S30->S33->S34->S36->S37,L0->L1->L2->L3,4,15,0,0.0,0.0003380762615526998
S12->S13->S14->S17->S19->S20->S21->S26->S29->S30->S31->S33->S34->S35->S37,L0->L2->L3,4,15,0,0.0,0.0003380762615526998
S0->S1->S3->S4->S6->S8->S11->S28->S29->S30->S32->S33->S34->S35->S37,L0->L2->L3,4,15,0,0.0,0.0003380762615526998
S0->S1->S2->S4->S6->S8->S10->S39->S40->S41->S43->S44->S45->S47->S48->S50->S51,L0->L3,4,17,0,0.0,0.0003380762615526998
S0->S1->S3->S5->S6->S8->S10->S25->S29->S30->S33->S34->S35->S37,L0->L1->L3,4,14,0,0.0,0.0003380762615526998
S12->S13->S15->S16->S19->S20->S23->S29->S30->S31->S32->S33->S34->S36->S37,L0->L3,4,15,0,0.0,0.0003380762615526998
S0->S1->S2->S5->S7->S8->S10->S26->S30->S33->S34->S35->S37,L0->L2->L3,4,13,0,0.0,0.0003380762615526998
S12->S13->S14->S17->S19->S20->S21->S27->S29->S30->S31->S33->S34->S35->S37,L0->L2->L3,4,15,0,0.0,0.0003380762615526998
S12->S13->S15->S16->S19->S20->S23->S26->S29->S30->S31->S33->S34->S36->S37,L0->L2->L3,4,15,0,0.0,0.0003380762615526998
S12->S13->S15->S16->S19->S20->S22->S39->S40->S41->S43->S44->S45->S47->S48->S50->S51,L0->L3,4,17,0,0.0,0.0003380762615526998
S12->S13->S15->S16->S19->S20->S22->S39->S40->S41->S43->S45->S47->S48->S49,L0->L3,4,15,0,0.0,0.0003380762615526998
S12->S13->S15->S16->S19->S20->S23->S27->S29->S30->S32->S33->S34->S36->S37,L0->L2->L3,4,15,0,0.0,0.0003380762615526998
S0->S1->S2->S4->S6->S8->S11->S39->S40->S41->S43->S44->S45->S47->S48->S50->S51,L0->L3,4,17,0,0.0,0.0003380762615526998
S12->S13->S14->S17->S19->S20->S21->S29->S30->S32->S37,L0->L3,4,11,0,0.0,0.0003380762615526998
S0->S1->S2->S5->S7->S8->S10->S25->S27->S29->S30->S33->S34->S35->S37,L0->L1->L2->L3,4,15,0,0.0,0.0003380762615526998
S12->S13->S14->S17->S19->S20->S21->S29->S30->S31->S33->S34->S35->S37->S38,L0->L3,4,15,0,0.0,0.0003380762615526998
S12->S13->S15->S16->S19->S20->S22->S27->S29->S30->S32->S33->S34->S36->S37,L0->L2->L3,4,15,0,0.0,0.0003380762615526998
S0->S1->S3->S5->S6->S8->S10->S26->S29->S30->S31->S33->S34->S35->S37,L0->L2->L3,4,15,0,0.0,0.0003380762615526998
S12->S13->S14->S17->S19->S20->S21->S39->S40->S41->S44->S45->S47->S48->S49,L0->L3,4,15,0,0.0,0.0003380762615526998
S12->S13->S15->S16->S19->S20->S22->S26->S39->S40->S41->S44->S45->S47->S48->S50->S51,L0->L2->L3,4,17,0,0.0,0.0003380762615526998
S12->S13->S15->S16->S19->S20->S22->S27->S29->S30->S31->S33->S34->S35->S37,L0->L2->L3,4,15,0,0.0,0.0003380762615526998
S12->S13->S15->S16->S19->S20->S22->S24->S26->S29->S30->S33->S34->S35->S37,L0->L1->L2->L3,4,15,0,0.0,0.0003380762615526998
S0->S1->S3->S5->S6->S8->S10->S26->S29->S30->S32->S34->S36->S37,L0->L2->L3,4,14,1,0.25,0.0003380762615526998
S0->S1->S3->S5->S6->S8->S10->S26->S30->S33->S34->S36->S37,L0->L2->L3,4,13,0,0.0,0.0003380762615526998
S12->S13->S14->S17->S19->S20->S22->S27->S39->S40->S41->S44->S45->S47->S48->S49->S51,L0->L2->L3,4,17,0,0.0,0.0003380762615526998
S12->S13->S14->S17->S19->S20->S22->S26->S29->S30->S32->S33->S34->S35->S37,L0->L2->L3,4,15,0,0.0,0.0003380762615526998
S12->S13->S14->S17->S19->S20->S22->S26->S29->S30->S33->S34->S35->S37->S38,L0->L2->L3,4,15,0,0.0,0.0003380762615526998
S12->S13->S14->S17->S19->S20->S22->S26->S29->S30->S33->S34->S36->S37->S38,L0->L2->L3,4,15,0,0.0,0.0003380762615526998
S12->S13->S15->S16->S19->S20->S21->S29->S33->S34->S35->S37,L0->L3,4,12,0,0.0,0.0003380762615526998
S12->S13->S14->S17->S19->S20->S22->S29->S30->S33->S34->S35,L0->L3,4,12,0,0.0,0.0003380762615526998
S0->S1->S2->S4->S6->S8->S11->S29->S30->S32->S36->S37->S38,L0->L3,4,13,0,0.0,0.0003380762615526998
S12->S13->S14->S17->S19->S20->S22->S27->S29->S30->S31->S33->S34->S36->S37,L0->L2->L3,4,15,0,0.0,0.0003380762615526998
S0->S1->S3->S4->S6->S8->S10->S27->S29->S30->S31->S33->S34->S36->S37,L0->L2->L3,4,15,0,0.0,0.0003380762615526998
S0->S1->S2->S5->S6->S8->S9->S24->S27->S29->S30->S33->S34->S35->S37,L0->L1->L2->L3,4,15,0,0.0,0.0003380762615526998
S12->S13->S15->S16->S19->S20->S21->S27->S29->S30->S32->S33->S34->S36->S37,L0->L2->L3,4,15,0,0.0,0.0003380762615526998
S12->S13->S15->S16->S19->S20->S21->S27->S39->S40->S41->S44->S45->S47->S48->S49->S51,L0->L2->L3,4,17,2,0.5,0.0003380762615526998
S0->S1->S3->S4->S6->S8->S11->S25->S29->S30->S33->S34->S35->S37,L0->L1->L3,4,14,0,0.0,0.0003380762615526998
S0->S1->S3->S4->S6->S8->S11->S26->S29->S30->S33->S34->S35,L0->L2->L3,4,13,0,0.0,0.0003380762615526998
S12->S13->S15->S16->S19->S20->S21->S26->S29->S30->S33->S34->S35->S37->S38,L0->L2->L3,4,15,0,0.0,0.0003380762615526998
S0->S1->S3->S5->S6->S8->S10->S29->S30->S32->S36->S37->S38,L0->L3,4,13,0,0.0,0.0003380762615526998
S0->S1->S3->S5->S6->S8->S10->S39->S40->S41->S43->S44->S45->S47->S48->S50->S51,L0->L3,4,17,0,0.0,0.0003380762615526998
S0->S1->S3->S5->S6->S8->S10->S27->S29->S33->S34->S35->S37,L0->L2->L3,4,13,0,0.0,0.0003380762615526998
S12->S13->S15->S16->S19->S20->S21->S29->S30->S32->S35->S37->S38,L0->L3,4,13,0,0.0,0.0003380762615526998
S0->S1->S2->S5->S7->S10->S26->S29->S30->S33->S34->S36->S37,L0->L2->L3,4,13,1,0.25,0.0003380762615526998
S12->S13->S14->S17->S19->S20->S22->S29->S30->S33->S36->S37,L0->L3,4,12,0,0.0,0.0003380762615526998
S12->S13->S14->S17->S19->S20->S22->S29->S33->S34->S36->S37,L0->L3,4,12,0,0.0,0.0003380762615526998
S12->S13->S15->S16->S18->S20->S23->S39->S40->S41->S43->S45->S47->S48->S49,L0->L3,4,15,0,0.0,0.0003380762615526998
S12->S13->S15->S16->S18->S20->S23->S39->S40->S41->S44->S45->S47->S48->S49,L0->L3,4,15,0,0.0,0.0003380762615526998
S0->S1->S3->S5->S6->S8->S10->S29->S30->S32->S33->S34->S36->S37->S38,L0->L3,4,15,0,0.0,0.0003380762615526998
S12->S13->S14->S17->S19->S20->S23->S26->S29->S30->S31->S33->S34->S35->S37,L0->L2->L3,4,15,0,0.0,0.0003380762615526998
S12->S13->S14->S17->S19->S20->S23->S26->S29->S30->S33->S34->S35->S37->S38,L0->L2->L3,4,15,0,0.0,0.0003380762615526998
S0->S1->S2->S5->S6->S8->S9->S26->S29->S30->S32->S35->S37,L0->L2->L3,4,13,0,0.0,0.0003380762615526998
S12->S13->S15->S16->S19->S20->S21->S24->S26->S29->S30->S33->S34->S36->S37,L0->L1->L2->L3,4,15,0,0.0,0.0003380762615526998
S12->S13->S14->S17->S19->S20->S23->S26->S29->S30->S33->S34->S36->S37->S38,L0->L2->L3,4,15,0,0.0,0.0003380762615526998
S12->S13->S14->S17->S19->S20->S23->S24->S27->S29->S30->S33->S34->S35->S37,L0->L1->L2->L3,4,15,0,0.0,0.0003380762615526998
S12->S13->S15->S16->S18->S20->S23->S27->S29->S30->S31->S33->S34->S35->S37,L0->L2->L3,4,15,0,0.0,0.0003380762615526998
S12->S13->S15->S16->S18->S20->S23->S27->S29->S30->S32->S36->S37,L0->L2->L3,4,13,2,0.5,0.0003380762615526998
S12->S13->S15->S16->S18->S20->S23->S27->S39->S40->S41->S43->S45->S47->S48->S49->S51,L0->L2->L3,4,17,0,0.0,0.0003380762615526998
S12->S13->S15->S16->S18->S20->S23->S26->S29->S30->S31->S33->S34->S36->S37,L0->L2->L3,4,15,0,0.0,0.0003380762615526998
S12->S13->S15->S16->S18->S20->S23->S29->S30->S33->S34->S35,L0->L3,4,12,0,0.0,0.0003380762615526998
S12->S13->S15->S16->S18->S20->S23->S39->S40->S41->S43->S44->S45->S47->S48->S49->S51,L0->L3,4,17,0,0.0,0.0003380762615526998
S0->S1->S3->S4->S6->S8->S11->S24->S29->S30->S32->S33->S34->S36->S37,L0->L1->L3,4,15,0,0.0,0.0003380762615526998
S12->S13->S15->S16->S18->S20->S23->S26->S39->S40->S41->S43->S45->S47->S48->S49->S51,L0->L2->L3,4,17,0,0.0,0.0003380762615526998
S0->S1->S3->S5->S6->S8->S11->S25->S26->S29->S30->S33->S34->S36->S37,L0->L1->L2->L3,4,15,0,0.0,0.0003380762615526998
S12->S13->S14->S17->S19->S20->S23->S27->S29->S30->S32->S33->S34->S36->S37,L0->L2->L3,4,15,1,0.25,0.0003380762615526998
S12->S13->S14->S17->S19->S20->S23->S27->S39->S40->S41->S43->S45->S47->S48->S49->S51,L0->L2->L3,4,17,0,0.0,0.0003380762615526998
S0->S1->S3->S5->S6->S8->S9->S25->S29->S30->S33->S34->S35->S37,L0->L1->L3,4,14,0,0.0,0.0003380762615526998
S0->S1->S2->S4->S7->S8->S10->S27->S29->S30->S31->S33->S34->S35->S37,L0->L2->L3,4,15,0,0.0,0.0003380762615526998
S0->S1->S3->S5->S6->S8->S9->S24->S26->S29->S30->S33->S34->S35->S37,L0->L1->L2->L3,4,15,0,0.0,0.0003380762615526998
S0->S1->S2->S4->S6->S8->S11->S25->S27->S29->S30->S33->S34->S35->S37,L0->L1->L2->L3,4,15,0,0.0,0.0003380762615526998
S0->S1->S3->S4->S6->S8->S11->S24->S27->S29->S30->S33->S34->S36->S37,L0->L1->L2->L3,4,15,0,0.0,0.0003380762615526998
S0->S1->S3->S5->S6->S8->S9->S24->S27->S29->S30->S33->S34->S35->S37,L0->L1->L2->L3,4,15,0,0.0,0.0003380762615526998
S0->S1->S3->S5->S6->S8->S11->S26->S29->S30->S32->S36->S37,L0->L2->L3,4,13,2,0.5,0.0003380762615526998
S0->S1->S3->S5->S6->S8->S11->S27->S29->S30->S31->S33->S34->S35->S37,L0->L2->L3,4,15,0,0.0,0.0003380762615526998
S12->S13->S15->S16->S18->S20->S22->S39->S40->S41->S43->S44->S45->S47->S48->S49->S51,L0->L3,4,17,0,0.0,0.0003380762615526998
S0->S1->S2->S4->S7->S8->S9->S29->S30->S32->S37,L0->L3,4,11,0,0.0,0.0003380762615526998
S0->S1->S3->S5->S6->S8->S11->S25->S27->S29->S30->S33->S34->S36->S37,L0->L1->L2->L3,4,15,0,0.0,0.0003380762615526998
S0->S1->S2->S4->S6->S8->S11->S28->S39->S40->S41->S44->S45->S47->S48->S50->S51,L0->L2->L3,4,17,0,0.0,0.0003380762615526998
S12->S13->S14->S17->S19->S20->S23->S39->S40->S41->S43->S44->S45->S47->S48->S50->S51,L0->L3,4,17,0,0.0,0.0003380762615526998
S12->S13->S14->S17->S19->S20->S23->S29->S30->S32->S36->S37->S38,L0->L3,4,13,0,0.0,0.0003380762615526998
S12->S13->S14->S17->S19->S20->S23->S29->S30->S33->S34->S36,L0->L3,4,12,0,0.0,0.0003380762615526998
S0->S1->S2->S5->S6->S8->S9->S39->S40->S41->S43->S44->S45->S47->S48->S50->S51,L0->L3,4,17,0,0.0,0.0003380762615526998
S0->S1->S3->S5->S6->S8->S11->S27->S39->S40->S41->S43->S45->S47->S48->S50->S51,L0->L2->L3,4,17,0,0.0,0.0003380762615526998
S12->S13->S15->S16->S18->S20->S22->S29->S30->S31->S33->S34->S35->S37->S38,L0->L3,4,15,0,0.0,0.0003380762615526998
S12->S13->S15->S16->S18->S20->S22->S27->S29->S30->S31->S33->S34->S36->S37,L0->L2->L3,4,15,0,0.0,0.0003380762615526998
S12->S13->S15->S16->S17->S19->S20->S22->S29->S30->S33->S34->S35->S37,L0->L3,4,14,0,0.0,0.0003380762615526998
S12->S13->S15->S16->S18->S20->S21->S27->S39->S40->S41->S43->S45->S47->S48->S49->S51,L0->L2->L3,4,17,0,0.0,0.0003380762615526998
S12->S13->S15->S16->S18->S20->S21->S29->S30->S31->S32->S33->S34->S35->S37,L0->L3,4,15,0,0.0,0.0003380762615526998
S12->S13->S15->S16->S18->S20->S21->S23->S29->S30->S33->S34->S36->S37,L0->L3,4,14,0,0.0,0.0003380762615526998
S0->S1->S3->S5->S6->S8->S11->S29->S30->S31->S32->S36->S37,L0->L3,4,13,2,0.5,0.0003380762615526998
S0->S1->S3->S5->S6->S8->S11->S29->S30->S31->S33->S34->S35->S37->S38,L0->L3,4,15,0,0.0,0.0003380762615526998
S0->S1->S3->S5->S6->S8->S11->S29->S30->S31->S33->S34->S36->S37->S38,L0->L3,4,15,1,0.25,0.0003380762615526998
S0->S1->S3->S5->S6->S8->S11->S27->S29->S30->S32->S36->S37,L0->L2->L3,4,13,2,0.5,0.0003380762615526998
S0->S1->S3->S5->S6->S8->S11->S27->S29->S33->S34->S35->S37,L0->L2->L3,4,13,0,0.0,0.0003380762615526998
S12->S13->S15->S16->S18->S20->S21->S29->S30->S31->S32->S35->S37,L0->L3,4,13,1,0.25,0.0003380762615526998
S0->S1->S2->S4->S7->S8->S9->S29->S30->S32->S33->S34->S36->S37->S38,L0->L3,4,15,0,0.0,0.0003380762615526998
S0->S1->S2->S4->S7->S8->S9->S29->S30->S32->S35->S37->S38,L0->L3,4,13,0,0.0,0.0003380762615526998
S12->S13->S15->S16->S18->S20->S22->S26->S29->S30->S31->S33->S34->S35->S37,L0->L2->L3,4,15,0,0.0,0.0003380762615526998
S12->S13->S15->S16->S18->S20->S22->S26->S29->S30->S33->S34->S36->S37->S38,L0->L2->L3,4,15,0,0.0,0.0003380762615526998
S12->S13->S15->S16->S18->S20->S21->S39->S40->S41->S43->S45->S47->S48->S49,L0->L3,4,15,0,0.0,0.0003380762615526998
S12->S13->S15->S16->S18->S20->S22->S27->S29->S30->S32->S35->S37,L0->L2->L3,4,13,2,0.5,0.0003380762615526998
S0->S1->S2->S5->S6->S8->S9->S29->S30->S31->S32->S35->S37,L0->L3,4,13,2,0.5,0.0003380762615526998
S27->S29->S30->S33->S34->S36->S37->S38,L2->L3,4,8,0,0.0,0.0003380762615526998
S25->S39->S40->S41->S43->S44->S45->S47->S48->S50->S51,L1->L3,4,11,0,0.0,0.0003380762615526998
S26->S29->S30->S33->S34->S35->S37->S38,L2->L3,4,8,1,0.25,0.0003380762615526998
S26->S30->S33->S34->S35->S37,L2->L3,4,6,0,0.0,0.0003380762615526998
S0->S1->S2->S5->S7->S8->S9->S29->S30->S31->S32->S34->S36->S37,L0->L3,4,14,0,0.0,0.0003380762615526998
S12->S13->S15->S17->S19->S20->S22->S29->S30->S32->S36->S37->S38,L0->L3,3,13,0,0.0,0.00025355719616452485
S12->S13->S15->S17->S19->S20->S22->S29->S30->S33->S36->S37,L0->L3,3,12,0,0.0,0.00025355719616452485
S0->S1->S3->S4->S6->S8->S9->S26->S27->S29->S30->S32->S33->S34->S36->S37,L0->L2->L3,3,16,0,0.0,0.00025355719616452485
S12->S13->S15->S17->S19->S20->S23->S27->S39->S40->S41->S44->S45->S47->S48->S49->S51,L0->L2->L3,3,17,0,0.0,0.00025355719616452485
S0->S1->S3->S4->S7->S8->S11->S29->S30->S31->S33->S35->S37,L0->L3,3,13,0,0.0,0.00025355719616452485
S12->S13->S15->S17->S19->S20->S22->S29->S30->S31->S32->S35->S37,L0->L3,3,13,0,0.0,0.00025355719616452485
S12->S13->S15->S17->S19->S20->S22->S29->S30->S31->S33->S34->S36,L0->L3,3,13,0,0.0,0.00025355719616452485
S0->S1->S2->S4->S7->S8->S11->S24->S28->S29->S30->S33->S34->S35->S37,L0->L1->L2->L3,3,15,0,0.0,0.00025355719616452485
S12->S13->S15->S17->S19->S20->S23->S26->S29->S30->S32->S33->S34->S35->S37,L0->L2->L3,3,15,0,0.0,0.00025355719616452485
S12->S13->S15->S17->S19->S20->S22->S29->S33->S34->S35->S37,L0->L3,3,12,0,0.0,0.00025355719616452485
S12->S13->S15->S17->S19->S20->S22->S39->S40->S41->S43->S44->S45->S47->S48->S49->S51,L0->L3,3,17,0,0.0,0.00025355719616452485
S12->S13->S14->S16->S19->S20->S21->S27->S39->S40->S41->S43->S45->S47->S48->S49->S51,L0->L2->L3,3,17,0,0.0,0.00025355719616452485
S0->S1->S2->S5->S7->S8->S11->S27->S29->S30->S31->S33->S34->S35->S37,L0->L2->L3,3,15,0,0.0,0.00025355719616452485
S12->S13->S14->S16->S19->S20->S21->S27->S39->S40->S41->S43->S45->S47->S48->S50->S51,L0->L2->L3,3,17,0,0.0,0.00025355719616452485
S12->S13->S14->S16->S19->S20->S21->S29->S33->S34->S35->S37,L0->L3,3,12,0,0.0,0.00025355719616452485
S12->S13->S14->S16->S19->S20->S21->S39->S40->S41->S43->S44->S45->S47->S48->S49->S51,L0->L3,3,17,0,0.0,0.00025355719616452485
S12->S13->S15->S17->S19->S20->S22->S26->S29->S30->S32->S33->S34->S35->S37,L0->L2->L3,3,15,0,0.0,0.00025355719616452485
S12->S13->S15->S17->S19->S20->S22->S26->S29->S30->S32->S35->S37,L0->L2->L3,3,13,0,0.0,0.00025355719616452485
S12->S13->S15->S17->S19->S20->S22->S27->S29->S30->S32->S33->S34->S36->S37,L0->L2->L3,3,15,0,0.0,0.00025355719616452485
S0->S1->S3->S4->S7->S8->S11->S39->S40->S41->S43->S44->S45->S47->S48->S50->S51,L0->L3,3,17,0,0.0,0.00025355719616452485
S0->S1->S3->S4->S6->S8->S9->S24->S26->S39->S40->S41->S43->S45->S47->S48->S50->S51,L0->L1->L2->L3,3,18,0,0.0,0.00025355719616452485
S0->S1->S3->S4->S7->S8->S11->S29->S30->S31->S33->S34->S36->S37->S38,L0->L3,3,15,0,0.0,0.00025355719616452485
S12->S13->S14->S16->S19->S20->S22->S23->S29->S30->S33->S34->S35->S37,L0->L3,3,14,0,0.0,0.00025355719616452485
S0->S1->S3->S5->S7->S8->S9->S12->S13->S15->S16->S19->S20->S22->S29->S30->S33->S34->S36->S37,L0->L3,3,20,0,0.0,0.00025355719616452485
S0->S1->S2->S4->S7->S8->S9->S26->S38,L0->L2->L3,3,9,0,0.0,0.00025355719616452485
S0->S1->S3->S5->S7->S8->S11->S39->S40->S41->S43->S44->S45->S47->S48->S50->S51,L0->L3,3,17,0,0.0,0.00025355719616452485
S0->S1->S2->S5->S6->S8->S11->S25->S27->S29->S30->S33->S34->S35->S37,L0->L1->L2->L3,3,15,0,0.0,0.00025355719616452485
S0->S1->S3->S4->S6->S8->S9->S12->S13->S15->S17->S19->S20->S23->S29->S30->S33->S34->S36->S37,L0->L3,3,20,0,0.0,0.00025355719616452485
S0->S1->S2->S4->S6->S8->S10->S24->S27->S29->S30->S33->S34->S35->S37,L0->L1->L2->L3,3,15,0,0.0,0.00025355719616452485
S0->S1->S3->S5->S7->S8->S11->S29->S30->S31->S33->S34->S36->S37->S38,L0->L3,3,15,0,0.0,0.00025355719616452485
S12->S13->S14->S16->S19->S20->S22->S24->S27->S29->S30->S33->S34->S35->S37,L0->L1->L2->L3,3,15,0,0.0,0.00025355719616452485
S12->S13->S14->S16->S19->S20->S22->S26->S29->S30->S31->S33->S34->S35->S37,L0->L2->L3,3,15,0,0.0,0.00025355719616452485
S0->S1->S3->S5->S7->S8->S9->S11->S39->S40->S41->S43->S45->S47->S48->S50->S51,L0->L3,3,17,0,0.0,0.00025355719616452485
S0->S1->S3->S5->S7->S8->S11->S29->S30->S32->S33->S34->S35->S37->S38,L0->L3,3,15,0,0.0,0.00025355719616452485
S12->S13->S15->S17->S19->S20->S21->S29->S30->S31->S33->S34->S36->S37->S38,L0->L3,3,15,0,0.0,0.00025355719616452485
S12->S13->S15->S17->S19->S20->S21->S29->S30->S32->S33->S34->S35->S37->S38,L0->L3,3,15,0,0.0,0.00025355719616452485
S0->S1->S2->S4->S6->S8->S9->S27->S29->S30->S31->S33->S34->S35->S37,L0->L2->L3,3,15,0,0.0,0.00025355719616452485
S12->S13->S14->S16->S19->S20->S22->S26->S39->S40->S41->S44->S45->S47->S48->S49->S51,L0->L2->L3,3,17,0,0.0,0.00025355719616452485
S0->S1->S2->S4->S7->S8->S9->S26->S30->S33->S34->S36->S37,L0->L2->L3,3,13,0,0.0,0.00025355719616452485
S0->S1->S3->S5->S7->S8->S11->S29->S30->S31->S32->S34->S35->S37,L0->L3,3,14,0,0.0,0.00025355719616452485
S0->S1->S3->S5->S7->S8->S11->S29->S30->S31->S32->S34->S36->S37,L0->L3,3,14,0,0.0,0.00025355719616452485
S0->S1->S2->S5->S7->S8->S11->S25->S29->S30->S33->S34->S35->S37,L0->L1->L3,3,14,0,0.0,0.00025355719616452485
S12->S13->S15->S17->S19->S20->S21->S26->S29->S30->S31->S33->S34->S35->S37,L0->L2->L3,3,15,0,0.0,0.00025355719616452485
S12->S13->S15->S17->S19->S20->S21->S26->S29->S30->S32->S33->S34->S35->S37,L0->L2->L3,3,15,0,0.0,0.00025355719616452485
S12->S13->S15->S17->S19->S20->S21->S27->S29->S30->S31->S33->S34->S35->S37,L0->L2->L3,3,15,0,0.0,0.00025355719616452485
S12->S13->S15->S17->S19->S20->S21->S27->S29->S30->S32->S33->S34->S35->S37,L0->L2->L3,3,15,0,0.0,0.00025355719616452485
S0->S1->S2->S5->S6->S8->S11->S26->S29->S30->S32->S34->S35->S37,L0->L2->L3,3,14,0,0.0,0.00025355719616452485
S0->S1->S2->S5->S7->S8->S11->S12->S13->S15->S17->S18->S20->S21->S29->S30->S33->S34->S36->S37,L0->L3,3,20,0,0.0,0.00025355719616452485
S12->S13->S14->S16->S19->S20->S22->S29->S30->S31->S32->S34->S36->S37,L0->L3,3,14,1,0.3333333333333333,0.00025355719616452485
S0->S1->S3->S5->S7->S8->S11->S27->S29->S30->S32->S35->S37,L0->L2->L3,3,13,1,0.3333333333333333,0.00025355719616452485
S0->S1->S2->S4->S7->S8->S10->S12->S13->S15->S17->S19->S20->S22->S29->S30->S33->S34->S36->S37,L0->L3,3,20,0,0.0,0.00025355719616452485
S12->S13->S15->S17->S18->S20->S23->S29->S33->S34->S36->S37,L0->L3,3,12,0,0.0,0.00025355719616452485
S12->S13->S15->S17->S18->S20->S23->S39->S40->S41->S43->S45->S48->S49->S51,L0->L3,3,15,0,0.0,0.00025355719616452485
S0->S1->S3->S4->S7->S8->S9->S12->S13->S14->S16->S19->S20->S22->S29->S30->S33->S34->S36->S37,L0->L3,3,20,0,0.0,0.00025355719616452485
S0->S1->S3->S4->S7->S8->S9->S10->S26->S29->S30->S33->S34->S35->S37,L0->L2->L3,3,15,0,0.0,0.00025355719616452485
S0->S1->S2->S4->S6->S8->S9->S26->S29->S30->S32->S34->S36->S37,L0->L2->L3,3,14,0,0.0,0.00025355719616452485
S12->S13->S14->S16->S19->S20->S22->S29->S30->S32->S35->S37->S38,L0->L3,3,13,0,0.0,0.00025355719616452485
S12->S13->S14->S16->S19->S20->S22->S29->S30->S32->S36->S37->S38,L0->L3,3,13,0,0.0,0.00025355719616452485
S12->S13->S14->S16->S19->S20->S22->S39->S40->S41->S43->S44->S45->S47->S48->S50->S51,L0->L3,3,17,0,0.0,0.00025355719616452485
S0->S1->S3->S5->S7->S8->S11->S28->S29->S30->S33->S34->S36->S37->S38,L0->L2->L3,3,15,0,0.0,0.00025355719616452485
S0->S1->S3->S5->S7->S8->S11->S27->S29->S30->S31->S33->S34->S36->S37,L0->L2->L3,3,15,0,0.0,0.00025355719616452485
S12->S13->S14->S16->S19->S20->S23->S27->S29->S30->S32->S33->S34->S35->S37,L0->L2->L3,3,15,0,0.0,0.00025355719616452485
S12->S13->S14->S16->S19->S20->S23->S27->S39->S40->S41->S43->S45->S47->S48->S49->S51,L0->L2->L3,3,17,0,0.0,0.00025355719616452485
S0->S1->S2->S4->S6->S8->S10->S26->S29->S30->S32->S35->S37,L0->L2->L3,3,13,1,0.3333333333333333,0.00025355719616452485
S0->S1->S2->S4->S6->S8->S10->S26->S30->S33->S34->S35->S37,L0->L2->L3,3,13,0,0.0,0.00025355719616452485
S12->S13->S15->S17->S18->S20->S23->S29->S30->S33->S35->S37,L0->L3,3,12,0,0.0,0.00025355719616452485
S12->S13->S15->S17->S18->S20->S23->S29->S30->S33->S34->S35,L0->L3,3,12,0,0.0,0.00025355719616452485
S12->S13->S15->S17->S18->S20->S23->S27->S29->S30->S32->S33->S34->S35->S37,L0->L2->L3,3,15,0,0.0,0.00025355719616452485
S0->S1->S2->S5->S6->S8->S11->S26->S29->S30->S32->S35->S37,L0->L2->L3,3,13,2,0.6666666666666666,0.00025355719616452485
S0->S1->S3->S4->S7->S8->S9->S12->S13->S15->S17->S19->S20->S21->S29->S30->S33->S34->S35->S37,L0->L3,3,20,0,0.0,0.00025355719616452485
S12->S13->S15->S17->S19->S20->S21->S24->S26->S39->S40->S41->S44->S45->S47->S48->S49->S51,L0->L1->L2->L3,3,18,0,0.0,0.00025355719616452485
S12->S13->S14->S16->S19->S20->S23->S27->S39->S40->S41->S43->S45->S47->S48->S50->S51,L0->L2->L3,3,17,0,0.0,0.00025355719616452485
S12->S13->S14->S16->S19->S20->S23->S25->S27->S29->S30->S33->S34->S35->S37,L0->L1->L2->L3,3,15,0,0.0,0.00025355719616452485
S12->S13->S14->S17->S18->S20->S21->S23->S29->S30->S33->S34->S35->S37,L0->L3,3,14,0,0.0,0.00025355719616452485
S0->S1->S3->S4->S7->S8->S9->S25->S29->S30->S33->S34->S36->S37,L0->L1->L3,3,14,0,0.0,0.00025355719616452485
S12->S13->S15->S17->S18->S20->S23->S27->S29->S30->S32->S33->S34->S36->S37,L0->L2->L3,3,15,0,0.0,0.00025355719616452485
S12->S13->S15->S17->S18->S20->S23->S27->S38,L0->L2->L3,3,9,0,0.0,0.00025355719616452485
S12->S13->S15->S17->S18->S20->S23->S27->S39->S40->S41->S43->S45->S47->S48->S50->S51,L0->L2->L3,3,17,0,0.0,0.00025355719616452485
S12->S13->S14->S16->S19->S20->S23->S29->S30->S31->S33->S34->S36->S37->S38,L0->L3,3,15,0,0.0,0.00025355719616452485
S0->S1->S3->S5->S7->S8->S11->S26->S27->S29->S30->S32->S33->S34->S36->S37,L0->L2->L3,3,16,0,0.0,0.00025355719616452485
S0->S1->S3->S5->S7->S8->S11->S26->S29->S30->S32->S35->S37,L0->L2->L3,3,13,0,0.0,0.00025355719616452485
S0->S1->S2->S4->S7->S9->S26->S29->S30->S33->S34->S36->S37,L0->L2->L3,3,13,0,0.0,0.00025355719616452485
S0->S1->S2->S5->S6->S8->S11->S26->S30->S33->S34->S36->S37,L0->L2->L3,3,13,0,0.0,0.00025355719616452485
S0->S1->S3->S4->S7->S8->S11->S29->S30->S31->S32->S36->S37,L0->L3,3,13,0,0.0,0.00025355719616452485
S0->S2->S5->S7->S8->S9->S27->S29->S30->S33->S34->S35->S37,L0->L2->L3,3,13,0,0.0,0.00025355719616452485
S12->S13->S15->S17->S18->S20->S23->S24->S27->S29->S30->S33->S34->S36->S37,L0->L1->L2->L3,3,15,0,0.0,0.00025355719616452485
S0->S1->S2->S5->S7->S8->S9->S29->S30->S32->S35->S37->S38,L0->L3,3,13,0,0.0,0.00025355719616452485
S29->S30->S32->S36->S37,L3,3,5,0,0.0,0.00025355719616452485
S29->S30->S33->S36->S37->S38,L3,3,6,0,0.0,0.00025355719616452485
S12->S13->S14->S17->S18->S20->S21->S24->S27->S29->S30->S33->S34->S35->S37,L0->L1->L2->L3,3,15,0,0.0,0.00025355719616452485
S0->S1->S2->S5->S7->S8->S11->S12->S13->S14->S17->S18->S20->S21->S29->S30->S33->S34->S35->S37,L0->L3,3,20,0,0.0,0.00025355719616452485
S0->S2->S4->S7->S8->S9->S39->S40->S41->S44->S45->S47->S48->S49->S51,L0->L3,3,15,0,0.0,0.00025355719616452485
S12->S13->S14->S17->S18->S20->S21->S29->S30->S31->S33->S34->S36->S37->S38,L0->L3,3,15,0,0.0,0.00025355719616452485
S0->S1->S2->S5->S6->S8->S10->S12->S13->S15->S17->S18->S20->S22->S29->S30->S33->S34->S36->S37->S38,L0->L3,3,21,0,0.0,0.00025355719616452485
S0->S1->S3->S5->S7->S8->S11->S24->S27->S39->S40->S41->S44->S45->S47->S48->S50->S51,L0->L1->L2->L3,3,18,0,0.0,0.00025355719616452485
S0->S3->S4->S7->S8->S9->S27->S29->S30->S33->S34->S36->S37,L0->L2->L3,3,13,0,0.0,0.00025355719616452485
S0->S1->S3->S5->S7->S8->S11->S25->S26->S29->S30->S33->S34->S36->S37,L0->L1->L2->L3,3,15,0,0.0,0.00025355719616452485
S0->S3->S5->S7->S8->S11->S26->S29->S30->S33->S34->S35->S37,L0->L2->L3,3,13,0,0.0,0.00025355719616452485
S12->S13->S14->S17->S18->S20->S21->S26->S29->S30->S33->S34->S36->S37->S38,L0->L2->L3,3,15,0,0.0,0.00025355719616452485
S12->S13->S14->S17->S18->S20->S21->S26->S39->S40->S41->S43->S45->S47->S48->S50->S51,L0->L2->L3,3,17,0,0.0,0.00025355719616452485
S12->S13->S14->S17->S18->S20->S21->S27->S29->S30->S32->S33->S34->S35->S37,L0->L2->L3,3,15,0,0.0,0.00025355719616452485
S0->S1->S2->S4->S6->S8->S9->S24->S26->S39->S40->S41->S43->S45->S47->S48->S50->S51,L0->L1->L2->L3,3,18,0,0.0,0.00025355719616452485
S0->S1->S2->S5->S7->S8->S9->S26->S29->S30->S32->S34->S35->S37,L0->L2->L3,3,14,0,0.0,0.00025355719616452485
S0->S1->S2->S5->S6->S8->S11->S29->S30->S31->S32->S36->S37,L0->L3,3,13,1,0.3333333333333333,0.00025355719616452485
S0->S1->S2->S5->S7->S8->S9->S26->S29->S30->S32->S34->S36->S37,L0->L2->L3,3,14,0,0.0,0.00025355719616452485
S0->S3->S5->S6->S8->S9->S26->S29->S30->S33->S34->S36->S37,L0->L2->L3,3,13,0,0.0,0.00025355719616452485
S12->S13->S15->S17->S18->S20->S22->S29->S33->S34->S36->S37,L0->L3,3,12,0,0.0,0.00025355719616452485
S0->S1->S2->S4->S7->S8->S11->S12->S13->S15->S17->S19->S20->S21->S29->S30->S33->S34->S36->S37,L0->L3,3,20,0,0.0,0.00025355719616452485
S0->S1->S3->S4->S7->S8->S9->S27->S29->S30->S31->S33->S34->S35->S37,L0->L2->L3,3,15,0,0.0,0.00025355719616452485
S0->S3->S5->S6->S8->S9->S29->S30->S31->S33->S34->S36->S37,L0->L3,3,13,0,0.0,0.00025355719616452485
S0->S1->S3->S4->S6->S8->S9->S11->S26->S29->S30->S33->S34->S35->S37,L0->L2->L3,3,15,0,0.0,0.00025355719616452485
S12->S13->S15->S17->S18->S20->S23->S26->S29->S30->S33->S34->S35->S37->S38,L0->L2->L3,3,15,0,0.0,0.00025355719616452485
S1->S2->S4->S7->S8->S9->S29->S30->S33->S34->S35->S37->S38,L0->L3,3,13,0,0.0,0.00025355719616452485
S12->S13->S15->S17->S18->S20->S22->S26->S39->S40->S41->S44->S45->S47->S48->S50->S51,L0->L2->L3,3,17,0,0.0,0.00025355719616452485
S39->S40->S41->S44->S45->S47->S49->S51,L3,3,8,0,0.0,0.00025355719616452485
S0->S1->S2->S5->S6->S8->S11->S29->S30->S32->S33->S34->S35->S37->S38,L0->L3,3,15,0,0.0,0.00025355719616452485
S25->S29->S30->S32->S33->S34->S36->S37->S38,L1->L3,3,9,0,0.0,0.00025355719616452485
S0->S1->S3->S4->S7->S8->S9->S29->S30->S31->S32->S34->S35->S37,L0->L3,3,14,0,0.0,0.00025355719616452485
S0->S1->S3->S4->S7->S8->S9->S26->S29->S30->S32->S36->S37,L0->L2->L3,3,13,2,0.6666666666666666,0.00025355719616452485
S12->S13->S14->S17->S18->S20->S21->S29->S30->S32->S34->S35->S37,L0->L3,3,13,0,0.0,0.00025355719616452485
S12->S13->S14->S17->S18->S20->S21->S29->S30->S32->S35->S37->S38,L0->L3,3,13,0,0.0,0.00025355719616452485
S12->S13->S14->S17->S18->S20->S21->S29->S30->S32->S37,L0->L3,3,11,0,0.0,0.00025355719616452485
S0->S1->S3->S4->S7->S8->S10->S11->S29->S30->S31->S33->S34->S35->S37,L0->L3,3,15,0,0.0,0.00025355719616452485
S12->S13->S14->S17->S18->S20->S21->S27->S29->S30->S33->S34->S35->S37->S38,L0->L2->L3,3,15,0,0.0,0.00025355719616452485
S25->S27->S30->S33->S34->S35->S37->S38,L1->L2->L3,3,8,0,0.0,0.00025355719616452485
S26->S30->S33->S34->S36->S37,L2->L3,3,6,0,0.0,0.00025355719616452485
S0->S1->S2->S3->S4->S7->S8->S9->S27->S29->S30->S33->S34->S36->S37,L0->L2->L3,3,15,0,0.0,0.00025355719616452485
S0->S1->S3->S4->S6->S9->S26->S29->S30->S33->S34->S36->S37,L0->L2->L3,3,13,0,0.0,0.00025355719616452485
S0->S1->S2->S5->S7->S8->S10->S29->S30->S31->S33->S34->S36,L0->L3,3,13,0,0.0,0.00025355719616452485
S12->S13->S14->S17->S18->S20->S21->S29->S33->S34->S36->S37,L0->L3,3,12,0,0.0,0.00025355719616452485
S0->S1->S3->S4->S6->S9->S29->S30->S31->S33->S34->S36->S37,L0->L3,3,13,0,0.0,0.00025355719616452485
S0->S1->S2->S5->S7->S8->S9->S26->S29->S30->S32->S36->S37,L0->L2->L3,3,13,0,0.0,0.00025355719616452485
S12->S13->S14->S17->S18->S20->S21->S39->S40->S41->S44->S45->S47->S48->S49,L0->L3,3,15,0,0.0,0.00025355719616452485
S12->S13->S14->S17->S18->S20->S22->S23->S29->S30->S33->S34->S36->S37,L0->L3,3,14,0,0.0,0.00025355719616452485
S0->S1->S2->S5->S7->S8->S9->S26->S30->S33->S34->S36->S37,L0->L2->L3,3,13,0,0.0,0.00025355719616452485
S12->S13->S14->S17->S18->S20->S22->S27->S29->S30->S33->S34->S35->S37->S38,L0->L2->L3,3,15,0,0.0,0.00025355719616452485
S0->S1->S2->S4->S7->S8->S9->S39->S40->S41->S43->S44->S45->S47->S48->S49->S51,L0->L3,3,17,0,0.0,0.00025355719616452485
S25->S26->S30->S33->S34->S36->S37->S38,L1->L2->L3,3,8,0,0.0,0.00025355719616452485
S0->S1->S2->S5->S6->S8->S10->S26->S29->S30->S32->S34->S35->S37,L0->L2->L3,3,14,0,0.0,0.00025355719616452485
S12->S13->S15->S17->S18->S20->S21->S29->S33->S34->S35->S37,L0->L3,3,12,0,0.0,0.00025355719616452485
S12->S13->S15->S17->S18->S20->S21->S29->S33->S34->S36->S37,L0->L3,3,12,0,0.0,0.00025355719616452485
S0->S1->S3->S4->S7->S8->S10->S12->S13->S14->S16->S18->S20->S22->S29->S30->S33->S34->S36->S37,L0->L3,3,20,0,0.0,0.00025355719616452485
S0->S1->S3->S4->S6->S8->S9->S10->S26->S29->S30->S33->S34->S35->S37,L0->L2->L3,3,15,0,0.0,0.00025355719616452485
S0->S1->S2->S5->S7->S8->S9->S24->S29->S30->S33->S34->S36->S37->S38,L0->L1->L3,3,15,0,0.0,0.00025355719616452485
S0->S1->S3->S4->S7->S8->S9->S29->S30->S33->S34->S36,L0->L3,3,12,0,0.0,0.00025355719616452485
S0->S1->S2->S5->S7->S8->S9->S29->S30->S33->S34->S35->S36->S37,L0->L3,3,14,0,0.0,0.00025355719616452485
S0->S1->S2->S4->S7->S8->S11->S29->S30->S32->S35->S37->S38,L0->L3,3,13,0,0.0,0.00025355719616452485
S0->S1->S2->S5->S7->S8->S9->S39->S40->S41->S43->S44->S45->S47->S48->S49->S51,L0->L3,3,17,0,0.0,0.00025355719616452485
S0->S1->S2->S4->S7->S8->S11->S29->S30->S32->S37,L0->L3,3,11,0,0.0,0.00025355719616452485
S0->S1->S2->S4->S7->S8->S11->S12->S13->S14->S16->S18->S20->S22->S29->S30->S33->S34->S36->S37,L0->L3,3,20,0,0.0,0.00025355719616452485
S1->S3->S4->S6->S8->S9->S26->S29->S30->S33->S34->S36->S37,L0->L2->L3,3,13,0,0.0,0.00025355719616452485
S12->S13->S15->S17->S18->S20->S22->S24->S27->S29->S30->S33->S34->S35->S37,L0->L1->L2->L3,3,15,0,0.0,0.00025355719616452485
S12->S13->S14->S17->S18->S20->S22->S26->S29->S30->S32->S33->S34->S35->S37,L0->L2->L3,3,15,0,0.0,0.00025355719616452485
S12->S13->S14->S17->S18->S20->S22->S26->S39->S40->S41->S44->S45->S47->S48->S50->S51,L0->L2->L3,3,17,0,0.0,0.00025355719616452485
S12->S13->S14->S17->S18->S20->S22->S27->S29->S30->S32->S33->S34->S35->S37,L0->L2->L3,3,15,0,0.0,0.00025355719616452485
S1->S2->S5->S7->S8->S11->S29->S30->S33->S34->S36->S37->S38,L0->L3,3,13,0,0.0,0.00025355719616452485
S12->S13->S14->S17->S18->S20->S22->S29->S30->S31->S33->S34->S36->S37->S38,L0->L3,3,15,0,0.0,0.00025355719616452485
S1->S2->S5->S7->S8->S9->S27->S29->S30->S33->S34->S36->S37,L0->L2->L3,3,13,0,0.0,0.00025355719616452485
S1->S2->S5->S7->S8->S10->S27->S29->S30->S33->S34->S35->S37,L0->L2->L3,3,13,0,0.0,0.00025355719616452485
S1->S2->S5->S7->S8->S11->S27->S29->S30->S33->S34->S35->S37,L0->L2->L3,3,13,0,0.0,0.00025355719616452485
S1->S2->S5->S6->S8->S11->S26->S29->S30->S33->S34->S35->S37,L0->L2->L3,3,13,0,0.0,0.00025355719616452485
S0->S1->S3->S4->S6->S8->S10->S24->S26->S39->S40->S41->S44->S45->S47->S48->S49->S51,L0->L1->L2->L3,3,18,0,0.0,0.00025355719616452485
S1->S3->S4->S6->S8->S9->S39->S40->S41->S43->S45->S47->S48->S50->S51,L0->L3,3,15,0,0.0,0.00025355719616452485
S25->S26->S29->S30->S33->S34->S35->S36->S37,L1->L2->L3,3,9,0,0.0,0.00025355719616452485
S25->S26->S30->S32->S33->S34->S36->S37,L1->L2->L3,3,8,0,0.0,0.00025355719616452485
S12->S13->S15->S17->S18->S20->S21->S29->S30->S32->S33->S34->S36->S37->S38,L0->L3,3,15,0,0.0,0.00025355719616452485
S0->S1->S2->S3->S5->S7->S8->S11->S29->S30->S33->S34->S36->S37,L0->L3,3,14,0,0.0,0.00025355719616452485
S12->S13->S15->S17->S18->S20->S21->S29->S30->S33->S34->S35,L0->L3,3,12,0,0.0,0.00025355719616452485
S0->S1->S2->S5->S6->S8->S11->S39->S40->S41->S43->S44->S45->S47->S48->S50->S51,L0->L3,3,17,0,0.0,0.00025355719616452485
S0->S1->S3->S4->S7->S8->S9->S39->S40->S41->S43->S44->S45->S47->S48->S49->S51,L0->L3,3,17,1,0.3333333333333333,0.00025355719616452485
S24->S39->S40->S41->S43->S44->S45->S47->S48->S49->S51,L1->L3,3,11,0,0.0,0.00025355719616452485
S24->S39->S41->S43->S45->S47->S48->S49->S51,L1->L3,3,9,0,0.0,0.00025355719616452485
S0->S1->S3->S4->S6->S8->S10->S25->S26->S29->S30->S33->S34->S35->S37,L0->L1->L2->L3,3,15,0,0.0,0.00025355719616452485
S0->S1->S3->S4->S6->S8->S10->S25->S28->S29->S30->S33->S34->S35->S37,L0->L1->L2->L3,3,15,1,0.3333333333333333,0.00025355719616452485
S12->S13->S14->S17->S18->S20->S22->S29->S30->S33->S36->S37,L0->L3,3,12,0,0.0,0.00025355719616452485
S24->S39->S41->S43->S45->S47->S48->S50->S51,L1->L3,3,9,0,0.0,0.00025355719616452485
S12->S13->S14->S17->S18->S20->S22->S39->S40->S41->S43->S44->S45->S47->S48->S50->S51,L0->L3,3,17,0,0.0,0.00025355719616452485
S0->S1->S3->S4->S7->S8->S10->S24->S27->S29->S30->S33->S34->S36->S37,L0->L1->L2->L3,3,15,0,0.0,0.00025355719616452485
S0->S1->S2->S5->S6->S8->S10->S24->S28->S29->S30->S33->S34->S36->S37,L0->L1->L2->L3,3,15,0,0.0,0.00025355719616452485
S12->S13->S14->S17->S18->S20->S23->S26->S39->S40->S41->S44->S45->S47->S48->S49->S51,L0->L2->L3,3,17,0,0.0,0.00025355719616452485
S0->S1->S2->S5->S6->S8->S10->S25->S26->S29->S30->S33->S34->S35->S37,L0->L1->L2->L3,3,15,0,0.0,0.00025355719616452485
S1->S3->S4->S7->S8->S10->S26->S29->S30->S33->S34->S35->S37,L0->L2->L3,3,13,0,0.0,0.00025355719616452485
S0->S1->S5->S7->S8->S9->S27->S29->S30->S33->S34->S35->S37,L0->L2->L3,3,13,0,0.0,0.00025355719616452485
S0->S1->S5->S7->S8->S9->S29->S30->S31->S33->S34->S35->S37,L0->L3,3,13,0,0.0,0.00025355719616452485
S12->S13->S15->S17->S18->S20->S21->S26->S29->S30->S32->S35->S37,L0->L2->L3,3,13,2,0.6666666666666666,0.00025355719616452485
S12->S13->S15->S17->S18->S20->S21->S26->S29->S30->S33->S34->S35->S37->S38,L0->L2->L3,3,15,0,0.0,0.00025355719616452485
S0->S1->S2->S4->S7->S8->S11->S12->S13->S14->S16->S19->S20->S23->S29->S30->S33->S34->S36->S37,L0->L3,3,20,0,0.0,0.00025355719616452485
S0->S1->S5->S6->S8->S9->S27->S29->S30->S33->S34->S35->S37,L0->L2->L3,3,13,0,0.0,0.00025355719616452485
S0->S1->S2->S5->S6->S8->S10->S26->S38,L0->L2->L3,3,9,0,0.0,0.00025355719616452485
S24->S29->S30->S33->S34->S35->S36->S37,L1->L3,3,8,1,0.3333333333333333,0.00025355719616452485
S12->S13->S14->S17->S18->S20->S23->S26->S39->S40->S41->S44->S45->S47->S48->S50->S51,L0->L2->L3,3,17,0,0.0,0.00025355719616452485
S12->S13->S14->S17->S18->S20->S23->S27->S29->S30->S32->S33->S34->S36->S37,L0->L2->L3,3,15,0,0.0,0.00025355719616452485
S0->S1->S2->S4->S6->S8->S10->S27->S29->S30->S31->S33->S34->S36->S37,L0->L2->L3,3,15,0,0.0,0.00025355719616452485
S12->S13->S14->S17->S18->S20->S23->S26->S29->S30->S33->S34->S35->S37->S38,L0->L2->L3,3,15,0,0.0,0.00025355719616452485
S24->S28->S29->S33->S34->S36->S37,L1->L2->L3,3,7,0,0.0,0.00025355719616452485
S0->S1->S2->S4->S5->S6->S8->S11->S29->S30->S33->S34->S35->S37,L0->L3,3,14,0,0.0,0.00025355719616452485
S0->S1->S3->S5->S7->S8->S10->S29->S30->S31->S33->S34->S36->S37->S38,L0->L3,3,15,0,0.0,0.00025355719616452485
S1->S3->S5->S7->S8->S10->S29->S30->S33->S34->S36->S37->S38,L0->L3,3,13,0,0.0,0.00025355719616452485
S0->S1->S3->S5->S7->S8->S10->S27->S29->S30->S32->S34->S36->S37,L0->L2->L3,3,14,0,0.0,0.00025355719616452485
S0->S1->S3->S5->S7->S8->S10->S27->S29->S30->S32->S36->S37,L0->L2->L3,3,13,0,0.0,0.00025355719616452485
S0->S1->S2->S4->S7->S8->S10->S25->S29->S30->S33->S34->S35->S37,L0->L1->L3,3,14,0,0.0,0.00025355719616452485
S1->S3->S5->S7->S8->S10->S39->S40->S41->S43->S45->S47->S48->S50->S51,L0->L3,3,15,0,0.0,0.00025355719616452485
S12->S13->S14->S16->S17->S19->S20->S21->S29->S30->S33->S34->S36->S37,L0->L3,3,14,0,0.0,0.00025355719616452485
S12->S13->S14->S15->S17->S18->S20->S21->S29->S30->S33->S34->S36->S37,L0->L3,3,14,0,0.0,0.00025355719616452485
S0->S1->S3->S4->S6->S8->S11->S29->S30->S32->S33->S34->S35->S37->S38,L0->L3,3,15,0,0.0,0.00025355719616452485
S0->S1->S3->S4->S7->S8->S10->S26->S29->S30->S31->S33->S34->S36->S37,L0->L2->L3,3,15,0,0.0,0.00025355719616452485
S12->S13->S15->S16->S19->S20->S23->S29->S33->S34->S36->S37,L0->L3,3,12,0,0.0,0.00025355719616452485
S0->S1->S3->S4->S7->S9->S26->S29->S30->S33->S34->S36->S37,L0->L2->L3,3,13,0,0.0,0.00025355719616452485
S0->S1->S2->S4->S5->S6->S8->S9->S29->S30->S33->S34->S36->S37,L0->L3,3,14,0,0.0,0.00025355719616452485
S12->S13->S15->S16->S19->S20->S23->S39->S40->S41->S43->S44->S45->S47->S48->S50->S51,L0->L3,3,17,0,0.0,0.00025355719616452485
S12->S13->S15->S16->S19->S20->S23->S39->S40->S41->S43->S45->S47->S48->S49,L0->L3,3,15,0,0.0,0.00025355719616452485
S0->S1->S2->S4->S5->S7->S8->S10->S27->S29->S30->S33->S34->S36->S37,L0->L2->L3,3,15,0,0.0,0.00025355719616452485
S0->S1->S2->S4->S5->S7->S8->S11->S26->S29->S30->S33->S34->S36->S37,L0->L2->L3,3,15,0,0.0,0.00025355719616452485
S12->S13->S15->S16->S19->S20->S23->S29->S30->S32->S37,L0->L3,3,11,0,0.0,0.00025355719616452485
S0->S1->S2->S4->S7->S8->S11->S27->S29->S30->S32->S34->S36->S37,L0->L2->L3,3,14,0,0.0,0.00025355719616452485
S12->S13->S15->S17->S18->S20->S21->S26->S39->S40->S41->S43->S45->S47->S48->S49->S51,L0->L2->L3,3,17,0,0.0,0.00025355719616452485
S25->S26->S27->S29->S30->S32->S34->S36->S37,L1->L2->L3,3,9,0,0.0,0.00025355719616452485
S12->S13->S15->S17->S18->S20->S21->S26->S39->S40->S41->S44->S45->S47->S48->S50->S51,L0->L2->L3,3,17,0,0.0,0.00025355719616452485
S0->S1->S2->S5->S7->S8->S10->S27->S29->S30->S32->S36->S37,L0->L2->L3,3,13,1,0.3333333333333333,0.00025355719616452485
S0->S1->S2->S5->S6->S8->S10->S11->S29->S30->S33->S34->S35->S37->S38,L0->L3,3,15,0,0.0,0.00025355719616452485
S12->S13->S14->S17->S18->S20->S23->S29->S30->S31->S32->S36->S37,L0->L3,3,13,0,0.0,0.00025355719616452485
S0->S1->S2->S5->S6->S8->S10->S11->S29->S30->S33->S34->S36->S37->S38,L0->L3,3,15,0,0.0,0.00025355719616452485
S0->S1->S3->S4->S7->S8->S10->S27->S29->S30->S31->S33->S34->S36->S37,L0->L2->L3,3,15,0,0.0,0.00025355719616452485
S0->S1->S2->S5->S7->S8->S10->S27->S29->S30->S31->S33->S34->S35->S37,L0->L2->L3,3,15,0,0.0,0.00025355719616452485
S0->S1->S3->S5->S7->S8->S10->S27->S29->S30->S31->S33->S34->S35->S37,L0->L2->L3,3,15,0,0.0,0.00025355719616452485
S0->S1->S2->S4->S7->S8->S10->S25->S26->S29->S30->S33->S34->S36->S37,L0->L1->L2->L3,3,15,0,0.0,0.00025355719616452485
S0->S1->S3->S4->S6->S8->S9->S39->S40->S41->S43->S44->S45->S47->S48->S49->S51,L0->L3,3,17,0,0.0,0.00025355719616452485
S0->S1->S2->S4->S6->S8->S10->S29->S30->S32->S34->S36->S37->S38,L0->L3,3,14,0,0.0,0.00025355719616452485
S0->S1->S3->S4->S7->S8->S10->S26->S27->S29->S30->S33->S34->S35->S37,L0->L2->L3,3,15,0,0.0,0.00025355719616452485
S12->S13->S14->S16->S18->S20->S21->S26->S29->S30->S32->S33->S34->S36->S37,L0->L2->L3,3,15,0,0.0,0.00025355719616452485
S0->S1->S2->S4->S6->S8->S10->S29->S30->S32->S37,L0->L3,3,11,0,0.0,0.00025355719616452485
S12->S13->S14->S16->S17->S19->S20->S23->S29->S30->S33->S34->S36->S37,L0->L3,3,14,0,0.0,0.00025355719616452485
S0->S1->S2->S5->S6->S8->S10->S29->S30->S31->S32->S35->S37,L0->L3,3,13,2,0.6666666666666666,0.00025355719616452485
S12->S13->S15->S16->S19->S20->S23->S29->S30->S33->S36->S37,L0->L3,3,12,0,0.0,0.00025355719616452485
S0->S1->S3->S4->S6->S8->S11->S27->S29->S30->S31->S33->S34->S36->S37,L0->L2->L3,3,15,0,0.0,0.00025355719616452485
S0->S1->S3->S4->S6->S8->S9->S29->S30->S32->S37,L0->L3,3,11,0,0.0,0.00025355719616452485
S12->S13->S14->S17->S18->S20->S23->S39->S40->S41->S43->S45->S47->S48->S49,L0->L3,3,15,0,0.0,0.00025355719616452485
S12->S13->S14->S16->S18->S20->S21->S24->S26->S29->S30->S33->S34->S35->S37,L0->L1->L2->L3,3,15,0,0.0,0.00025355719616452485
S12->S13->S14->S17->S19->S20->S21->S24->S26->S39->S40->S41->S43->S45->S47->S48->S49->S51,L0->L1->L2->L3,3,18,0,0.0,0.00025355719616452485
S12->S13->S14->S17->S19->S20->S21->S24->S26->S39->S40->S41->S43->S45->S47->S48->S50->S51,L0->L1->L2->L3,3,18,0,0.0,0.00025355719616452485
S12->S13->S14->S17->S18->S20->S23->S29->S30->S32->S33->S34->S36->S37->S38,L0->L3,3,15,0,0.0,0.00025355719616452485
S12->S13->S14->S15->S17->S19->S20->S23->S29->S30->S33->S34->S35->S37,L0->L3,3,14,0,0.0,0.00025355719616452485
S0->S1->S3->S5->S7->S8->S10->S25->S27->S29->S30->S33->S34->S35->S37,L0->L1->L2->L3,3,15,0,0.0,0.00025355719616452485
S12->S13->S14->S16->S17->S18->S20->S21->S29->S30->S33->S34->S35->S37,L0->L3,3,14,0,0.0,0.00025355719616452485
S12->S13->S15->S16->S19->S20->S23->S29->S30->S31->S32->S35->S37,L0->L3,3,13,1,0.3333333333333333,0.00025355719616452485
S12->S13->S15->S16->S19->S20->S23->S29->S30->S31->S33->S34->S36->S37->S38,L0->L3,3,15,0,0.0,0.00025355719616452485
S12->S13->S14->S16->S17->S18->S20->S22->S29->S30->S33->S34->S36->S37,L0->L3,3,14,0,0.0,0.00025355719616452485
S0->S1->S2->S5->S7->S8->S9->S12->S13->S15->S17->S19->S20->S22->S29->S30->S33->S34->S35->S37,L0->L3,3,20,0,0.0,0.00025355719616452485
S12->S13->S15->S16->S19->S20->S23->S29->S30->S32->S35->S37->S38,L0->L3,3,13,0,0.0,0.00025355719616452485
S12->S13->S14->S16->S18->S20->S21->S27->S39->S40->S41->S44->S45->S47->S48->S49->S51,L0->L2->L3,3,17,0,0.0,0.00025355719616452485
S12->S13->S14->S16->S18->S20->S21->S26->S39->S40->S41->S43->S45->S47->S48->S50->S51,L0->L2->L3,3,17,0,0.0,0.00025355719616452485
S0->S1->S4->S7->S8->S11->S27->S29->S30->S33->S34->S35->S37,L0->L2->L3,3,13,0,0.0,0.00025355719616452485
S12->S13->S15->S16->S19->S20->S23->S27->S29->S30->S31->S33->S34->S36->S37,L0->L2->L3,3,15,0,0.0,0.00025355719616452485
S0->S1->S2->S5->S7->S8->S9->S10->S27->S29->S30->S33->S34->S35->S37,L0->L2->L3,3,15,0,0.0,0.00025355719616452485
S12->S13->S14->S16->S18->S20->S21->S39->S40->S41->S44->S45->S47->S48->S49,L0->L3,3,15,0,0.0,0.00025355719616452485
S12->S13->S14->S17->S19->S20->S21->S26->S29->S30->S31->S33->S34->S36->S37,L0->L2->L3,3,15,0,0.0,0.00025355719616452485
S0->S1->S3->S5->S7->S8->S10->S26->S29->S30->S32->S34->S36->S37,L0->L2->L3,3,14,0,0.0,0.00025355719616452485
S12->S13->S14->S17->S19->S20->S21->S29->S30->S31->S33->S34->S36->S37->S38,L0->L3,3,15,0,0.0,0.00025355719616452485
S12->S13->S14->S17->S19->S20->S21->S29->S30->S32->S33->S34->S36->S37->S38,L0->L3,3,15,0,0.0,0.00025355719616452485
S12->S13->S14->S17->S19->S20->S21->S29->S30->S32->S34->S36->S37,L0->L3,3,13,0,0.0,0.00025355719616452485
S0->S1->S3->S5->S6->S8->S10->S24->S29->S30->S33->S34->S36->S37->S38,L0->L1->L3,3,15,0,0.0,0.00025355719616452485
S12->S13->S14->S16->S18->S20->S21->S29->S30->S33->S34->S36,L0->L3,3,12,0,0.0,0.00025355719616452485
S0->S1->S2->S4->S6->S8->S10->S39->S40->S41->S43->S44->S45->S47->S48->S49->S51,L0->L3,3,17,0,0.0,0.00025355719616452485
S24->S26->S30->S32->S33->S34->S35->S37,L1->L2->L3,3,8,0,0.0,0.00025355719616452485
S0->S1->S3->S5->S6->S8->S10->S25->S27->S29->S30->S33->S34->S35->S37,L0->L1->L2->L3,3,15,0,0.0,0.00025355719616452485
S24->S26->S30->S33->S34->S35->S37->S38,L1->L2->L3,3,8,0,0.0,0.00025355719616452485
S0->S1->S3->S5->S6->S8->S10->S25->S29->S30->S33->S34->S36->S37,L0->L1->L3,3,14,0,0.0,0.00025355719616452485
S0->S1->S3->S5->S6->S8->S10->S12->S13->S15->S17->S18->S20->S22->S29->S30->S33->S34->S35->S37,L0->L3,3,20,0,0.0,0.00025355719616452485
S24->S26->S39->S41->S43->S45->S47->S48->S49->S51,L1->L2->L3,3,10,0,0.0,0.00025355719616452485
S0->S1->S2->S5->S7->S8->S10->S26->S29->S30->S32->S34->S36->S37,L0->L2->L3,3,14,1,0.3333333333333333,0.00025355719616452485
S0->S1->S2->S4->S6->S8->S10->S11->S26->S29->S30->S33->S34->S35->S37,L0->L2->L3,3,15,0,0.0,0.00025355719616452485
S24->S27->S30->S32->S33->S34->S35->S37,L1->L2->L3,3,8,0,0.0,0.00025355719616452485
S12->S13->S14->S17->S19->S20->S21->S27->S29->S30->S31->S33->S34->S36->S37,L0->L2->L3,3,15,0,0.0,0.00025355719616452485
S12->S13->S14->S17->S19->S20->S21->S27->S29->S30->S32->S33->S34->S36->S37,L0->L2->L3,3,15,0,0.0,0.00025355719616452485
S0->S1->S3->S5->S7->S8->S10->S24->S28->S29->S30->S33->S34->S35->S37,L0->L1->L2->L3,3,15,0,0.0,0.00025355719616452485
S12->S13->S14->S17->S19->S20->S21->S29->S30->S32->S36->S37->S38,L0->L3,3,13,0,0.0,0.00025355719616452485
S0->S1->S3->S5->S7->S8->S10->S12->S13->S14->S17->S19->S20->S22->S29->S30->S33->S34->S35->S37,L0->L3,3,20,1,0.3333333333333333,0.00025355719616452485
S0->S1->S3->S5->S7->S8->S10->S12->S13->S14->S17->S19->S20->S22->S29->S30->S33->S34->S35->S37->S38,L0->L3,3,21,0,0.0,0.00025355719616452485
S12->S13->S14->S16->S18->S20->S21->S29->S30->S32->S35->S37->S38,L0->L3,3,13,0,0.0,0.00025355719616452485
S12->S13->S15->S16->S19->S20->S22->S29->S33->S34->S35->S37,L0->L3,3,12,0,0.0,0.00025355719616452485
S12->S13->S15->S16->S19->S20->S22->S29->S33->S34->S36->S37,L0->L3,3,12,0,0.0,0.00025355719616452485
S0->S1->S29->S30->S33->S34->S35->S37,L0->L3,3,8,0,0.0,0.00025355719616452485
S0->S1->S3->S4->S7->S8->S10->S29->S30->S31->S33->S34->S36->S37->S38,L0->L3,3,15,0,0.0,0.00025355719616452485
S12->S13->S15->S16->S19->S20->S22->S39->S40->S41->S44->S45->S47->S48->S49,L0->L3,3,15,0,0.0,0.00025355719616452485
S0->S1->S3->S4->S7->S8->S10->S29->S30->S32->S33->S34->S35->S37->S38,L0->L3,3,15,0,0.0,0.00025355719616452485
S0->S1->S3->S5->S6->S8->S10->S24->S27->S29->S30->S33->S34->S36->S37,L0->L1->L2->L3,3,15,0,0.0,0.00025355719616452485
S0->S1->S3->S5->S7->S8->S10->S12->S13->S14->S17->S19->S20->S23->S29->S30->S33->S34->S36->S37,L0->L3,3,20,0,0.0,0.00025355719616452485
S0->S1->S3->S4->S7->S8->S10->S27->S29->S33->S34->S36->S37,L0->L2->L3,3,13,0,0.0,0.00025355719616452485
S0->S1->S2->S4->S7->S8->S11->S26->S29->S30->S32->S35->S37,L0->L2->L3,3,13,1,0.3333333333333333,0.00025355719616452485
S12->S13->S14->S16->S18->S20->S22->S27->S29->S30->S31->S33->S34->S35->S37,L0->L2->L3,3,15,0,0.0,0.00025355719616452485
S0->S1->S2->S5->S7->S8->S10->S26->S27->S29->S30->S32->S33->S34->S35->S37,L0->L2->L3,3,16,0,0.0,0.00025355719616452485
S12->S13->S14->S16->S18->S20->S22->S27->S29->S30->S31->S33->S34->S36->S37,L0->L2->L3,3,15,0,0.0,0.00025355719616452485
S0->S1->S3->S5->S7->S8->S10->S11->S26->S29->S30->S33->S34->S35->S37,L0->L2->L3,3,15,0,0.0,0.00025355719616452485
S0->S1->S3->S5->S6->S9->S27->S29->S30->S33->S34->S36->S37,L0->L2->L3,3,13,0,0.0,0.00025355719616452485
S0->S1->S2->S4->S7->S8->S9->S12->S13->S14->S17->S18->S20->S22->S29->S30->S33->S34->S35->S37,L0->L3,3,20,0,0.0,0.00025355719616452485
S12->S13->S14->S16->S18->S20->S22->S27->S29->S30->S32->S33->S34->S35->S37,L0->L2->L3,3,15,0,0.0,0.00025355719616452485
S0->S1->S3->S5->S6->S8->S10->S27->S29->S30->S31->S33->S34->S35->S37,L0->L2->L3,3,15,0,0.0,0.00025355719616452485
S0->S1->S3->S5->S6->S8->S10->S27->S29->S30->S31->S33->S34->S36->S37,L0->L2->L3,3,15,0,0.0,0.00025355719616452485
S12->S13->S14->S16->S18->S20->S22->S24->S26->S39->S40->S41->S44->S45->S47->S48->S50->S51,L0->L1->L2->L3,3,18,0,0.0,0.00025355719616452485
S12->S13->S14->S17->S19->S20->S22->S26->S39->S40->S41->S43->S45->S47->S48->S50->S51,L0->L2->L3,3,17,0,0.0,0.00025355719616452485
S12->S13->S14->S17->S19->S20->S22->S24->S27->S29->S30->S33->S34->S35->S37,L0->L1->L2->L3,3,15,0,0.0,0.00025355719616452485
S12->S13->S14->S17->S19->S20->S21->S29->S30->S33->S34->S36,L0->L3,3,12,0,0.0,0.00025355719616452485
S12->S13->S14->S17->S19->S20->S21->S39->S40->S41->S43->S44->S45->S47->S48->S50->S51,L0->L3,3,17,0,0.0,0.00025355719616452485
S0->S1->S4->S6->S8->S10->S27->S29->S30->S33->S34->S35->S37,L0->L2->L3,3,13,0,0.0,0.00025355719616452485
S0->S1->S3->S5->S7->S10->S26->S29->S30->S33->S34->S35->S37,L0->L2->L3,3,13,0,0.0,0.00025355719616452485
S12->S13->S15->S16->S19->S20->S22->S26->S29->S30->S33->S34->S36->S37->S38,L0->L2->L3,3,15,0,0.0,0.00025355719616452485
S0->S1->S2->S4->S7->S8->S10->S11->S27->S29->S30->S33->S34->S35->S37,L0->L2->L3,3,15,0,0.0,0.00025355719616452485
S24->S26->S28->S29->S30->S33->S34->S36->S37,L1->L2->L3,3,9,0,0.0,0.00025355719616452485
S0->S1->S2->S5->S6->S8->S10->S29->S30->S32->S34->S36->S37->S38,L0->L3,3,14,0,0.0,0.00025355719616452485
S12->S13->S15->S16->S19->S20->S22->S24->S27->S29->S30->S33->S34->S35->S37,L0->L1->L2->L3,3,15,0,0.0,0.00025355719616452485
S0->S1->S2->S5->S6->S8->S10->S29->S30->S32->S36->S37->S38,L0->L3,3,13,0,0.0,0.00025355719616452485
S0->S1->S3->S5->S6->S8->S10->S26->S29->S33->S34->S35->S37,L0->L2->L3,3,13,0,0.0,0.00025355719616452485
S0->S1->S3->S5->S6->S8->S10->S26->S29->S33->S34->S36->S37,L0->L2->L3,3,13,0,0.0,0.00025355719616452485
S0->S1->S2->S5->S6->S8->S10->S29->S30->S33->S34->S35,L0->L3,3,12,0,0.0,0.00025355719616452485
S0->S1->S3->S5->S6->S8->S10->S25->S26->S29->S30->S33->S34->S36->S37,L0->L1->L2->L3,3,15,0,0.0,0.00025355719616452485
S12->S13->S14->S17->S19->S20->S22->S27->S39->S40->S41->S43->S45->S47->S48->S50->S51,L0->L2->L3,3,17,1,0.3333333333333333,0.00025355719616452485
S24->S26->S29->S30->S33->S34->S37,L1->L2->L3,3,7,1,0.3333333333333333,0.00025355719616452485
S0->S1->S2->S5->S7->S8->S11->S29->S30->S32->S37,L0->L3,3,11,0,0.0,0.00025355719616452485
S12->S13->S14->S17->S19->S20->S22->S26->S29->S30->S32->S33->S34->S36->S37,L0->L2->L3,3,15,0,0.0,0.00025355719616452485
S12->S13->S14->S16->S18->S20->S22->S27->S39->S40->S41->S44->S45->S47->S48->S50->S51,L0->L2->L3,3,17,0,0.0,0.00025355719616452485
S0->S1->S3->S5->S7->S8->S9->S29->S30->S32->S35->S37->S38,L0->L3,3,13,0,0.0,0.00025355719616452485
S12->S13->S14->S17->S19->S20->S22->S29->S30->S32->S37,L0->L3,3,11,0,0.0,0.00025355719616452485
S0->S1->S3->S4->S5->S6->S8->S11->S26->S29->S30->S33->S34->S36->S37,L0->L2->L3,3,15,0,0.0,0.00025355719616452485
S12->S13->S15->S16->S19->S20->S21->S39->S40->S41->S43->S44->S45->S47->S48->S50->S51,L0->L3,3,17,0,0.0,0.00025355719616452485
S0->S1->S3->S5->S6->S8->S10->S28->S39->S40->S41->S43->S45->S47->S48->S49->S51,L0->L2->L3,3,17,0,0.0,0.00025355719616452485
S0->S1->S3->S5->S6->S8->S10->S26->S29->S30->S32->S34->S35->S37,L0->L2->L3,3,14,0,0.0,0.00025355719616452485
S0->S1->S3->S4->S6->S8->S11->S27->S29->S30->S32->S36->S37,L0->L2->L3,3,13,0,0.0,0.00025355719616452485
S12->S13->S15->S16->S19->S20->S22->S27->S29->S30->S33->S34->S36->S37->S38,L0->L2->L3,3,15,0,0.0,0.00025355719616452485
S12->S13->S15->S16->S19->S20->S22->S27->S39->S40->S41->S44->S45->S47->S48->S49->S51,L0->L2->L3,3,17,0,0.0,0.00025355719616452485
S12->S13->S14->S16->S18->S20->S22->S29->S30->S32->S36->S37->S38,L0->L3,3,13,0,0.0,0.00025355719616452485
S0->S1->S2->S4->S6->S8->S11->S29->S30->S32->S33->S34->S36->S37->S38,L0->L3,3,15,0,0.0,0.00025355719616452485
S0->S1->S2->S4->S6->S8->S11->S29->S30->S32->S34->S35->S37->S38,L0->L3,3,14,0,0.0,0.00025355719616452485
S12->S13->S14->S16->S18->S20->S22->S29->S30->S32->S37,L0->L3,3,11,0,0.0,0.00025355719616452485
S12->S13->S14->S16->S18->S20->S22->S29->S30->S33->S34->S35,L0->L3,3,12,0,0.0,0.00025355719616452485
S12->S13->S14->S17->S19->S20->S22->S27->S29->S30->S32->S33->S34->S36->S37,L0->L2->L3,3,15,0,0.0,0.00025355719616452485
S0->S1->S3->S5->S6->S8->S9->S29->S30->S32->S35->S37->S38,L0->L3,3,13,0,0.0,0.00025355719616452485
S0->S1->S3->S5->S6->S8->S9->S29->S30->S32->S37,L0->L3,3,11,0,0.0,0.00025355719616452485
S0->S1->S3->S4->S5->S6->S8->S9->S29->S30->S33->S34->S35->S37,L0->L3,3,14,0,0.0,0.00025355719616452485
S0->S1->S3->S4->S6->S8->S10->S27->S29->S30->S32->S34->S36->S37,L0->L2->L3,3,14,0,0.0,0.00025355719616452485
S0->S1->S3->S4->S6->S8->S10->S27->S29->S30->S32->S35->S37,L0->L2->L3,3,13,0,0.0,0.00025355719616452485
S0->S1->S3->S4->S5->S6->S8->S9->S29->S30->S33->S34->S36->S37,L0->L3,3,14,0,0.0,0.00025355719616452485
S0->S1->S2->S5->S6->S8->S9->S24->S28->S29->S30->S33->S34->S35->S37,L0->L1->L2->L3,3,15,0,0.0,0.00025355719616452485
S0->S1->S3->S4->S5->S7->S8->S10->S26->S29->S30->S33->S34->S35->S37,L0->L2->L3,3,15,0,0.0,0.00025355719616452485
S12->S13->S15->S16->S19->S20->S21->S27->S29->S30->S33->S34->S36->S37->S38,L0->L2->L3,3,15,0,0.0,0.00025355719616452485
S12->S13->S15->S16->S19->S20->S21->S27->S39->S40->S41->S43->S45->S47->S48->S49->S51,L0->L2->L3,3,17,0,0.0,0.00025355719616452485
S0->S1->S2->S5->S7->S9->S26->S29->S30->S33->S34->S36->S37,L0->L2->L3,3,13,0,0.0,0.00025355719616452485
S24->S26,L1->L2,3,2,0,0.0,0.00025355719616452485
S24->S25->S26->S29->S30->S32->S33->S34->S35->S37->S38,L1->L2->L3,3,11,0,0.0,0.00025355719616452485
S0->S1->S3->S4->S6->S8->S11->S26->S29->S33->S34->S36->S37,L0->L2->L3,3,13,0,0.0,0.00025355719616452485
S12->S13->S14->S17->S19->S20->S22->S39->S40->S41->S43->S45->S47->S48->S49,L0->L3,3,15,0,0.0,0.00025355719616452485
S12->S13->S14->S17->S19->S20->S23->S24->S26->S39->S40->S41->S43->S45->S47->S48->S50->S51,L0->L1->L2->L3,3,18,0,0.0,0.00025355719616452485
S12->S13->S14->S17->S19->S20->S22->S29->S30->S31->S33->S34->S35->S37->S38,L0->L3,3,15,0,0.0,0.00025355719616452485
S12->S13->S14->S17->S19->S20->S22->S29->S30->S32->S33->S34->S36->S37->S38,L0->L3,3,15,0,0.0,0.00025355719616452485
S12->S13->S14->S17->S19->S20->S22->S29->S30->S32->S34->S35->S37,L0->L3,3,13,0,0.0,0.00025355719616452485
S24->S25->S27->S28->S29->S30->S32->S33->S34->S35->S37,L1->L2->L3,3,11,0,0.0,0.00025355719616452485
S12->S13->S15->S16->S19->S20->S21->S26->S29->S30->S33->S34->S36->S37->S38,L0->L2->L3,3,15,0,0.0,0.00025355719616452485
S12->S13->S15->S16->S19->S20->S21->S22->S29->S30->S33->S34->S36->S37,L0->L3,3,14,0,0.0,0.00025355719616452485
S0->S1->S2->S4->S7->S8->S11->S26->S29->S30->S33->S34->S36,L0->L2->L3,3,13,0,0.0,0.00025355719616452485
S24->S26->S28->S29->S30->S33->S34->S35->S37,L1->L2->L3,3,9,0,0.0,0.00025355719616452485
S0->S1->S3->S5->S6->S8->S10->S29->S30->S31->S33->S35->S37,L0->L3,3,13,0,0.0,0.00025355719616452485
S12->S13->S14->S16->S18->S20->S23->S24->S29->S30->S33->S34->S36->S37,L0->L1->L3,3,14,1,0.3333333333333333,0.00025355719616452485
S12->S13->S14->S16->S18->S20->S23->S24->S26->S39->S40->S41->S43->S45->S47->S48->S50->S51,L0->L1->L2->L3,3,18,0,0.0,0.00025355719616452485
S0->S1->S2->S4->S6->S8->S11->S12->S13->S14->S17->S19->S20->S22->S29->S30->S33->S34->S36->S37,L0->L3,3,20,0,0.0,0.00025355719616452485
S0->S1->S3->S5->S7->S8->S9->S29->S30->S32->S33->S34->S36->S37->S38,L0->L3,3,15,0,0.0,0.00025355719616452485
S0->S1->S3->S5->S7->S8->S9->S29->S30->S31->S32->S34->S35->S37,L0->L3,3,14,0,0.0,0.00025355719616452485
S18->S20->S22->S29->S30->S33->S34->S35->S37,L0->L3,3,9,0,0.0,0.00025355719616452485
S12->S13->S14->S17->S19->S20->S22->S39->S40->S41->S43->S44->S45->S47->S48->S49->S51,L0->L3,3,17,0,0.0,0.00025355719616452485
S12->S13->S14->S17->S19->S20->S22->S39->S40->S41->S43->S44->S45->S47->S48->S50->S51,L0->L3,3,17,0,0.0,0.00025355719616452485
S0->S1->S2->S4->S7->S8->S10->S26->S29->S30->S33->S34->S35,L0->L2->L3,3,13,0,0.0,0.00025355719616452485
S0->S1->S3->S4->S6->S8->S10->S28->S29->S30->S33->S34->S36->S37->S38,L0->L2->L3,3,15,0,0.0,0.00025355719616452485
S0->S1->S2->S4->S6->S8->S11->S24->S28->S29->S30->S33->S34->S35->S37,L0->L1->L2->L3,3,15,0,0.0,0.00025355719616452485
S12->S13->S15->S16->S18->S20->S23->S39->S40->S41->S43->S44->S45->S47->S48->S50->S51,L0->L3,3,17,0,0.0,0.00025355719616452485
S24->S26->S27->S29->S30->S33->S34->S35->S37,L1->L2->L3,3,9,0,0.0,0.00025355719616452485
S0->S1->S3->S5->S7->S8->S9->S27->S29->S30->S31->S33->S34->S35->S37,L0->L2->L3,3,15,0,0.0,0.00025355719616452485
S12->S13->S15->S16->S18->S20->S23->S29->S30->S32->S35->S37->S38,L0->L3,3,13,0,0.0,0.00025355719616452485
S12->S13->S15->S16->S18->S20->S23->S29->S30->S32->S36->S37->S38,L0->L3,3,13,0,0.0,0.00025355719616452485
S0->S1->S3->S4->S6->S8->S11->S26->S29->S30->S31->S33->S34->S35->S37,L0->L2->L3,3,15,0,0.0,0.00025355719616452485
S0->S1->S2->S4->S6->S8->S9->S29->S30->S32->S33->S34->S36->S37->S38,L0->L3,3,15,0,0.0,0.00025355719616452485
S0->S1->S2->S4->S7->S8->S10->S29->S30->S32->S34->S36->S37->S38,L0->L3,3,14,0,0.0,0.00025355719616452485
S0->S1->S2->S4->S7->S8->S10->S29->S30->S32->S35->S37->S38,L0->L3,3,13,0,0.0,0.00025355719616452485
S12->S13->S14->S16->S18->S20->S23->S26->S29->S30->S33->S34->S36->S37->S38,L0->L2->L3,3,15,0,0.0,0.00025355719616452485
S12->S13->S14->S16->S18->S20->S23->S27->S29->S30->S31->S33->S34->S35->S37,L0->L2->L3,3,15,0,0.0,0.00025355719616452485
S12->S13->S14->S17->S19->S20->S22->S29->S30->S33->S35->S37,L0->L3,3,12,0,0.0,0.00025355719616452485
S0->S1->S3->S4->S6->S8->S10->S27->S29->S30->S32->S36->S37,L0->L2->L3,3,13,0,0.0,0.00025355719616452485
S0->S1->S3->S4->S6->S8->S10->S29->S30->S31->S33->S34->S35->S37->S38,L0->L3,3,15,0,0.0,0.00025355719616452485
S12->S13->S14->S16->S18->S20->S23->S27->S29->S30->S31->S33->S34->S36->S37,L0->L2->L3,3,15,0,0.0,0.00025355719616452485
S0->S1->S2->S5->S6->S8->S9->S25->S26->S29->S30->S33->S34->S36->S37,L0->L1->L2->L3,3,15,0,0.0,0.00025355719616452485
S12->S13->S15->S16->S18->S20->S23->S29->S30->S31->S32->S33->S34->S36->S37,L0->L3,3,15,0,0.0,0.00025355719616452485
S12->S13->S15->S16->S18->S20->S23->S29->S30->S31->S33->S35->S37,L0->L3,3,13,0,0.0,0.00025355719616452485
S12->S13->S15->S16->S19->S20->S21->S23->S29->S30->S33->S34->S35->S37,L0->L3,3,14,0,0.0,0.00025355719616452485
S12->S13->S15->S16->S19->S20->S21->S23->S29->S30->S33->S34->S36->S37,L0->L3,3,14,0,0.0,0.00025355719616452485
S12->S13->S14->S16->S18->S20->S23->S24->S27->S29->S30->S33->S34->S35->S37,L0->L1->L2->L3,3,15,0,0.0,0.00025355719616452485
S0->S1->S3->S4->S6->S8->S10->S29->S30->S32->S34->S35->S37->S38,L0->L3,3,14,0,0.0,0.00025355719616452485
S0->S1->S2->S5->S7->S8->S11->S29->S30->S33->S34->S35->S36->S37,L0->L3,3,14,1,0.3333333333333333,0.00025355719616452485
S12->S13->S14->S17->S19->S20->S23->S26->S39->S40->S41->S43->S45->S47->S48->S49->S51,L0->L2->L3,3,17,0,0.0,0.00025355719616452485
S12->S13->S14->S17->S19->S20->S23->S26->S39->S40->S41->S43->S45->S47->S48->S50->S51,L0->L2->L3,3,17,0,0.0,0.00025355719616452485
S0->S1->S3->S5->S7->S8->S9->S27->S29->S33->S34->S35->S37,L0->L2->L3,3,13,0,0.0,0.00025355719616452485
S12->S13->S14->S17->S19->S20->S23->S24->S27->S29->S30->S33->S34->S36->S37,L0->L1->L2->L3,3,15,0,0.0,0.00025355719616452485
S0->S1->S2->S4->S7->S8->S10->S27->S29->S30->S32->S34->S36->S37,L0->L2->L3,3,14,0,0.0,0.00025355719616452485
S0->S1->S2->S4->S7->S8->S10->S27->S29->S30->S32->S34->S36->S37->S38,L0->L2->L3,3,15,0,0.0,0.00025355719616452485
S0->S1->S3->S5->S6->S8->S9->S26->S29->S30->S32->S34->S35->S37,L0->L2->L3,3,14,0,0.0,0.00025355719616452485
S0->S1->S3->S5->S6->S8->S9->S25->S26->S29->S30->S33->S34->S35->S37,L0->L1->L2->L3,3,15,0,0.0,0.00025355719616452485
S12->S13->S15->S16->S18->S20->S23->S26->S39->S40->S41->S44->S45->S47->S48->S50->S51,L0->L2->L3,3,17,0,0.0,0.00025355719616452485
S12->S13->S17->S19->S20->S22->S29->S30->S33->S34->S36->S37,L0->L3,3,12,0,0.0,0.00025355719616452485
S12->S13->S15->S16->S18->S20->S23->S27->S29->S30->S31->S33->S34->S36->S37,L0->L2->L3,3,15,0,0.0,0.00025355719616452485
S12->S13->S16->S19->S20->S21->S29->S30->S33->S34->S36->S37,L0->L3,3,12,0,0.0,0.00025355719616452485
S12->S13->S15->S16->S18->S20->S23->S27->S29->S30->S33->S34->S35->S37->S38,L0->L2->L3,3,15,0,0.0,0.00025355719616452485
S12->S13->S15->S16->S18->S20->S23->S27->S29->S30->S33->S34->S36->S37->S38,L0->L2->L3,3,15,0,0.0,0.00025355719616452485
S0->S1->S3->S4->S7->S8->S11->S25->S26->S29->S30->S33->S34->S36->S37,L0->L1->L2->L3,3,15,0,0.0,0.00025355719616452485
S0->S1->S3->S4->S5->S7->S8->S11->S29->S30->S33->S34->S36->S37,L0->L3,3,14,0,0.0,0.00025355719616452485
S12->S13->S15->S16->S18->S20->S23->S26->S29->S30->S32->S33->S34->S36->S37,L0->L2->L3,3,15,0,0.0,0.00025355719616452485
S0->S1->S3->S5->S6->S8->S11->S24->S28->S29->S30->S33->S34->S35->S37,L0->L1->L2->L3,3,15,0,0.0,0.00025355719616452485
S12->S13->S15->S16->S18->S20->S23->S29->S30->S32->S37,L0->L3,3,11,0,0.0,0.00025355719616452485
S12->S13->S14->S16->S18->S20->S23->S27->S39->S40->S41->S44->S45->S47->S48->S49->S51,L0->L2->L3,3,17,0,0.0,0.00025355719616452485
S12->S13->S15->S16->S18->S20->S23->S29->S33->S34->S36->S37,L0->L3,3,12,0,0.0,0.00025355719616452485
S12->S13->S14->S16->S18->S20->S23->S28->S29->S30->S33->S34->S36->S37->S38,L0->L2->L3,3,15,0,0.0,0.00025355719616452485
S12->S13->S15->S17->S19->S20->S23->S29->S30->S33->S36->S37,L0->L3,3,12,0,0.0,0.00025355719616452485
S12->S13->S15->S17->S19->S20->S23->S29->S33->S34->S36->S37,L0->L3,3,12,0,0.0,0.00025355719616452485
S0->S1->S2->S5->S6->S11->S27->S29->S30->S33->S34->S35->S37,L0->L2->L3,3,13,0,0.0,0.00025355719616452485
S0->S1->S3->S5->S6->S8->S11->S25->S27->S29->S30->S33->S34->S35->S37,L0->L1->L2->L3,3,15,0,0.0,0.00025355719616452485
S0->S1->S3->S5->S6->S8->S11->S12->S13->S15->S17->S18->S20->S23->S29->S30->S33->S34->S36->S37,L0->L3,3,20,0,0.0,0.00025355719616452485
S0->S1->S3->S5->S6->S8->S11->S12->S13->S15->S17->S19->S20->S21->S29->S30->S33->S34->S36->S37,L0->L3,3,20,0,0.0,0.00025355719616452485
S0->S1->S3->S5->S6->S8->S11->S24->S26->S39->S40->S41->S44->S45->S47->S48->S49->S51,L0->L1->L2->L3,3,18,0,0.0,0.00025355719616452485
S0->S1->S3->S5->S6->S8->S11->S24->S27->S29->S30->S33->S34->S35->S37,L0->L1->L2->L3,3,15,0,0.0,0.00025355719616452485
S12->S13->S14->S17->S19->S20->S23->S29->S30->S32->S33->S34->S36->S37->S38,L0->L3,3,15,0,0.0,0.00025355719616452485
S0->S1->S3->S4->S7->S8->S11->S24->S27->S29->S30->S33->S34->S36->S37,L0->L1->L2->L3,3,15,0,0.0,0.00025355719616452485
S12->S13->S14->S17->S19->S20->S23->S27->S29->S30->S32->S35->S37,L0->L2->L3,3,13,1,0.3333333333333333,0.00025355719616452485
S12->S13->S14->S17->S19->S20->S23->S27->S29->S30->S33->S34->S35->S37->S38,L0->L2->L3,3,15,0,0.0,0.00025355719616452485
S0->S1->S3->S5->S7->S8->S9->S26->S29->S33->S34->S35->S37,L0->L2->L3,3,13,0,0.0,0.00025355719616452485
S0->S1->S3->S5->S6->S8->S9->S27->S29->S30->S31->S33->S34->S35->S37,L0->L2->L3,3,15,0,0.0,0.00025355719616452485
S0->S1->S2->S4->S6->S8->S11->S27->S38,L0->L2->L3,3,9,0,0.0,0.00025355719616452485
S0->S1->S2->S4->S6->S8->S9->S29->S30->S31->S33->S34->S35->S37->S38,L0->L3,3,15,0,0.0,0.00025355719616452485
S0->S1->S3->S5->S6->S8->S9->S25->S29->S30->S33->S34->S36->S37,L0->L1->L3,3,14,0,0.0,0.00025355719616452485
S12->S13->S14->S16->S18->S20->S23->S27->S29->S30->S32->S33->S34->S35->S37,L0->L2->L3,3,15,0,0.0,0.00025355719616452485
S0->S1->S2->S4->S7->S8->S9->S26->S29->S30->S32->S34->S35->S37,L0->L2->L3,3,14,0,0.0,0.00025355719616452485
S12->S13->S15->S16->S18->S20->S23->S24->S26->S39->S40->S41->S44->S45->S47->S48->S50->S51,L0->L1->L2->L3,3,18,0,0.0,0.00025355719616452485
S0->S1->S2->S4->S7->S8->S9->S26->S29->S30->S32->S36->S37,L0->L2->L3,3,13,1,0.3333333333333333,0.00025355719616452485
S12->S13->S15->S16->S18->S20->S22->S29->S30->S32->S35->S37->S38,L0->L3,3,13,0,0.0,0.00025355719616452485
S0->S1->S3->S5->S6->S8->S11->S24->S29->S30->S33->S34->S35->S37->S38,L0->L1->L3,3,15,0,0.0,0.00025355719616452485
S0->S1->S3->S5->S6->S8->S11->S12->S13->S15->S16->S18->S20->S23->S29->S30->S33->S34->S36->S37,L0->L3,3,20,0,0.0,0.00025355719616452485
S0->S1->S3->S4->S6->S8->S11->S24->S27->S29->S30->S33->S34->S35->S37,L0->L1->L2->L3,3,15,0,0.0,0.00025355719616452485
S0->S1->S3->S5->S7->S8->S9->S25->S27->S29->S30->S33->S34->S35->S37,L0->L1->L2->L3,3,15,0,0.0,0.00025355719616452485
S0->S1->S2->S5->S7->S8->S10->S11->S26->S29->S30->S33->S34->S35->S37,L0->L2->L3,3,15,0,0.0,0.00025355719616452485
S0->S1->S2->S5->S7->S8->S10->S11->S27->S29->S30->S33->S34->S35->S37,L0->L2->L3,3,15,0,0.0,0.00025355719616452485
S0->S1->S2->S5->S6->S8->S9->S39->S40->S41->S43->S45->S47->S49->S51,L0->L3,3,15,0,0.0,0.00025355719616452485
S12->S13->S14->S17->S19->S20->S23->S29->S30->S31->S32->S33->S34->S36->S37,L0->L3,3,15,0,0.0,0.00025355719616452485
S0->S1->S3->S5->S7->S8->S9->S25->S29->S30->S33->S34->S36->S37,L0->L1->L3,3,14,0,0.0,0.00025355719616452485
S0->S1->S2->S5->S6->S9->S27->S29->S30->S33->S34->S36->S37,L0->L2->L3,3,13,0,0.0,0.00025355719616452485
S0->S1->S3->S5->S6->S8->S11->S26->S29->S30->S32->S34->S36->S37,L0->L2->L3,3,14,1,0.3333333333333333,0.00025355719616452485
S0->S1->S3->S4->S6->S8->S9->S26->S29->S30->S32->S34->S35->S37,L0->L2->L3,3,14,0,0.0,0.00025355719616452485
S0->S1->S3->S4->S6->S8->S9->S26->S29->S30->S32->S34->S36->S37,L0->L2->L3,3,14,0,0.0,0.00025355719616452485
S12->S13->S15->S16->S18->S20->S22->S29->S33->S34->S36->S37,L0->L3,3,12,0,0.0,0.00025355719616452485
S0->S1->S3->S4->S6->S8->S9->S26->S29->S30->S32->S35->S37,L0->L2->L3,3,13,0,0.0,0.00025355719616452485
S0->S1->S2->S5->S6->S11->S29->S30->S33->S34->S36->S37->S38,L0->L3,3,13,0,0.0,0.00025355719616452485
S12->S13->S16->S19->S20->S22->S29->S30->S33->S34->S35->S37,L0->L3,3,12,0,0.0,0.00025355719616452485
S0->S1->S2->S5->S6->S8->S9->S27->S29->S30->S32->S35->S37,L0->L2->L3,3,13,1,0.3333333333333333,0.00025355719616452485
S0->S1->S2->S5->S6->S8->S9->S27->S29->S30->S32->S36->S37,L0->L2->L3,3,13,2,0.6666666666666666,0.00025355719616452485
S12->S13->S16->S19->S20->S23->S29->S30->S33->S34->S36->S37,L0->L3,3,12,0,0.0,0.00025355719616452485
S12->S13->S17->S18->S20->S21->S29->S30->S33->S34->S36->S37,L0->L3,3,12,1,0.3333333333333333,0.00025355719616452485
S12->S13->S14->S17->S19->S20->S23->S39->S40->S41->S43->S45->S47->S48->S49,L0->L3,3,15,0,0.0,0.00025355719616452485
S12->S13->S15->S17->S19->S20->S23->S27->S29->S30->S33->S34->S35->S37->S38,L0->L2->L3,3,15,0,0.0,0.00025355719616452485
S0->S1->S2->S4->S7->S8->S11->S25->S27->S29->S30->S32->S33->S34->S36->S37->S38,L0->L1->L2->L3,3,17,0,0.0,0.00025355719616452485
S0->S1->S3->S5->S6->S8->S9->S12->S13->S15->S17->S19->S20->S23->S29->S30->S33->S34->S36->S37,L0->L3,3,20,0,0.0,0.00025355719616452485
S0->S1->S2->S5->S6->S8->S9->S39->S40->S41->S43->S44->S45->S47->S48->S49->S51,L0->L3,3,17,0,0.0,0.00025355719616452485
S0->S1->S3->S4->S7->S8->S11->S26->S29->S30->S32->S35->S37,L0->L2->L3,3,13,2,0.6666666666666666,0.00025355719616452485
S12->S13->S14->S16->S18->S20->S23->S29->S30->S32->S36->S37->S38,L0->L3,3,13,0,0.0,0.00025355719616452485
S0->S1->S2->S5->S6->S8->S9->S27->S29->S30->S31->S33->S34->S35->S37,L0->L2->L3,3,15,0,0.0,0.00025355719616452485
S12->S13->S14->S16->S18->S20->S23->S29->S30->S33->S34->S35,L0->L3,3,12,0,0.0,0.00025355719616452485
S12->S13->S15->S16->S18->S20->S22->S29->S30->S32->S33->S34->S35->S37->S38,L0->L3,3,15,0,0.0,0.00025355719616452485
S12->S13->S14->S16->S18->S20->S23->S29->S33->S34->S35->S37,L0->L3,3,12,0,0.0,0.00025355719616452485
S12->S13->S15->S16->S18->S20->S22->S29->S30->S32->S37,L0->L3,3,11,0,0.0,0.00025355719616452485
S0->S1->S3->S4->S6->S8->S11->S12->S13->S15->S17->S19->S20->S23->S29->S30->S33->S34->S36->S37,L0->L3,3,20,0,0.0,0.00025355719616452485
S12->S13->S14->S16->S18->S20->S23->S39->S40->S41->S43->S44->S45->S47->S48->S50->S51,L0->L3,3,17,0,0.0,0.00025355719616452485
S12->S13->S15->S16->S18->S20->S21->S29->S30->S32->S33->S34->S36->S37->S38,L0->L3,3,15,0,0.0,0.00025355719616452485
S12->S13->S14->S16->S19->S20->S21->S22->S27->S29->S30->S33->S34->S36->S37,L0->L2->L3,3,15,0,0.0,0.00025355719616452485
S12->S13->S14->S16->S19->S20->S21->S23->S29->S30->S33->S34->S36->S37,L0->L3,3,14,0,0.0,0.00025355719616452485
S12->S13->S15->S16->S18->S20->S21->S29->S30->S31->S32->S33->S34->S36->S37,L0->L3,3,15,0,0.0,0.00025355719616452485
S12->S13->S15->S16->S18->S20->S21->S29->S30->S31->S32->S34->S36->S37,L0->L3,3,14,1,0.3333333333333333,0.00025355719616452485
S12->S13->S15->S16->S18->S20->S21->S27->S29->S30->S32->S33->S34->S35->S37,L0->L2->L3,3,15,0,0.0,0.00025355719616452485
S12->S13->S15->S16->S18->S20->S21->S23->S29->S30->S33->S34->S35->S37,L0->L3,3,14,0,0.0,0.00025355719616452485
S0->S1->S2->S5->S7->S8->S11->S29->S30->S31->S32->S35->S37,L0->L3,3,13,0,0.0,0.00025355719616452485
S0->S1->S2->S5->S6->S8->S9->S29->S30->S32->S37,L0->L3,3,11,0,0.0,0.00025355719616452485
S0->S1->S3->S5->S6->S8->S9->S12->S13->S14->S17->S19->S20->S22->S29->S30->S33->S34->S36->S37,L0->L3,3,20,0,0.0,0.00025355719616452485
S0->S1->S2->S4->S6->S8->S11->S27->S29->S30->S32->S34->S36->S37,L0->L2->L3,3,14,1,0.3333333333333333,0.00025355719616452485
S0->S1->S2->S5->S7->S8->S11->S29->S30->S31->S33->S34->S35,L0->L3,3,13,0,0.0,0.00025355719616452485
S12->S13->S14->S16->S19->S20->S21->S29->S30->S31->S32->S36->S37->S38,L0->L3,3,14,0,0.0,0.00025355719616452485
S12->S13->S14->S16->S19->S20->S21->S29->S30->S31->S33->S34->S36->S37->S38,L0->L3,3,15,0,0.0,0.00025355719616452485
S12->S13->S15->S17->S19->S20->S23->S24->S27->S29->S30->S33->S34->S36->S37,L0->L1->L2->L3,3,15,0,0.0,0.00025355719616452485
S12->S13->S15->S17->S19->S20->S23->S24->S29->S30->S33->S34->S36->S37,L0->L1->L3,3,14,0,0.0,0.00025355719616452485
S0->S1->S2->S4->S6->S8->S11->S27->S29->S30->S32->S35->S37,L0->L2->L3,3,13,3,1.0,0.00025355719616452485
S12->S13->S15->S16->S18->S20->S21->S29->S33->S34->S35->S37,L0->L3,3,12,0,0.0,0.00025355719616452485
S0->S1->S3->S4->S7->S8->S11->S28->S29->S30->S33->S34->S35->S37->S38,L0->L2->L3,3,15,0,0.0,0.00025355719616452485
S0->S1->S2->S4->S6->S8->S10->S12->S13->S15->S17->S18->S20->S22->S29->S30->S33->S34->S36->S37,L0->L3,3,20,0,0.0,0.00025355719616452485
S12->S13->S14->S16->S19->S20->S21->S26->S29->S30->S33->S34->S35->S37->S38,L0->L2->L3,3,15,0,0.0,0.00025355719616452485
S0->S1->S3->S5->S6->S8->S11->S29->S31->S32->S33->S34->S36->S37,L0->L3,3,14,0,0.0,0.00025355719616452485
S12->S13->S14->S16->S19->S20->S21->S26->S39->S40->S41->S44->S45->S47->S48->S50->S51,L0->L2->L3,3,17,0,0.0,0.00025355719616452485
S12->S13->S15->S16->S18->S20->S22->S26->S29->S30->S32->S33->S34->S35->S37,L0->L2->L3,3,15,0,0.0,0.00025355719616452485
S12->S13->S15->S16->S18->S20->S22->S26->S29->S30->S32->S33->S34->S36->S37,L0->L2->L3,3,15,0,0.0,0.00025355719616452485
S12->S13->S14->S16->S19->S20->S21->S27->S29->S30->S32->S33->S34->S35->S37,L0->L2->L3,3,15,0,0.0,0.00025355719616452485
S12->S13->S15->S16->S18->S20->S21->S39->S40->S41->S43->S44->S45->S47->S48->S49->S51,L0->L3,3,17,0,0.0,0.00025355719616452485
S12->S13->S14->S16->S19->S20->S21->S27->S29->S30->S32->S36->S37,L0->L2->L3,3,13,1,0.3333333333333333,0.00025355719616452485
S12->S13->S15->S16->S18->S20->S22->S24->S26->S29->S30->S33->S34->S35->S37,L0->L1->L2->L3,3,15,0,0.0,0.00025355719616452485
S0->S1->S3->S4->S6->S8->S10->S39->S40->S41->S43->S44->S45->S47->S48->S49->S51,L0->L3,3,17,0,0.0,0.00025355719616452485
S12->S13->S14->S16->S19->S20->S21->S24->S27->S29->S30->S33->S34->S35->S37,L0->L1->L2->L3,3,15,0,0.0,0.00025355719616452485
S12->S13->S15->S16->S18->S20->S22->S27->S29->S30->S33->S34->S35->S37->S38,L0->L2->L3,3,15,0,0.0,0.00025355719616452485
S12->S13->S15->S16->S18->S20->S22->S27->S29->S30->S33->S34->S36->S37->S38,L0->L2->L3,3,15,0,0.0,0.00025355719616452485
S0->S1->S3->S5->S7->S8->S9->S24->S26->S39->S40->S41->S44->S45->S47->S48->S49->S51,L0->L1->L2->L3,3,18,0,0.0,0.00025355719616452485
S0->S1->S2->S4->S7->S8->S10->S28->S39->S40->S41->S44->S45->S47->S48->S50->S51,L0->L2->L3,3,17,0,0.0,0.00025355719616452485
S0->S1->S3->S5->S6->S8->S11->S29->S30->S32->S33->S34->S35->S37->S38,L0->L3,3,15,0,0.0,0.00025355719616452485
S0->S1->S3->S5->S6->S8->S11->S28->S39->S40->S41->S43->S45->S47->S48->S50->S51,L0->L2->L3,3,17,0,0.0,0.00025355719616452485
S12->S13->S14->S16->S19->S20->S21->S29->S30->S32->S33->S34->S35->S37->S38,L0->L3,3,15,0,0.0,0.00025355719616452485
S25->S39->S40->S41->S43->S44->S45->S47->S48->S49->S51,L1->L3,3,11,0,0.0,0.00025355719616452485
S12->S13->S15->S17->S19->S20->S22->S39->S40->S41->S43->S44->S45->S47->S48->S50->S51,L0->L3,3,17,0,0.0,0.00025355719616452485
S12->S13->S15->S17->S19->S20->S22->S39->S40->S41->S43->S45->S47->S48->S49,L0->L3,3,15,0,0.0,0.00025355719616452485
S12->S13->S15->S17->S19->S20->S22->S29->S30->S32->S33->S34->S35->S37->S38,L0->L3,3,15,0,0.0,0.00025355719616452485
S0->S2->S5->S7->S8->S11->S26->S29->S30->S33->S34->S36->S37,L0->L2->L3,3,13,0,0.0,0.00025355719616452485
S12->S13->S15->S17->S19->S20->S22->S29->S30->S32->S34->S35->S37,L0->L3,3,13,0,0.0,0.00025355719616452485
S0->S3->S4->S6->S8->S9->S27->S29->S30->S33->S34->S35->S37,L0->L2->L3,3,13,0,0.0,0.00025355719616452485
S0->S2->S5->S7->S8->S9->S29->S30->S31->S33->S34->S35->S37,L0->L3,3,13,0,0.0,0.00025355719616452485
S0->S1->S2->S4->S7->S8->S9->S12->S13->S15->S16->S18->S20->S21->S29->S30->S33->S34->S35->S37,L0->L3,3,20,0,0.0,0.00025355719616452485
S0->S2->S5->S6->S8->S9->S26->S29->S30->S33->S34->S36->S37,L0->L2->L3,3,13,0,0.0,0.00025355719616452485
S0->S1->S2->S5->S6->S8->S10->S12->S13->S14->S17->S18->S20->S21->S29->S30->S33->S34->S35->S37,L0->L3,2,20,0,0.0,0.0001690381307763499
S0->S1->S2->S3->S4->S6->S8->S10->S29->S30->S31->S33->S34->S36->S37,L0->L3,2,15,0,0.0,0.0001690381307763499
S0->S1->S2->S3->S4->S6->S8->S9->S29->S30->S31->S33->S34->S36->S37,L0->L3,2,15,0,0.0,0.0001690381307763499
S0->S1->S3->S4->S7->S11->S29->S30->S31->S33->S34->S35->S37,L0->L3,2,13,0,0.0,0.0001690381307763499
S0->S1->S3->S4->S6->S8->S9->S39->S40->S41->S43->S44->S45->S47->S48->S50->S51,L0->L3,2,17,0,0.0,0.0001690381307763499
S0->S3->S4->S6->S8->S10->S29->S30->S32->S33->S34->S36->S37,L0->L3,2,13,0,0.0,0.0001690381307763499
S0->S1->S2->S4->S7->S8->S9->S12->S13->S14->S17->S19->S20->S23->S29->S30->S33->S34->S36->S37,L0->L3,2,20,0,0.0,0.0001690381307763499
S0->S3->S4->S7->S8->S10->S27->S29->S30->S33->S34->S36->S37,L0->L2->L3,2,13,0,0.0,0.0001690381307763499
S0->S3->S4->S7->S8->S10->S26->S29->S30->S33->S34->S36->S37,L0->L2->L3,2,13,0,0.0,0.0001690381307763499
S0->S3->S4->S6->S8->S9->S26->S29->S30->S33->S34->S36->S37,L0->L2->L3,2,13,0,0.0,0.0001690381307763499
S0->S1->S2->S5->S7->S8->S9->S29->S30->S31->S32->S35->S37,L0->L3,2,13,0,0.0,0.0001690381307763499
S0->S2->S5->S7->S8->S11->S29->S30->S31->S33->S34->S36->S37,L0->L3,2,13,0,0.0,0.0001690381307763499
S0->S2->S5->S7->S8->S11->S27->S29->S30->S33->S34->S36->S37,L0->L2->L3,2,13,0,0.0,0.0001690381307763499
S0->S3->S4->S6->S8->S11->S27->S29->S30->S33->S34->S36->S37,L0->L2->L3,2,13,0,0.0,0.0001690381307763499
S0->S3->S4->S6->S8->S11->S27->S29->S30->S33->S34->S35->S37,L0->L2->L3,2,13,0,0.0,0.0001690381307763499
S26->S29->S30->S33->S34->S36->S37->S38,L2->L3,2,8,0,0.0,0.0001690381307763499
S25->S39->S41->S43->S45->S47->S48->S49->S51,L1->L3,2,9,0,0.0,0.0001690381307763499
S25->S30->S33->S34->S36->S37->S38,L1->L3,2,7,0,0.0,0.0001690381307763499
S25->S30->S33->S34->S35->S37->S38,L1->L3,2,7,0,0.0,0.0001690381307763499
S28->S29->S30->S32->S33->S34->S36->S37,L2->L3,2,8,0,0.0,0.0001690381307763499
S27->S29->S30->S32->S36->S37->S38,L2->L3,2,7,0,0.0,0.0001690381307763499
S0->S1->S3->S5->S6->S8->S11->S28->S29->S30->S31->S33->S34->S35->S37->S38,L0->L2->L3,2,16,0,0.0,0.0001690381307763499
S12->S13->S15->S16->S18->S20->S22->S27->S29->S30->S32->S33->S34->S35->S37,L0->L2->L3,2,15,0,0.0,0.0001690381307763499
S0->S1->S2->S5->S6->S8->S9->S29->S30->S31->S32->S35->S37->S38,L0->L3,2,14,0,0.0,0.0001690381307763499
S0->S1->S2->S5->S6->S8->S9->S29->S30->S31->S32->S34->S36->S37,L0->L3,2,14,0,0.0,0.0001690381307763499
S0->S1->S2->S5->S6->S8->S9->S29->S30->S31->S32->S34->S35->S37,L0->L3,2,14,0,0.0,0.0001690381307763499
S12->S13->S15->S16->S18->S20->S22->S26->S39->S40->S41->S44->S45->S47->S48->S49->S51,L0->L2->L3,2,17,0,0.0,0.0001690381307763499
S0->S1->S2->S4->S6->S8->S11->S26->S38,L0->L2->L3,2,9,0,0.0,0.0001690381307763499
S0->S1->S2->S4->S6->S8->S11->S26->S30->S33->S34->S36->S37,L0->L2->L3,2,13,0,0.0,0.0001690381307763499
S0->S1->S2->S4->S6->S8->S11->S26->S30->S33->S34->S35->S37,L0->L2->L3,2,13,0,0.0,0.0001690381307763499
S0->S1->S2->S4->S6->S8->S11->S26->S29->S30->S33->S34->S36,L0->L2->L3,2,13,0,0.0,0.0001690381307763499
S0->S1->S2->S4->S6->S8->S11->S26->S29->S30->S32->S36->S37,L0->L2->L3,2,13,0,0.0,0.0001690381307763499
S12->S13->S15->S16->S18->S20->S22->S27->S40->S41->S44->S45->S47->S48->S50->S51,L0->L2->L3,2,16,0,0.0,0.0001690381307763499
S12->S13->S15->S16->S18->S20->S22->S27->S39->S40->S41->S44->S45->S47->S48->S49->S51,L0->L2->L3,2,17,1,0.5,0.0001690381307763499
S12->S13->S15->S16->S18->S20->S22->S27->S39->S40->S41->S43->S45->S47->S48->S50->S51,L0->L2->L3,2,17,0,0.0,0.0001690381307763499
S0->S1->S2->S4->S6->S8->S11->S27->S29->S30->S32->S33->S34->S36->S37->S38,L0->L2->L3,2,16,0,0.0,0.0001690381307763499
S12->S13->S15->S16->S18->S20->S22->S24->S27->S29->S30->S33->S34->S36->S37,L0->L1->L2->L3,2,15,0,0.0,0.0001690381307763499
S12->S13->S15->S16->S18->S20->S22->S26->S29->S30->S33->S34->S35->S37->S38,L0->L2->L3,2,15,0,0.0,0.0001690381307763499
S0->S1->S3->S4->S6->S8->S11->S12->S13->S14->S16->S19->S20->S22->S29->S30->S32->S34->S35->S37,L0->L3,2,20,0,0.0,0.0001690381307763499
S0->S1->S3->S5->S6->S8->S11->S29->S30->S33->S36->S37->S38,L0->L3,2,13,0,0.0,0.0001690381307763499
S0->S1->S3->S5->S6->S8->S11->S29->S30->S33->S34->S35->S36->S37->S38,L0->L3,2,15,0,0.0,0.0001690381307763499
S0->S1->S2->S5->S6->S8->S9->S29->S30->S31->S32->S36->S37,L0->L3,2,13,1,0.5,0.0001690381307763499
S12->S13->S15->S16->S18->S20->S21->S29->S30->S31->S32->S36->S37,L0->L3,2,13,0,0.0,0.0001690381307763499
S0->S1->S2->S4->S7->S8->S9->S29->S30->S32->S34->S36->S37->S38,L0->L3,2,14,0,0.0,0.0001690381307763499
S0->S1->S3->S4->S6->S8->S10->S29->S33->S34->S35->S37->S38,L0->L3,2,13,0,0.0,0.0001690381307763499
S0->S1->S2->S4->S7->S8->S9->S29->S30->S31->S33->S35->S37,L0->L3,2,13,0,0.0,0.0001690381307763499
S0->S1->S2->S4->S6->S8->S11->S27->S29->S33->S34->S35->S37,L0->L2->L3,2,13,0,0.0,0.0001690381307763499
S0->S1->S2->S4->S6->S8->S11->S27->S29->S30->S32->S35->S37->S38,L0->L2->L3,2,14,0,0.0,0.0001690381307763499
S0->S1->S3->S5->S6->S8->S11->S27->S29->S30->S32->S36->S37->S38,L0->L2->L3,2,14,0,0.0,0.0001690381307763499
S0->S1->S3->S5->S6->S8->S11->S27->S29->S30->S32->S34->S36->S37,L0->L2->L3,2,14,0,0.0,0.0001690381307763499
S0->S1->S2->S5->S6->S8->S9->S27->S29->S30->S31->S32->S33->S34->S35->S37,L0->L2->L3,2,16,0,0.0,0.0001690381307763499
S0->S1->S2->S4->S7->S8->S10->S28->S29->S30->S33->S34->S35->S37->S38,L0->L2->L3,2,15,0,0.0,0.0001690381307763499
S0->S1->S3->S4->S6->S8->S10->S29->S30->S33->S34->S35->S36->S37,L0->L3,2,14,1,0.5,0.0001690381307763499
S0->S1->S3->S4->S6->S8->S11->S12->S13->S14->S17->S19->S20->S21->S29->S30->S33->S34->S35->S37,L0->L3,2,20,0,0.0,0.0001690381307763499
S0->S1->S3->S4->S6->S8->S11->S12->S13->S14->S17->S18->S20->S23->S29->S30->S33->S34->S35->S37,L0->L3,2,20,0,0.0,0.0001690381307763499
S0->S1->S3->S5->S6->S8->S11->S29->S30->S31->S33->S36->S37,L0->L3,2,13,0,0.0,0.0001690381307763499
S0->S1->S3->S5->S6->S8->S11->S29->S30->S31->S33->S35->S37,L0->L3,2,13,0,0.0,0.0001690381307763499
S0->S1->S3->S5->S6->S8->S11->S29->S30->S31->S32->S36->S37->S38,L0->L3,2,14,0,0.0,0.0001690381307763499
S0->S1->S3->S5->S6->S8->S11->S29->S30->S31->S32->S35->S37,L0->L3,2,13,0,0.0,0.0001690381307763499
S0->S1->S2->S4->S6->S8->S11->S27->S29->S30->S32->S34->S36->S37->S38,L0->L2->L3,2,15,0,0.0,0.0001690381307763499
S0->S1->S3->S5->S6->S8->S11->S39->S40->S41->S43->S45->S47->S50->S51,L0->L3,2,15,0,0.0,0.0001690381307763499
S0->S1->S3->S4->S6->S8->S10->S39->S40->S41->S44->S45->S48->S50->S51,L0->L3,2,15,0,0.0,0.0001690381307763499
S0->S1->S3->S4->S6->S8->S10->S39->S40->S41->S43->S44->S45->S47->S48->S50->S51,L0->L3,2,17,0,0.0,0.0001690381307763499
S0->S1->S2->S5->S6->S8->S9->S29->S30->S33->S34->S35->S36->S37,L0->L3,2,14,0,0.0,0.0001690381307763499
S12->S13->S15->S16->S18->S20->S21->S26->S39->S40->S41->S44->S45->S47->S48->S49->S51,L0->L2->L3,2,17,0,0.0,0.0001690381307763499
S12->S13->S15->S16->S18->S20->S21->S26->S29->S30->S32->S34->S35->S37,L0->L2->L3,2,14,0,0.0,0.0001690381307763499
S12->S13->S15->S16->S18->S20->S21->S28->S39->S40->S41->S44->S45->S47->S48->S50->S51,L0->L2->L3,2,17,0,0.0,0.0001690381307763499
S12->S13->S15->S16->S18->S20->S21->S27->S29->S30->S32->S36->S37,L0->L2->L3,2,13,0,0.0,0.0001690381307763499
S12->S13->S15->S16->S18->S20->S21->S29->S30->S32->S33->S34->S35->S37->S38,L0->L3,2,15,0,0.0,0.0001690381307763499
S0->S1->S3->S4->S6->S8->S10->S29->S30->S31->S32->S34->S35->S37,L0->L3,2,14,0,0.0,0.0001690381307763499
S0->S1->S2->S5->S6->S9->S27->S29->S30->S33->S34->S35->S37,L0->L2->L3,2,13,0,0.0,0.0001690381307763499
S12->S13->S15->S16->S17->S18->S20->S23->S29->S30->S33->S34->S35->S37,L0->L3,2,14,0,0.0,0.0001690381307763499
S12->S13->S15->S16->S17->S18->S20->S22->S29->S30->S33->S34->S35->S37,L0->L3,2,14,0,0.0,0.0001690381307763499
S12->S13->S15->S16->S17->S18->S20->S22->S29->S30->S32->S33->S34->S36->S37,L0->L3,2,15,0,0.0,0.0001690381307763499
S12->S13->S15->S16->S17->S18->S20->S21->S29->S30->S33->S34->S35->S37,L0->L3,2,14,0,0.0,0.0001690381307763499
S12->S13->S15->S16->S17->S18->S20->S21->S29->S30->S31->S33->S34->S36->S37,L0->L3,2,15,0,0.0,0.0001690381307763499
S12->S13->S15->S16->S18->S20->S21->S22->S29->S30->S33->S34->S36->S37,L0->L3,2,14,0,0.0,0.0001690381307763499
S12->S13->S15->S16->S18->S20->S21->S22->S29->S30->S33->S34->S35->S37,L0->L3,2,14,0,0.0,0.0001690381307763499
S12->S13->S15->S16->S18->S20->S21->S24->S29->S30->S33->S34->S36->S37,L0->L1->L3,2,14,1,0.5,0.0001690381307763499
S0->S1->S3->S4->S6->S8->S11->S12->S13->S15->S17->S19->S20->S22->S29->S30->S33->S34->S36->S37,L0->L3,2,20,0,0.0,0.0001690381307763499
S0->S1->S3->S4->S6->S8->S11->S12->S13->S15->S17->S19->S20->S21->S29->S30->S33->S34->S35->S37,L0->L3,2,20,0,0.0,0.0001690381307763499
S0->S1->S3->S4->S6->S8->S11->S12->S13->S15->S17->S18->S20->S22->S29->S30->S33->S34->S36->S37,L0->L3,2,20,0,0.0,0.0001690381307763499
S12->S13->S15->S16->S18->S20->S22->S29->S30->S31->S33->S34->S36->S37->S38,L0->L3,2,15,0,0.0,0.0001690381307763499
S12->S13->S15->S16->S18->S20->S22->S29->S30->S31->S32->S33->S34->S35->S37,L0->L3,2,15,0,0.0,0.0001690381307763499
S12->S13->S15->S16->S18->S20->S22->S28->S39->S40->S41->S44->S45->S47->S48->S49->S51,L0->L2->L3,2,17,0,0.0,0.0001690381307763499
S0->S1->S3->S4->S6->S8->S11->S12->S13->S15->S17->S18->S20->S21->S29->S30->S33->S34->S35->S37,L0->L3,2,20,0,0.0,0.0001690381307763499
S0->S1->S3->S4->S6->S8->S11->S12->S13->S15->S16->S18->S20->S22->S29->S30->S33->S34->S36->S37,L0->L3,2,20,1,0.5,0.0001690381307763499
S0->S1->S3->S5->S6->S8->S11->S27->S29->S33->S34->S36->S37,L0->L2->L3,2,13,0,0.0,0.0001690381307763499
S12->S13->S15->S16->S18->S20->S21->S24->S27->S29->S30->S33->S34->S36->S37,L0->L1->L2->L3,2,15,0,0.0,0.0001690381307763499
S0->S1->S3->S5->S6->S8->S9->S11->S26->S29->S30->S33->S34->S36->S37,L0->L2->L3,2,15,0,0.0,0.0001690381307763499
S12->S13->S14->S17->S19->S20->S23->S29->S33->S34->S36->S37,L0->L3,2,12,0,0.0,0.0001690381307763499
S12->S13->S14->S17->S19->S20->S23->S29->S30->S33->S34->S35,L0->L3,2,12,0,0.0,0.0001690381307763499
S12->S13->S14->S17->S19->S20->S23->S29->S30->S32->S37,L0->L3,2,11,0,0.0,0.0001690381307763499
S12->S13->S14->S17->S19->S20->S23->S29->S30->S32->S34->S36->S37->S38,L0->L3,2,14,0,0.0,0.0001690381307763499
S12->S13->S14->S17->S19->S20->S23->S39->S40->S41->S43->S44->S45->S47->S48->S49->S51,L0->L3,2,17,0,0.0,0.0001690381307763499
S0->S1->S2->S4->S6->S8->S11->S28->S29->S30->S32->S34->S36->S37,L0->L2->L3,2,14,0,0.0,0.0001690381307763499
S12->S13->S15->S16->S18->S20->S22->S39->S40->S41->S43->S44->S45->S47->S48->S50->S51,L0->L3,2,17,0,0.0,0.0001690381307763499
S12->S13->S15->S16->S18->S20->S23->S25->S29->S30->S33->S34->S36->S37,L0->L1->L3,2,14,0,0.0,0.0001690381307763499
S0->S1->S2->S4->S7->S8->S9->S29->S30->S33->S34->S36,L0->L3,2,12,0,0.0,0.0001690381307763499
S0->S1->S2->S4->S7->S8->S9->S29->S30->S33->S34->S35->S38,L0->L3,2,13,0,0.0,0.0001690381307763499
S12->S13->S15->S16->S18->S20->S22->S29->S30->S33->S34->S35->S38,L0->L3,2,13,0,0.0,0.0001690381307763499
S0->S1->S3->S5->S6->S8->S11->S26->S29->S30->S32->S36->S37->S38,L0->L2->L3,2,14,0,0.0,0.0001690381307763499
S0->S1->S3->S4->S6->S8->S11->S24->S26->S29->S30->S32->S33->S34->S35->S37,L0->L1->L2->L3,2,16,0,0.0,0.0001690381307763499
S0->S1->S2->S5->S6->S9->S39->S40->S41->S44->S45->S47->S48->S50->S51,L0->L3,2,15,0,0.0,0.0001690381307763499
S0->S1->S2->S5->S6->S9->S29->S30->S31->S33->S34->S36->S37,L0->L3,2,13,0,0.0,0.0001690381307763499
S0->S1->S3->S5->S6->S8->S9->S24->S26->S39->S40->S41->S44->S45->S47->S48->S50->S51,L0->L1->L2->L3,2,18,0,0.0,0.0001690381307763499
S0->S1->S2->S4->S7->S8->S10->S27->S29->S30->S32->S34->S35->S37,L0->L2->L3,2,14,0,0.0,0.0001690381307763499
S12->S13->S14->S17->S19->S20->S23->S29->S30->S31->S33->S34->S36->S37->S38,L0->L3,2,15,0,0.0,0.0001690381307763499
S12->S13->S14->S17->S19->S20->S23->S29->S30->S31->S32->S36->S37,L0->L3,2,13,0,0.0,0.0001690381307763499
S0->S1->S2->S5->S6->S8->S9->S39->S40->S41->S43->S45->S47->S50->S51,L0->L3,2,15,0,0.0,0.0001690381307763499
S0->S1->S2->S4->S7->S8->S9->S11->S39->S40->S41->S44->S45->S47->S48->S49->S51,L0->L3,2,17,0,0.0,0.0001690381307763499
S0->S1->S2->S4->S7->S8->S9->S11->S26->S29->S30->S33->S34->S36->S37,L0->L2->L3,2,15,0,0.0,0.0001690381307763499
S0->S1->S2->S4->S7->S8->S9->S10->S39->S40->S41->S43->S45->S47->S48->S49->S51,L0->L3,2,17,0,0.0,0.0001690381307763499
S0->S1->S3->S5->S6->S8->S11->S12->S13->S15->S16->S18->S20->S22->S29->S30->S33->S34->S35->S37,L0->L3,2,20,0,0.0,0.0001690381307763499
S12->S13->S15->S16->S18->S20->S22->S29->S30->S32->S36->S37->S38,L0->L3,2,13,0,0.0,0.0001690381307763499
S0->S1->S2->S4->S6->S8->S11->S25->S26->S29->S30->S33->S34->S35->S37,L0->L1->L2->L3,2,15,0,0.0,0.0001690381307763499
S0->S1->S2->S4->S6->S8->S11->S24->S29->S30->S33->S34->S36->S37->S38,L0->L1->L3,2,15,0,0.0,0.0001690381307763499
S12->S13->S15->S16->S18->S20->S23->S24->S29->S30->S33->S34->S36->S37,L0->L1->L3,2,14,0,0.0,0.0001690381307763499
S12->S13->S15->S16->S18->S20->S23->S24->S27->S29->S30->S33->S34->S35->S37,L0->L1->L2->L3,2,15,0,0.0,0.0001690381307763499
S12->S13->S15->S16->S18->S20->S22->S39->S40->S41->S44->S45->S47->S48->S49,L0->L3,2,15,0,0.0,0.0001690381307763499
S12->S13->S15->S16->S18->S20->S22->S39->S40->S41->S43->S45->S48->S50->S51,L0->L3,2,15,0,0.0,0.0001690381307763499
S0->S1->S2->S5->S6->S8->S9->S27->S29->S30->S33->S34->S35,L0->L2->L3,2,13,0,0.0,0.0001690381307763499
S0->S1->S3->S5->S6->S8->S9->S27->S29->S30->S32->S34->S35->S37,L0->L2->L3,2,14,0,0.0,0.0001690381307763499
S12->S13->S14->S17->S19->S20->S23->S27->S29->S30->S32->S36->S37,L0->L2->L3,2,13,0,0.0,0.0001690381307763499
S12->S13->S14->S17->S19->S20->S23->S27->S29->S30->S31->S33->S34->S36->S37,L0->L2->L3,2,15,0,0.0,0.0001690381307763499
S12->S13->S14->S17->S19->S20->S23->S26->S39->S40->S41->S44->S45->S47->S48->S50->S51,L0->L2->L3,2,17,0,0.0,0.0001690381307763499
S0->S1->S3->S5->S6->S8->S9->S25->S27->S29->S30->S33->S34->S35->S37,L0->L1->L2->L3,2,15,0,0.0,0.0001690381307763499
S0->S1->S3->S5->S6->S8->S11->S24->S26->S39->S40->S41->S43->S45->S47->S48->S50->S51,L0->L1->L2->L3,2,18,0,0.0,0.0001690381307763499
S0->S1->S3->S5->S6->S8->S11->S25->S26->S29->S30->S33->S34->S35->S37,L0->L1->L2->L3,2,15,0,0.0,0.0001690381307763499
S0->S1->S2->S4->S6->S8->S11->S26->S27->S29->S30->S32->S33->S34->S36->S37,L0->L2->L3,2,16,0,0.0,0.0001690381307763499
S0->S1->S2->S4->S6->S8->S11->S25->S27->S29->S30->S33->S34->S36->S37,L0->L1->L2->L3,2,15,0,0.0,0.0001690381307763499
S12->S13->S15->S16->S18->S20->S23->S26->S39->S40->S41->S43->S45->S47->S48->S50->S51,L0->L2->L3,2,17,0,0.0,0.0001690381307763499
S12->S13->S15->S16->S18->S20->S23->S26->S29->S30->S33->S34->S36->S37->S38,L0->L2->L3,2,15,0,0.0,0.0001690381307763499
S12->S13->S15->S16->S18->S20->S23->S26->S29->S30->S32->S36->S37,L0->L2->L3,2,13,0,0.0,0.0001690381307763499
S12->S13->S15->S16->S18->S20->S23->S26->S29->S30->S32->S35->S37,L0->L2->L3,2,13,0,0.0,0.0001690381307763499
S0->S1->S3->S5->S6->S8->S11->S12->S13->S14->S17->S19->S20->S23->S29->S30->S33->S34->S36->S37,L0->L3,2,20,0,0.0,0.0001690381307763499
S0->S1->S2->S4->S7->S8->S10->S29->S30->S31->S32->S35->S37,L0->L3,2,13,0,0.0,0.0001690381307763499
S0->S1->S3->S5->S6->S8->S9->S26->S29->S30->S32->S34->S36->S37,L0->L2->L3,2,14,0,0.0,0.0001690381307763499
S12->S13->S14->S17->S19->S20->S23->S26->S39->S40->S41->S44->S45->S47->S48->S49->S51,L0->L2->L3,2,17,0,0.0,0.0001690381307763499
S0->S1->S2->S4->S6->S8->S11->S29->S30->S31->S33->S35->S37,L0->L3,2,13,0,0.0,0.0001690381307763499
S0->S1->S2->S4->S6->S8->S11->S29->S30->S31->S32->S35->S37,L0->L3,2,13,1,0.5,0.0001690381307763499
S0->S1->S3->S4->S6->S8->S10->S29->S30->S32->S33->S34->S35->S37->S38,L0->L3,2,15,0,0.0,0.0001690381307763499
S0->S1->S3->S4->S6->S8->S10->S29->S30->S31->S33->S34->S36,L0->L3,2,13,0,0.0,0.0001690381307763499
S0->S1->S2->S5->S6->S8->S9->S25->S29->S30->S33->S34->S36->S37,L0->L1->L3,2,14,0,0.0,0.0001690381307763499
S0->S1->S2->S5->S6->S8->S9->S25->S29->S30->S33->S34->S35->S37,L0->L1->L3,2,14,0,0.0,0.0001690381307763499
S0->S1->S3->S5->S6->S8->S11->S12->S13->S15->S17->S18->S20->S21->S29->S30->S33->S34->S35->S37,L0->L3,2,20,0,0.0,0.0001690381307763499
S0->S1->S3->S4->S6->S8->S11->S25->S26->S29->S30->S33->S34->S35->S37,L0->L1->L2->L3,2,15,0,0.0,0.0001690381307763499
S12->S13->S15->S16->S18->S20->S23->S29->S30->S32->S33->S34->S35->S37->S38,L0->L3,2,15,0,0.0,0.0001690381307763499
S12->S13->S15->S16->S18->S20->S23->S29->S30->S31->S33->S34->S35->S37->S38,L0->L3,2,15,0,0.0,0.0001690381307763499
S0->S1->S2->S5->S6->S8->S9->S25->S27->S29->S30->S33->S34->S35->S37,L0->L1->L2->L3,2,15,0,0.0,0.0001690381307763499
S0->S1->S2->S5->S6->S8->S9->S26->S29->S30->S33->S34->S35,L0->L2->L3,2,13,0,0.0,0.0001690381307763499
S0->S1->S2->S5->S6->S8->S9->S26->S29->S30->S32->S34->S36->S37,L0->L2->L3,2,14,0,0.0,0.0001690381307763499
S0->S1->S3->S4->S6->S8->S10->S29->S30->S31->S32->S36->S37,L0->L3,2,13,0,0.0,0.0001690381307763499
S0->S1->S3->S4->S6->S8->S10->S29->S30->S31->S32->S35->S37,L0->L3,2,13,0,0.0,0.0001690381307763499
S0->S1->S2->S4->S7->S8->S10->S27->S29->S30->S31->S33->S34->S36->S37,L0->L2->L3,2,15,0,0.0,0.0001690381307763499
S0->S1->S3->S5->S6->S8->S9->S27->S29->S30->S32->S36->S37,L0->L2->L3,2,13,0,0.0,0.0001690381307763499
S0->S1->S3->S5->S6->S8->S9->S29->S30->S31->S32->S34->S35->S37->S38,L0->L3,2,15,0,0.0,0.0001690381307763499
S0->S1->S3->S4->S6->S8->S10->S27->S29->S30->S33->S34->S36,L0->L2->L3,2,13,0,0.0,0.0001690381307763499
S0->S1->S3->S4->S6->S8->S10->S27->S29->S30->S33->S34->S35,L0->L2->L3,2,13,0,0.0,0.0001690381307763499
S0->S1->S2->S5->S7->S8->S10->S12->S13->S14->S16->S19->S20->S21->S29->S30->S33->S34->S36->S37,L0->L3,2,20,0,0.0,0.0001690381307763499
S0->S1->S2->S5->S7->S8->S10->S11->S39->S40->S41->S44->S45->S47->S48->S49->S51,L0->L3,2,17,0,0.0,0.0001690381307763499
S12->S13->S14->S17->S19->S20->S23->S26->S29->S30->S32->S34->S36->S37,L0->L2->L3,2,14,0,0.0,0.0001690381307763499
S12->S13->S14->S17->S19->S20->S23->S26->S29->S30->S32->S33->S34->S36->S37,L0->L2->L3,2,15,0,0.0,0.0001690381307763499
S0->S1->S3->S4->S6->S8->S11->S24->S26->S29->S30->S32->S33->S34->S36->S37,L0->L1->L2->L3,2,16,0,0.0,0.0001690381307763499
S0->S1->S3->S5->S6->S8->S11->S12->S13->S14->S17->S19->S20->S22->S29->S30->S33->S34->S35->S37,L0->L3,2,20,0,0.0,0.0001690381307763499
S0->S1->S3->S5->S6->S8->S11->S12->S13->S14->S17->S18->S20->S23->S29->S30->S33->S34->S36->S37,L0->L3,2,20,0,0.0,0.0001690381307763499
S0->S1->S3->S5->S6->S8->S11->S12->S13->S14->S16->S18->S20->S22->S29->S30->S33->S34->S36->S37,L0->L3,2,20,0,0.0,0.0001690381307763499
S0->S1->S2->S4->S6->S8->S11->S24->S29->S30->S32->S33->S34->S36->S37,L0->L1->L3,2,15,0,0.0,0.0001690381307763499
S0->S1->S2->S5->S6->S8->S9->S24->S26->S39->S40->S41->S44->S45->S47->S48->S49->S51,L0->L1->L2->L3,2,18,0,0.0,0.0001690381307763499
S12->S13->S14->S17->S19->S20->S23->S24->S29->S30->S33->S34->S36->S37,L0->L1->L3,2,14,0,0.0,0.0001690381307763499
S0->S1->S3->S4->S6->S8->S10->S28->S29->S30->S33->S34->S35->S37->S38,L0->L2->L3,2,15,0,0.0,0.0001690381307763499
S0->S1->S3->S4->S6->S8->S10->S28->S29->S30->S32->S33->S34->S36->S37,L0->L2->L3,2,15,0,0.0,0.0001690381307763499
S0->S1->S3->S5->S6->S8->S9->S26->S38,L0->L2->L3,2,9,0,0.0,0.0001690381307763499
S0->S1->S2->S4->S7->S8->S10->S26->S29->S33->S34->S35->S37,L0->L2->L3,2,13,0,0.0,0.0001690381307763499
S0->S1->S2->S5->S7->S10->S27->S29->S30->S33->S34->S35->S37,L0->L2->L3,2,13,0,0.0,0.0001690381307763499
S0->S1->S2->S5->S7->S8->S10->S12->S13->S15->S16->S19->S20->S21->S29->S30->S33->S34->S36->S37,L0->L3,2,20,0,0.0,0.0001690381307763499
S0->S1->S2->S5->S7->S8->S10->S12->S13->S15->S16->S19->S20->S21->S29->S30->S33->S34->S35->S37,L0->L3,2,20,0,0.0,0.0001690381307763499
S0->S1->S2->S5->S7->S8->S10->S12->S13->S15->S16->S18->S20->S21->S29->S30->S33->S34->S36->S37,L0->L3,2,20,0,0.0,0.0001690381307763499
S0->S1->S3->S5->S6->S8->S10->S29->S30->S31->S33->S34->S35->S37->S38,L0->L3,2,15,0,0.0,0.0001690381307763499
S0->S1->S2->S4->S7->S8->S11->S39->S40->S41->S43->S45->S47->S48->S49->S50->S51,L0->L3,2,17,1,0.5,0.0001690381307763499
S12->S13->S15->S16->S19->S20->S21->S22->S29->S30->S33->S34->S35->S37,L0->L3,2,14,0,0.0,0.0001690381307763499
S12->S13->S15->S16->S19->S20->S21->S26->S29->S30->S32->S35->S37,L0->L2->L3,2,13,0,0.0,0.0001690381307763499
S12->S13->S15->S16->S19->S20->S21->S26->S29->S30->S32->S33->S34->S35->S37,L0->L2->L3,2,15,0,0.0,0.0001690381307763499
S12->S13->S15->S16->S19->S20->S21->S25->S26->S29->S30->S33->S34->S36->S37,L0->L1->L2->L3,2,15,0,0.0,0.0001690381307763499
S0->S1->S3->S5->S6->S8->S10->S29->S30->S32->S34->S35->S37->S38,L0->L3,2,14,0,0.0,0.0001690381307763499
S0->S1->S2->S5->S7->S8->S10->S12->S13->S14->S17->S19->S20->S23->S29->S30->S33->S34->S35->S37,L0->L3,2,20,0,0.0,0.0001690381307763499
S0->S1->S2->S4->S7->S8->S10->S26->S29->S30->S32->S34->S36->S37,L0->L2->L3,2,14,0,0.0,0.0001690381307763499
S0->S1->S3->S5->S6->S8->S9->S29->S30->S31->S33->S34->S36,L0->L3,2,13,0,0.0,0.0001690381307763499
S0->S1->S3->S5->S6->S8->S9->S29->S30->S31->S32->S36->S37,L0->L3,2,13,0,0.0,0.0001690381307763499
S0->S1->S3->S5->S6->S8->S9->S29->S30->S31->S32->S35->S37,L0->L3,2,13,0,0.0,0.0001690381307763499
S0->S1->S3->S5->S6->S8->S9->S29->S31->S32->S33->S34->S35->S37,L0->L3,2,14,0,0.0,0.0001690381307763499
S0->S1->S3->S5->S7->S11->S26->S29->S30->S33->S34->S36->S37,L0->L2->L3,2,13,0,0.0,0.0001690381307763499
S12->S13->S14->S17->S19->S20->S22->S29->S30->S32->S34->S36->S37->S38,L0->L3,2,14,0,0.0,0.0001690381307763499
S12->S13->S14->S17->S19->S20->S22->S29->S30->S32->S33->S34->S35->S37->S38,L0->L3,2,15,0,0.0,0.0001690381307763499
S12->S13->S14->S17->S19->S20->S22->S29->S30->S31->S33->S34->S36->S37->S38,L0->L3,2,15,0,0.0,0.0001690381307763499
S12->S13->S14->S17->S19->S20->S22->S39->S40->S41->S44->S45->S47->S48->S49,L0->L3,2,15,0,0.0,0.0001690381307763499
S0->S1->S3->S4->S6->S8->S11->S26->S30->S33->S34->S36->S37,L0->L2->L3,2,13,0,0.0,0.0001690381307763499
S0->S1->S3->S4->S6->S8->S11->S26->S29->S30->S32->S35->S37,L0->L2->L3,2,13,1,0.5,0.0001690381307763499
S0->S1->S3->S4->S6->S8->S11->S26->S29->S30->S32->S34->S36->S37,L0->L2->L3,2,14,0,0.0,0.0001690381307763499
S12->S13->S15->S16->S19->S20->S21->S29->S30->S31->S32->S34->S35->S37,L0->L3,2,14,1,0.5,0.0001690381307763499
S12->S13->S15->S16->S19->S20->S21->S27->S29->S30->S33->S34->S35->S37->S38,L0->L2->L3,2,15,0,0.0,0.0001690381307763499
S12->S13->S15->S16->S19->S20->S21->S27->S29->S30->S32->S33->S34->S35->S37,L0->L2->L3,2,15,1,0.5,0.0001690381307763499
S12->S13->S15->S16->S19->S20->S21->S26->S39->S40->S41->S44->S45->S47->S48->S50->S51,L0->L2->L3,2,17,0,0.0,0.0001690381307763499
S0->S1->S3->S4->S6->S8->S10->S26->S30->S33->S34->S35->S37,L0->L2->L3,2,13,1,0.5,0.0001690381307763499
S0->S1->S3->S4->S6->S8->S10->S26->S29->S33->S34->S36->S37,L0->L2->L3,2,13,0,0.0,0.0001690381307763499
S12->S13->S14->S17->S19->S20->S22->S29->S30->S31->S32->S35->S37,L0->L3,2,13,0,0.0,0.0001690381307763499
S12->S13->S14->S17->S19->S20->S22->S29->S30->S31->S32->S34->S35->S37,L0->L3,2,14,0,0.0,0.0001690381307763499
S0->S1->S2->S4->S6->S8->S11->S29->S30->S32->S37,L0->L3,2,11,0,0.0,0.0001690381307763499
S0->S1->S3->S4->S6->S8->S11->S27->S29->S30->S32->S35->S37,L0->L2->L3,2,13,0,0.0,0.0001690381307763499
S12->S13->S15->S16->S19->S20->S21->S29->S30->S31->S33->S34->S36->S37->S38,L0->L3,2,15,0,0.0,0.0001690381307763499
S12->S13->S15->S16->S19->S20->S21->S29->S30->S31->S32->S36->S37,L0->L3,2,13,0,0.0,0.0001690381307763499
S12->S13->S15->S16->S19->S20->S21->S29->S30->S31->S32->S34->S36->S37,L0->L3,2,14,0,0.0,0.0001690381307763499
S12->S13->S15->S16->S19->S20->S21->S29->S30->S31->S32->S34->S35->S37->S38,L0->L3,2,15,0,0.0,0.0001690381307763499
S0->S1->S2->S4->S6->S8->S11->S12->S13->S15->S16->S18->S20->S22->S29->S30->S33->S34->S35->S37,L0->L3,2,20,0,0.0,0.0001690381307763499
S0->S1->S2->S4->S7->S8->S10->S29->S33->S34->S35->S37->S38,L0->L3,2,13,0,0.0,0.0001690381307763499
S0->S1->S2->S4->S7->S8->S10->S29->S30->S33->S35->S37->S38,L0->L3,2,13,0,0.0,0.0001690381307763499
S0->S1->S2->S4->S7->S8->S11->S39->S40->S41->S43->S44->S45->S47->S48->S49->S51,L0->L3,2,17,0,0.0,0.0001690381307763499
S0->S1->S2->S4->S7->S8->S10->S26->S29->S30->S32->S36->S37,L0->L2->L3,2,13,1,0.5,0.0001690381307763499
S0->S1->S2->S4->S7->S8->S10->S26->S29->S30->S32->S35->S37->S38,L0->L2->L3,2,14,0,0.0,0.0001690381307763499
S0->S1->S3->S5->S6->S8->S9->S40->S41->S44->S45->S47->S48->S50->S51,L0->L3,2,15,0,0.0,0.0001690381307763499
S0->S1->S3->S5->S6->S8->S9->S39->S40->S41->S43->S44->S45->S47->S48->S49->S51,L0->L3,2,17,0,0.0,0.0001690381307763499
S12->S13->S14->S17->S19->S20->S22->S26->S38,L0->L2->L3,2,9,0,0.0,0.0001690381307763499
S0->S1->S2->S5->S7->S8->S10->S24->S26->S39->S40->S41->S43->S45->S47->S48->S50->S51,L0->L1->L2->L3,2,18,0,0.0,0.0001690381307763499
S0->S1->S2->S5->S7->S8->S10->S12->S13->S15->S17->S18->S20->S21->S29->S30->S33->S34->S35->S37,L0->L3,2,20,0,0.0,0.0001690381307763499
S12->S13->S14->S17->S19->S20->S22->S27->S38,L0->L2->L3,2,9,0,0.0,0.0001690381307763499
S12->S13->S14->S17->S19->S20->S22->S27->S29->S30->S33->S34->S36->S37->S38,L0->L2->L3,2,15,0,0.0,0.0001690381307763499
S12->S13->S15->S16->S19->S20->S22->S25->S27->S29->S30->S33->S34->S36->S37,L0->L1->L2->L3,2,15,0,0.0,0.0001690381307763499
S12->S13->S15->S16->S19->S20->S22->S24->S27->S39->S40->S41->S44->S45->S47->S48->S49->S51,L0->L1->L2->L3,2,18,0,0.0,0.0001690381307763499
S12->S13->S15->S16->S19->S20->S21->S39->S40->S41->S44->S45->S47->S48->S49,L0->L3,2,15,0,0.0,0.0001690381307763499
S0->S1->S2->S5->S6->S8->S9->S12->S13->S14->S16->S18->S20->S22->S29->S30->S33->S34->S35->S37,L0->L3,2,20,0,0.0,0.0001690381307763499
S0->S1->S2->S5->S6->S8->S9->S12->S13->S15->S17->S19->S20->S21->S29->S30->S31->S33->S34->S36->S37,L0->L3,2,21,0,0.0,0.0001690381307763499
S0->S1->S2->S5->S6->S8->S9->S12->S13->S15->S17->S18->S20->S21->S29->S30->S33->S34->S36->S37,L0->L3,2,20,0,0.0,0.0001690381307763499
S12->S13->S14->S17->S19->S20->S22->S27->S29->S30->S33->S34->S35->S37->S38,L0->L2->L3,2,15,0,0.0,0.0001690381307763499
S0->S1->S3->S5->S7->S10->S27->S29->S30->S33->S34->S36->S37,L0->L2->L3,2,13,0,0.0,0.0001690381307763499
S0->S1->S3->S5->S7->S10->S27->S29->S30->S33->S34->S35->S37,L0->L2->L3,2,13,0,0.0,0.0001690381307763499
S0->S1->S3->S4->S6->S8->S10->S26->S38,L0->L2->L3,2,9,0,0.0,0.0001690381307763499
S12->S13->S14->S17->S19->S20->S22->S23->S29->S30->S33->S34->S35->S37,L0->L3,2,14,0,0.0,0.0001690381307763499
S12->S13->S14->S17->S19->S20->S21->S39->S40->S41->S43->S45->S47->S49->S51,L0->L3,2,15,0,0.0,0.0001690381307763499
S12->S13->S14->S17->S19->S20->S21->S39->S40->S41->S43->S44->S45->S47->S48->S49->S51,L0->L3,2,17,0,0.0,0.0001690381307763499
S12->S13->S14->S17->S19->S20->S21->S29->S33->S34->S36->S37,L0->L3,2,12,0,0.0,0.0001690381307763499
S12->S13->S14->S17->S19->S20->S22->S24->S27->S39->S40->S41->S43->S45->S47->S48->S50->S51,L0->L1->L2->L3,2,18,0,0.0,0.0001690381307763499
S0->S1->S2->S4->S7->S8->S9->S12->S13->S14->S17->S19->S20->S21->S29->S30->S33->S34->S36->S37,L0->L3,2,20,0,0.0,0.0001690381307763499
S12->S13->S15->S16->S19->S20->S23->S24->S26->S39->S40->S41->S44->S45->S47->S48->S49->S51,L0->L1->L2->L3,2,18,0,0.0,0.0001690381307763499
S0->S1->S2->S5->S6->S8->S9->S12->S13->S14->S17->S19->S20->S22->S29->S30->S33->S34->S35->S37,L0->L3,2,20,0,0.0,0.0001690381307763499
S0->S1->S2->S5->S6->S8->S9->S12->S13->S14->S17->S19->S20->S21->S29->S30->S33->S34->S36->S37,L0->L3,2,20,0,0.0,0.0001690381307763499
S0->S1->S3->S5->S6->S8->S10->S12->S13->S15->S17->S19->S20->S23->S29->S30->S33->S34->S35->S37,L0->L3,2,20,0,0.0,0.0001690381307763499
S0->S1->S2->S4->S7->S8->S10->S39->S40->S41->S43->S44->S45->S47->S48->S49->S51,L0->L3,2,17,0,0.0,0.0001690381307763499
S12->S13->S15->S16->S19->S20->S22->S27->S29->S30->S32->S35->S37,L0->L2->L3,2,13,0,0.0,0.0001690381307763499
S0->S1->S2->S4->S6->S8->S10->S40->S41->S43->S45->S47->S48->S49->S51,L0->L3,2,15,0,0.0,0.0001690381307763499
S0->S1->S2->S4->S6->S8->S10->S39->S40->S41->S44->S45->S47->S49->S51,L0->L3,2,15,0,0.0,0.0001690381307763499
S12->S13->S15->S16->S19->S20->S22->S29->S30->S32->S35->S37->S38,L0->L3,2,13,0,0.0,0.0001690381307763499
S12->S13->S15->S16->S19->S20->S22->S29->S30->S31->S33->S34->S36->S37->S38,L0->L3,2,15,0,0.0,0.0001690381307763499
S12->S13->S15->S16->S19->S20->S22->S29->S30->S31->S32->S35->S37,L0->L3,2,13,0,0.0,0.0001690381307763499
S12->S13->S15->S16->S19->S20->S22->S29->S30->S31->S32->S34->S36->S37,L0->L3,2,14,0,0.0,0.0001690381307763499
S0->S1->S3->S5->S7->S8->S10->S11->S26->S29->S30->S33->S34->S36->S37,L0->L2->L3,2,15,0,0.0,0.0001690381307763499
S12->S13->S14->S17->S19->S20->S22->S26->S39->S40->S41->S43->S45->S47->S48->S49->S51,L0->L2->L3,2,17,0,0.0,0.0001690381307763499
S12->S13->S14->S17->S19->S20->S21->S29->S30->S31->S32->S34->S35->S37,L0->L3,2,14,0,0.0,0.0001690381307763499
S0->S1->S3->S5->S7->S8->S10->S24->S26->S39->S40->S41->S44->S45->S47->S48->S50->S51,L0->L1->L2->L3,2,18,0,0.0,0.0001690381307763499
S0->S1->S2->S5->S7->S8->S10->S25->S29->S30->S33->S34->S36->S37,L0->L1->L3,2,14,1,0.5,0.0001690381307763499
S0->S1->S3->S5->S7->S11->S29->S30->S31->S33->S34->S35->S37,L0->L3,2,13,0,0.0,0.0001690381307763499
S0->S1->S3->S5->S7->S11->S27->S29->S30->S33->S34->S36->S37,L0->L2->L3,2,13,0,0.0,0.0001690381307763499
S12->S13->S15->S16->S19->S20->S23->S26->S29->S30->S32->S34->S36->S37,L0->L2->L3,2,14,0,0.0,0.0001690381307763499
S12->S13->S15->S16->S19->S20->S23->S27->S29->S30->S33->S34->S35->S37->S38,L0->L2->L3,2,15,0,0.0,0.0001690381307763499
S12->S13->S15->S16->S19->S20->S23->S27->S29->S30->S32->S34->S35->S37,L0->L2->L3,2,14,0,0.0,0.0001690381307763499
S0->S1->S3->S4->S6->S8->S11->S26->S29->S30->S32->S34->S35->S37,L0->L2->L3,2,14,0,0.0,0.0001690381307763499
S0->S1->S3->S4->S6->S8->S11->S27->S29->S30->S33->S34->S36,L0->L2->L3,2,13,0,0.0,0.0001690381307763499
S12->S13->S15->S16->S19->S20->S22->S29->S30->S33->S35->S37->S38,L0->L3,2,13,0,0.0,0.0001690381307763499
S12->S13->S15->S16->S19->S20->S23->S26->S29->S30->S32->S33->S34->S35->S37,L0->L2->L3,2,15,0,0.0,0.0001690381307763499
S12->S13->S15->S16->S19->S20->S23->S24->S27->S29->S30->S33->S34->S35->S37,L0->L1->L2->L3,2,15,0,0.0,0.0001690381307763499
S0->S1->S3->S5->S7->S8->S10->S12->S13->S14->S17->S18->S20->S23->S29->S30->S33->S34->S35->S37,L0->L3,2,20,0,0.0,0.0001690381307763499
S12->S13->S14->S17->S19->S20->S21->S29->S30->S32->S35->S37->S38,L0->L3,2,13,0,0.0,0.0001690381307763499
S12->S13->S14->S17->S19->S20->S21->S27->S29->S30->S32->S34->S36->S37,L0->L2->L3,2,14,0,0.0,0.0001690381307763499
S12->S13->S14->S17->S19->S20->S21->S26->S39->S40->S41->S44->S45->S47->S48->S49->S51,L0->L2->L3,2,17,0,0.0,0.0001690381307763499
S0->S1->S2->S5->S7->S8->S10->S26->S29->S30->S33->S34->S35,L0->L2->L3,2,13,0,0.0,0.0001690381307763499
S0->S1->S2->S5->S7->S8->S10->S26->S29->S30->S32->S34->S35->S37,L0->L2->L3,2,14,2,1.0,0.0001690381307763499
S12->S13->S14->S17->S19->S20->S21->S27->S39->S40->S41->S43->S45->S47->S48->S50->S51,L0->L2->L3,2,17,0,0.0,0.0001690381307763499
S0->S1->S2->S5->S6->S8->S11->S39->S40->S41->S43->S44->S45->S47->S48->S49->S51,L0->L3,2,17,0,0.0,0.0001690381307763499
S0->S1->S2->S5->S6->S8->S9->S11->S29->S30->S31->S33->S34->S35->S37,L0->L3,2,15,0,0.0,0.0001690381307763499
S0->S1->S3->S5->S6->S8->S10->S12->S13->S15->S16->S19->S20->S21->S29->S30->S33->S34->S35->S37,L0->L3,2,20,0,0.0,0.0001690381307763499
S0->S1->S3->S5->S6->S8->S10->S26->S27->S29->S30->S32->S33->S34->S35->S37,L0->L2->L3,2,16,0,0.0,0.0001690381307763499
S12->S13->S15->S16->S19->S20->S23->S26->S29->S30->S33->S34->S36->S37->S38,L0->L2->L3,2,15,0,0.0,0.0001690381307763499
S0->S1->S2->S4->S7->S8->S11->S29->S33->S34->S36->S37->S38,L0->L3,2,13,0,0.0,0.0001690381307763499
S0->S1->S2->S4->S7->S8->S11->S29->S30->S33->S34->S37,L0->L3,2,12,0,0.0,0.0001690381307763499
S0->S1->S2->S4->S6->S8->S9->S10->S29->S30->S32->S33->S34->S35->S37,L0->L3,2,15,0,0.0,0.0001690381307763499
S0->S1->S2->S4->S6->S8->S11->S39->S40->S43->S45->S47->S48->S49->S51,L0->L3,2,15,0,0.0,0.0001690381307763499
S0->S1->S3->S5->S7->S8->S10->S26->S29->S30->S32->S34->S35->S37,L0->L2->L3,2,14,0,0.0,0.0001690381307763499
S12->S13->S14->S17->S19->S20->S21->S26->S29->S30->S32->S33->S34->S35->S37,L0->L2->L3,2,15,0,0.0,0.0001690381307763499
S12->S13->S14->S17->S19->S20->S21->S24->S29->S30->S33->S34->S35->S37,L0->L1->L3,2,14,0,0.0,0.0001690381307763499
S0->S1->S2->S4->S6->S8->S11->S39->S40->S41->S44->S45->S48->S49->S51,L0->L3,2,15,0,0.0,0.0001690381307763499
S0->S1->S2->S4->S6->S8->S11->S39->S40->S41->S44->S45->S47->S48->S49->S50->S51,L0->L3,2,17,0,0.0,0.0001690381307763499
S12->S13->S14->S17->S19->S20->S21->S27->S29->S30->S32->S35->S37,L0->L2->L3,2,13,1,0.5,0.0001690381307763499
S0->S1->S3->S5->S7->S8->S10->S12->S13->S15->S16->S19->S20->S22->S27->S29->S30->S33->S34->S35->S37,L0->L2->L3,2,21,0,0.0,0.0001690381307763499
S0->S1->S3->S5->S6->S11->S26->S29->S30->S33->S34->S36->S37,L0->L2->L3,2,13,0,0.0,0.0001690381307763499
S0->S1->S3->S5->S6->S8->S10->S12->S13->S14->S17->S19->S20->S22->S29->S30->S33->S34->S35->S37,L0->L3,2,20,0,0.0,0.0001690381307763499
S0->S1->S3->S5->S6->S8->S10->S12->S13->S14->S17->S18->S20->S22->S29->S30->S33->S34->S35->S37,L0->L3,2,20,0,0.0,0.0001690381307763499
S0->S1->S3->S5->S6->S8->S10->S12->S13->S14->S16->S18->S20->S23->S29->S30->S33->S34->S35->S37,L0->L3,2,20,0,0.0,0.0001690381307763499
S0->S1->S3->S5->S6->S8->S10->S11->S39->S40->S41->S44->S45->S47->S48->S50->S51,L0->L3,2,17,0,0.0,0.0001690381307763499
S12->S13->S15->S16->S19->S20->S23->S26->S39->S40->S41->S44->S45->S47->S48->S49->S51,L0->L2->L3,2,17,0,0.0,0.0001690381307763499
S12->S13->S15->S16->S19->S20->S23->S26->S30->S33->S34->S36->S37,L0->L2->L3,2,13,0,0.0,0.0001690381307763499
S0->S1->S3->S5->S7->S8->S10->S12->S13->S15->S16->S19->S20->S21->S29->S30->S33->S34->S35->S37,L0->L3,2,20,0,0.0,0.0001690381307763499
S0->S1->S3->S5->S7->S8->S10->S24->S28->S29->S30->S33->S34->S36->S37,L0->L1->L2->L3,2,15,0,0.0,0.0001690381307763499
S0->S1->S2->S4->S7->S8->S10->S26->S29->S30->S32->S34->S35->S37,L0->L2->L3,2,14,0,0.0,0.0001690381307763499
S12->S13->S14->S17->S19->S20->S21->S23->S29->S30->S33->S34->S36->S37,L0->L3,2,14,0,0.0,0.0001690381307763499
S12->S13->S14->S17->S18->S20->S23->S39->S40->S41->S43->S44->S45->S47->S48->S50->S51,L0->L3,2,17,0,0.0,0.0001690381307763499
S12->S13->S14->S17->S18->S20->S23->S39->S40->S41->S43->S44->S45->S47->S48->S49->S51,L0->L3,2,17,0,0.0,0.0001690381307763499
S12->S13->S14->S17->S19->S20->S21->S26->S29->S30->S33->S34->S35->S37->S38,L0->L2->L3,2,15,0,0.0,0.0001690381307763499
S0->S1->S3->S5->S6->S8->S10->S11->S26->S29->S30->S33->S34->S35->S37,L0->L2->L3,2,15,0,0.0,0.0001690381307763499
S0->S1->S3->S5->S6->S7->S8->S10->S29->S30->S33->S34->S36->S37,L0->L3,2,14,0,0.0,0.0001690381307763499
S0->S1->S3->S5->S6->S7->S8->S10->S29->S30->S31->S33->S34->S35->S37,L0->L3,2,15,0,0.0,0.0001690381307763499
S0->S1->S3->S5->S6->S11->S29->S30->S32->S33->S34->S35->S37,L0->L3,2,13,0,0.0,0.0001690381307763499
S0->S1->S3->S5->S6->S11->S27->S29->S30->S33->S34->S36->S37,L0->L2->L3,2,13,0,0.0,0.0001690381307763499
S0->S1->S3->S5->S6->S8->S10->S12->S13->S15->S16->S18->S20->S21->S29->S30->S33->S34->S36->S37,L0->L3,2,20,0,0.0,0.0001690381307763499
S12->S13->S15->S16->S19->S20->S23->S29->S30->S33->S34->S36,L0->L3,2,12,0,0.0,0.0001690381307763499
S0->S1->S2->S4->S6->S8->S10->S29->S30->S33->S34->S35->S36->S37,L0->L3,2,14,0,0.0,0.0001690381307763499
S12->S13->S14->S17->S19->S20->S21->S26->S29->S30->S32->S36->S37,L0->L2->L3,2,13,0,0.0,0.0001690381307763499
S0->S1->S3->S5->S7->S8->S10->S24->S27->S29->S30->S33->S34->S35->S37,L0->L1->L2->L3,2,15,0,0.0,0.0001690381307763499
S0->S1->S3->S5->S7->S8->S10->S26->S29->S30->S32->S36->S37,L0->L2->L3,2,13,2,1.0,0.0001690381307763499
S0->S1->S3->S5->S7->S8->S10->S29->S30->S31->S32->S34->S35->S37,L0->L3,2,14,0,0.0,0.0001690381307763499
S0->S1->S2->S4->S6->S8->S9->S12->S13->S14->S16->S18->S20->S23->S29->S30->S33->S34->S36->S37,L0->L3,2,20,0,0.0,0.0001690381307763499
S0->S1->S2->S5->S7->S8->S10->S27->S29->S30->S32->S34->S36->S37,L0->L2->L3,2,14,0,0.0,0.0001690381307763499
S0->S1->S2->S5->S7->S8->S10->S27->S29->S30->S32->S34->S35->S37,L0->L2->L3,2,14,0,0.0,0.0001690381307763499
S0->S1->S2->S5->S7->S8->S10->S27->S29->S30->S32->S33->S34->S36->S37->S38,L0->L2->L3,2,16,0,0.0,0.0001690381307763499
S12->S13->S14->S17->S18->S20->S23->S29->S30->S32->S35->S37->S38,L0->L3,2,13,0,0.0,0.0001690381307763499
S0->S1->S3->S4->S6->S8->S10->S26->S29->S30->S33->S34->S36,L0->L2->L3,2,13,0,0.0,0.0001690381307763499
S0->S1->S3->S4->S6->S8->S10->S26->S29->S30->S32->S35->S37,L0->L2->L3,2,13,0,0.0,0.0001690381307763499
S0->S1->S3->S4->S6->S8->S10->S26->S29->S30->S32->S34->S36->S37,L0->L2->L3,2,14,0,0.0,0.0001690381307763499
S0->S1->S3->S4->S6->S8->S10->S26->S29->S30->S32->S34->S35->S37,L0->L2->L3,2,14,0,0.0,0.0001690381307763499
S0->S1->S3->S4->S6->S8->S10->S26->S29->S30->S32->S33->S34->S35->S37->S38,L0->L2->L3,2,16,0,0.0,0.0001690381307763499
S0->S1->S3->S5->S7->S8->S10->S26->S38,L0->L2->L3,2,9,0,0.0,0.0001690381307763499
S0->S1->S3->S5->S7->S8->S10->S26->S29->S33->S34->S36->S37,L0->L2->L3,2,13,0,0.0,0.0001690381307763499
S0->S1->S3->S4->S6->S8->S10->S25->S29->S30->S33->S34->S35->S37,L0->L1->L3,2,14,0,0.0,0.0001690381307763499
S0->S1->S2->S4->S6->S8->S9->S11->S26->S29->S30->S33->S34->S36->S37,L0->L2->L3,2,15,0,0.0,0.0001690381307763499
S0->S1->S2->S4->S6->S8->S9->S11->S26->S29->S30->S33->S34->S35->S37,L0->L2->L3,2,15,0,0.0,0.0001690381307763499
S12->S13->S14->S17->S18->S20->S23->S29->S30->S31->S32->S34->S35->S37,L0->L3,2,14,0,0.0,0.0001690381307763499
S12->S13->S14->S17->S18->S20->S23->S27->S39->S40->S41->S44->S45->S47->S48->S49->S51,L0->L2->L3,2,17,0,0.0,0.0001690381307763499
S12->S13->S14->S17->S18->S20->S23->S29->S30->S31->S33->S36->S37,L0->L3,2,13,0,0.0,0.0001690381307763499
S0->S1->S2->S4->S6->S8->S9->S12->S13->S14->S17->S18->S20->S21->S29->S30->S33->S34->S35->S37,L0->L3,2,20,0,0.0,0.0001690381307763499
S0->S1->S3->S5->S6->S10->S27->S29->S30->S33->S34->S35->S37,L0->L2->L3,2,13,0,0.0,0.0001690381307763499
S0->S1->S3->S5->S29->S30->S33->S34->S36->S37,L0->L3,2,10,0,0.0,0.0001690381307763499
S12->S13->S15->S16->S19->S20->S23->S29->S30->S33->S34->S35,L0->L3,2,12,0,0.0,0.0001690381307763499
S12->S13->S15->S17->S18->S20->S21->S23->S29->S30->S33->S34->S35->S37,L0->L3,2,14,0,0.0,0.0001690381307763499
S12->S13->S15->S17->S18->S20->S21->S22->S29->S30->S33->S34->S36->S37,L0->L3,2,14,0,0.0,0.0001690381307763499
S12->S13->S15->S17->S18->S20->S21->S22->S29->S30->S33->S34->S35->S37,L0->L3,2,14,0,0.0,0.0001690381307763499
S12->S13->S15->S16->S19->S20->S23->S39->S40->S41->S43->S44->S45->S47->S48->S49->S51,L0->L3,2,17,0,0.0,0.0001690381307763499
S12->S13->S15->S17->S18->S20->S21->S29->S30->S31->S33->S34->S35->S37->S38,L0->L3,2,15,0,0.0,0.0001690381307763499
S0->S1->S2->S4->S6->S8->S10->S29->S30->S32->S33->S34->S35->S37->S38,L0->L3,2,15,0,0.0,0.0001690381307763499
S0->S1->S3->S4->S7->S8->S9->S40->S41->S44->S45->S47->S48->S49->S51,L0->L3,2,15,0,0.0,0.0001690381307763499
S12->S13->S15->S16->S19->S20->S23->S29->S33->S34->S35->S37,L0->L3,2,12,0,0.0,0.0001690381307763499
S12->S13->S15->S17->S18->S20->S21->S24->S29->S30->S33->S34->S36->S37,L0->L1->L3,2,14,1,0.5,0.0001690381307763499
S12->S13->S15->S17->S18->S20->S21->S24->S29->S30->S33->S34->S35->S37,L0->L1->L3,2,14,0,0.0,0.0001690381307763499
S12->S13->S15->S17->S18->S20->S21->S24->S27->S29->S30->S33->S34->S36->S37,L0->L1->L2->L3,2,15,0,0.0,0.0001690381307763499
S0->S1->S3->S4->S6->S8->S11->S29->S30->S32->S34->S35->S37->S38,L0->L3,2,14,0,0.0,0.0001690381307763499
S0->S1->S3->S4->S6->S8->S11->S29->S30->S31->S32->S36->S37,L0->L3,2,13,0,0.0,0.0001690381307763499
S0->S1->S2->S4->S7->S8->S9->S28->S29->S30->S32->S33->S34->S35->S37,L0->L2->L3,2,15,0,0.0,0.0001690381307763499
S0->S1->S2->S5->S7->S8->S10->S28->S29->S30->S32->S34->S36->S37,L0->L2->L3,2,14,0,0.0,0.0001690381307763499
S0->S1->S2->S5->S7->S8->S10->S28->S29->S30->S32->S33->S34->S36->S37,L0->L2->L3,2,15,0,0.0,0.0001690381307763499
S0->S1->S2->S5->S7->S8->S10->S28->S29->S30->S32->S33->S34->S35->S37,L0->L2->L3,2,15,0,0.0,0.0001690381307763499
S0->S1->S2->S4->S7->S8->S11->S12->S13->S14->S16->S19->S20->S22->S29->S30->S33->S34->S36->S37,L0->L3,2,20,0,0.0,0.0001690381307763499
S12->S13->S15->S17->S18->S20->S21->S26->S38,L0->L2->L3,2,9,0,0.0,0.0001690381307763499
S12->S13->S15->S17->S18->S20->S21->S26->S30->S33->S34->S35->S37,L0->L2->L3,2,13,0,0.0,0.0001690381307763499
S12->S13->S15->S17->S18->S20->S21->S26->S29->S33->S34->S36->S37,L0->L2->L3,2,13,0,0.0,0.0001690381307763499
S12->S13->S15->S17->S18->S20->S21->S27->S39->S40->S41->S43->S45->S47->S48->S50->S51,L0->L2->L3,2,17,0,0.0,0.0001690381307763499
S12->S13->S15->S17->S18->S20->S21->S27->S29->S30->S33->S34->S35->S37->S38,L0->L2->L3,2,15,0,0.0,0.0001690381307763499
S12->S13->S14->S17->S18->S20->S23->S26->S39->S40->S41->S43->S45->S47->S48->S50->S51,L0->L2->L3,2,17,0,0.0,0.0001690381307763499
S0->S1->S3->S5->S7->S8->S10->S28->S29->S30->S33->S34->S36->S37->S38,L0->L2->L3,2,15,0,0.0,0.0001690381307763499
S12->S13->S14->S17->S18->S20->S22->S39->S40->S41->S43->S45->S47->S48->S49,L0->L3,2,15,0,0.0,0.0001690381307763499
S12->S13->S14->S17->S18->S20->S22->S29->S33->S34->S35->S37,L0->L3,2,12,0,0.0,0.0001690381307763499
S0->S1->S3->S4->S6->S8->S10->S25->S27->S29->S30->S33->S34->S36->S37,L0->L1->L2->L3,2,15,0,0.0,0.0001690381307763499
S0->S1->S3->S4->S6->S8->S10->S25->S27->S29->S30->S33->S34->S35->S37,L0->L1->L2->L3,2,15,0,0.0,0.0001690381307763499
S0->S1->S2->S4->S7->S8->S10->S24->S26->S39->S40->S41->S44->S45->S47->S48->S50->S51,L0->L1->L2->L3,2,18,0,0.0,0.0001690381307763499
S0->S1->S2->S4->S7->S8->S10->S24->S26->S39->S40->S41->S44->S45->S47->S48->S49->S51,L0->L1->L2->L3,2,18,0,0.0,0.0001690381307763499
S12->S13->S15->S17->S18->S20->S21->S29->S30->S31->S33->S34->S36->S37->S38,L0->L3,2,15,0,0.0,0.0001690381307763499
S12->S13->S15->S17->S18->S20->S22->S24->S26->S29->S30->S33->S34->S36->S37,L0->L1->L2->L3,2,15,0,0.0,0.0001690381307763499
S12->S13->S15->S17->S18->S20->S22->S23->S26->S29->S30->S33->S34->S35->S37,L0->L2->L3,2,15,0,0.0,0.0001690381307763499
S0->S1->S3->S4->S7->S8->S9->S39->S40->S41->S45->S47->S48->S50->S51,L0->L3,2,15,0,0.0,0.0001690381307763499
S0->S1->S3->S4->S7->S8->S9->S39->S40->S41->S43->S45->S47->S50->S51,L0->L3,2,15,0,0.0,0.0001690381307763499
S0->S1->S3->S4->S7->S8->S9->S29->S33->S34->S36->S37->S38,L0->L3,2,13,0,0.0,0.0001690381307763499
S0->S1->S2->S4->S6->S8->S10->S29->S30->S31->S32->S36->S37,L0->L3,2,13,0,0.0,0.0001690381307763499
S0->S1->S2->S5->S6->S8->S9->S10->S26->S29->S30->S33->S34->S36->S37,L0->L2->L3,2,15,0,0.0,0.0001690381307763499
S12->S13->S15->S17->S18->S20->S21->S29->S30->S32->S35->S37->S38,L0->L3,2,13,0,0.0,0.0001690381307763499
S0->S1->S3->S5->S7->S8->S10->S29->S30->S32->S34->S36->S37->S38,L0->L3,2,14,0,0.0,0.0001690381307763499
S0->S1->S3->S5->S7->S8->S10->S29->S30->S32->S34->S35->S37->S38,L0->L3,2,14,0,0.0,0.0001690381307763499
S0->S1->S2->S4->S7->S8->S10->S24->S27->S29->S30->S33->S34->S36->S37,L0->L1->L2->L3,2,15,0,0.0,0.0001690381307763499
S0->S1->S3->S5->S7->S8->S11->S12->S13->S14->S16->S18->S20->S22->S29->S30->S33->S34->S35->S37,L0->L3,2,20,0,0.0,0.0001690381307763499
S0->S1->S2->S5->S7->S8->S10->S29->S30->S31->S33->S34->S36->S37->S38,L0->L3,2,15,0,0.0,0.0001690381307763499
S12->S13->S14->S17->S18->S20->S22->S29->S30->S33->S34->S35->S38,L0->L3,2,13,0,0.0,0.0001690381307763499
S12->S13->S14->S17->S18->S20->S22->S29->S30->S32->S35->S37->S38,L0->L3,2,13,0,0.0,0.0001690381307763499
S12->S13->S14->S17->S18->S20->S22->S29->S30->S32->S33->S34->S36->S37->S38,L0->L3,2,15,0,0.0,0.0001690381307763499
S0->S1->S3->S5->S7->S8->S10->S29->S30->S31->S32->S36->S37,L0->L3,2,13,0,0.0,0.0001690381307763499
S0->S1->S2->S4->S7->S8->S10->S24->S28->S29->S30->S33->S34->S36->S37,L0->L1->L2->L3,2,15,0,0.0,0.0001690381307763499
S12->S13->S14->S17->S18->S20->S22->S29->S30->S32->S33->S34->S35->S37->S38,L0->L3,2,15,0,0.0,0.0001690381307763499
S12->S13->S14->S17->S18->S20->S22->S27->S29->S30->S32->S33->S34->S36->S37,L0->L2->L3,2,15,0,0.0,0.0001690381307763499
S12->S13->S14->S17->S18->S20->S22->S27->S29->S30->S31->S33->S34->S35->S37,L0->L2->L3,2,15,0,0.0,0.0001690381307763499
S12->S13->S14->S17->S18->S20->S22->S26->S39->S40->S41->S43->S45->S47->S48->S50->S51,L0->L2->L3,2,17,0,0.0,0.0001690381307763499
S12->S13->S14->S17->S18->S20->S22->S26->S39->S40->S41->S43->S45->S47->S48->S49->S51,L0->L2->L3,2,17,0,0.0,0.0001690381307763499
S12->S13->S14->S17->S18->S20->S22->S28->S29->S30->S33->S34->S36->S37->S38,L0->L2->L3,2,15,0,0.0,0.0001690381307763499
S12->S13->S14->S17->S18->S20->S22->S27->S39->S40->S41->S44->S45->S47->S48->S50->S51,L0->L2->L3,2,17,0,0.0,0.0001690381307763499
S12->S13->S14->S17->S18->S20->S22->S27->S39->S40->S41->S44->S45->S47->S48->S49->S51,L0->L2->L3,2,17,0,0.0,0.0001690381307763499
S12->S13->S14->S17->S18->S20->S22->S27->S39->S40->S41->S43->S45->S47->S48->S50->S51,L0->L2->L3,2,17,0,0.0,0.0001690381307763499
S12->S13->S15->S17->S18->S20->S22->S26->S29->S30->S32->S36->S37,L0->L2->L3,2,13,0,0.0,0.0001690381307763499
S12->S13->S15->S17->S18->S20->S22->S26->S29->S30->S32->S34->S35->S37,L0->L2->L3,2,14,1,0.5,0.0001690381307763499
S0->S1->S2->S4->S6->S8->S10->S28->S29->S30->S33->S34->S35->S37->S38,L0->L2->L3,2,15,0,0.0,0.0001690381307763499
S0->S1->S2->S4->S7->S8->S11->S12->S13->S14->S16->S19->S20->S21->S29->S30->S33->S34->S35->S37,L0->L3,2,20,0,0.0,0.0001690381307763499
S0->S1->S2->S4->S7->S8->S11->S29->S30->S32->S34->S35->S37->S38,L0->L3,2,14,0,0.0,0.0001690381307763499
S0->S1->S3->S4->S6->S8->S11->S29->S30->S33->S34->S35,L0->L3,2,12,0,0.0,0.0001690381307763499
S0->S1->S3->S4->S7->S8->S9->S28->S29->S30->S31->S32->S33->S34->S36->S37,L0->L2->L3,2,16,0,0.0,0.0001690381307763499
S0->S1->S3->S4->S7->S8->S9->S29->S30->S33->S34->S35->S36->S37,L0->L3,2,14,1,0.5,0.0001690381307763499
S12->S13->S15->S17->S18->S20->S22->S27->S39->S40->S41->S44->S45->S47->S48->S50->S51,L0->L2->L3,2,17,0,0.0,0.0001690381307763499
S12->S13->S15->S17->S18->S20->S22->S27->S39->S40->S41->S44->S45->S47->S48->S49->S51,L0->L2->L3,2,17,0,0.0,0.0001690381307763499
S0->S1->S3->S4->S6->S8->S11->S39->S40->S41->S43->S44->S45->S47->S48->S50->S51,L0->L3,2,17,0,0.0,0.0001690381307763499
S12->S13->S15->S17->S18->S20->S21->S29->S30->S33->S36->S37->S38,L0->L3,2,13,0,0.0,0.0001690381307763499
S12->S13->S15->S17->S18->S20->S22->S24->S29->S30->S33->S34->S36->S37,L0->L1->L3,2,14,0,0.0,0.0001690381307763499
S0->S1->S2->S4->S7->S8->S9->S39->S40->S44->S45->S47->S48->S49->S51,L0->L3,2,15,0,0.0,0.0001690381307763499
S0->S1->S2->S4->S7->S8->S9->S39->S40->S41->S43->S45->S47->S50->S51,L0->L3,2,15,0,0.0,0.0001690381307763499
S0->S1->S2->S5->S6->S8->S11->S29->S31->S33->S34->S36->S37,L0->L3,2,13,0,0.0,0.0001690381307763499
S12->S13->S14->S17->S18->S20->S22->S27->S29->S30->S33->S34->S36->S37->S38,L0->L2->L3,2,15,0,0.0,0.0001690381307763499
S0->S1->S2->S5->S7->S8->S10->S29->S30->S33->S34->S35->S36->S37,L0->L3,2,14,1,0.5,0.0001690381307763499
S0->S1->S3->S4->S6->S8->S10->S24->S26->S39->S40->S41->S44->S45->S47->S48->S50->S51,L0->L1->L2->L3,2,18,0,0.0,0.0001690381307763499
S0->S1->S3->S5->S7->S8->S11->S12->S13->S15->S17->S18->S20->S22->S29->S30->S33->S34->S35->S37,L0->L3,2,20,0,0.0,0.0001690381307763499
S0->S1->S2->S4->S7->S8->S9->S27->S29->S33->S34->S35->S37,L0->L2->L3,2,13,0,0.0,0.0001690381307763499
S0->S1->S2->S4->S7->S8->S9->S27->S29->S30->S32->S36->S37,L0->L2->L3,2,13,1,0.5,0.0001690381307763499
S12->S13->S14->S17->S18->S20->S22->S25->S26->S29->S30->S33->S34->S35->S37,L0->L1->L2->L3,2,15,0,0.0,0.0001690381307763499
S0->S1->S3->S5->S7->S8->S10->S39->S40->S41->S43->S44->S45->S47->S48->S50->S51,L0->L3,2,17,0,0.0,0.0001690381307763499
S0->S1->S3->S5->S7->S8->S10->S29->S33->S34->S35->S37->S38,L0->L3,2,13,0,0.0,0.0001690381307763499
S12->S13->S14->S17->S18->S20->S21->S29->S30->S31->S33->S34->S35->S37->S38,L0->L3,2,15,0,0.0,0.0001690381307763499
S12->S13->S14->S17->S18->S20->S21->S29->S30->S31->S32->S35->S37,L0->L3,2,13,0,0.0,0.0001690381307763499
S0->S1->S2->S4->S7->S8->S9->S27->S29->S30->S32->S33->S34->S35->S37->S38,L0->L2->L3,2,16,0,0.0,0.0001690381307763499
S0->S1->S2->S5->S7->S8->S10->S40->S41->S43->S45->S47->S48->S49->S51,L0->L3,2,15,0,0.0,0.0001690381307763499
S12->S13->S14->S17->S18->S20->S21->S29->S30->S33->S34->S35->S36->S37,L0->L3,2,14,0,0.0,0.0001690381307763499
S12->S13->S14->S17->S18->S20->S21->S29->S30->S33->S34->S35,L0->L3,2,12,0,0.0,0.0001690381307763499
S0->S1->S2->S5->S29->S30->S33->S34->S36->S37,L0->L3,2,10,0,0.0,0.0001690381307763499
S0->S1->S3->S4->S7->S8->S9->S26->S29->S30->S32->S34->S36->S37,L0->L2->L3,2,14,0,0.0,0.0001690381307763499
S0->S1->S2->S4->S7->S8->S11->S12->S13->S14->S17->S19->S20->S23->S29->S30->S33->S34->S35->S37,L0->L3,2,20,0,0.0,0.0001690381307763499
S0->S1->S3->S4->S7->S8->S9->S27->S29->S30->S33->S34->S35,L0->L2->L3,2,13,0,0.0,0.0001690381307763499
S0->S1->S2->S4->S7->S8->S11->S12->S13->S15->S16->S19->S20->S22->S29->S30->S33->S34->S35->S37,L0->L3,2,20,0,0.0,0.0001690381307763499
S0->S1->S3->S4->S7->S8->S9->S29->S30->S31->S32->S36->S37,L0->L3,2,13,1,0.5,0.0001690381307763499
S0->S1->S3->S4->S7->S8->S9->S29->S30->S31->S32->S34->S36->S37,L0->L3,2,14,0,0.0,0.0001690381307763499
S12->S13->S15->S17->S18->S20->S22->S29->S30->S32->S33->S34->S35->S37->S38,L0->L3,2,15,0,0.0,0.0001690381307763499
S12->S13->S15->S17->S18->S20->S22->S29->S30->S31->S32->S35->S37,L0->L3,2,13,0,0.0,0.0001690381307763499
S12->S13->S15->S17->S18->S20->S22->S28->S29->S30->S32->S33->S34->S36->S37,L0->L2->L3,2,15,0,0.0,0.0001690381307763499
S12->S13->S15->S17->S18->S20->S23->S26->S39->S40->S41->S44->S45->S47->S48->S50->S51,L0->L2->L3,2,17,0,0.0,0.0001690381307763499
S0->S1->S3->S4->S6->S8->S9->S11->S26->S29->S30->S33->S34->S36->S37,L0->L2->L3,2,15,0,0.0,0.0001690381307763499
S12->S13->S15->S17->S18->S20->S22->S29->S30->S33->S35->S37,L0->L3,2,12,0,0.0,0.0001690381307763499
S12->S13->S15->S17->S18->S20->S22->S29->S30->S32->S35->S37->S38,L0->L3,2,13,0,0.0,0.0001690381307763499
S0->S1->S2->S5->S6->S8->S11->S29->S30->S31->S32->S35->S37,L0->L3,2,13,0,0.0,0.0001690381307763499
S0->S1->S2->S5->S6->S10->S26->S29->S30->S33->S34->S36->S37,L0->L2->L3,2,13,0,0.0,0.0001690381307763499
S0->S1->S2->S4->S6->S8->S9->S24->S26->S27->S29->S30->S32->S33->S34->S36->S37,L0->L1->L2->L3,2,17,0,0.0,0.0001690381307763499
S0->S1->S2->S4->S6->S8->S9->S12->S13->S15->S17->S19->S20->S22->S29->S30->S33->S34->S35->S37,L0->L3,2,20,0,0.0,0.0001690381307763499
S0->S1->S2->S4->S6->S8->S9->S12->S13->S15->S17->S19->S20->S21->S29->S30->S33->S34->S35->S37,L0->L3,2,20,0,0.0,0.0001690381307763499
S12->S13->S14->S17->S18->S20->S21->S27->S29->S30->S31->S33->S34->S36->S37,L0->L2->L3,2,15,0,0.0,0.0001690381307763499
S12->S13->S14->S17->S18->S20->S21->S26->S39->S40->S41->S43->S45->S47->S48->S49->S51,L0->L2->L3,2,17,0,0.0,0.0001690381307763499
S0->S1->S3->S5->S7->S8->S11->S12->S13->S15->S16->S19->S20->S22->S29->S30->S33->S34->S36->S37,L0->L3,2,20,0,0.0,0.0001690381307763499
S0->S1->S3->S5->S7->S8->S11->S25->S26->S29->S30->S33->S34->S35->S37,L0->L1->L2->L3,2,15,0,0.0,0.0001690381307763499
S0->S1->S3->S5->S7->S8->S11->S24->S28->S29->S30->S33->S34->S36->S37,L0->L1->L2->L3,2,15,0,0.0,0.0001690381307763499
S0->S1->S3->S5->S7->S8->S11->S24->S27->S39->S40->S41->S44->S45->S47->S48->S49->S51,L0->L1->L2->L3,2,18,0,0.0,0.0001690381307763499
S0->S1->S3->S5->S7->S8->S11->S24->S26->S39->S40->S41->S44->S45->S47->S48->S49->S51,L0->L1->L2->L3,2,18,0,0.0,0.0001690381307763499
S0->S1->S2->S4->S7->S8->S10->S12->S13->S15->S16->S19->S20->S23->S29->S30->S33->S34->S35->S37,L0->L3,2,20,0,0.0,0.0001690381307763499
S0->S1->S3->S4->S6->S8->S10->S24->S26->S29->S30->S32->S36->S37,L0->L1->L2->L3,2,14,0,0.0,0.0001690381307763499
S12->S13->S14->S17->S18->S20->S21->S24->S29->S30->S33->S34->S35->S37,L0->L1->L3,2,14,0,0.0,0.0001690381307763499
S12->S13->S14->S17->S18->S20->S21->S24->S27->S29->S30->S33->S34->S36->S37,L0->L1->L2->L3,2,15,0,0.0,0.0001690381307763499
S12->S13->S14->S17->S18->S20->S21->S24->S26->S39->S40->S41->S44->S45->S47->S48->S50->S51,L0->L1->L2->L3,2,18,0,0.0,0.0001690381307763499
S12->S13->S14->S17->S18->S20->S21->S24->S26->S39->S40->S41->S44->S45->S47->S48->S49->S51,L0->L1->L2->L3,2,18,0,0.0,0.0001690381307763499
S0->S1->S3->S5->S7->S8->S11->S24->S26->S39->S40->S41->S43->S45->S47->S48->S50->S51,L0->L1->L2->L3,2,18,0,0.0,0.0001690381307763499
S0->S1->S3->S5->S7->S8->S11->S26->S29->S30->S32->S36->S37,L0->L2->L3,2,13,0,0.0,0.0001690381307763499
S0->S1->S3->S4->S7->S8->S9->S25->S27->S29->S30->S33->S34->S35->S37,L0->L1->L2->L3,2,15,0,0.0,0.0001690381307763499
S0->S1->S3->S4->S7->S8->S9->S25->S26->S29->S30->S33->S34->S35->S37,L0->L1->L2->L3,2,15,0,0.0,0.0001690381307763499
S0->S1->S3->S4->S7->S8->S9->S24->S29->S30->S33->S34->S36->S37->S38,L0->L1->L3,2,15,0,0.0,0.0001690381307763499
S0->S1->S3->S4->S7->S8->S9->S27->S29->S30->S32->S36->S37,L0->L2->L3,2,13,0,0.0,0.0001690381307763499
S12->S13->S15->S17->S18->S20->S22->S29->S30->S32->S34->S36->S37,L0->L3,2,13,0,0.0,0.0001690381307763499
S0->S1->S2->S4->S6->S8->S10->S27->S29->S30->S33->S34->S35,L0->L2->L3,2,13,0,0.0,0.0001690381307763499
S0->S1->S2->S5->S6->S8->S11->S26->S38,L0->L2->L3,2,9,0,0.0,0.0001690381307763499
S0->S1->S2->S5->S6->S8->S11->S28->S29->S30->S32->S33->S34->S35->S37,L0->L2->L3,2,15,0,0.0,0.0001690381307763499
S0->S1->S3->S5->S7->S8->S11->S26->S29->S30->S32->S34->S35->S37,L0->L2->L3,2,14,1,0.5,0.0001690381307763499
S0->S1->S3->S5->S7->S8->S11->S26->S27->S29->S30->S32->S33->S34->S35->S37,L0->L2->L3,2,16,0,0.0,0.0001690381307763499
S0->S1->S3->S5->S7->S8->S11->S25->S29->S30->S33->S34->S36->S37,L0->L1->L3,2,14,0,0.0,0.0001690381307763499
S12->S13->S14->S16->S19->S20->S23->S29->S30->S33->S34->S35,L0->L3,2,12,0,0.0,0.0001690381307763499
S12->S13->S14->S16->S19->S20->S23->S29->S30->S32->S33->S34->S35->S37->S38,L0->L3,2,15,0,0.0,0.0001690381307763499
S0->S1->S2->S4->S6->S8->S9->S24->S28->S29->S30->S33->S34->S36->S37,L0->L1->L2->L3,2,15,0,0.0,0.0001690381307763499
S0->S1->S2->S4->S6->S8->S9->S24->S28->S29->S30->S32->S33->S34->S35->S37,L0->L1->L2->L3,2,16,0,0.0,0.0001690381307763499
S12->S13->S14->S17->S18->S20->S21->S23->S29->S30->S33->S34->S36->S37,L0->L3,2,14,0,0.0,0.0001690381307763499
S0->S1->S2->S4->S6->S8->S10->S26->S29->S30->S32->S34->S36->S37,L0->L2->L3,2,14,0,0.0,0.0001690381307763499
S0->S1->S3->S4->S7->S8->S9->S12->S13->S14->S16->S19->S20->S23->S29->S30->S33->S34->S36->S37,L0->L3,2,20,0,0.0,0.0001690381307763499
S0->S1->S3->S4->S7->S8->S9->S24->S29->S30->S32->S33->S34->S36->S37,L0->L1->L3,2,15,0,0.0,0.0001690381307763499
S0->S1->S3->S4->S7->S8->S9->S24->S27->S29->S30->S33->S34->S36->S37,L0->L1->L2->L3,2,15,0,0.0,0.0001690381307763499
S0->S1->S3->S4->S7->S8->S9->S24->S26->S47->S48->S50->S51,L0->L1->L2->L3,2,13,0,0.0,0.0001690381307763499
S0->S1->S3->S4->S7->S8->S9->S26->S29->S30->S33->S34->S36,L0->L2->L3,2,13,0,0.0,0.0001690381307763499
S12->S13->S15->S17->S18->S20->S23->S25->S27->S47->S48->S49->S51,L0->L1->L2->L3,2,13,0,0.0,0.0001690381307763499
S12->S13->S15->S17->S18->S20->S23->S27->S39->S40->S41->S44->S45->S47->S48->S49->S51,L0->L2->L3,2,17,2,1.0,0.0001690381307763499
S12->S13->S15->S17->S18->S20->S23->S27->S29->S30->S32->S36->S37,L0->L2->L3,2,13,0,0.0,0.0001690381307763499
S0->S1->S2->S5->S6->S8->S11->S26->S27->S29->S30->S32->S34->S35->S37,L0->L2->L3,2,15,1,0.5,0.0001690381307763499
S0->S1->S2->S5->S6->S8->S11->S26->S27->S29->S30->S32->S33->S34->S36->S37->S38,L0->L2->L3,2,17,0,0.0,0.0001690381307763499
S12->S13->S14->S16->S19->S20->S23->S39->S40->S41->S44->S45->S47->S48->S49->S50->S51,L0->L3,2,17,0,0.0,0.0001690381307763499
S12->S13->S14->S16->S19->S20->S23->S39->S40->S41->S44->S45->S47->S48->S49,L0->L3,2,15,0,0.0,0.0001690381307763499
S12->S13->S14->S16->S19->S20->S23->S39->S40->S41->S43->S45->S47->S48->S49->S50->S51,L0->L3,2,17,0,0.0,0.0001690381307763499
S0->S1->S3->S5->S7->S8->S11->S27->S29->S30->S32->S33->S34->S36->S37->S38,L0->L2->L3,2,16,0,0.0,0.0001690381307763499
S12->S13->S14->S16->S19->S20->S23->S24->S27->S29->S30->S33->S34->S36->S37,L0->L1->L2->L3,2,15,0,0.0,0.0001690381307763499
S12->S13->S14->S16->S19->S20->S23->S24->S27->S29->S30->S33->S34->S35->S37,L0->L1->L2->L3,2,15,0,0.0,0.0001690381307763499
S0->S1->S3->S4->S7->S8->S9->S12->S13->S15->S16->S19->S20->S23->S29->S30->S33->S34->S35->S37,L0->L3,2,20,0,0.0,0.0001690381307763499
S0->S1->S2->S5->S6->S8->S11->S27->S29->S30->S32->S36->S37->S38,L0->L2->L3,2,14,0,0.0,0.0001690381307763499
S12->S13->S15->S17->S18->S20->S23->S29->S30->S33->S34->S36,L0->L3,2,12,0,0.0,0.0001690381307763499
S12->S13->S15->S17->S18->S20->S23->S29->S30->S32->S34->S35->S37->S38,L0->L3,2,14,0,0.0,0.0001690381307763499
S0->S1->S2->S4->S6->S8->S10->S26->S29->S33->S34->S36->S37,L0->L2->L3,2,13,0,0.0,0.0001690381307763499
S0->S1->S2->S4->S6->S8->S10->S26->S29->S30->S32->S36->S37,L0->L2->L3,2,13,1,0.5,0.0001690381307763499
S12->S13->S14->S16->S19->S20->S23->S27->S29->S30->S33->S34->S35->S37->S38,L0->L2->L3,2,15,0,0.0,0.0001690381307763499
S12->S13->S14->S16->S19->S20->S23->S26->S39->S40->S41->S44->S45->S47->S48->S49->S51,L0->L2->L3,2,17,0,0.0,0.0001690381307763499
S0->S1->S2->S5->S7->S8->S11->S25->S27->S29->S30->S33->S34->S35->S37,L0->L1->L2->L3,2,15,0,0.0,0.0001690381307763499
S0->S1->S2->S4->S6->S8->S9->S25->S27->S29->S30->S33->S34->S35->S37,L0->L1->L2->L3,2,15,0,0.0,0.0001690381307763499
S12->S13->S14->S16->S19->S20->S22->S29->S33->S34->S35->S37,L0->L3,2,12,0,0.0,0.0001690381307763499
S12->S13->S14->S16->S19->S20->S22->S29->S30->S33->S34->S35,L0->L3,2,12,0,0.0,0.0001690381307763499
S0->S1->S2->S4->S6->S8->S9->S26->S29->S30->S32->S34->S35->S37,L0->L2->L3,2,14,0,0.0,0.0001690381307763499
S12->S13->S15->S17->S19->S20->S21->S27->S39->S40->S41->S43->S45->S47->S48->S50->S51,L0->L2->L3,2,17,0,0.0,0.0001690381307763499
S0->S1->S3->S4->S7->S8->S9->S12->S13->S14->S16->S18->S20->S23->S29->S30->S33->S34->S35->S37,L0->L3,2,20,0,0.0,0.0001690381307763499
S0->S1->S3->S4->S7->S8->S9->S24->S26->S39->S40->S41->S43->S45->S47->S48->S49->S51,L0->L1->L2->L3,2,18,0,0.0,0.0001690381307763499
S0->S1->S3->S4->S7->S8->S9->S24->S26->S29->S30->S32->S33->S34->S35->S37,L0->L1->L2->L3,2,16,0,0.0,0.0001690381307763499
S0->S1->S3->S4->S7->S8->S9->S12->S13->S15->S17->S19->S20->S22->S29->S30->S33->S34->S35->S37,L0->L3,2,20,0,0.0,0.0001690381307763499
S12->S13->S15->S17->S19->S20->S21->S23->S29->S30->S33->S34->S35->S37,L0->L3,2,14,0,0.0,0.0001690381307763499
S12->S13->S15->S17->S19->S20->S21->S22->S29->S30->S33->S34->S36->S37->S38,L0->L3,2,15,0,0.0,0.0001690381307763499
S12->S13->S15->S17->S18->S20->S23->S39->S40->S41->S44->S45->S47->S48->S49,L0->L3,2,15,0,0.0,0.0001690381307763499
S12->S13->S15->S17->S18->S20->S23->S29->S33->S34->S35->S37,L0->L3,2,12,0,0.0,0.0001690381307763499
S12->S13->S15->S17->S19->S20->S21->S24->S27->S29->S30->S33->S34->S36->S37,L0->L1->L2->L3,2,15,0,0.0,0.0001690381307763499
S12->S13->S15->S17->S19->S20->S21->S24->S27->S29->S30->S33->S34->S35->S37,L0->L1->L2->L3,2,15,0,0.0,0.0001690381307763499
S0->S1->S2->S4->S6->S8->S9->S25->S29->S30->S33->S34->S35->S37,L0->L1->L3,2,14,0,0.0,0.0001690381307763499
S0->S1->S3->S5->S7->S8->S11->S27->S29->S30->S32->S36->S37,L0->L2->L3,2,13,0,0.0,0.0001690381307763499
S0->S1->S3->S5->S7->S8->S11->S27->S29->S30->S32->S34->S36->S37,L0->L2->L3,2,14,0,0.0,0.0001690381307763499
S12->S13->S14->S16->S19->S20->S22->S27->S39->S40->S41->S44->S45->S47->S48->S49->S51,L0->L2->L3,2,17,0,0.0,0.0001690381307763499
S12->S13->S14->S16->S19->S20->S22->S27->S29->S30->S32->S36->S37,L0->L2->L3,2,13,0,0.0,0.0001690381307763499
S12->S13->S14->S16->S19->S20->S22->S27->S29->S30->S32->S35->S37,L0->L2->L3,2,13,1,0.5,0.0001690381307763499
S12->S13->S14->S16->S19->S20->S22->S27->S29->S30->S32->S34->S35->S37,L0->L2->L3,2,14,0,0.0,0.0001690381307763499
S12->S13->S14->S16->S19->S20->S22->S29->S30->S32->S33->S34->S36->S37->S38,L0->L3,2,15,0,0.0,0.0001690381307763499
S12->S13->S14->S16->S19->S20->S22->S29->S30->S31->S33->S34->S35->S37->S38,L0->L3,2,15,0,0.0,0.0001690381307763499
S12->S13->S14->S16->S19->S20->S22->S29->S30->S31->S32->S36->S37,L0->L3,2,13,0,0.0,0.0001690381307763499
S12->S13->S14->S16->S19->S20->S22->S29->S30->S31->S32->S35->S37,L0->L3,2,13,0,0.0,0.0001690381307763499
S0->S1->S2->S5->S7->S8->S11->S12->S13->S15->S17->S18->S20->S22->S29->S30->S33->S34->S36->S37,L0->L3,2,20,0,0.0,0.0001690381307763499
S12->S13->S15->S17->S19->S20->S21->S29->S30->S32->S36->S37->S38,L0->L3,2,13,0,0.0,0.0001690381307763499
S0->S1->S2->S4->S6->S8->S10->S26->S27->S29->S30->S33->S34->S36->S37,L0->L2->L3,2,15,0,0.0,0.0001690381307763499
S0->S1->S2->S5->S6->S8->S11->S25->S28->S29->S30->S33->S34->S36->S37,L0->L1->L2->L3,2,15,0,0.0,0.0001690381307763499
S0->S1->S2->S5->S6->S8->S11->S25->S27->S29->S30->S33->S34->S36->S37,L0->L1->L2->L3,2,15,0,0.0,0.0001690381307763499
S12->S13->S15->S17->S19->S20->S21->S26->S29->S30->S32->S36->S37,L0->L2->L3,2,13,0,0.0,0.0001690381307763499
S12->S13->S15->S17->S19->S20->S21->S27->S39->S40->S41->S44->S45->S47->S48->S50->S51,L0->L2->L3,2,17,0,0.0,0.0001690381307763499
S0->S1->S3->S5->S7->S8->S11->S29->S30->S31->S32->S35->S37,L0->L3,2,13,0,0.0,0.0001690381307763499
S0->S1->S2->S4->S7->S8->S9->S26->S29->S33->S34->S35->S37,L0->L2->L3,2,13,0,0.0,0.0001690381307763499
S12->S13->S14->S16->S19->S20->S22->S23->S29->S30->S33->S34->S36->S37,L0->L3,2,14,0,0.0,0.0001690381307763499
S12->S13->S14->S16->S19->S20->S22->S26->S39->S40->S41->S43->S45->S47->S48->S50->S51,L0->L2->L3,2,17,0,0.0,0.0001690381307763499
S0->S1->S3->S4->S6->S8->S10->S12->S13->S14->S17->S18->S20->S21->S29->S30->S33->S34->S35->S37,L0->L3,2,20,0,0.0,0.0001690381307763499
S0->S1->S3->S4->S6->S8->S10->S12->S13->S14->S16->S19->S20->S23->S29->S30->S33->S34->S35->S37,L0->L3,2,20,0,0.0,0.0001690381307763499
S12->S13->S15->S17->S19->S20->S22->S23->S29->S30->S33->S34->S35->S37,L0->L3,2,14,0,0.0,0.0001690381307763499
S12->S13->S15->S17->S19->S20->S21->S39->S40->S41->S44->S45->S47->S48->S49,L0->L3,2,15,1,0.5,0.0001690381307763499
S12->S13->S15->S17->S19->S20->S21->S39->S40->S41->S43->S45->S47->S50->S51,L0->L3,2,15,0,0.0,0.0001690381307763499
S12->S13->S15->S17->S19->S20->S22->S24->S29->S30->S33->S34->S36->S37,L0->L1->L3,2,14,0,0.0,0.0001690381307763499
S12->S13->S15->S17->S19->S20->S21->S29->S30->S32->S35->S37->S38,L0->L3,2,13,0,0.0,0.0001690381307763499
S12->S13->S15->S17->S19->S20->S21->S29->S30->S31->S33->S34->S36,L0->L3,2,13,0,0.0,0.0001690381307763499
S12->S13->S15->S17->S19->S20->S21->S29->S30->S31->S32->S36->S37,L0->L3,2,13,0,0.0,0.0001690381307763499
S12->S13->S15->S17->S19->S20->S21->S29->S30->S33->S34->S35,L0->L3,2,12,0,0.0,0.0001690381307763499
S0->S1->S2->S4->S6->S8->S9->S26->S29->S33->S34->S36->S37,L0->L2->L3,2,13,0,0.0,0.0001690381307763499
S0->S1->S2->S4->S6->S8->S9->S26->S29->S30->S32->S36->S37,L0->L2->L3,2,13,0,0.0,0.0001690381307763499
S0->S1->S2->S4->S7->S8->S10->S12->S13->S15->S16->S18->S20->S23->S29->S30->S33->S34->S36->S37,L0->L3,2,20,0,0.0,0.0001690381307763499
S0->S1->S2->S4->S7->S8->S10->S12->S13->S14->S17->S19->S20->S23->S29->S30->S33->S34->S36->S37,L0->L3,2,20,0,0.0,0.0001690381307763499
S12->S13->S14->S16->S19->S20->S21->S29->S30->S32->S37,L0->L3,2,11,0,0.0,0.0001690381307763499
S12->S13->S14->S16->S19->S20->S22->S26->S29->S30->S32->S33->S34->S36->S37,L0->L2->L3,2,15,0,0.0,0.0001690381307763499
S0->S1->S2->S5->S7->S8->S11->S26->S29->S30->S32->S34->S36->S37,L0->L2->L3,2,14,0,0.0,0.0001690381307763499
S0->S1->S2->S5->S7->S8->S11->S26->S29->S30->S32->S34->S35->S37,L0->L2->L3,2,14,1,0.5,0.0001690381307763499
S0->S1->S2->S4->S7->S8->S11->S24->S29->S30->S33->S34->S35->S37->S38,L0->L1->L3,2,15,0,0.0,0.0001690381307763499
S0->S1->S3->S4->S7->S8->S11->S29->S30->S32->S34->S36->S37->S38,L0->L3,2,14,0,0.0,0.0001690381307763499
S0->S1->S3->S4->S7->S8->S9->S10->S39->S40->S41->S44->S45->S47->S48->S49->S51,L0->L3,2,17,0,0.0,0.0001690381307763499
S0->S1->S3->S4->S7->S8->S9->S10->S29->S30->S31->S33->S34->S36->S37,L0->L3,2,15,0,0.0,0.0001690381307763499
S0->S1->S2->S5->S6->S8->S11->S25->S26->S29->S30->S33->S34->S35->S37,L0->L1->L2->L3,2,15,0,0.0,0.0001690381307763499
S0->S1->S2->S5->S6->S8->S11->S24->S28->S29->S30->S33->S34->S36->S37,L0->L1->L2->L3,2,15,0,0.0,0.0001690381307763499
S12->S13->S15->S17->S19->S20->S22->S23->S29->S30->S33->S34->S36->S37,L0->L3,2,14,0,0.0,0.0001690381307763499
S0->S1->S2->S4->S7->S8->S10->S12->S13->S14->S17->S19->S20->S22->S29->S30->S33->S34->S35->S37,L0->L3,2,20,0,0.0,0.0001690381307763499
S0->S1->S3->S5->S7->S8->S9->S10->S26->S29->S30->S33->S34->S35->S37,L0->L2->L3,2,15,0,0.0,0.0001690381307763499
S0->S1->S3->S5->S7->S8->S9->S12->S13->S15->S17->S18->S20->S22->S29->S30->S33->S34->S35->S37,L0->L3,2,20,0,0.0,0.0001690381307763499
S0->S1->S3->S5->S7->S8->S9->S12->S13->S15->S17->S18->S20->S21->S29->S30->S33->S34->S36->S37,L0->L3,2,20,0,0.0,0.0001690381307763499
S0->S1->S2->S4->S6->S8->S9->S27->S29->S33->S34->S36->S37,L0->L2->L3,2,13,0,0.0,0.0001690381307763499
S0->S1->S2->S4->S6->S8->S9->S27->S29->S33->S34->S35->S37,L0->L2->L3,2,13,0,0.0,0.0001690381307763499
S12->S13->S14->S16->S19->S20->S21->S39->S40->S41->S43->S45->S47->S48->S49,L0->L3,2,15,0,0.0,0.0001690381307763499
S0->S1->S3->S4->S7->S8->S11->S29->S30->S31->S32->S34->S36->S37,L0->L3,2,14,1,0.5,0.0001690381307763499
S0->S1->S3->S4->S6->S8->S9->S24->S26->S29->S30->S32->S33->S34->S36->S37,L0->L1->L2->L3,2,16,0,0.0,0.0001690381307763499
S12->S13->S15->S17->S19->S20->S22->S24->S29->S30->S32->S33->S34->S36->S37,L0->L1->L3,2,15,0,0.0,0.0001690381307763499
S0->S1->S3->S4->S6->S8->S9->S12->S13->S15->S16->S18->S20->S22->S29->S30->S33->S34->S36->S37,L0->L3,2,20,0,0.0,0.0001690381307763499
S12->S13->S15->S17->S19->S20->S22->S27->S29->S30->S32->S33->S34->S35->S37,L0->L2->L3,2,15,0,0.0,0.0001690381307763499
S12->S13->S15->S17->S19->S20->S22->S26->S39->S40->S41->S43->S45->S47->S48->S50->S51,L0->L2->L3,2,17,0,0.0,0.0001690381307763499
S12->S13->S15->S17->S19->S20->S22->S26->S39->S40->S41->S43->S45->S47->S48->S49->S51,L0->L2->L3,2,17,0,0.0,0.0001690381307763499
S12->S13->S15->S17->S19->S20->S22->S26->S29->S30->S33->S34->S35->S37->S38,L0->L2->L3,2,15,0,0.0,0.0001690381307763499
S12->S13->S14->S16->S19->S20->S21->S29->S33->S34->S36->S37,L0->L3,2,12,0,0.0,0.0001690381307763499
S12->S13->S14->S16->S19->S20->S21->S29->S30->S33->S34->S35,L0->L3,2,12,0,0.0,0.0001690381307763499
S0->S1->S3->S5->S7->S8->S11->S39->S40->S44->S45->S47->S48->S49->S51,L0->L3,2,15,0,0.0,0.0001690381307763499
S0->S1->S3->S5->S7->S8->S9->S12->S13->S14->S17->S19->S20->S22->S29->S30->S33->S34->S36->S37,L0->L3,2,20,0,0.0,0.0001690381307763499
S0->S1->S3->S5->S7->S8->S9->S12->S13->S14->S16->S19->S20->S23->S29->S30->S33->S34->S36->S37,L0->L3,2,20,0,0.0,0.0001690381307763499
S0->S1->S3->S4->S6->S8->S10->S11->S26->S29->S30->S33->S34->S36->S37,L0->L2->L3,2,15,0,0.0,0.0001690381307763499
S0->S1->S3->S4->S6->S8->S10->S11->S26->S29->S30->S33->S34->S35->S37,L0->L2->L3,2,15,0,0.0,0.0001690381307763499
S12->S13->S14->S16->S19->S20->S21->S27->S39->S40->S41->S44->S45->S47->S48->S49->S51,L0->L2->L3,2,17,0,0.0,0.0001690381307763499
S0->S1->S2->S5->S7->S8->S11->S27->S29->S30->S32->S35->S37,L0->L2->L3,2,13,2,1.0,0.0001690381307763499
S0->S1->S2->S5->S7->S8->S11->S27->S29->S30->S32->S34->S35->S37,L0->L2->L3,2,14,0,0.0,0.0001690381307763499
S12->S13->S15->S17->S19->S20->S22->S29->S32->S33->S34->S35->S37,L0->L3,2,13,0,0.0,0.0001690381307763499
S12->S13->S15->S17->S19->S20->S22->S27->S29->S30->S33->S34->S36->S37->S38,L0->L2->L3,2,15,0,0.0,0.0001690381307763499
S0->S1->S2->S5->S6->S8->S11->S12->S13->S15->S17->S19->S20->S21->S29->S30->S33->S34->S36->S37,L0->L3,2,20,0,0.0,0.0001690381307763499
S0->S1->S2->S5->S6->S8->S11->S12->S13->S15->S16->S18->S20->S21->S29->S30->S33->S34->S36->S37,L0->L3,2,20,0,0.0,0.0001690381307763499
S12->S13->S15->S17->S19->S20->S22->S27->S29->S30->S32->S35->S37,L0->L2->L3,2,13,0,0.0,0.0001690381307763499
S0->S1->S3->S4->S7->S8->S11->S29->S30->S31->S33->S36->S37,L0->L3,2,13,0,0.0,0.0001690381307763499
S0->S1->S3->S4->S6->S8->S9->S25->S26->S29->S30->S33->S34->S36->S37,L0->L1->L2->L3,2,15,0,0.0,0.0001690381307763499
S0->S1->S2->S4->S6->S8->S10->S24->S29->S30->S32->S33->S34->S35->S37,L0->L1->L3,2,15,0,0.0,0.0001690381307763499
S12->S13->S15->S17->S19->S20->S22->S29->S30->S33->S34->S35,L0->L3,2,12,0,0.0,0.0001690381307763499
S12->S13->S15->S17->S19->S20->S22->S29->S30->S32->S35->S37->S38,L0->L3,2,13,0,0.0,0.0001690381307763499
S12->S13->S15->S17->S19->S20->S22->S29->S30->S31->S33->S34->S36->S37->S38,L0->L3,2,15,0,0.0,0.0001690381307763499
S12->S13->S15->S17->S19->S20->S22->S39->S40->S41->S44->S45->S47->S49->S51,L0->L3,2,15,0,0.0,0.0001690381307763499
S12->S13->S14->S16->S19->S20->S21->S29->S30->S32->S35->S37->S38,L0->L3,2,13,0,0.0,0.0001690381307763499
S0->S1->S3->S5->S7->S8->S9->S11->S26->S29->S30->S33->S34->S36->S37,L0->L2->L3,2,15,0,0.0,0.0001690381307763499
S12->S13->S14->S16->S19->S20->S21->S27->S29->S30->S33->S34->S35->S37->S38,L0->L2->L3,2,15,0,0.0,0.0001690381307763499
S12->S13->S14->S16->S19->S20->S21->S26->S39->S40->S41->S43->S45->S47->S48->S50->S51,L0->L2->L3,2,17,0,0.0,0.0001690381307763499
S0->S1->S2->S5->S7->S8->S11->S26->S29->S30->S32->S36->S37,L0->L2->L3,2,13,1,0.5,0.0001690381307763499
S0->S1->S2->S4->S7->S8->S11->S26->S29->S30->S31->S32->S33->S34->S35->S37,L0->L2->L3,2,16,0,0.0,0.0001690381307763499
S0->S1->S2->S4->S7->S8->S11->S25->S29->S30->S33->S34->S35->S37,L0->L1->L3,2,14,0,0.0,0.0001690381307763499
S0->S1->S2->S4->S7->S8->S11->S25->S27->S29->S30->S33->S34->S36->S37,L0->L1->L2->L3,2,15,0,0.0,0.0001690381307763499
S0->S1->S3->S4->S7->S8->S11->S27->S29->S30->S32->S34->S35->S37,L0->L2->L3,2,14,0,0.0,0.0001690381307763499
S0->S1->S3->S4->S7->S8->S11->S26->S30->S33->S34->S35->S37,L0->L2->L3,2,13,0,0.0,0.0001690381307763499
S0->S1->S3->S4->S7->S8->S11->S27->S29->S30->S33->S34->S35,L0->L2->L3,2,13,0,0.0,0.0001690381307763499
S12->S13->S15->S17->S19->S20->S23->S24->S26->S39->S40->S41->S43->S45->S47->S48->S50->S51,L0->L1->L2->L3,2,18,0,0.0,0.0001690381307763499
S12->S13->S15->S17->S19->S20->S23->S26->S39->S40->S41->S43->S45->S47->S48->S50->S51,L0->L2->L3,2,17,0,0.0,0.0001690381307763499
S0->S1->S2->S4->S6->S8->S10->S12->S13->S15->S16->S19->S20->S23->S29->S30->S33->S34->S36->S37,L0->L3,2,20,0,0.0,0.0001690381307763499
S12->S13->S14->S16->S19->S20->S21->S29->S30->S31->S32->S36->S37,L0->L3,2,13,0,0.0,0.0001690381307763499
S0->S1->S2->S5->S7->S8->S11->S29->S30->S32->S34->S35->S37->S38,L0->L3,2,14,0,0.0,0.0001690381307763499
S0->S1->S2->S5->S7->S8->S11->S29->S30->S31->S32->S36->S37,L0->L3,2,13,0,0.0,0.0001690381307763499
S0->S1->S2->S5->S7->S8->S11->S29->S30->S31->S32->S34->S36->S37,L0->L3,2,14,0,0.0,0.0001690381307763499
S12->S13->S14->S16->S19->S20->S21->S22->S29->S30->S33->S34->S36->S37,L0->L3,2,14,0,0.0,0.0001690381307763499
S12->S13->S14->S16->S18->S20->S23->S39->S40->S41->S43->S45->S47->S48->S49,L0->L3,2,15,0,0.0,0.0001690381307763499
S12->S13->S14->S16->S19->S20->S21->S26->S29->S30->S32->S35->S37,L0->L2->L3,2,13,0,0.0,0.0001690381307763499
S12->S13->S14->S16->S19->S20->S21->S26->S29->S30->S32->S34->S35->S37,L0->L2->L3,2,14,0,0.0,0.0001690381307763499
S12->S13->S14->S16->S19->S20->S21->S26->S29->S30->S31->S33->S34->S35->S37,L0->L2->L3,2,15,0,0.0,0.0001690381307763499
S12->S13->S14->S16->S19->S20->S21->S26->S27->S29->S30->S32->S33->S34->S35->S37,L0->L2->L3,2,16,0,0.0,0.0001690381307763499
S0->S1->S3->S4->S6->S11->S29->S30->S31->S33->S34->S36->S37,L0->L3,2,13,0,0.0,0.0001690381307763499
S0->S1->S29->S30->S33->S34->S36->S37,L0->L3,2,8,0,0.0,0.0001690381307763499
S12->S13->S14->S16->S18->S20->S23->S29->S30->S31->S33->S34->S36->S37->S38,L0->L3,2,15,0,0.0,0.0001690381307763499
S12->S13->S14->S16->S18->S20->S23->S29->S30->S31->S33->S34->S35->S37->S38,L0->L3,2,15,0,0.0,0.0001690381307763499
S12->S13->S14->S16->S18->S20->S23->S29->S30->S33->S34->S36,L0->L3,2,12,0,0.0,0.0001690381307763499
S12->S13->S14->S16->S18->S20->S23->S29->S30->S32->S37,L0->L3,2,11,0,0.0,0.0001690381307763499
S0->S1->S2->S5->S7->S8->S11->S27->S29->S30->S33->S34->S35,L0->L2->L3,2,13,0,0.0,0.0001690381307763499
S0->S1->S2->S4->S7->S8->S11->S25->S26->S29->S30->S33->S34->S35->S37,L0->L1->L2->L3,2,15,0,0.0,0.0001690381307763499
S0->S1->S3->S4->S7->S8->S11->S26->S29->S30->S32->S34->S36->S37,L0->L2->L3,2,14,0,0.0,0.0001690381307763499
S0->S1->S2->S5->S6->S11->S29->S30->S31->S33->S34->S36->S37,L0->L3,2,13,0,0.0,0.0001690381307763499
S0->S1->S2->S5->S6->S11->S29->S30->S31->S33->S34->S35->S37,L0->L3,2,13,0,0.0,0.0001690381307763499
S0->S1->S3->S4->S6->S8->S9->S25->S26->S29->S30->S33->S34->S35->S37,L0->L1->L2->L3,2,15,0,0.0,0.0001690381307763499
S0->S1->S3->S4->S7->S8->S11->S27->S29->S30->S32->S36->S37,L0->L2->L3,2,13,0,0.0,0.0001690381307763499
S0->S1->S3->S4->S7->S8->S11->S27->S29->S30->S32->S35->S37,L0->L2->L3,2,13,0,0.0,0.0001690381307763499
S0->S1->S2->S4->S6->S8->S10->S12->S13->S15->S17->S19->S20->S23->S29->S30->S33->S34->S35->S37,L0->L3,2,20,0,0.0,0.0001690381307763499
S0->S1->S3->S4->S7->S8->S11->S26->S29->S30->S31->S32->S33->S34->S35->S37,L0->L2->L3,2,16,0,0.0,0.0001690381307763499
S0->S1->S3->S4->S7->S8->S11->S26->S27->S29->S30->S32->S33->S34->S35->S37,L0->L2->L3,2,16,0,0.0,0.0001690381307763499
S0->S1->S3->S4->S7->S8->S11->S26->S29->S33->S34->S35->S37,L0->L2->L3,2,13,0,0.0,0.0001690381307763499
S12->S13->S15->S19->S20->S22->S29->S30->S33->S34->S36->S37,L0->L3,2,12,0,0.0,0.0001690381307763499
S12->S13->S16->S19->S20->S22->S29->S30->S33->S34->S36->S37,L0->L3,2,12,0,0.0,0.0001690381307763499
S12->S13->S15->S17->S19->S20->S23->S29->S30->S31->S33->S36->S37,L0->L3,2,13,0,0.0,0.0001690381307763499
S0->S1->S2->S5->S6->S8->S10->S39->S40->S41->S43->S44->S45->S47->S48->S50->S51,L0->L3,2,17,0,0.0,0.0001690381307763499
S0->S1->S2->S5->S6->S8->S10->S39->S40->S41->S43->S44->S45->S47->S48->S49->S51,L0->L3,2,17,0,0.0,0.0001690381307763499
S0->S1->S3->S4->S6->S8->S9->S26->S29->S33->S34->S35->S37,L0->L2->L3,2,13,0,0.0,0.0001690381307763499
S0->S1->S3->S4->S6->S8->S9->S26->S29->S30->S32->S36->S37,L0->L2->L3,2,13,0,0.0,0.0001690381307763499
S0->S1->S3->S5->S7->S8->S9->S25->S28->S29->S30->S33->S34->S35->S37,L0->L1->L2->L3,2,15,0,0.0,0.0001690381307763499
S0->S1->S3->S5->S7->S8->S9->S25->S26->S29->S30->S33->S34->S36->S37->S38,L0->L1->L2->L3,2,16,0,0.0,0.0001690381307763499
S0->S1->S2->S4->S7->S8->S9->S26->S29->S30->S32->S37,L0->L2->L3,2,12,0,0.0,0.0001690381307763499
S0->S1->S2->S4->S7->S8->S9->S26->S29->S30->S32->S36->S37->S38,L0->L2->L3,2,14,0,0.0,0.0001690381307763499
S0->S1->S2->S4->S6->S8->S9->S28->S39->S40->S41->S43->S45->S47->S48->S49->S51,L0->L2->L3,2,17,0,0.0,0.0001690381307763499
S0->S1->S3->S5->S7->S8->S9->S26->S30->S33->S34->S35->S37,L0->L2->L3,2,13,0,0.0,0.0001690381307763499
S12->S13->S17->S18->S20->S22->S27->S29->S30->S33->S34->S36->S37,L0->L2->L3,2,13,0,0.0,0.0001690381307763499
S16->S19->S20->S21->S29->S30->S33->S34->S35->S37,L0->L3,2,10,0,0.0,0.0001690381307763499
S16->S18->S20->S21->S29->S30->S33->S34->S36->S37,L0->L3,2,10,0,0.0,0.0001690381307763499
S0->S1->S3->S4->S7->S8->S11->S24->S26->S39->S40->S41->S43->S45->S47->S48->S49->S51,L0->L1->L2->L3,2,18,0,0.0,0.0001690381307763499
S12->S13->S15->S17->S19->S20->S23->S39->S40->S41->S44->S45->S47->S48->S49,L0->L3,2,15,0,0.0,0.0001690381307763499
S12->S13->S15->S17->S19->S20->S23->S39->S40->S41->S43->S45->S47->S48->S49,L0->L3,2,15,0,0.0,0.0001690381307763499
S12->S13->S15->S17->S19->S20->S23->S29->S30->S33->S35->S37,L0->L3,2,12,0,0.0,0.0001690381307763499
S12->S13->S16->S18->S20->S22->S29->S30->S33->S34->S35->S37,L0->L3,2,12,0,0.0,0.0001690381307763499
S12->S13->S16->S18->S20->S21->S29->S30->S33->S34->S36->S37,L0->L3,2,12,0,0.0,0.0001690381307763499
S0->S1->S3->S5->S7->S8->S9->S26->S29->S30->S33->S34->S36,L0->L2->L3,2,13,0,0.0,0.0001690381307763499
S0->S1->S3->S5->S7->S8->S9->S26->S29->S30->S32->S35->S37,L0->L2->L3,2,13,1,0.5,0.0001690381307763499
S0->S1->S2->S4->S6->S8->S9->S29->S30->S31->S33->S35->S37,L0->L3,2,13,0,0.0,0.0001690381307763499
S12->S13->S14->S16->S18->S20->S23->S29->S30->S31->S32->S35->S37,L0->L3,2,13,0,0.0,0.0001690381307763499
S12->S13->S14->S16->S18->S20->S23->S27->S38,L0->L2->L3,2,9,0,0.0,0.0001690381307763499
S12->S13->S14->S16->S18->S20->S23->S27->S29->S30->S33->S34->S35->S37->S38,L0->L2->L3,2,15,0,0.0,0.0001690381307763499
S0->S1->S2->S5->S7->S8->S11->S28->S29->S30->S32->S34->S35->S37,L0->L2->L3,2,14,0,0.0,0.0001690381307763499
S0->S1->S3->S4->S7->S8->S11->S12->S13->S14->S17->S19->S20->S22->S29->S30->S33->S34->S36->S37,L0->L3,2,20,0,0.0,0.0001690381307763499
S19->S20->S21->S29->S30->S33->S34->S36->S37,L0->L3,2,9,0,0.0,0.0001690381307763499
S24->S25->S27->S28->S29->S30->S32->S33->S34->S36->S37,L1->L2->L3,2,11,0,0.0,0.0001690381307763499
S0->S1->S3->S4->S7->S8->S11->S24->S28->S29->S30->S33->S34->S36->S37,L0->L1->L2->L3,2,15,0,0.0,0.0001690381307763499
S12->S13->S17->S19->S20->S22->S29->S30->S33->S34->S35->S37,L0->L3,2,12,0,0.0,0.0001690381307763499
S12->S13->S17->S18->S20->S23->S29->S30->S33->S34->S35->S37,L0->L3,2,12,0,0.0,0.0001690381307763499
S12->S13->S17->S18->S20->S22->S29->S30->S33->S34->S36->S37,L0->L3,2,12,0,0.0,0.0001690381307763499
S12->S13->S17->S18->S20->S22->S29->S30->S33->S34->S35->S37,L0->L3,2,12,0,0.0,0.0001690381307763499
S0->S1->S3->S4->S5->S7->S8->S10->S29->S30->S33->S34->S35->S37,L0->L3,2,14,0,0.0,0.0001690381307763499
S0->S1->S3->S5->S7->S8->S9->S26->S27->S29->S30->S32->S34->S36->S37,L0->L2->L3,2,15,0,0.0,0.0001690381307763499
S0->S1->S3->S5->S7->S8->S9->S27->S29->S30->S33->S34->S35,L0->L2->L3,2,13,0,0.0,0.0001690381307763499
S0->S1->S2->S5->S7->S8->S11->S39->S40->S41->S43->S45->S47->S48->S49->S50->S51,L0->L3,2,17,0,0.0,0.0001690381307763499
S0->S1->S2->S5->S7->S8->S11->S29->S30->S33->S34->S35->S36->S37->S38,L0->L3,2,15,0,0.0,0.0001690381307763499
S0->S1->S2->S4->S6->S8->S9->S29->S30->S32->S34->S35->S37->S38,L0->L3,2,14,1,0.5,0.0001690381307763499
S0->S1->S2->S5->S6->S8->S10->S28->S29->S30->S33->S34->S36->S37->S38,L0->L2->L3,2,15,0,0.0,0.0001690381307763499
S0->S1->S2->S5->S6->S8->S10->S28->S29->S30->S32->S33->S34->S36->S37,L0->L2->L3,2,15,0,0.0,0.0001690381307763499
S0->S1->S3->S4->S7->S8->S11->S12->S13->S15->S17->S18->S20->S21->S29->S30->S33->S34->S35->S37->S38,L0->L3,2,21,0,0.0,0.0001690381307763499
S18->S20->S23->S29->S30->S33->S34->S36->S37,L0->L3,2,9,0,0.0,0.0001690381307763499
S18->S20->S22->S29->S30->S33->S34->S36->S37,L0->L3,2,9,0,0.0,0.0001690381307763499
S17->S18->S20->S22->S29->S30->S33->S34->S35->S37,L0->L3,2,10,0,0.0,0.0001690381307763499
S17->S18->S20->S21->S29->S30->S33->S34->S36->S37,L0->L3,2,10,0,0.0,0.0001690381307763499
S16->S19->S20->S22->S29->S30->S33->S34->S36->S37,L0->L3,2,10,0,0.0,0.0001690381307763499
S16->S19->S20->S21->S29->S30->S33->S34->S36->S37,L0->L3,2,10,0,0.0,0.0001690381307763499
S24,L1,2,1,0,0.0,0.0001690381307763499
S23->S29->S30->S33->S34->S36->S37,L0->L3,2,7,0,0.0,0.0001690381307763499
S0->S1->S3->S4->S7->S8->S11->S12->S13->S15->S16->S18->S20->S23->S29->S30->S33->S34->S36->S37,L0->L3,2,20,0,0.0,0.0001690381307763499
S0->S1->S2->S4->S7->S8->S10->S11->S39->S40->S41->S44->S45->S47->S48->S50->S51,L0->L3,2,17,0,0.0,0.0001690381307763499
S0->S1->S2->S4->S6->S8->S9->S29->S30->S31->S33->S36->S37,L0->L3,2,13,0,0.0,0.0001690381307763499
S12->S13->S14->S16->S18->S20->S23->S24->S26->S29->S30->S32->S33->S34->S36->S37->S38,L0->L1->L2->L3,2,17,0,0.0,0.0001690381307763499
S12->S13->S14->S16->S18->S20->S23->S24->S26->S29->S30->S32->S33->S34->S36->S37,L0->L1->L2->L3,2,16,0,0.0,0.0001690381307763499
S12->S13->S14->S16->S18->S20->S22->S39->S40->S41->S43->S45->S47->S48->S49,L0->L3,2,15,0,0.0,0.0001690381307763499
S12->S13->S14->S16->S18->S20->S22->S39->S40->S41->S43->S44->S45->S47->S48->S49->S51,L0->L3,2,17,0,0.0,0.0001690381307763499
S12->S13->S14->S16->S18->S20->S23->S24->S27->S29->S30->S33->S34->S36->S37,L0->L1->L2->L3,2,15,0,0.0,0.0001690381307763499
S0->S1->S2->S4->S7->S8->S10->S12->S13->S14->S16->S18->S20->S22->S29->S30->S33->S34->S35->S37,L0->L3,2,20,0,0.0,0.0001690381307763499
S0->S1->S3->S4->S7->S8->S10->S28->S29->S30->S33->S34->S36->S37->S38,L0->L2->L3,2,15,0,0.0,0.0001690381307763499
S0->S1->S2->S4->S7->S8->S11->S26->S29->S30->S33->S34->S35,L0->L2->L3,2,13,0,0.0,0.0001690381307763499
S24->S25->S26->S29->S30->S33->S34->S35->S37,L1->L2->L3,2,9,0,0.0,0.0001690381307763499
S24->S25->S26->S29->S30->S32->S34->S36->S37->S38,L1->L2->L3,2,10,0,0.0,0.0001690381307763499
S0->S1->S2->S4->S6->S8->S10->S11->S39->S40->S41->S43->S45->S47->S48->S49->S51,L0->L3,2,17,0,0.0,0.0001690381307763499
S24->S25->S29->S30->S33->S34->S36->S37,L1->L3,2,8,0,0.0,0.0001690381307763499
S24->S25->S29->S30->S32->S33->S34->S36->S37,L1->L3,2,9,0,0.0,0.0001690381307763499
S0->S1->S2->S4->S7->S11->S27->S29->S30->S33->S34->S36->S37,L0->L2->L3,2,13,0,0.0,0.0001690381307763499
S0->S1->S2->S4->S7->S11->S27->S29->S30->S33->S34->S35->S37,L0->L2->L3,2,13,0,0.0,0.0001690381307763499
S0->S1->S3->S5->S7->S8->S9->S39->S40->S41->S43->S44->S45->S47->S48->S49->S51,L0->L3,2,17,0,0.0,0.0001690381307763499
S0->S1->S2->S5->S7->S8->S9->S11->S26->S29->S30->S33->S34->S36->S37,L0->L2->L3,2,15,0,0.0,0.0001690381307763499
S0->S1->S2->S5->S7->S8->S9->S10->S39->S40->S41->S43->S45->S47->S48->S50->S51,L0->L3,2,17,0,0.0,0.0001690381307763499
S0->S1->S3->S4->S5->S6->S8->S11->S29->S30->S33->S34->S36->S37->S38,L0->L3,2,15,0,0.0,0.0001690381307763499
S0->S1->S3->S29->S30->S33->S34->S36->S37,L0->L3,2,9,0,0.0,0.0001690381307763499
S0->S1->S3->S5->S7->S8->S9->S29->S30->S32->S37,L0->L3,2,11,0,0.0,0.0001690381307763499
S12->S13->S14->S16->S18->S20->S22->S29->S30->S32->S33->S34->S36->S37->S38,L0->L3,2,15,0,0.0,0.0001690381307763499
S12->S13->S14->S16->S18->S20->S22->S26->S29->S30->S32->S36->S37,L0->L2->L3,2,13,1,0.5,0.0001690381307763499
S12->S13->S14->S16->S18->S20->S22->S27->S39->S40->S41->S43->S45->S47->S48->S49->S51,L0->L2->L3,2,17,0,0.0,0.0001690381307763499
S12->S13->S14->S16->S18->S20->S22->S29->S30->S32->S33->S34->S35->S37->S38,L0->L3,2,15,0,0.0,0.0001690381307763499
S0->S1->S2->S4->S6->S8->S9->S29->S33->S34->S35->S37->S38,L0->L3,2,13,0,0.0,0.0001690381307763499
S0->S1->S2->S4->S6->S8->S9->S29->S30->S33->S36->S37->S38,L0->L3,2,13,0,0.0,0.0001690381307763499
S0->S1->S2->S4->S6->S8->S9->S29->S30->S33->S34->S35->S38,L0->L3,2,13,0,0.0,0.0001690381307763499
S0->S1->S2->S4->S6->S8->S9->S29->S30->S33->S34->S35->S36->S37,L0->L3,2,14,0,0.0,0.0001690381307763499
S0->S1->S3->S4->S7->S8->S10->S28->S39->S40->S41->S44->S45->S47->S48->S49->S51,L0->L2->L3,2,17,0,0.0,0.0001690381307763499
S24->S26->S29->S32->S33->S34->S36->S37,L1->L2->L3,2,8,0,0.0,0.0001690381307763499
S0->S1->S2->S4->S6->S8->S10->S11->S29->S30->S32->S33->S34->S36->S37,L0->L3,2,15,0,0.0,0.0001690381307763499
S0->S1->S2->S4->S6->S8->S10->S11->S27->S39->S40->S41->S43->S45->S47->S48->S50->S51,L0->L2->L3,2,18,0,0.0,0.0001690381307763499
S0->S1->S2->S4->S7->S8->S11->S29->S30->S31->S32->S36->S37,L0->L3,2,13,0,0.0,0.0001690381307763499
S0->S1->S2->S4->S7->S8->S11->S26->S29->S30->S32->S34->S35->S37,L0->L2->L3,2,14,0,0.0,0.0001690381307763499
S0->S1->S2->S4->S7->S8->S11->S26->S29->S30->S32->S33->S34->S36->S37->S38,L0->L2->L3,2,16,0,0.0,0.0001690381307763499
S0->S1->S2->S4->S6->S8->S10->S12->S13->S14->S16->S18->S20->S23->S29->S30->S33->S34->S36->S37,L0->L3,2,20,0,0.0,0.0001690381307763499
S24->S26->S29->S30->S32->S34->S35->S37->S38,L1->L2->L3,2,9,0,0.0,0.0001690381307763499
S24->S26->S29->S30->S32->S33->S34->S37,L1->L2->L3,2,8,0,0.0,0.0001690381307763499
S0->S1->S2->S5->S7->S8->S9->S11->S29->S30->S31->S33->S34->S35->S37,L0->L3,2,15,0,0.0,0.0001690381307763499
S0->S1->S2->S5->S7->S8->S9->S11->S27->S29->S30->S33->S34->S35->S37,L0->L2->L3,2,15,0,0.0,0.0001690381307763499
S0->S1->S2->S4->S7->S11->S39->S40->S41->S43->S45->S47->S48->S49->S51,L0->L3,2,15,0,0.0,0.0001690381307763499
S0->S1->S2->S5->S7->S8->S9->S11->S29->S30->S33->S34->S35->S37->S38,L0->L3,2,15,0,0.0,0.0001690381307763499
S0->S1->S4->S6->S8->S11->S27->S29->S30->S33->S34->S35->S37,L0->L2->L3,2,13,0,0.0,0.0001690381307763499
S0->S1->S4->S6->S8->S9->S27->S29->S30->S33->S34->S36->S37,L0->L2->L3,2,13,0,0.0,0.0001690381307763499
S12->S13->S14->S16->S18->S20->S22->S24->S27->S29->S30->S33->S34->S36->S37,L0->L1->L2->L3,2,15,0,0.0,0.0001690381307763499
S12->S13->S14->S16->S18->S20->S22->S27->S29->S30->S32->S34->S36->S37,L0->L2->L3,2,14,0,0.0,0.0001690381307763499
S12->S13->S14->S16->S18->S20->S22->S27->S29->S30->S32->S33->S34->S36->S37->S38,L0->L2->L3,2,16,0,0.0,0.0001690381307763499
S0->S1->S2->S5->S6->S8->S10->S29->S30->S31->S33->S34->S35,L0->L3,2,13,0,0.0,0.0001690381307763499
S0->S1->S3->S4->S6->S8->S9->S29->S30->S31->S33->S34->S35->S37->S38,L0->L3,2,15,0,0.0,0.0001690381307763499
S0->S1->S3->S4->S6->S8->S9->S29->S30->S31->S32->S35->S37,L0->L3,2,13,1,0.5,0.0001690381307763499
S0->S1->S3->S4->S6->S8->S9->S29->S30->S31->S32->S34->S36->S37,L0->L3,2,14,0,0.0,0.0001690381307763499
S0->S1->S2->S4->S7->S8->S11->S26->S29->S30->S32->S36->S37->S38,L0->L2->L3,2,14,0,0.0,0.0001690381307763499
S0->S1->S2->S4->S7->S8->S11->S26->S29->S30->S32->S34->S36->S37,L0->L2->L3,2,14,0,0.0,0.0001690381307763499
S0->S1->S3->S4->S6->S8->S9->S27->S29->S30->S32->S36->S37,L0->L2->L3,2,13,1,0.5,0.0001690381307763499
S0->S1->S3->S4->S7->S8->S10->S29->S30->S31->S33->S34->S36,L0->L3,2,13,0,0.0,0.0001690381307763499
S12->S13->S14->S16->S18->S20->S22->S26->S39->S40->S41->S44->S45->S47->S48->S49->S51,L0->L2->L3,2,17,0,0.0,0.0001690381307763499
S12->S13->S14->S16->S18->S20->S22->S26->S29->S30->S33->S34->S35->S37->S38,L0->L2->L3,2,15,0,0.0,0.0001690381307763499
S0->S1->S3->S6->S8->S10->S29->S30->S33->S34->S35->S37,L0->L3,2,12,0,0.0,0.0001690381307763499
S0->S1->S4->S6->S8->S11->S27->S29->S30->S33->S34->S36->S37,L0->L2->L3,2,13,0,0.0,0.0001690381307763499
S0->S1->S4->S6->S8->S9->S26->S29->S30->S33->S34->S36->S37,L0->L2->L3,2,13,0,0.0,0.0001690381307763499
S0->S1->S2->S5->S7->S8->S9->S12->S13->S15->S16->S19->S20->S22->S29->S30->S33->S34->S35->S37,L0->L3,2,20,0,0.0,0.0001690381307763499
S12->S13->S14->S16->S18->S20->S21->S29->S30->S32->S37,L0->L3,2,11,0,0.0,0.0001690381307763499
S12->S13->S14->S16->S18->S20->S21->S29->S30->S32->S33->S34->S36->S37->S38,L0->L3,2,15,0,0.0,0.0001690381307763499
S12->S13->S14->S16->S18->S20->S21->S29->S30->S32->S33->S34->S35->S37->S38,L0->L3,2,15,0,0.0,0.0001690381307763499
S0->S1->S2->S4->S6->S9->S26->S29->S30->S33->S34->S35->S37,L0->L2->L3,2,13,0,0.0,0.0001690381307763499
S24->S27->S30->S33->S34->S35->S37->S38,L1->L2->L3,2,8,0,0.0,0.0001690381307763499
S24->S27->S30->S32->S33->S34->S36->S37,L1->L2->L3,2,8,0,0.0,0.0001690381307763499
S0->S1->S2->S5->S6->S8->S10->S27->S29->S30->S32->S34->S36->S37,L0->L2->L3,2,14,0,0.0,0.0001690381307763499
S0->S1->S2->S4->S7->S8->S11->S27->S29->S33->S34->S36->S37,L0->L2->L3,2,13,0,0.0,0.0001690381307763499
S0->S1->S2->S4->S6->S7->S8->S11->S29->S30->S31->S33->S34->S36->S37,L0->L3,2,15,0,0.0,0.0001690381307763499
S0->S1->S2->S4->S6->S11->S39->S40->S41->S44->S45->S47->S48->S50->S51,L0->L3,2,15,0,0.0,0.0001690381307763499
S0->S1->S2->S4->S6->S11->S39->S40->S41->S44->S45->S47->S48->S49->S51,L0->L3,2,15,0,0.0,0.0001690381307763499
S24->S26->S30->S32->S33->S34->S36->S37,L1->L2->L3,2,8,0,0.0,0.0001690381307763499
S0->S1->S2->S5->S6->S8->S10->S11->S29->S30->S31->S33->S34->S35->S37,L0->L3,2,15,0,0.0,0.0001690381307763499
S0->S1->S2->S5->S6->S8->S10->S29->S30->S31->S33->S34->S36->S37->S38,L0->L3,2,15,0,0.0,0.0001690381307763499
S12->S13->S14->S16->S18->S20->S21->S39->S40->S41->S43->S44->S45->S47->S48->S50->S51,L0->L3,2,17,0,0.0,0.0001690381307763499
S0->S1->S2->S5->S7->S8->S9->S10->S26->S29->S30->S33->S34->S36->S37,L0->L2->L3,2,15,0,0.0,0.0001690381307763499
S12->S13->S14->S16->S18->S20->S21->S24->S29->S30->S33->S34->S35->S37,L0->L1->L3,2,14,0,0.0,0.0001690381307763499
S12->S13->S14->S16->S18->S20->S21->S24->S27->S29->S30->S33->S34->S36->S37,L0->L1->L2->L3,2,15,0,0.0,0.0001690381307763499
S12->S13->S14->S16->S18->S20->S21->S27->S29->S30->S32->S36->S37,L0->L2->L3,2,13,1,0.5,0.0001690381307763499
S12->S13->S14->S16->S18->S20->S21->S27->S29->S30->S32->S33->S34->S36->S37,L0->L2->L3,2,15,0,0.0,0.0001690381307763499
S12->S13->S14->S16->S18->S20->S21->S26->S39->S40->S41->S44->S45->S47->S48->S49->S51,L0->L2->L3,2,17,0,0.0,0.0001690381307763499
S12->S13->S14->S16->S18->S20->S21->S27->S29->S30->S33->S34->S36->S37->S38,L0->L2->L3,2,15,0,0.0,0.0001690381307763499
S0->S1->S2->S4->S7->S10->S29->S30->S33->S34->S35->S37->S38,L0->L3,2,13,0,0.0,0.0001690381307763499
S0->S1->S2->S4->S7->S10->S26->S29->S30->S33->S34->S35->S37,L0->L2->L3,2,13,0,0.0,0.0001690381307763499
S12->S13->S14->S16->S18->S20->S21->S27->S39->S40->S41->S44->S45->S47->S48->S50->S51,L0->L2->L3,2,17,0,0.0,0.0001690381307763499
S12->S13->S14->S16->S17->S19->S20->S21->S29->S30->S33->S34->S35->S37,L0->L3,2,14,0,0.0,0.0001690381307763499
S12->S13->S14->S16->S17->S18->S20->S22->S29->S30->S33->S34->S36->S37->S38,L0->L3,2,15,0,0.0,0.0001690381307763499
S12->S13->S14->S16->S18->S20->S21->S23->S29->S30->S33->S34->S36->S37,L0->L3,2,14,0,0.0,0.0001690381307763499
S12->S13->S14->S16->S18->S20->S21->S23->S29->S30->S33->S34->S35->S37,L0->L3,2,14,0,0.0,0.0001690381307763499
S24->S27->S39->S41->S43->S45->S47->S48->S50->S51,L1->L2->L3,2,10,0,0.0,0.0001690381307763499
S0->S1->S3->S4->S6->S8->S9->S29->S30->S33->S34->S35->S36->S37,L0->L3,2,14,0,0.0,0.0001690381307763499
S0->S1->S3->S4->S7->S8->S10->S26->S27->S29->S30->S32->S33->S34->S35->S37,L0->L2->L3,2,16,0,0.0,0.0001690381307763499
S0->S1->S3->S4->S7->S8->S10->S26->S29->S30->S32->S35->S37,L0->L2->L3,2,13,0,0.0,0.0001690381307763499
S0->S1->S2->S5->S6->S8->S10->S29->S30->S31->S32->S36->S37,L0->L3,2,13,1,0.5,0.0001690381307763499
S0->S1->S2->S5->S6->S8->S10->S29->S30->S31->S32->S35->S37->S38,L0->L3,2,14,0,0.0,0.0001690381307763499
S24->S27->S29->S30->S32->S33->S34->S36->S37->S38,L1->L2->L3,2,10,0,0.0,0.0001690381307763499
S0->S1->S2->S4->S6->S10->S39->S40->S41->S43->S45->S47->S48->S49->S51,L0->L3,2,15,0,0.0,0.0001690381307763499
S0->S1->S2->S4->S6->S10->S27->S29->S30->S33->S34->S36->S37,L0->L2->L3,2,13,0,0.0,0.0001690381307763499
S0->S1->S2->S4->S5->S7->S8->S9->S29->S30->S33->S34->S36->S37,L0->L3,2,14,0,0.0,0.0001690381307763499
S24->S27->S32->S33->S34->S36->S37,L1->L2->L3,2,7,0,0.0,0.0001690381307763499
S24->S27->S30->S33->S34->S36->S37->S38,L1->L2->L3,2,8,0,0.0,0.0001690381307763499
S12->S13->S14->S16->S17->S19->S20->S22->S29->S30->S33->S34->S35->S37,L0->L3,2,14,0,0.0,0.0001690381307763499
S12->S13->S14->S15->S16->S18->S20->S23->S29->S30->S33->S34->S35->S37,L0->L3,2,14,0,0.0,0.0001690381307763499
S12->S13->S14->S15->S16->S18->S20->S22->S29->S30->S33->S34->S36->S37,L0->L3,2,14,0,0.0,0.0001690381307763499
S12->S13->S14->S15->S17->S19->S20->S21->S29->S30->S33->S34->S35->S37,L0->L3,2,14,0,0.0,0.0001690381307763499
S12->S13->S14->S15->S17->S18->S20->S23->S29->S30->S33->S34->S35->S37,L0->L3,2,14,0,0.0,0.0001690381307763499
S0->S1->S4->S7->S8->S10->S26->S29->S30->S33->S34->S35->S37,L0->L2->L3,2,13,0,0.0,0.0001690381307763499
S0->S1->S4->S7->S8->S9->S29->S30->S33->S34->S35->S37->S38,L0->L3,2,13,0,0.0,0.0001690381307763499
S0->S1->S4->S7->S8->S9->S29->S30->S32->S33->S34->S35->S37,L0->L3,2,13,0,0.0,0.0001690381307763499
S0->S1->S4->S7->S8->S9->S29->S30->S31->S33->S34->S36->S37,L0->L3,2,13,0,0.0,0.0001690381307763499
S0->S1->S4->S7->S8->S9->S29->S30->S31->S33->S34->S35->S37,L0->L3,2,13,0,0.0,0.0001690381307763499
S0->S1->S3->S4->S7->S8->S10->S26->S29->S30->S31->S32->S33->S34->S36->S37,L0->L2->L3,2,16,0,0.0,0.0001690381307763499
S0->S1->S2->S5->S6->S8->S10->S11->S27->S29->S30->S33->S34->S35->S37,L0->L2->L3,2,15,0,0.0,0.0001690381307763499
S0->S1->S2->S5->S6->S8->S10->S11->S26->S29->S30->S33->S34->S35->S37,L0->L2->L3,2,15,0,0.0,0.0001690381307763499
S0->S1->S3->S4->S7->S8->S10->S27->S29->S30->S32->S34->S35->S37->S38,L0->L2->L3,2,15,0,0.0,0.0001690381307763499
S0->S1->S3->S4->S6->S8->S9->S29->S30->S32->S33->S34->S35->S37->S38,L0->L3,2,15,0,0.0,0.0001690381307763499
S0->S1->S3->S4->S6->S8->S9->S29->S30->S31->S33->S36->S37,L0->L3,2,13,0,0.0,0.0001690381307763499
S0->S1->S2->S4->S5->S6->S8->S11->S26->S29->S30->S33->S34->S36->S37,L0->L2->L3,2,15,0,0.0,0.0001690381307763499
S24->S28->S29->S30->S32->S35->S37,L1->L2->L3,2,7,0,0.0,0.0001690381307763499
S24->S28->S29->S30->S32->S34->S36->S37,L1->L2->L3,2,8,0,0.0,0.0001690381307763499
S24->S28->S29->S30->S32->S33->S34->S35->S37->S38,L1->L2->L3,2,10,0,0.0,0.0001690381307763499
S24->S27->S39->S41->S44->S45->S47->S48->S49->S51,L1->L2->L3,2,10,0,0.0,0.0001690381307763499
S0->S1->S3->S4->S7->S8->S10->S24->S28->S29->S30->S33->S34->S36->S37,L0->L1->L2->L3,2,15,0,0.0,0.0001690381307763499
S0->S1->S2->S4->S5->S7->S8->S10->S29->S30->S33->S34->S35->S37->S38,L0->L3,2,15,0,0.0,0.0001690381307763499
S0->S1->S2->S4->S5->S6->S8->S9->S29->S30->S33->S34->S35->S37,L0->L3,2,14,0,0.0,0.0001690381307763499
S0->S1->S4->S7->S8->S9->S26->S29->S30->S33->S34->S35->S37,L0->L2->L3,2,13,0,0.0,0.0001690381307763499
S0->S1->S4->S7->S8->S11->S39->S40->S41->S44->S45->S47->S48->S50->S51,L0->L3,2,15,0,0.0,0.0001690381307763499
S0->S1->S5->S6->S8->S9->S26->S29->S30->S33->S34->S35->S37,L0->L2->L3,2,13,0,0.0,0.0001690381307763499
S1->S3->S5->S7->S8->S9->S27->S29->S30->S33->S34->S36->S37,L0->L2->L3,2,13,0,0.0,0.0001690381307763499
S0->S1->S2->S5->S7->S8->S9->S24->S29->S30->S33->S34->S35->S37->S38,L0->L1->L3,2,15,0,0.0,0.0001690381307763499
S0->S1->S2->S5->S7->S8->S9->S24->S26->S47->S48->S49->S51,L0->L1->L2->L3,2,13,0,0.0,0.0001690381307763499
S0->S1->S5->S6->S8->S11->S27->S29->S30->S33->S34->S36->S37,L0->L2->L3,2,13,0,0.0,0.0001690381307763499
S0->S1->S5->S6->S8->S10->S39->S40->S41->S44->S45->S47->S48->S49->S51,L0->L3,2,15,0,0.0,0.0001690381307763499
S0->S1->S5->S6->S8->S10->S39->S40->S41->S43->S45->S47->S48->S50->S51,L0->L3,2,15,0,0.0,0.0001690381307763499
S0->S1->S5->S6->S8->S10->S29->S30->S32->S34->S35->S37,L0->L3,2,12,2,1.0,0.0001690381307763499
S0->S1->S5->S6->S8->S10->S29->S30->S31->S33->S34->S36->S37,L0->L3,2,13,0,0.0,0.0001690381307763499
S0->S1->S5->S7->S8->S10->S29->S30->S31->S33->S34->S35->S37,L0->L3,2,13,0,0.0,0.0001690381307763499
S0->S1->S5->S7->S8->S11->S27->S29->S30->S33->S34->S35->S37,L0->L2->L3,2,13,0,0.0,0.0001690381307763499
S0->S1->S5->S7->S8->S10->S39->S40->S41->S44->S45->S47->S48->S50->S51,L0->L3,2,15,0,0.0,0.0001690381307763499
S0->S1->S5->S7->S8->S10->S39->S40->S41->S43->S45->S47->S48->S50->S51,L0->L3,2,15,0,0.0,0.0001690381307763499
S0->S1->S2->S5->S7->S8->S9->S39->S40->S41->S44->S45->S47->S48->S49->S50->S51,L0->L3,2,17,1,0.5,0.0001690381307763499
S1->S3->S4->S7->S8->S11->S39->S40->S41->S44->S45->S47->S48->S50->S51,L0->L3,2,15,0,0.0,0.0001690381307763499
S1->S3->S5->S6->S8->S9->S39->S40->S41->S43->S45->S47->S48->S50->S51,L0->L3,2,15,0,0.0,0.0001690381307763499
S1->S3->S5->S6->S8->S10->S39->S40->S41->S44->S45->S47->S48->S50->S51,L0->L3,2,15,0,0.0,0.0001690381307763499
S1->S3->S5->S7->S8->S11->S27->S29->S30->S33->S34->S35->S37,L0->L2->L3,2,13,0,0.0,0.0001690381307763499
S1->S3->S5->S7->S8->S10->S26->S29->S30->S33->S34->S35->S37,L0->L2->L3,2,13,0,0.0,0.0001690381307763499
S25->S26->S29->S30->S32->S33->S34->S35->S37->S38,L1->L2->L3,2,10,0,0.0,0.0001690381307763499
S0->S1->S2->S5->S6->S8->S10->S26->S29->S30->S32->S36->S37,L0->L2->L3,2,13,0,0.0,0.0001690381307763499
S0->S1->S2->S5->S6->S8->S10->S26->S29->S30->S32->S34->S36->S37,L0->L2->L3,2,14,0,0.0,0.0001690381307763499
S0->S1->S2->S5->S6->S8->S10->S27->S29->S30->S32->S36->S37->S38,L0->L2->L3,2,14,0,0.0,0.0001690381307763499
S24->S29->S30->S32->S34->S36->S37->S38,L1->L3,2,8,0,0.0,0.0001690381307763499
S24->S28->S38,L1->L2->L3,2,3,0,0.0,0.0001690381307763499
S24->S28->S30->S31->S33->S34->S36->S37,L1->L2->L3,2,8,0,0.0,0.0001690381307763499
S24->S29->S30->S32->S37,L1->L3,2,5,0,0.0,0.0001690381307763499
S0->S1->S2->S5->S6->S8->S10->S27->S29->S30->S32->S34->S35->S37,L0->L2->L3,2,14,1,0.5,0.0001690381307763499
S0->S1->S2->S5->S6->S8->S10->S27->S29->S30->S31->S33->S34->S36->S37,L0->L2->L3,2,15,0,0.0,0.0001690381307763499
S12->S13->S14->S15->S16->S18->S20->S21->S29->S30->S33->S34->S36->S37,L0->L3,2,14,0,0.0,0.0001690381307763499
S0->S1->S5->S7->S8->S10->S26->S29->S30->S33->S34->S35->S37,L0->L2->L3,2,13,0,0.0,0.0001690381307763499
S0->S1->S5->S6->S8->S9->S29->S30->S31->S33->S34->S35->S37,L0->L3,2,13,0,0.0,0.0001690381307763499
S0->S1->S5->S7->S8->S9->S29->S30->S32->S33->S34->S36->S37,L0->L3,2,13,0,0.0,0.0001690381307763499
S1->S3->S4->S7->S8->S11->S27->S29->S30->S33->S34->S35->S37,L0->L2->L3,2,13,0,0.0,0.0001690381307763499
S0->S1->S2->S5->S7->S8->S9->S12->S13->S15->S17->S19->S20->S23->S29->S30->S33->S34->S36->S37,L0->L3,2,20,0,0.0,0.0001690381307763499
S0->S1->S2->S5->S7->S8->S9->S25->S29->S30->S33->S34->S35->S37,L0->L1->L3,2,14,0,0.0,0.0001690381307763499
S0->S1->S2->S5->S6->S8->S10->S25->S26->S29->S30->S33->S34->S36->S37,L0->L1->L2->L3,2,15,0,0.0,0.0001690381307763499
S0->S1->S2->S5->S6->S8->S10->S24->S28->S29->S30->S33->S34->S35->S37,L0->L1->L2->L3,2,15,0,0.0,0.0001690381307763499
S0->S1->S2->S4->S29->S30->S33->S34->S36->S37,L0->L3,2,10,0,0.0,0.0001690381307763499
S0->S1->S2->S3->S5->S7->S8->S9->S29->S30->S31->S33->S34->S35->S37,L0->L3,2,15,0,0.0,0.0001690381307763499
S0->S1->S2->S3->S5->S7->S8->S9->S26->S29->S30->S33->S34->S36->S37,L0->L2->L3,2,15,0,0.0,0.0001690381307763499
S1->S3->S5->S6->S8->S10->S29->S30->S33->S34->S36->S37->S38,L0->L3,2,13,0,0.0,0.0001690381307763499
S1->S3->S5->S6->S8->S10->S29->S30->S31->S33->S34->S36->S37,L0->L3,2,13,0,0.0,0.0001690381307763499
S1->S3->S5->S6->S8->S10->S27->S29->S30->S33->S34->S36->S37,L0->L2->L3,2,13,0,0.0,0.0001690381307763499
S1->S3->S4->S7->S8->S9->S27->S29->S30->S33->S34->S36->S37,L0->L2->L3,2,13,0,0.0,0.0001690381307763499
S0->S2->S4->S6->S8->S10->S39->S40->S41->S44->S45->S47->S48->S50->S51,L0->L3,2,15,0,0.0,0.0001690381307763499
S0->S1->S2->S4->S7->S8->S9->S25->S26->S29->S30->S33->S34->S35->S37,L0->L1->L2->L3,2,15,0,0.0,0.0001690381307763499
S1->S2->S5->S6->S8->S11->S26->S29->S30->S33->S34->S36->S37,L0->L2->L3,2,13,0,0.0,0.0001690381307763499
S1->S2->S5->S7->S8->S11->S26->S29->S30->S33->S34->S35->S37,L0->L2->L3,2,13,0,0.0,0.0001690381307763499
S1->S2->S5->S7->S8->S10->S29->S30->S31->S33->S34->S35->S37,L0->L3,2,13,0,0.0,0.0001690381307763499
S1->S2->S5->S7->S8->S9->S39->S40->S41->S44->S45->S47->S48->S49->S51,L0->L3,2,15,0,0.0,0.0001690381307763499
S1->S2->S5->S7->S8->S9->S27->S29->S30->S33->S34->S35->S37,L0->L2->L3,2,13,0,0.0,0.0001690381307763499
S1->S3->S4->S6->S8->S9->S29->S30->S33->S36->S37,L0->L3,2,11,0,0.0,0.0001690381307763499
S1->S2->S5->S6->S8->S9->S29->S30->S32->S33->S34->S35->S37,L0->L3,2,13,0,0.0,0.0001690381307763499
S1->S2->S5->S6->S8->S11->S29->S30->S31->S33->S34->S35->S37,L0->L3,2,13,0,0.0,0.0001690381307763499
S1->S2->S5->S6->S8->S11->S27->S29->S30->S33->S34->S35->S37,L0->L2->L3,2,13,0,0.0,0.0001690381307763499
S0->S1->S2->S4->S7->S8->S9->S25->S27->S29->S30->S33->S34->S35->S37,L0->L1->L2->L3,2,15,0,0.0,0.0001690381307763499
S0->S1->S5->S7->S8->S9->S26->S29->S30->S33->S34->S36->S37,L0->L2->L3,2,13,0,0.0,0.0001690381307763499
S0->S1->S2->S5->S6->S8->S10->S12->S13->S15->S17->S18->S20->S23->S29->S30->S33->S34->S36->S37,L0->L3,2,20,0,0.0,0.0001690381307763499
S0->S1->S3->S4->S6->S9->S26->S29->S30->S33->S34->S35->S37,L0->L2->L3,2,13,0,0.0,0.0001690381307763499
S0->S1->S3->S4->S6->S8->S9->S39->S40->S41->S44->S47->S48->S49->S51,L0->L3,2,15,0,0.0,0.0001690381307763499
S0->S1->S3->S4->S7->S8->S10->S12->S13->S14->S17->S18->S20->S21->S29->S30->S33->S34->S36->S37,L0->L3,2,20,0,0.0,0.0001690381307763499
S0->S1->S2->S5->S6->S8->S10->S25->S29->S30->S33->S34->S36->S37,L0->L1->L3,2,14,0,0.0,0.0001690381307763499
S0->S1->S2->S5->S6->S8->S10->S25->S28->S29->S30->S33->S34->S36->S37,L0->L1->L2->L3,2,15,0,0.0,0.0001690381307763499
S0->S1->S2->S3->S5->S7->S8->S10->S29->S30->S31->S33->S34->S36->S37,L0->L3,2,15,0,0.0,0.0001690381307763499
S25->S27->S28->S29->S30->S32->S33->S34->S36->S37,L1->L2->L3,2,10,0,0.0,0.0001690381307763499
S25->S27->S28->S29->S30->S32->S33->S34->S35->S37,L1->L2->L3,2,10,0,0.0,0.0001690381307763499
S25->S26->S39->S41->S44->S45->S47->S48->S50->S51,L1->L2->L3,2,10,0,0.0,0.0001690381307763499
S25->S26->S39->S40->S41->S43->S45->S47->S48->S49->S50->S51,L1->L2->L3,2,12,0,0.0,0.0001690381307763499
S25->S27->S29->S30->S32->S36->S37->S38,L1->L2->L3,2,8,0,0.0,0.0001690381307763499
S0->S1->S5->S7->S8->S9->S26->S29->S30->S33->S34->S35->S37,L0->L2->L3,2,13,0,0.0,0.0001690381307763499
S0->S2->S4->S6->S8->S9->S26->S29->S30->S33->S34->S36->S37,L0->L2->L3,2,13,0,0.0,0.0001690381307763499
S0->S2->S4->S6->S8->S9->S26->S29->S30->S33->S34->S35->S37,L0->L2->L3,2,13,0,0.0,0.0001690381307763499
S0->S2->S4->S6->S8->S11->S29->S30->S33->S34->S36->S37->S38,L0->L3,2,13,0,0.0,0.0001690381307763499
S0->S2->S4->S6->S8->S11->S29->S30->S31->S33->S34->S35->S37,L0->L3,2,13,0,0.0,0.0001690381307763499
S1->S2->S4->S6->S8->S9->S27->S29->S30->S33->S34->S36->S37,L0->L2->L3,2,13,0,0.0,0.0001690381307763499
S1->S2->S4->S6->S8->S9->S26->S29->S30->S33->S34->S35->S37,L0->L2->L3,2,13,0,0.0,0.0001690381307763499
S0->S1->S2->S5->S7->S8->S9->S26->S38,L0->L2->L3,2,9,0,0.0,0.0001690381307763499
S0->S1->S2->S5->S7->S8->S9->S26->S30->S33->S34->S35->S37,L0->L2->L3,2,13,0,0.0,0.0001690381307763499
S0->S1->S2->S5->S7->S8->S9->S26->S29->S30->S33->S34->S36,L0->L2->L3,2,13,0,0.0,0.0001690381307763499
S0->S1->S2->S5->S7->S8->S9->S26->S29->S30->S32->S35->S37,L0->L2->L3,2,13,0,0.0,0.0001690381307763499
S1->S2->S4->S7->S8->S9->S26->S29->S30->S33->S34->S36->S37,L0->L2->L3,2,13,0,0.0,0.0001690381307763499
S0->S1->S3->S4->S6->S9->S38,L0->L3,2,7,0,0.0,0.0001690381307763499
S0->S1->S2->S3->S5->S6->S8->S9->S26->S29->S30->S33->S34->S36->S37,L0->L2->L3,2,15,0,0.0,0.0001690381307763499
S25->S28->S29->S33->S34->S35->S37,L1->L2->L3,2,7,0,0.0,0.0001690381307763499
S0->S1->S2->S3->S4->S7->S8->S11->S27->S29->S30->S33->S34->S35->S37,L0->L2->L3,2,15,0,0.0,0.0001690381307763499
S25->S29->S30->S33->S34->S35,L1->L3,2,6,0,0.0,0.0001690381307763499
S1->S2->S4->S7->S8->S11->S29->S30->S33->S34->S35->S37->S38,L0->L3,2,13,0,0.0,0.0001690381307763499
S1->S2->S4->S7->S8->S10->S29->S30->S31->S33->S34->S36->S37,L0->L3,2,13,0,0.0,0.0001690381307763499
S1->S2->S4->S7->S8->S9->S39->S40->S41->S44->S45->S47->S48->S50->S51,L0->L3,2,15,0,0.0,0.0001690381307763499
S0->S2->S4->S7->S8->S11->S27->S29->S30->S33->S34->S35->S37,L0->L2->L3,2,13,0,0.0,0.0001690381307763499
S0->S1->S2->S5->S7->S8->S9->S27->S29->S30->S32->S36->S37,L0->L2->L3,2,13,0,0.0,0.0001690381307763499
S0->S1->S2->S5->S7->S8->S9->S27->S29->S30->S32->S34->S36->S37,L0->L2->L3,2,14,2,1.0,0.0001690381307763499
S0->S3->S5->S7->S8->S11->S27->S29->S30->S33->S34->S36->S37,L0->L2->L3,2,13,0,0.0,0.0001690381307763499
S0->S3->S5->S7->S8->S10->S29->S30->S31->S33->S34->S36->S37,L0->L3,2,13,0,0.0,0.0001690381307763499
S0->S3->S5->S7->S8->S10->S26->S29->S30->S33->S34->S36->S37,L0->L2->L3,2,13,0,0.0,0.0001690381307763499
S1->S2->S4->S6->S8->S10->S39->S40->S41->S44->S45->S47->S48->S49->S51,L0->L3,2,15,0,0.0,0.0001690381307763499
S0->S1->S2->S5->S7->S8->S9->S29->S30->S31->S32->S34->S35->S37,L0->L3,2,14,0,0.0,0.0001690381307763499
S0->S3->S5->S6->S8->S10->S26->S29->S30->S33->S34->S35->S37,L0->L2->L3,2,13,0,0.0,0.0001690381307763499
S0->S3->S4->S7->S8->S9->S29->S30->S33->S34->S36->S37->S38,L0->L3,2,13,0,0.0,0.0001690381307763499
S0->S3->S4->S7->S8->S9->S29->S30->S31->S33->S34->S35->S37,L0->L3,2,13,0,0.0,0.0001690381307763499
S0->S1->S2->S5->S6->S8->S10->S12->S13->S15->S16->S19->S20->S23->S29->S30->S33->S34->S36->S37,L0->L3,2,20,0,0.0,0.0001690381307763499
S0->S1->S2->S5->S6->S8->S10->S12->S13->S15->S16->S19->S20->S21->S26->S29->S30->S33->S34->S35->S37->S38,L0->L2->L3,2,22,0,0.0,0.0001690381307763499
S25->S28->S30->S33->S34->S36->S37,L1->L2->L3,2,7,0,0.0,0.0001690381307763499
S25->S30->S32->S33->S34->S35->S37,L1->L3,2,7,0,0.0,0.0001690381307763499
S0->S1->S2->S3->S5->S6->S8->S10->S26->S29->S30->S33->S34->S35->S37,L0->L2->L3,2,15,0,0.0,0.0001690381307763499
S0->S1->S3->S4->S6->S8->S9->S29->S30->S32->S34->S36->S37->S38,L0->L3,2,14,0,0.0,0.0001690381307763499
S0->S1->S3->S4->S7->S10->S27->S29->S30->S33->S34->S35->S37,L0->L2->L3,2,13,0,0.0,0.0001690381307763499
S0->S1->S3->S4->S7->S10->S26->S29->S30->S33->S34->S36->S37,L0->L2->L3,2,13,0,0.0,0.0001690381307763499
S1->S2->S4->S6->S8->S10->S38,L0->L3,2,7,0,0.0,0.0001690381307763499
S1->S2->S4->S6->S8->S10->S26->S29->S30->S33->S34->S36->S37,L0->L2->L3,2,13,0,0.0,0.0001690381307763499
S1->S2->S4->S7->S8->S10->S26->S29->S30->S33->S34->S35->S37,L0->L2->L3,2,13,0,0.0,0.0001690381307763499
S0->S1->S3->S4->S6->S8->S9->S39->S40->S41->S43->S45->S47->S48->S50,L0->L3,2,15,0,0.0,0.0001690381307763499
S37,L3,2,1,0,0.0,0.0001690381307763499
S29->S30->S32->S33->S35->S37,L3,2,6,0,0.0,0.0001690381307763499
S0->S1->S2->S5->S7->S8->S9->S29->S30->S32->S33->S34->S36->S37->S38,L0->L3,2,15,0,0.0,0.0001690381307763499
S0->S2->S5->S6->S8->S9->S26->S29->S30->S33->S34->S35->S37,L0->L2->L3,2,13,0,0.0,0.0001690381307763499
S27->S29->S30->S32->S35->S37->S38,L2->L3,2,7,0,0.0,0.0001690381307763499
S27->S29->S30->S32->S35->S37,L2->L3,2,6,1,0.5,0.0001690381307763499
S29->S30->S33->S34->S35,L3,2,5,0,0.0,0.0001690381307763499
S0->S1->S2->S3->S4->S6->S8->S11->S26->S29->S30->S33->S34->S35->S37,L0->L2->L3,2,15,0,0.0,0.0001690381307763499
S0->S1->S2->S3->S4->S7->S8->S10->S29->S30->S31->S33->S34->S36->S37,L0->L3,2,15,0,0.0,0.0001690381307763499
S5->S6->S8->S10->S29->S30->S33->S34->S35->S37,L0->L3,1,10,0,0.0,8.451906538817494e-05
S0->S1->S2->S3->S4->S6->S8->S11->S39->S40->S41->S44->S45->S47->S48->S49->S51,L0->L3,1,17,0,0.0,8.451906538817494e-05
S0->S1->S2->S3->S4->S6->S8->S11->S39->S40->S41->S44->S45->S47->S48->S50->S51,L0->L3,1,17,0,0.0,8.451906538817494e-05
S0->S1->S2->S3->S4->S6->S8->S9->S26->S29->S30->S33->S34->S36->S37,L0->L2->L3,1,15,0,0.0,8.451906538817494e-05
S0->S1->S2->S3->S4->S6->S8->S9->S29->S30->S32->S33->S34->S35->S37,L0->L3,1,15,0,0.0,8.451906538817494e-05
S0->S1->S3->S4->S7->S11->S27->S29->S30->S33->S34->S36->S37,L0->L2->L3,1,13,0,0.0,8.451906538817494e-05
S0->S1->S3->S4->S7->S11->S39->S40->S41->S43->S44->S45->S47->S48->S50->S51,L0->L3,1,16,0,0.0,8.451906538817494e-05
S0->S1->S3->S4->S7->S11->S39->S40->S41->S43->S45->S47->S48->S50->S51,L0->L3,1,15,0,0.0,8.451906538817494e-05
S0->S1->S2->S3->S4->S6->S8->S9->S39->S40->S41->S43->S45->S47->S48->S49->S51,L0->L3,1,17,0,0.0,8.451906538817494e-05
S0->S1->S2->S3->S4->S7->S8->S10->S26->S29->S30->S33->S34->S36->S37,L0->L2->L3,1,15,0,0.0,8.451906538817494e-05
S0->S1->S2->S3->S4->S7->S8->S10->S27->S29->S30->S33->S34->S35->S37,L0->L2->L3,1,15,0,0.0,8.451906538817494e-05
S0->S1->S2->S3->S4->S6->S8->S10->S26->S29->S30->S33->S34->S36->S37,L0->L2->L3,1,15,0,0.0,8.451906538817494e-05
S0->S1->S2->S3->S4->S6->S8->S10->S26->S29->S30->S33->S34->S35->S37,L0->L2->L3,1,15,0,0.0,8.451906538817494e-05
S0->S1->S2->S3->S4->S6->S8->S10->S39->S40->S41->S44->S45->S47->S48->S50->S51,L0->L3,1,17,0,0.0,8.451906538817494e-05
S0->S1->S2->S3->S4->S6->S8->S11->S27->S29->S30->S33->S34->S35->S37,L0->L2->L3,1,15,0,0.0,8.451906538817494e-05
S0->S1->S2->S3->S4->S6->S8->S11->S29->S30->S33->S34->S36->S37->S38,L0->L3,1,15,0,0.0,8.451906538817494e-05
S27->S29->S30->S32->S36->S37,L2->L3,1,6,1,1.0,8.451906538817494e-05
S0->S2->S5->S7->S8->S11->S39->S40->S41->S43->S45->S47->S48->S50->S51,L0->L3,1,15,1,1.0,8.451906538817494e-05
S0->S2->S5->S7->S8->S9->S11->S29->S30->S33->S34->S35->S37,L0->L3,1,13,0,0.0,8.451906538817494e-05
S0->S2->S5->S7->S8->S9->S26->S29->S30->S33->S34->S35->S37,L0->L2->L3,1,13,0,0.0,8.451906538817494e-05
S0->S2->S5->S7->S8->S9->S27->S29->S30->S33->S34->S36->S37,L0->L2->L3,1,13,0,0.0,8.451906538817494e-05
S0->S2->S5->S6->S8->S9->S26->S29->S30->S33->S34->S35->S37->S38,L0->L2->L3,1,14,0,0.0,8.451906538817494e-05
S0->S1->S2->S5->S7->S8->S9->S29->S30->S32->S33->S34->S35,L0->L3,1,13,0,0.0,8.451906538817494e-05
S0->S1->S2->S5->S7->S8->S9->S29->S30->S32->S33->S36->S37,L0->L3,1,13,0,0.0,8.451906538817494e-05
S0->S1->S2->S5->S6->S8->S10->S12->S13->S14->S17->S19->S20->S22->S29->S30->S33->S34->S36->S37,L0->L3,1,20,0,0.0,8.451906538817494e-05
S0->S1->S2->S5->S6->S8->S10->S12->S13->S14->S17->S19->S20->S23->S26->S29->S30->S33->S34->S36->S37,L0->L2->L3,1,21,0,0.0,8.451906538817494e-05
S39->S40->S41->S43->S45->S47->S49->S51,L3,1,8,0,0.0,8.451906538817494e-05
S29->S30->S36->S37,L3,1,4,0,0.0,8.451906538817494e-05
S29->S30->S32->S34->S36->S37,L3,1,6,0,0.0,8.451906538817494e-05
S29->S30->S32->S35->S37,L3,1,5,0,0.0,8.451906538817494e-05
S29->S30->S32->S36->S37->S38,L3,1,6,0,0.0,8.451906538817494e-05
S0->S1->S2->S3->S4->S6->S8->S10->S26->S39->S40->S41->S44->S45->S47->S48->S49->S51,L0->L2->L3,1,18,0,0.0,8.451906538817494e-05
S0->S1->S2->S3->S4->S6->S8->S10->S27->S29->S30->S33->S34->S35->S37,L0->L2->L3,1,15,0,0.0,8.451906538817494e-05
S0->S2->S5->S7->S8->S10->S29->S30->S32->S33->S34->S35->S37,L0->L3,1,13,0,0.0,8.451906538817494e-05
S0->S2->S5->S6->S8->S10->S29->S30->S31->S33->S34->S36->S37,L0->L3,1,13,0,0.0,8.451906538817494e-05
S0->S2->S5->S7->S8->S9->S29->S30->S33->S34->S35->S37->S38,L0->L3,1,13,0,0.0,8.451906538817494e-05
S0->S2->S5->S7->S8->S9->S39->S40->S41->S43->S45->S47->S48->S49->S51,L0->L3,1,15,0,0.0,8.451906538817494e-05
S0->S3->S4->S6->S8->S10->S26->S29->S30->S33->S34->S35->S37,L0->L2->L3,1,13,0,0.0,8.451906538817494e-05
S0->S3->S4->S6->S8->S10->S26->S29->S30->S33->S34->S36->S37,L0->L2->L3,1,13,0,0.0,8.451906538817494e-05
S0->S3->S4->S6->S8->S10->S26->S29->S33->S34->S36->S37,L0->L2->L3,1,12,0,0.0,8.451906538817494e-05
S0->S3->S4->S6->S8->S10->S39->S40->S41->S44->S45->S47->S48->S50->S51,L0->L3,1,15,0,0.0,8.451906538817494e-05
S0->S3->S4->S6->S8->S11->S26->S29->S30->S33->S34->S35->S37,L0->L2->L3,1,13,0,0.0,8.451906538817494e-05
S0->S3->S4->S6->S8->S11->S29->S30->S31->S33->S34->S36->S37,L0->L3,1,13,0,0.0,8.451906538817494e-05
S0->S2->S5->S7->S8->S11->S24->S26->S29->S30->S33->S34->S35->S37,L0->L1->L2->L3,1,14,0,0.0,8.451906538817494e-05
S0->S2->S5->S7->S8->S11->S26->S29->S30->S33->S34->S35->S37,L0->L2->L3,1,13,0,0.0,8.451906538817494e-05
S0->S2->S5->S7->S8->S11->S27->S29->S30->S33->S34->S35->S37,L0->L2->L3,1,13,0,0.0,8.451906538817494e-05
S0->S2->S5->S7->S8->S11->S29->S30->S33->S34->S35->S37->S38,L0->L3,1,13,0,0.0,8.451906538817494e-05
S0->S2->S5->S7->S8->S11->S38,L0->L3,1,7,0,0.0,8.451906538817494e-05
S0->S2->S5->S7->S8->S11->S39->S40->S41->S43->S45->S47->S48->S49->S51,L0->L3,1,15,0,0.0,8.451906538817494e-05
S0->S3->S4->S7->S8->S10->S27->S29->S30->S33->S34->S36->S37->S38,L0->L2->L3,1,14,0,0.0,8.451906538817494e-05
S0->S3->S4->S7->S8->S10->S28->S29->S30->S33->S34->S35->S37,L0->L2->L3,1,13,0,0.0,8.451906538817494e-05
S0->S3->S4->S7->S8->S10->S29->S30->S31->S33->S34->S35->S37,L0->L3,1,13,0,0.0,8.451906538817494e-05
S0->S2->S5->S7->S8->S9->S27->S39->S40->S41->S43->S45->S47->S48->S49->S51,L0->L2->L3,1,16,0,0.0,8.451906538817494e-05
S0->S2->S5->S7->S8->S9->S29->S30->S31->S33->S34->S36->S37,L0->L3,1,13,0,0.0,8.451906538817494e-05
S0->S1->S2->S4->S7->S8->S9->S12->S13->S15->S16->S18->S20->S23->S29->S30->S33->S34->S35->S37,L0->L3,1,20,0,0.0,8.451906538817494e-05
S0->S1->S2->S4->S7->S8->S9->S12->S13->S15->S16->S18->S20->S23->S29->S30->S33->S34->S36->S37,L0->L3,1,20,0,0.0,8.451906538817494e-05
S0->S1->S2->S5->S7->S8->S9->S28->S29->S30->S31->S33->S34->S35->S37->S38,L0->L2->L3,1,16,0,0.0,8.451906538817494e-05
S0->S2->S5->S6->S8->S9->S27->S29->S30->S33->S34->S35->S37,L0->L2->L3,1,13,0,0.0,8.451906538817494e-05
S0->S2->S5->S6->S8->S9->S27->S29->S30->S33->S34->S36->S37,L0->L2->L3,1,13,0,0.0,8.451906538817494e-05
S0->S2->S5->S6->S8->S9->S29->S30->S32->S33->S34->S35->S37,L0->L3,1,13,0,0.0,8.451906538817494e-05
S0->S2->S5->S6->S8->S9->S29->S30->S32->S35->S37,L0->L3,1,11,1,1.0,8.451906538817494e-05
S0->S2->S5->S6->S8->S9->S29->S30->S32->S35->S37->S38,L0->L3,1,12,0,0.0,8.451906538817494e-05
S0->S2->S5->S7->S8->S10->S26->S29->S30->S33->S34->S35->S37,L0->L2->L3,1,13,0,0.0,8.451906538817494e-05
S0->S2->S5->S7->S8->S10->S27->S29->S30->S33->S34->S35->S37,L0->L2->L3,1,13,0,0.0,8.451906538817494e-05
S0->S2->S5->S7->S8->S10->S29->S30->S31->S33->S34->S36->S37,L0->L3,1,13,0,0.0,8.451906538817494e-05
S0->S3->S4->S7->S8->S10->S39->S40->S41->S44->S45->S47->S48->S50->S51,L0->L3,1,15,0,0.0,8.451906538817494e-05
S0->S3->S4->S7->S8->S11->S26->S29->S30->S33->S34->S35->S37,L0->L2->L3,1,13,0,0.0,8.451906538817494e-05
S0->S3->S4->S7->S8->S11->S27->S29->S30->S33->S34->S35->S37,L0->L2->L3,1,13,0,0.0,8.451906538817494e-05
S0->S3->S4->S7->S8->S11->S29->S30->S32->S36->S37,L0->L3,1,11,0,0.0,8.451906538817494e-05
S0->S3->S4->S7->S8->S11->S29->S30->S32->S36->S37->S38,L0->L3,1,12,0,0.0,8.451906538817494e-05
S0->S3->S4->S7->S8->S11->S29->S30->S33->S34->S36->S37->S38,L0->L3,1,13,0,0.0,8.451906538817494e-05
S0->S3->S4->S7->S8->S11->S39->S40->S41->S43->S45->S47->S48->S49->S51,L0->L3,1,15,0,0.0,8.451906538817494e-05
S0->S3->S4->S7->S8->S11->S39->S40->S41->S43->S45->S47->S48->S50->S51,L0->L3,1,15,0,0.0,8.451906538817494e-05
S0->S3->S4->S7->S8->S11->S39->S40->S41->S44->S45->S47->S48->S49->S51,L0->L3,1,15,0,0.0,8.451906538817494e-05
S0->S3->S4->S7->S8->S9->S26->S29->S30->S33->S34->S36->S37,L0->L2->L3,1,13,0,0.0,8.451906538817494e-05
S0->S3->S4->S7->S8->S9->S27->S29->S30->S33->S34->S35->S37,L0->L2->L3,1,13,0,0.0,8.451906538817494e-05
S0->S3->S4->S6->S8->S9->S26->S29->S30->S33->S34->S35->S37,L0->L2->L3,1,13,0,0.0,8.451906538817494e-05
S0->S3->S4->S6->S8->S9->S27->S29->S30->S33->S34->S36->S37,L0->L2->L3,1,13,0,0.0,8.451906538817494e-05
S0->S3->S4->S6->S8->S9->S29->S30->S31->S33->S34->S35->S37,L0->L3,1,13,0,0.0,8.451906538817494e-05
S0->S3->S4->S6->S8->S9->S29->S30->S32->S33->S34->S36->S37,L0->L3,1,13,0,0.0,8.451906538817494e-05
S0->S3->S4->S7->S8->S10->S27->S29->S30->S33->S34->S35->S37,L0->L2->L3,1,13,0,0.0,8.451906538817494e-05
S0->S3->S4->S7->S8->S9->S39->S40->S41->S44->S45->S47->S48->S49->S51,L0->L3,1,15,0,0.0,8.451906538817494e-05
S0->S3->S4->S7->S8->S9->S39->S40->S41->S44->S45->S47->S48->S50->S51,L0->L3,1,15,0,0.0,8.451906538817494e-05
S0->S3->S5->S6->S8->S10->S29->S30->S31->S32->S35->S37,L0->L3,1,12,0,0.0,8.451906538817494e-05
S0->S3->S5->S6->S8->S10->S29->S30->S31->S33->S34->S36->S37,L0->L3,1,13,0,0.0,8.451906538817494e-05
S0->S3->S5->S6->S8->S10->S39->S40->S41->S43->S45->S47->S48->S50->S51,L0->L3,1,15,0,0.0,8.451906538817494e-05
S0->S3->S5->S6->S8->S10->S39->S40->S41->S44->S45->S47->S48->S49->S51,L0->L3,1,15,0,0.0,8.451906538817494e-05
S0->S1->S2->S5->S7->S8->S9->S28->S29->S30->S32->S33->S34->S35->S37,L0->L2->L3,1,15,0,0.0,8.451906538817494e-05
S0->S1->S2->S5->S7->S8->S9->S28->S29->S30->S32->S35->S37,L0->L2->L3,1,13,0,0.0,8.451906538817494e-05
S0->S1->S2->S5->S7->S8->S9->S28->S29->S30->S32->S36->S37,L0->L2->L3,1,13,0,0.0,8.451906538817494e-05
S0->S1->S2->S5->S7->S8->S9->S28->S29->S32->S33->S34->S36->S37,L0->L2->L3,1,14,0,0.0,8.451906538817494e-05
S0->S1->S2->S5->S7->S8->S9->S28->S39->S40->S41->S44->S45->S47->S48->S49->S51,L0->L2->L3,1,17,0,0.0,8.451906538817494e-05
S0->S1->S2->S5->S7->S8->S9->S28->S39->S40->S41->S44->S45->S47->S48->S50->S51,L0->L2->L3,1,17,0,0.0,8.451906538817494e-05
S0->S1->S2->S5->S7->S8->S9->S29->S30->S31->S32->S34->S36->S37->S38,L0->L3,1,15,0,0.0,8.451906538817494e-05
S0->S1->S2->S5->S7->S8->S9->S29->S30->S31->S32->S36->S37,L0->L3,1,13,0,0.0,8.451906538817494e-05
S0->S1->S2->S5->S7->S8->S9->S27->S29->S30->S31->S33->S34->S36->S37->S38,L0->L2->L3,1,16,0,0.0,8.451906538817494e-05
S0->S3->S4->S7->S8->S10->S29->S31->S33->S34->S35->S37,L0->L3,1,12,0,0.0,8.451906538817494e-05
S0->S2->S4->S7->S8->S11->S27->S29->S30->S33->S34->S36->S37,L0->L2->L3,1,13,0,0.0,8.451906538817494e-05
S0->S2->S4->S7->S8->S11->S29->S30->S33->S34->S35->S37->S38,L0->L3,1,13,0,0.0,8.451906538817494e-05
S0->S2->S4->S7->S8->S11->S29->S30->S33->S34->S36->S37->S38,L0->L3,1,13,0,0.0,8.451906538817494e-05
S0->S2->S4->S7->S8->S11->S39->S40->S41->S43->S45->S47->S48->S49->S51,L0->L3,1,15,0,0.0,8.451906538817494e-05
S0->S2->S4->S7->S8->S9->S24->S29->S30->S33->S34->S36->S37,L0->L1->L3,1,13,0,0.0,8.451906538817494e-05
S0->S1->S2->S5->S7->S8->S9->S28->S29->S30->S31->S32->S33->S34->S35->S37,L0->L2->L3,1,16,0,0.0,8.451906538817494e-05
S0->S3->S5->S6->S8->S11->S27->S29->S30->S33->S34->S36->S37,L0->L2->L3,1,13,0,0.0,8.451906538817494e-05
S0->S3->S5->S6->S8->S11->S29->S30->S31->S33->S34->S35->S37,L0->L3,1,13,0,0.0,8.451906538817494e-05
S0->S3->S5->S6->S8->S11->S39->S40->S41->S44->S45->S47->S48->S50->S51,L0->L3,1,15,0,0.0,8.451906538817494e-05
S0->S3->S5->S6->S8->S9->S26->S29->S30->S33->S34->S36->S37->S38,L0->L2->L3,1,14,0,0.0,8.451906538817494e-05
S0->S3->S5->S6->S8->S9->S27->S29->S30->S33->S34->S36->S37,L0->L2->L3,1,13,0,0.0,8.451906538817494e-05
S0->S3->S5->S6->S8->S9->S29->S30->S31->S33->S34->S36->S37->S38,L0->L3,1,14,0,0.0,8.451906538817494e-05
S0->S3->S5->S6->S8->S9->S39->S40->S41->S43->S45->S47->S48->S50->S51,L0->L3,1,15,0,0.0,8.451906538817494e-05
S0->S3->S5->S6->S8->S9->S39->S40->S41->S44->S45->S47->S48->S50->S51,L0->L3,1,15,0,0.0,8.451906538817494e-05
S0->S3->S4->S7->S8->S9->S29->S30->S32->S33->S34->S36->S37,L0->L3,1,13,0,0.0,8.451906538817494e-05
S0->S3->S4->S7->S8->S9->S39->S40->S41->S43->S45->S47->S48->S49->S51,L0->L3,1,15,0,0.0,8.451906538817494e-05
S0->S1->S2->S5->S7->S8->S9->S27->S29->S30->S32->S33->S34->S36->S37->S38,L0->L2->L3,1,16,0,0.0,8.451906538817494e-05
S0->S1->S2->S5->S7->S8->S9->S27->S29->S30->S32->S34->S35->S37,L0->L2->L3,1,14,0,0.0,8.451906538817494e-05
S0->S1->S2->S5->S7->S8->S9->S27->S29->S30->S32->S34->S36->S37->S38,L0->L2->L3,1,15,0,0.0,8.451906538817494e-05
S0->S1->S2->S5->S7->S8->S9->S27->S32->S33->S34->S35->S37,L0->L2->L3,1,13,0,0.0,8.451906538817494e-05
S0->S1->S2->S5->S7->S8->S9->S27->S39->S40->S41->S43->S44->S45->S47->S48->S50->S51,L0->L2->L3,1,18,0,0.0,8.451906538817494e-05
S0->S2->S5->S6->S8->S11->S26->S29->S30->S33->S34->S36->S37,L0->L2->L3,1,13,0,0.0,8.451906538817494e-05
S0->S2->S5->S6->S8->S11->S27->S29->S30->S33->S34->S35->S37,L0->L2->L3,1,13,0,0.0,8.451906538817494e-05
S0->S2->S5->S6->S8->S11->S27->S29->S30->S33->S34->S36->S37,L0->L2->L3,1,13,0,0.0,8.451906538817494e-05
S0->S2->S5->S6->S8->S11->S27->S39->S40->S41->S43->S45->S47->S48->S50->S51,L0->L2->L3,1,16,0,0.0,8.451906538817494e-05
S0->S2->S5->S6->S8->S11->S28->S29->S30->S33->S34->S35->S37,L0->L2->L3,1,13,0,0.0,8.451906538817494e-05
S0->S2->S5->S6->S8->S11->S29->S30->S31->S33->S34->S36->S37,L0->L3,1,13,0,0.0,8.451906538817494e-05
S0->S2->S5->S6->S8->S11->S29->S30->S33->S34->S35->S37->S38,L0->L3,1,13,0,0.0,8.451906538817494e-05
S0->S2->S5->S6->S8->S11->S29->S30->S33->S34->S36->S37->S38,L0->L3,1,13,0,0.0,8.451906538817494e-05
S0->S2->S5->S6->S8->S11->S29->S33->S34->S36->S37,L0->L3,1,11,0,0.0,8.451906538817494e-05
S0->S2->S5->S6->S8->S11->S39->S40->S41->S43->S45->S47->S48->S49->S51,L0->L3,1,15,0,0.0,8.451906538817494e-05
S0->S2->S5->S6->S8->S11->S39->S40->S41->S44->S45->S47->S48->S49->S51,L0->L3,1,15,0,0.0,8.451906538817494e-05
S0->S3->S5->S7->S8->S9->S39->S40->S41->S43->S45->S47->S48->S49->S51,L0->L3,1,15,0,0.0,8.451906538817494e-05
S0->S4->S6->S8->S10->S29->S30->S33->S34->S35->S37,L0->L3,1,11,0,0.0,8.451906538817494e-05
S0->S4->S6->S8->S11->S29->S30->S33->S34->S35->S37,L0->L3,1,11,0,0.0,8.451906538817494e-05
S1->S2->S4->S6->S8->S10->S27->S29->S30->S33->S34->S35->S37,L0->L2->L3,1,13,0,0.0,8.451906538817494e-05
S1->S2->S4->S6->S8->S10->S27->S29->S30->S33->S34->S36->S37,L0->L2->L3,1,13,0,0.0,8.451906538817494e-05
S1->S2->S4->S6->S8->S10->S27->S39->S40->S41->S44->S45->S47->S48->S49->S51,L0->L2->L3,1,16,0,0.0,8.451906538817494e-05
S0->S3->S5->S7->S8->S10->S27->S29->S30->S33->S34->S35->S37,L0->L2->L3,1,13,0,0.0,8.451906538817494e-05
S0->S3->S5->S7->S8->S10->S27->S29->S30->S33->S34->S36->S37,L0->L2->L3,1,13,0,0.0,8.451906538817494e-05
S0->S3->S5->S7->S8->S10->S29->S30->S32->S35->S37,L0->L3,1,11,0,0.0,8.451906538817494e-05
S0->S3->S5->S7->S8->S11->S26->S29->S30->S33->S34->S36->S37,L0->L2->L3,1,13,0,0.0,8.451906538817494e-05
S0->S3->S5->S7->S8->S11->S27->S29->S30->S33->S34->S35->S37,L0->L2->L3,1,13,0,0.0,8.451906538817494e-05
S0->S3->S5->S7->S8->S11->S28->S29->S30->S33->S34->S36->S37,L0->L2->L3,1,13,0,0.0,8.451906538817494e-05
S0->S3->S5->S7->S8->S11->S39->S40->S41->S43->S45->S47->S48->S49->S51,L0->L3,1,15,0,0.0,8.451906538817494e-05
S0->S3->S5->S7->S8->S9->S27->S29->S30->S33->S34->S36->S37,L0->L2->L3,1,13,0,0.0,8.451906538817494e-05
S0->S3->S5->S6->S8->S11->S26->S29->S30->S33->S34->S36->S37,L0->L2->L3,1,13,0,0.0,8.451906538817494e-05
S0->S3->S5->S6->S8->S11->S27->S29->S30->S33->S34->S35->S37,L0->L2->L3,1,13,0,0.0,8.451906538817494e-05
S0->S2->S4->S7->S8->S9->S27->S29->S30->S33->S34->S35->S37,L0->L2->L3,1,13,0,0.0,8.451906538817494e-05
S0->S2->S4->S7->S8->S9->S27->S29->S30->S33->S34->S36->S37,L0->L2->L3,1,13,0,0.0,8.451906538817494e-05
S0->S2->S4->S7->S8->S9->S29->S30->S31->S33->S34->S35->S37,L0->L3,1,13,0,0.0,8.451906538817494e-05
S0->S2->S4->S7->S8->S9->S29->S30->S31->S33->S34->S36->S37,L0->L3,1,13,0,0.0,8.451906538817494e-05
S0->S2->S4->S7->S8->S9->S29->S30->S32->S33->S34->S35->S37,L0->L3,1,13,0,0.0,8.451906538817494e-05
S0->S2->S5->S6->S8->S10->S27->S29->S30->S33->S34->S35->S37,L0->L2->L3,1,13,0,0.0,8.451906538817494e-05
S0->S2->S5->S6->S8->S10->S27->S29->S30->S33->S34->S36->S37,L0->L2->L3,1,13,0,0.0,8.451906538817494e-05
S0->S2->S4->S6->S8->S9->S27->S29->S30->S33->S34->S36->S37,L0->L2->L3,1,13,0,0.0,8.451906538817494e-05
S0->S1->S2->S4->S7->S8->S9->S12->S13->S15->S17->S18->S20->S23->S29->S30->S33->S34->S35->S37,L0->L3,1,20,0,0.0,8.451906538817494e-05
S0->S1->S2->S4->S7->S8->S9->S12->S13->S15->S17->S19->S20->S21->S29->S30->S31->S33->S34->S35->S37,L0->L3,1,21,0,0.0,8.451906538817494e-05
S0->S1->S2->S4->S7->S8->S9->S12->S13->S15->S17->S19->S20->S21->S39->S40->S41->S43->S45->S47->S48->S49->S51,L0->L3,1,23,0,0.0,8.451906538817494e-05
S0->S1->S2->S4->S7->S8->S9->S12->S13->S15->S17->S19->S20->S22->S29->S30->S33->S34->S35->S37,L0->L3,1,20,0,0.0,8.451906538817494e-05
S0->S1->S2->S4->S7->S8->S9->S12->S13->S15->S17->S19->S20->S22->S29->S30->S33->S34->S36->S37,L0->L3,1,20,0,0.0,8.451906538817494e-05
S0->S1->S2->S4->S7->S8->S9->S12->S13->S15->S17->S19->S20->S22->S39->S40->S41->S44->S45->S47->S48->S49->S51,L0->L3,1,23,0,0.0,8.451906538817494e-05
S0->S1->S2->S4->S7->S8->S9->S24->S26->S29->S30->S32->S33->S34->S35->S37,L0->L1->L2->L3,1,16,0,0.0,8.451906538817494e-05
S0->S3->S5->S7->S8->S9->S29->S30->S33->S34->S36->S37->S38,L0->L3,1,13,0,0.0,8.451906538817494e-05
S1->S2->S4->S7->S8->S11->S27->S39->S40->S41->S43->S45->S47->S48->S49->S51,L0->L2->L3,1,16,0,0.0,8.451906538817494e-05
S1->S2->S4->S7->S8->S9->S26->S29->S30->S33->S34->S35->S37,L0->L2->L3,1,13,0,0.0,8.451906538817494e-05
S1->S2->S4->S6->S8->S10->S39->S40->S41->S44->S45->S47->S48->S50->S51,L0->L3,1,15,0,0.0,8.451906538817494e-05
S1->S2->S4->S6->S8->S11->S27->S29->S30->S32->S33->S34->S35->S37,L0->L2->L3,1,14,0,0.0,8.451906538817494e-05
S0->S1->S2->S5->S7->S8->S9->S26->S29->S30->S32->S35->S37->S38,L0->L2->L3,1,14,0,0.0,8.451906538817494e-05
S0->S1->S2->S5->S7->S8->S9->S26->S29->S33->S34->S35->S37,L0->L2->L3,1,13,0,0.0,8.451906538817494e-05
S0->S1->S2->S5->S7->S8->S9->S27->S29->S30->S31->S32->S33->S34->S36->S37,L0->L2->L3,1,16,0,0.0,8.451906538817494e-05
S1->S2->S4->S6->S8->S11->S27->S29->S30->S33->S34->S35->S37,L0->L2->L3,1,13,0,0.0,8.451906538817494e-05
S1->S2->S4->S6->S8->S11->S29->S30->S31->S33->S34->S36->S37,L0->L3,1,13,0,0.0,8.451906538817494e-05
S1->S2->S4->S6->S8->S11->S29->S30->S32->S33->S34->S36->S37,L0->L3,1,13,0,0.0,8.451906538817494e-05
S1->S2->S4->S6->S8->S11->S29->S30->S33->S34->S36->S37->S38,L0->L3,1,13,0,0.0,8.451906538817494e-05
S1->S2->S4->S6->S8->S11->S39->S40->S41->S43->S45->S47->S48->S49->S51,L0->L3,1,15,0,0.0,8.451906538817494e-05
S1->S2->S4->S6->S8->S9->S26->S29->S30->S33->S34->S36->S37,L0->L2->L3,1,13,0,0.0,8.451906538817494e-05
S1->S2->S4->S6->S8->S9->S39->S40->S41->S44->S45->S47->S48->S49->S51,L0->L3,1,15,0,0.0,8.451906538817494e-05
S0->S3->S5->S7->S8->S9->S28->S29->S30->S33->S34->S36->S37,L0->L2->L3,1,13,0,0.0,8.451906538817494e-05
S0->S3->S5->S7->S8->S9->S29->S30->S31->S33->S34->S36->S37,L0->L3,1,13,0,0.0,8.451906538817494e-05
S1->S2->S4->S7->S8->S9->S29->S30->S31->S33->S34->S35->S37,L0->L3,1,13,0,0.0,8.451906538817494e-05
S1->S2->S4->S7->S8->S9->S29->S30->S31->S33->S34->S36->S37,L0->L3,1,13,0,0.0,8.451906538817494e-05
S1->S2->S4->S7->S8->S9->S29->S30->S32->S33->S34->S36->S37,L0->L3,1,13,0,0.0,8.451906538817494e-05
S1->S2->S4->S7->S8->S9->S39->S40->S41->S43->S44->S45->S47->S48->S49->S51,L0->L3,1,16,0,0.0,8.451906538817494e-05
S1->S2->S4->S7->S8->S9->S39->S40->S41->S44->S45->S47->S48->S49->S51,L0->L3,1,15,0,0.0,8.451906538817494e-05
S1->S2->S5->S6->S8->S10->S26->S29->S30->S33->S34->S35->S37,L0->L2->L3,1,13,0,0.0,8.451906538817494e-05
S1->S2->S5->S6->S8->S10->S27->S29->S30->S33->S34->S35->S37,L0->L2->L3,1,13,0,0.0,8.451906538817494e-05
S1->S2->S5->S6->S8->S10->S29->S30->S31->S33->S34->S35->S37,L0->L3,1,13,0,0.0,8.451906538817494e-05
S1->S2->S5->S6->S8->S10->S39->S40->S41->S43->S45->S47->S48->S50->S51,L0->L3,1,15,0,0.0,8.451906538817494e-05
S1->S2->S4->S7->S8->S10->S26->S29->S30->S33->S34->S36->S37,L0->L2->L3,1,13,0,0.0,8.451906538817494e-05
S1->S2->S4->S7->S8->S10->S27->S29->S30->S33->S34->S36->S37,L0->L2->L3,1,13,0,0.0,8.451906538817494e-05
S1->S2->S4->S7->S8->S10->S29->S30->S33->S34->S36->S37->S38,L0->L3,1,13,0,0.0,8.451906538817494e-05
S1->S2->S4->S7->S8->S10->S39->S40->S41->S43->S45->S47->S48->S50->S51,L0->L3,1,15,0,0.0,8.451906538817494e-05
S1->S2->S4->S7->S8->S11->S26->S29->S30->S33->S34->S35->S37,L0->L2->L3,1,13,0,0.0,8.451906538817494e-05
S1->S2->S4->S7->S8->S11->S26->S39->S40->S41->S43->S45->S47->S48->S50->S51,L0->L2->L3,1,16,0,0.0,8.451906538817494e-05
S1->S2->S4->S7->S8->S11->S27->S29->S30->S33->S34->S36->S37,L0->L2->L3,1,13,0,0.0,8.451906538817494e-05
S1->S2->S5->S6->S8->S9->S27->S29->S30->S33->S34->S36->S37,L0->L2->L3,1,13,0,0.0,8.451906538817494e-05
S1->S2->S5->S6->S8->S9->S29->S30->S31->S33->S34->S35->S37,L0->L3,1,13,0,0.0,8.451906538817494e-05
S1->S2->S4->S7->S8->S9->S27->S29->S30->S33->S34->S35->S37,L0->L2->L3,1,13,0,0.0,8.451906538817494e-05
S0->S1->S2->S4->S7->S8->S9->S24->S26->S29->S33->S34->S35->S37,L0->L1->L2->L3,1,14,0,0.0,8.451906538817494e-05
S0->S1->S2->S5->S7->S8->S9->S29->S30->S33->S34,L0->L3,1,11,0,0.0,8.451906538817494e-05
S0->S1->S2->S5->S7->S8->S9->S29->S30->S33->S34->S35->S38,L0->L3,1,13,0,0.0,8.451906538817494e-05
S0->S1->S2->S5->S7->S8->S9->S29->S30->S31->S33->S34->S35,L0->L3,1,13,0,0.0,8.451906538817494e-05
S0->S2->S4->S6->S8->S9->S39->S40->S41->S44->S45->S47->S48->S50->S51,L0->L3,1,15,0,0.0,8.451906538817494e-05
S0->S2->S4->S7->S8->S10->S26->S29->S30->S33->S34->S36->S37,L0->L2->L3,1,13,0,0.0,8.451906538817494e-05
S0->S2->S4->S7->S8->S10->S26->S39->S40->S41->S43->S45->S47->S48->S49->S51,L0->L2->L3,1,16,0,0.0,8.451906538817494e-05
S0->S2->S4->S7->S8->S10->S27->S29->S30->S33->S34->S35->S37,L0->L2->L3,1,13,0,0.0,8.451906538817494e-05
S0->S2->S4->S7->S8->S10->S27->S29->S30->S33->S34->S36->S37,L0->L2->L3,1,13,0,0.0,8.451906538817494e-05
S0->S2->S4->S7->S8->S10->S28->S29->S30->S33->S34->S35->S37,L0->L2->L3,1,13,0,0.0,8.451906538817494e-05
S0->S2->S4->S7->S8->S10->S29->S30->S32->S33->S34->S36->S37,L0->L3,1,13,0,0.0,8.451906538817494e-05
S0->S2->S4->S7->S8->S11->S24->S27->S29->S30->S33->S34->S36->S37,L0->L1->L2->L3,1,14,0,0.0,8.451906538817494e-05
S0->S2->S4->S7->S8->S11->S26->S29->S30->S33->S34->S36->S37,L0->L2->L3,1,13,0,0.0,8.451906538817494e-05
S0->S1->S2->S4->S7->S8->S9->S24->S29->S30->S33->S34->S35->S37->S38,L0->L1->L3,1,15,0,0.0,8.451906538817494e-05
S0->S1->S2->S4->S7->S8->S9->S24->S39->S40->S41->S44->S45->S47->S48->S50->S51,L0->L1->L3,1,17,0,0.0,8.451906538817494e-05
S0->S2->S4->S6->S8->S10->S29->S33->S34->S35->S37,L0->L3,1,11,0,0.0,8.451906538817494e-05
S0->S2->S4->S6->S8->S10->S39->S40->S41->S43->S45->S47->S48->S50->S51,L0->L3,1,15,0,0.0,8.451906538817494e-05
S0->S2->S4->S6->S8->S11->S24->S29->S30->S33->S34->S36->S37,L0->L1->L3,1,13,0,0.0,8.451906538817494e-05
S0->S2->S4->S6->S8->S11->S26->S29->S30->S32->S33->S34->S35->S37,L0->L2->L3,1,14,0,0.0,8.451906538817494e-05
S0->S2->S4->S6->S8->S11->S26->S29->S30->S33->S34->S35->S37,L0->L2->L3,1,13,0,0.0,8.451906538817494e-05
S0->S2->S4->S6->S8->S11->S27->S29->S30->S33->S34->S35->S37,L0->L2->L3,1,13,0,0.0,8.451906538817494e-05
S0->S2->S4->S6->S8->S11->S29->S30->S33->S34->S35->S37->S38,L0->L3,1,13,0,0.0,8.451906538817494e-05
S0->S2->S4->S6->S8->S11->S39->S40->S41->S43->S45->S47->S48->S50->S51,L0->L3,1,15,0,0.0,8.451906538817494e-05
S0->S2->S4->S6->S8->S9->S12->S13->S14->S16->S19->S20->S23->S29->S30->S33->S34->S36->S37,L0->L3,1,19,0,0.0,8.451906538817494e-05
S0->S1->S2->S5->S7->S8->S9->S26->S29->S30->S32->S33->S35->S37,L0->L2->L3,1,14,0,0.0,8.451906538817494e-05
S1->S2->S5->S6->S8->S11->S29->S30->S31->S33->S34->S36->S37,L0->L3,1,13,0,0.0,8.451906538817494e-05
S1->S2->S5->S6->S8->S11->S39->S40->S41->S43->S45->S47->S48->S50->S51,L0->L3,1,15,0,0.0,8.451906538817494e-05
S1->S2->S5->S6->S8->S11->S39->S40->S41->S44->S45->S47->S48->S49->S51,L0->L3,1,15,0,0.0,8.451906538817494e-05
S1->S2->S5->S6->S8->S9->S26->S29->S30->S33->S34->S35->S37,L0->L2->L3,1,13,0,0.0,8.451906538817494e-05
S1->S2->S5->S7->S8->S9->S29->S30->S33->S34->S36->S37->S38,L0->L3,1,13,0,0.0,8.451906538817494e-05
S1->S3->S4->S6->S8->S10->S27->S29->S30->S33->S34->S35->S37,L0->L2->L3,1,13,0,0.0,8.451906538817494e-05
S1->S3->S4->S6->S8->S10->S27->S29->S30->S33->S34->S36->S37,L0->L2->L3,1,13,0,0.0,8.451906538817494e-05
S1->S3->S4->S6->S8->S10->S29->S30->S31->S33->S34->S35->S37,L0->L3,1,13,0,0.0,8.451906538817494e-05
S1->S2->S5->S6->S8->S9->S39->S40->S41->S43->S45->S47->S48->S50->S51,L0->L3,1,15,0,0.0,8.451906538817494e-05
S1->S2->S5->S6->S8->S9->S39->S40->S41->S44->S45->S47->S48->S50->S51,L0->L3,1,15,0,0.0,8.451906538817494e-05
S1->S2->S5->S7->S8->S10->S11->S29->S30->S33->S34->S35->S37,L0->L3,1,13,0,0.0,8.451906538817494e-05
S1->S2->S5->S7->S8->S10->S39->S40->S41->S43->S45->S47->S48->S49->S51,L0->L3,1,15,0,0.0,8.451906538817494e-05
S1->S2->S5->S7->S8->S10->S39->S40->S41->S44->S45->S47->S48->S50->S51,L0->L3,1,15,0,0.0,8.451906538817494e-05
S1->S2->S5->S7->S8->S11->S26->S29->S30->S33->S34->S36->S37,L0->L2->L3,1,13,0,0.0,8.451906538817494e-05
S1->S2->S5->S7->S8->S11->S27->S29->S30->S33->S34->S35->S37->S38,L0->L2->L3,1,14,0,0.0,8.451906538817494e-05
S1->S2->S5->S7->S8->S11->S27->S29->S30->S33->S34->S36->S37,L0->L2->L3,1,13,0,0.0,8.451906538817494e-05
S1->S2->S5->S7->S8->S11->S29->S30->S31->S33->S34->S36->S37,L0->L3,1,13,0,0.0,8.451906538817494e-05
S0->S1->S2->S4->S7->S8->S9->S24->S27->S33->S34->S36->S37,L0->L1->L2->L3,1,13,0,0.0,8.451906538817494e-05
S0->S1->S2->S4->S7->S8->S9->S24->S27->S39->S40->S41->S43->S45->S47->S48->S50->S51,L0->L1->L2->L3,1,18,0,0.0,8.451906538817494e-05
S0->S1->S2->S4->S7->S8->S9->S24->S29->S30->S32->S33->S34->S36->S37,L0->L1->L3,1,15,0,0.0,8.451906538817494e-05
S1->S3->S4->S7->S8->S11->S27->S29->S30->S33->S34->S36->S37,L0->L2->L3,1,13,0,0.0,8.451906538817494e-05
S1->S3->S4->S7->S8->S11->S28->S29->S30->S33->S34->S36->S37,L0->L2->L3,1,13,1,1.0,8.451906538817494e-05
S1->S3->S4->S7->S8->S11->S29->S30->S32->S33->S34->S35->S37,L0->L3,1,13,0,0.0,8.451906538817494e-05
S1->S3->S4->S6->S8->S10->S29->S30->S32->S33->S34->S36->S37,L0->L3,1,13,0,0.0,8.451906538817494e-05
S1->S3->S4->S6->S8->S10->S39->S40->S41->S44->S45->S47->S48->S49->S51,L0->L3,1,15,0,0.0,8.451906538817494e-05
S1->S3->S4->S6->S8->S11->S27->S29->S30->S33->S34->S35->S37,L0->L2->L3,1,13,0,0.0,8.451906538817494e-05
S1->S3->S4->S6->S8->S11->S29->S30->S31->S33->S34->S35->S37,L0->L3,1,13,0,0.0,8.451906538817494e-05
S1->S3->S4->S6->S8->S11->S39->S40->S41->S43->S45->S47->S48->S50->S51,L0->L3,1,15,0,0.0,8.451906538817494e-05
S1->S3->S4->S6->S8->S9->S26->S29->S30->S33->S34->S35->S37,L0->L2->L3,1,13,0,0.0,8.451906538817494e-05
S1->S3->S4->S6->S8->S9->S27->S29->S30->S33->S34->S36->S37,L0->L2->L3,1,13,0,0.0,8.451906538817494e-05
S1->S3->S4->S6->S8->S9->S29->S30->S31->S33->S34->S35->S37,L0->L3,1,13,0,0.0,8.451906538817494e-05
S1->S3->S4->S6->S8->S9->S29->S30->S31->S33->S34->S36->S37,L0->L3,1,13,0,0.0,8.451906538817494e-05
S1->S2->S5->S7->S8->S11->S29->S30->S33->S34->S35->S37->S38,L0->L3,1,13,0,0.0,8.451906538817494e-05
S1->S2->S5->S7->S8->S11->S39->S40->S41->S43->S45->S47->S48->S50->S51,L0->L3,1,15,0,0.0,8.451906538817494e-05
S1->S2->S5->S7->S8->S9->S10->S29->S30->S33->S34->S35->S37,L0->L3,1,13,0,0.0,8.451906538817494e-05
S1->S2->S5->S7->S8->S9->S27->S29->S30->S33->S34->S35->S37->S38,L0->L2->L3,1,14,0,0.0,8.451906538817494e-05
S1->S3->S4->S7->S8->S10->S29->S30->S32->S33->S34->S36->S37,L0->L3,1,13,0,0.0,8.451906538817494e-05
S1->S3->S4->S7->S8->S10->S29->S30->S33->S34->S36->S37->S38,L0->L3,1,13,0,0.0,8.451906538817494e-05
S1->S3->S4->S7->S8->S10->S39->S40->S41->S44->S45->S47->S48->S49->S51,L0->L3,1,15,0,0.0,8.451906538817494e-05
S1->S3->S4->S7->S8->S11->S26->S29->S30->S33->S34->S35->S37,L0->L2->L3,1,13,0,0.0,8.451906538817494e-05
S0->S1->S5->S7->S8->S9->S28->S29->S30->S33->S34->S36->S37,L0->L2->L3,1,13,0,0.0,8.451906538817494e-05
S0->S1->S5->S7->S8->S9->S29->S30->S31->S33->S34->S36->S37,L0->L3,1,13,0,0.0,8.451906538817494e-05
S0->S1->S5->S7->S8->S9->S29->S30->S33->S34->S35->S37->S38,L0->L3,1,13,0,0.0,8.451906538817494e-05
S0->S1->S5->S7->S8->S9->S39->S40->S41->S43->S45->S47->S48->S49->S51,L0->L3,1,15,0,0.0,8.451906538817494e-05
S0->S1->S5->S7->S8->S9->S39->S40->S41->S44->S45->S47->S48->S50->S51,L0->L3,1,15,0,0.0,8.451906538817494e-05
S0->S2->S4->S6->S8->S10->S27->S29->S30->S33->S34->S35->S37,L0->L2->L3,1,13,0,0.0,8.451906538817494e-05
S0->S2->S4->S6->S8->S10->S28->S29->S30->S33->S34->S35->S37,L0->L2->L3,1,13,0,0.0,8.451906538817494e-05
S0->S1->S5->S7->S8->S10->S29->S30->S33->S34->S35->S37->S38,L0->L3,1,13,0,0.0,8.451906538817494e-05
S0->S1->S2->S5->S7->S8->S9->S39->S40->S41->S43->S44->S45->S47->S48->S50->S51,L0->L3,1,17,0,0.0,8.451906538817494e-05
S0->S1->S2->S5->S7->S8->S9->S39->S40->S41->S43->S44->S47->S48->S50->S51,L0->L3,1,16,0,0.0,8.451906538817494e-05
S0->S1->S2->S5->S7->S8->S9->S39->S40->S41->S43->S45->S47->S48->S49,L0->L3,1,15,0,0.0,8.451906538817494e-05
S0->S1->S2->S5->S7->S8->S9->S39->S40->S41->S43->S45->S47->S48->S49->S50->S51,L0->L3,1,17,0,0.0,8.451906538817494e-05
S0->S1->S5->S7->S8->S11->S27->S29->S30->S33->S34->S36->S37,L0->L2->L3,1,13,0,0.0,8.451906538817494e-05
S1->S3->S4->S7->S8->S9->S27->S29->S30->S33->S34->S35->S37,L0->L2->L3,1,13,0,0.0,8.451906538817494e-05
S1->S3->S4->S7->S8->S9->S27->S39->S40->S41->S43->S45->S47->S48->S49->S51,L0->L2->L3,1,16,0,0.0,8.451906538817494e-05
S1->S3->S4->S7->S8->S9->S39->S40->S41->S44->S45->S47->S48->S49->S51,L0->L3,1,15,0,0.0,8.451906538817494e-05
S1->S3->S5->S6->S8->S10->S24->S26->S29->S30->S33->S34->S35->S37,L0->L1->L2->L3,1,14,0,0.0,8.451906538817494e-05
S1->S3->S5->S6->S8->S10->S26->S29->S30->S33->S34->S35->S37,L0->L2->L3,1,13,0,0.0,8.451906538817494e-05
S0->S1->S2->S5->S7->S8->S9->S25->S26->S43->S45->S47->S48->S50->S51,L0->L1->L2->L3,1,15,0,0.0,8.451906538817494e-05
S0->S1->S2->S5->S7->S8->S9->S25->S28->S29->S30->S33->S34->S35->S37,L0->L1->L2->L3,1,15,0,0.0,8.451906538817494e-05
S0->S1->S2->S5->S7->S8->S9->S25->S29->S30->S32->S36->S37->S38,L0->L1->L3,1,14,0,0.0,8.451906538817494e-05
S0->S1->S2->S5->S7->S8->S9->S26->S27->S29->S30->S32->S33->S34->S35->S37,L0->L2->L3,1,16,0,0.0,8.451906538817494e-05
S0->S1->S2->S5->S7->S8->S9->S26->S27->S29->S30->S33->S34->S35->S37,L0->L2->L3,1,15,0,0.0,8.451906538817494e-05
S0->S1->S2->S4->S7->S8->S9->S24->S26->S39->S40->S41->S43->S45->S47->S48->S50->S51,L0->L1->L2->L3,1,18,0,0.0,8.451906538817494e-05
S0->S1->S2->S5->S7->S8->S9->S12->S13->S15->S17->S19->S20->S23->S29->S30->S33->S34->S35->S37,L0->L3,1,20,0,0.0,8.451906538817494e-05
S1->S3->S4->S7->S8->S10->S26->S29->S30->S33->S34->S36->S37,L0->L2->L3,1,13,0,0.0,8.451906538817494e-05
S1->S3->S4->S7->S8->S10->S27->S29->S30->S33->S34->S35->S37,L0->L2->L3,1,13,0,0.0,8.451906538817494e-05
S1->S3->S4->S7->S8->S10->S29->S30->S31->S33->S34->S36->S37,L0->L3,1,13,0,0.0,8.451906538817494e-05
S1->S3->S5->S6->S8->S9->S11->S27->S29->S30->S33->S34->S35->S37,L0->L2->L3,1,14,0,0.0,8.451906538817494e-05
S1->S3->S5->S6->S8->S9->S27->S29->S30->S33->S34->S35->S37,L0->L2->L3,1,13,0,0.0,8.451906538817494e-05
S1->S3->S5->S6->S8->S9->S39->S40->S41->S44->S45->S47->S48->S50->S51,L0->L3,1,15,0,0.0,8.451906538817494e-05
S1->S3->S4->S7->S8->S11->S29->S30->S33->S34->S35->S37->S38,L0->L3,1,13,0,0.0,8.451906538817494e-05
S1->S3->S4->S7->S8->S9->S26->S29->S30->S33->S34->S36->S37,L0->L2->L3,1,13,0,0.0,8.451906538817494e-05
S0->S1->S2->S5->S7->S8->S9->S39->S40->S41->S43->S45->S47->S49->S51,L0->L3,1,15,0,0.0,8.451906538817494e-05
S0->S1->S2->S5->S7->S8->S9->S39->S40->S41->S43->S45->S48->S50->S51,L0->L3,1,15,0,0.0,8.451906538817494e-05
S0->S1->S2->S5->S7->S8->S9->S39->S40->S41->S45->S47->S48->S50->S51,L0->L3,1,15,0,0.0,8.451906538817494e-05
S0->S1->S2->S5->S7->S8->S9->S40->S41->S43->S45->S47->S48->S49->S51,L0->L3,1,15,0,0.0,8.451906538817494e-05
S0->S1->S2->S5->S7->S8->S9->S40->S41->S43->S45->S47->S48->S50->S51,L0->L3,1,15,0,0.0,8.451906538817494e-05
S0->S1->S2->S5->S7->S8->S9->S40->S41->S44->S45->S47->S48->S50->S51,L0->L3,1,15,0,0.0,8.451906538817494e-05
S0->S1->S2->S4->S7->S8->S9->S12->S13->S15->S16->S19->S20->S23->S29->S30->S33->S34->S36->S37,L0->L3,1,20,0,0.0,8.451906538817494e-05
S0->S1->S2->S4->S7->S8->S9->S12->S13->S15->S17->S18->S20->S22->S29->S30->S33->S34->S36->S37,L0->L3,1,20,0,0.0,8.451906538817494e-05
S0->S1->S5->S7->S8->S10->S39->S40->S41->S44->S45->S47->S48->S49->S51,L0->L3,1,15,0,0.0,8.451906538817494e-05
S0->S1->S5->S7->S8->S11->S26->S29->S30->S33->S34->S35->S37,L0->L2->L3,1,13,0,0.0,8.451906538817494e-05
S0->S1->S5->S7->S8->S11->S26->S29->S30->S33->S34->S36->S37,L0->L2->L3,1,13,0,0.0,8.451906538817494e-05
S1->S3->S5->S7->S8->S10->S26->S29->S30->S33->S34->S36->S37,L0->L2->L3,1,13,0,0.0,8.451906538817494e-05
S1->S3->S5->S7->S8->S10->S27->S29->S30->S33->S34->S35->S37,L0->L2->L3,1,13,0,0.0,8.451906538817494e-05
S1->S3->S5->S7->S8->S10->S27->S29->S30->S33->S34->S36->S37,L0->L2->L3,1,13,0,0.0,8.451906538817494e-05
S1->S3->S5->S7->S8->S10->S29->S30->S33->S34->S35->S37->S38,L0->L3,1,13,0,0.0,8.451906538817494e-05
S1->S3->S5->S7->S8->S10->S39->S40->S41->S43->S45->S47->S48->S49->S51,L0->L3,1,15,0,0.0,8.451906538817494e-05
S1->S3->S5->S7->S8->S11->S26->S29->S30->S33->S34->S35->S37,L0->L2->L3,1,13,0,0.0,8.451906538817494e-05
S1->S3->S5->S7->S8->S11->S27->S29->S30->S33->S34->S36->S37,L0->L2->L3,1,13,0,0.0,8.451906538817494e-05
S1->S3->S5->S7->S8->S11->S28->S29->S30->S33->S34->S35->S37,L0->L2->L3,1,13,0,0.0,8.451906538817494e-05
S1->S3->S5->S7->S8->S11->S29->S30->S33->S34->S36,L0->L3,1,11,0,0.0,8.451906538817494e-05
S1->S3->S5->S6->S8->S11->S27->S29->S30->S33->S34->S35->S37,L0->L2->L3,1,13,0,0.0,8.451906538817494e-05
S1->S3->S5->S6->S8->S11->S27->S29->S30->S33->S34->S36->S37,L0->L2->L3,1,13,0,0.0,8.451906538817494e-05
S1->S3->S5->S6->S8->S11->S29->S30->S31->S33->S34->S35->S37,L0->L3,1,13,0,0.0,8.451906538817494e-05
S1->S3->S5->S6->S8->S11->S29->S30->S31->S33->S34->S36->S37,L0->L3,1,13,0,0.0,8.451906538817494e-05
S1->S3->S5->S6->S8->S11->S29->S30->S32->S35->S37,L0->L3,1,11,0,0.0,8.451906538817494e-05
S1->S3->S5->S6->S8->S11->S39->S40->S41->S44->S45->S47->S48->S49->S51,L0->L3,1,15,0,0.0,8.451906538817494e-05
S1->S3->S5->S6->S8->S11->S39->S40->S41->S44->S45->S47->S48->S50->S51,L0->L3,1,15,0,0.0,8.451906538817494e-05
S1->S4->S6->S8->S9->S29->S30->S33->S34->S36->S37,L0->L3,1,11,0,0.0,8.451906538817494e-05
S12->S13->S14->S15->S16->S18->S20->S21->S27->S29->S30->S33->S34->S35->S37,L0->L2->L3,1,15,0,0.0,8.451906538817494e-05
S0->S1->S5->S7->S8->S11->S27->S29->S30->S33->S34->S36->S37->S38,L0->L2->L3,1,14,0,0.0,8.451906538817494e-05
S0->S1->S5->S7->S8->S11->S28->S29->S30->S33->S34->S35->S37,L0->L2->L3,1,13,0,0.0,8.451906538817494e-05
S0->S1->S5->S7->S8->S11->S29->S30->S31->S33->S34->S35->S37,L0->L3,1,13,0,0.0,8.451906538817494e-05
S0->S1->S5->S7->S8->S11->S39->S40->S41->S43->S45->S47->S48->S50->S51,L0->L3,1,15,0,0.0,8.451906538817494e-05
S0->S1->S5->S6->S8->S11->S39->S40->S41->S44->S45->S47->S48->S49->S51,L0->L3,1,15,0,0.0,8.451906538817494e-05
S0->S1->S5->S6->S8->S9->S26->S29->S30->S33->S34->S36->S37,L0->L2->L3,1,13,0,0.0,8.451906538817494e-05
S0->S1->S5->S6->S8->S9->S26->S29->S30->S33->S34->S36->S37->S38,L0->L2->L3,1,14,0,0.0,8.451906538817494e-05
S0->S1->S5->S6->S8->S9->S29->S30->S31->S33->S34->S36->S37,L0->L3,1,13,0,0.0,8.451906538817494e-05
S0->S1->S5->S6->S8->S9->S29->S30->S33->S34->S36->S37->S38,L0->L3,1,13,0,0.0,8.451906538817494e-05
S0->S1->S5->S7->S11->S29->S30->S33->S34->S36->S37,L0->L3,1,11,0,0.0,8.451906538817494e-05
S0->S1->S5->S7->S8->S10->S27->S29->S30->S33->S34->S36->S37,L0->L2->L3,1,13,0,0.0,8.451906538817494e-05
S12->S13->S14->S15->S16->S18->S20->S21->S29->S30->S31->S33->S34->S35->S37,L0->L3,1,15,0,0.0,8.451906538817494e-05
S12->S13->S14->S15->S16->S18->S20->S21->S29->S30->S31->S33->S34->S35->S37->S38,L0->L3,1,16,0,0.0,8.451906538817494e-05
S12->S13->S14->S15->S16->S18->S20->S21->S29->S30->S32->S33->S34->S36->S37,L0->L3,1,15,0,0.0,8.451906538817494e-05
S1->S3->S5->S7->S8->S11->S29->S30->S33->S34->S36->S37->S38,L0->L3,1,13,0,0.0,8.451906538817494e-05
S1->S3->S5->S7->S8->S9->S26->S29->S30->S33->S34->S35->S37,L0->L2->L3,1,13,0,0.0,8.451906538817494e-05
S0->S1->S2->S5->S7->S8->S9->S24->S26->S29->S30->S32->S33->S34->S35->S37,L0->L1->L2->L3,1,16,0,0.0,8.451906538817494e-05
S0->S1->S2->S5->S7->S8->S9->S24->S26->S29->S30->S32->S33->S34->S36->S37,L0->L1->L2->L3,1,16,0,0.0,8.451906538817494e-05
S0->S1->S2->S5->S7->S8->S9->S24->S26->S39->S40->S41->S43->S45->S47->S48->S49->S51,L0->L1->L2->L3,1,18,0,0.0,8.451906538817494e-05
S0->S1->S2->S5->S7->S8->S9->S24->S26->S39->S40->S41->S44->S45->S47->S48->S50->S51,L0->L1->L2->L3,1,18,0,0.0,8.451906538817494e-05
S0->S1->S2->S5->S7->S8->S9->S24->S29->S30->S32->S33->S34->S35->S37,L0->L1->L3,1,15,0,0.0,8.451906538817494e-05
S0->S1->S2->S5->S7->S8->S9->S24->S29->S30->S32->S33->S34->S35->S37->S38,L0->L1->L3,1,16,0,0.0,8.451906538817494e-05
S0->S1->S2->S5->S7->S8->S9->S12->S13->S15->S16->S18->S20->S21->S26->S29->S30->S33->S34->S35->S37,L0->L2->L3,1,21,0,0.0,8.451906538817494e-05
S0->S1->S2->S5->S7->S8->S9->S12->S13->S15->S16->S18->S20->S21->S29->S30->S33->S34->S35->S37,L0->L3,1,20,0,0.0,8.451906538817494e-05
S1->S3->S5->S7->S8->S9->S29->S30->S31->S33->S34->S36->S37,L0->L3,1,13,0,0.0,8.451906538817494e-05
S1->S3->S5->S7->S8->S9->S29->S30->S32->S33->S34->S36->S37,L0->L3,1,13,0,0.0,8.451906538817494e-05
S1->S3->S5->S7->S8->S9->S29->S30->S33->S34->S35->S37->S38,L0->L3,1,13,0,0.0,8.451906538817494e-05
S1->S3->S5->S7->S8->S9->S29->S30->S33->S34->S36->S37->S38,L0->L3,1,13,0,0.0,8.451906538817494e-05
S1->S3->S5->S7->S8->S9->S39->S40->S41->S44->S45->S47->S48->S50->S51,L0->L3,1,15,0,0.0,8.451906538817494e-05
S1->S4->S6->S8->S9->S29->S30->S33->S34->S35->S37,L0->L3,1,11,0,0.0,8.451906538817494e-05
S12->S13->S14->S15->S16->S18->S20->S23->S29->S30->S32->S33->S34->S35->S37,L0->L3,1,15,0,0.0,8.451906538817494e-05
S0->S1->S5->S7->S8->S10->S29->S30->S32->S33->S34->S36->S37,L0->L3,1,13,0,0.0,8.451906538817494e-05
S0->S1->S5->S7->S8->S10->S29->S30->S32->S36->S37,L0->L3,1,11,0,0.0,8.451906538817494e-05
S0->S1->S5->S6->S8->S10->S29->S30->S31->S33->S34->S35->S37,L0->L3,1,13,0,0.0,8.451906538817494e-05
S0->S1->S5->S6->S8->S10->S29->S30->S32->S34->S35->S37->S38,L0->L3,1,13,0,0.0,8.451906538817494e-05
S0->S1->S5->S6->S8->S10->S29->S30->S33->S34->S35->S37->S38,L0->L3,1,13,0,0.0,8.451906538817494e-05
S0->S1->S5->S6->S8->S10->S29->S30->S33->S34->S36->S37->S38,L0->L3,1,13,0,0.0,8.451906538817494e-05
S0->S1->S5->S6->S8->S11->S26->S29->S30->S33->S34->S36->S37,L0->L2->L3,1,13,0,0.0,8.451906538817494e-05
S0->S1->S5->S6->S8->S11->S39->S40->S41->S43->S45->S47->S48->S49->S51,L0->L3,1,15,0,0.0,8.451906538817494e-05
S12->S13->S14->S15->S16->S19->S20->S21->S29->S30->S33->S34->S35->S37,L0->L3,1,14,0,0.0,8.451906538817494e-05
S12->S13->S14->S15->S16->S19->S20->S21->S29->S30->S33->S34->S36->S37,L0->L3,1,14,0,0.0,8.451906538817494e-05
S12->S13->S14->S15->S16->S19->S20->S21->S39->S40->S41->S43->S45->S47->S48->S50->S51,L0->L3,1,17,0,0.0,8.451906538817494e-05
S12->S13->S14->S15->S16->S19->S20->S22->S29->S30->S33->S34->S35->S37,L0->L3,1,14,0,0.0,8.451906538817494e-05
S12->S13->S14->S15->S16->S19->S20->S23->S27->S29->S30->S33->S34->S35->S37,L0->L2->L3,1,15,0,0.0,8.451906538817494e-05
S12->S13->S14->S15->S16->S19->S20->S23->S29->S30->S31->S33->S34->S35->S37,L0->L3,1,15,0,0.0,8.451906538817494e-05
S12->S13->S14->S15->S16->S19->S20->S23->S29->S30->S33->S34->S36->S37,L0->L3,1,14,0,0.0,8.451906538817494e-05
S0->S1->S4->S7->S8->S9->S26->S29->S30->S33->S34->S36->S37,L0->L2->L3,1,13,0,0.0,8.451906538817494e-05
S0->S1->S4->S7->S8->S9->S27->S29->S30->S33->S34->S35->S37,L0->L2->L3,1,13,0,0.0,8.451906538817494e-05
S0->S1->S4->S7->S8->S9->S27->S29->S30->S33->S34->S36->S37,L0->L2->L3,1,13,0,0.0,8.451906538817494e-05
S0->S1->S4->S7->S8->S9->S39->S40->S41->S44->S45->S47->S48->S50->S51,L0->L3,1,15,0,0.0,8.451906538817494e-05
S0->S1->S5->S6->S8->S10->S12->S13->S15->S16->S18->S20->S22->S29->S30->S33->S34->S36->S37,L0->L3,1,19,0,0.0,8.451906538817494e-05
S0->S1->S5->S6->S8->S10->S27->S29->S30->S33->S34->S35->S37,L0->L2->L3,1,13,0,0.0,8.451906538817494e-05
S12->S13->S14->S15->S17->S18->S20->S23->S24->S26->S29->S30->S33->S34->S36->S37,L0->L1->L2->L3,1,16,0,0.0,8.451906538817494e-05
S12->S13->S14->S15->S17->S18->S20->S23->S26->S29->S30->S33->S34->S36->S37,L0->L2->L3,1,15,0,0.0,8.451906538817494e-05
S12->S13->S14->S15->S17->S18->S20->S23->S27->S29->S30->S33->S34->S35->S37,L0->L2->L3,1,15,0,0.0,8.451906538817494e-05
S12->S13->S14->S15->S17->S18->S20->S23->S39->S40->S41->S43->S45->S47->S48->S50->S51,L0->L3,1,17,0,0.0,8.451906538817494e-05
S12->S13->S14->S15->S17->S19->S20->S21->S29->S30->S33->S34->S36->S37,L0->L3,1,14,0,0.0,8.451906538817494e-05
S12->S13->S14->S15->S17->S19->S20->S22->S27->S29->S30->S33->S34->S35->S37,L0->L2->L3,1,15,0,0.0,8.451906538817494e-05
S12->S13->S14->S15->S17->S19->S20->S22->S29->S30->S33->S34->S35->S37,L0->L3,1,14,0,0.0,8.451906538817494e-05
S12->S13->S14->S15->S16->S18->S20->S21->S39->S40->S41->S44->S45->S47->S48->S50->S51,L0->L3,1,17,0,0.0,8.451906538817494e-05
S12->S13->S14->S15->S16->S18->S20->S22->S29->S30->S31->S33->S34->S36->S37,L0->L3,1,15,0,0.0,8.451906538817494e-05
S12->S13->S14->S15->S16->S18->S20->S22->S39->S40->S41->S43->S45->S47->S48->S49->S51,L0->L3,1,17,0,0.0,8.451906538817494e-05
S12->S13->S14->S16->S18->S20->S21->S22->S29->S30->S33->S34->S36->S37,L0->L3,1,14,0,0.0,8.451906538817494e-05
S12->S13->S14->S16->S18->S20->S21->S22->S39->S40->S41->S43->S45->S47->S48->S49->S51,L0->L3,1,17,0,0.0,8.451906538817494e-05
S12->S13->S14->S16->S18->S20->S21->S23->S26->S29->S30->S33->S34->S36->S37,L0->L2->L3,1,15,0,0.0,8.451906538817494e-05
S12->S13->S14->S16->S18->S20->S21->S23->S39->S40->S41->S44->S45->S47->S48->S49->S51,L0->L3,1,17,0,0.0,8.451906538817494e-05
S12->S13->S14->S15->S17->S19->S20->S23->S29->S30->S31->S33->S34->S36,L0->L3,1,14,0,0.0,8.451906538817494e-05
S12->S13->S14->S15->S17->S19->S20->S23->S39->S40->S41->S43->S45->S47->S48->S50->S51,L0->L3,1,17,0,0.0,8.451906538817494e-05
S12->S13->S14->S16->S17->S18->S20->S21->S26->S29->S30->S33->S34->S35->S37,L0->L2->L3,1,15,0,0.0,8.451906538817494e-05
S12->S13->S14->S16->S17->S18->S20->S22->S29->S30->S33->S34->S35->S37,L0->L3,1,14,0,0.0,8.451906538817494e-05
S12->S13->S14->S16->S17->S18->S20->S23->S29->S30->S31->S33->S34->S36->S37,L0->L3,1,15,0,0.0,8.451906538817494e-05
S12->S13->S14->S16->S17->S18->S20->S23->S29->S30->S32->S33->S34->S35->S37,L0->L3,1,15,0,0.0,8.451906538817494e-05
S12->S13->S14->S16->S17->S18->S20->S23->S29->S30->S33->S34->S36->S37,L0->L3,1,14,0,0.0,8.451906538817494e-05
S12->S13->S14->S16->S17->S19->S20->S21->S25->S29->S30->S33->S34->S36->S37,L0->L1->L3,1,15,0,0.0,8.451906538817494e-05
S12->S13->S14->S15->S17->S18->S20->S21->S27->S29->S30->S33->S34->S35->S37,L0->L2->L3,1,15,0,0.0,8.451906538817494e-05
S12->S13->S14->S15->S17->S18->S20->S22->S29->S30->S31->S33->S34->S35->S37,L0->L3,1,15,0,0.0,8.451906538817494e-05
S0->S1->S5->S6->S8->S11->S39->S40->S41->S43->S45->S47->S48->S50->S51,L0->L3,1,15,0,0.0,8.451906538817494e-05
S0->S1->S4->S7->S8->S11->S39->S40->S41->S43->S44->S45->S47->S48->S49->S51,L0->L3,1,16,0,0.0,8.451906538817494e-05
S0->S1->S2->S5->S7->S9->S29->S30->S33->S34->S35,L0->L3,1,11,0,0.0,8.451906538817494e-05
S0->S1->S2->S6->S8->S11->S29->S30->S33->S34->S36->S37,L0->L3,1,12,0,0.0,8.451906538817494e-05
S0->S1->S2->S6->S8->S9->S29->S30->S33->S34->S36->S37,L0->L3,1,12,0,0.0,8.451906538817494e-05
S12->S13->S14->S16->S18->S20->S21->S24->S27->S29->S30->S33->S34->S35->S37,L0->L1->L2->L3,1,15,0,0.0,8.451906538817494e-05
S12->S13->S14->S16->S18->S20->S21->S24->S27->S39->S40->S41->S44->S45->S47->S48->S49->S51,L0->L1->L2->L3,1,18,0,0.0,8.451906538817494e-05
S12->S13->S14->S16->S18->S20->S21->S24->S29->S30->S32->S33->S34->S35->S37,L0->L1->L3,1,15,0,0.0,8.451906538817494e-05
S12->S13->S14->S16->S18->S20->S21->S25->S29->S30->S33->S34->S36->S37,L0->L1->L3,1,14,0,0.0,8.451906538817494e-05
S12->S13->S14->S16->S18->S20->S21->S26->S29->S30->S31->S32->S33->S34->S35->S37,L0->L2->L3,1,16,0,0.0,8.451906538817494e-05
S12->S13->S14->S16->S18->S20->S21->S26->S29->S30->S32->S33->S34->S35->S37,L0->L2->L3,1,15,0,0.0,8.451906538817494e-05
S12->S13->S14->S16->S18->S20->S21->S26->S29->S30->S32->S35->S37,L0->L2->L3,1,13,0,0.0,8.451906538817494e-05
S12->S13->S14->S16->S18->S20->S21->S26->S29->S30->S32->S36->S37,L0->L2->L3,1,13,0,0.0,8.451906538817494e-05
S12->S13->S14->S16->S17->S19->S20->S22->S26->S29->S30->S33->S34->S36->S37,L0->L2->L3,1,15,0,0.0,8.451906538817494e-05
S12->S13->S14->S16->S17->S19->S20->S22->S29->S30->S31->S33->S34->S36->S37,L0->L3,1,15,0,0.0,8.451906538817494e-05
S12->S13->S14->S16->S17->S19->S20->S22->S29->S30->S33->S35->S37,L0->L3,1,13,0,0.0,8.451906538817494e-05
S12->S13->S14->S16->S18->S20->S21->S22->S29->S30->S31->S33->S34->S36->S37,L0->L3,1,15,0,0.0,8.451906538817494e-05
S12->S13->S14->S16->S18->S20->S21->S22->S29->S30->S33->S34->S35->S37,L0->L3,1,14,0,0.0,8.451906538817494e-05
S0->S1->S2->S4->S6->S9->S29->S30->S31->S33->S34->S35->S37,L0->L3,1,13,0,0.0,8.451906538817494e-05
S0->S1->S2->S4->S6->S9->S29->S30->S31->S33->S34->S36->S37,L0->L3,1,13,0,0.0,8.451906538817494e-05
S12->S13->S14->S16->S18->S20->S21->S24->S26->S39->S40->S41->S44->S45->S47->S48->S49->S51,L0->L1->L2->L3,1,18,0,0.0,8.451906538817494e-05
S12->S13->S14->S16->S18->S20->S21->S24->S26->S47->S48->S49->S51,L0->L1->L2->L3,1,13,0,0.0,8.451906538817494e-05
S0->S1->S4->S7->S8->S10->S29->S30->S31->S33->S34->S36->S37,L0->L3,1,13,0,0.0,8.451906538817494e-05
S0->S1->S4->S7->S8->S10->S39->S40->S41->S43->S45->S47->S48->S50->S51,L0->L3,1,15,0,0.0,8.451906538817494e-05
S0->S1->S4->S7->S8->S10->S39->S40->S41->S44->S45->S47->S48->S49->S51,L0->L3,1,15,0,0.0,8.451906538817494e-05
S0->S1->S4->S7->S8->S11->S26->S29->S30->S33->S34->S36->S37,L0->L2->L3,1,13,0,0.0,8.451906538817494e-05
S0->S1->S4->S7->S8->S11->S27->S29->S30->S33->S34->S36->S37,L0->L2->L3,1,13,0,0.0,8.451906538817494e-05
S0->S1->S4->S7->S8->S11->S29->S30->S31->S33->S34->S35->S37,L0->L3,1,13,0,0.0,8.451906538817494e-05
S0->S1->S4->S7->S8->S11->S29->S30->S31->S33->S34->S36->S37,L0->L3,1,13,0,0.0,8.451906538817494e-05
S0->S1->S4->S7->S8->S11->S29->S30->S33->S34->S35->S37->S38,L0->L3,1,13,0,0.0,8.451906538817494e-05
S0->S1->S4->S7->S8->S11->S29->S30->S33->S34->S36->S37->S38,L0->L3,1,13,0,0.0,8.451906538817494e-05
S0->S1->S2->S5->S7->S9->S27->S29->S30->S32->S33->S34->S35->S37,L0->L2->L3,1,14,0,0.0,8.451906538817494e-05
S0->S1->S2->S5->S7->S9->S27->S29->S30->S33->S34->S35->S37,L0->L2->L3,1,13,0,0.0,8.451906538817494e-05
S0->S1->S2->S5->S7->S9->S29->S30->S31->S33->S34->S35->S37,L0->L3,1,13,0,0.0,8.451906538817494e-05
S12->S13->S14->S16->S18->S20->S21->S29->S30->S31->S32->S34->S36->S37->S38,L0->L3,1,15,0,0.0,8.451906538817494e-05
S12->S13->S14->S16->S18->S20->S21->S29->S30->S31->S32->S35->S37,L0->L3,1,13,0,0.0,8.451906538817494e-05
S0->S1->S2->S4->S6->S9->S29->S30->S31->S33->S34->S36->S37->S38,L0->L3,1,14,0,0.0,8.451906538817494e-05
S0->S1->S2->S4->S6->S9->S29->S30->S32->S36->S37->S38,L0->L3,1,12,0,0.0,8.451906538817494e-05
S0->S1->S2->S4->S6->S9->S39->S40->S41->S43->S45->S47->S48->S50->S51,L0->L3,1,15,0,0.0,8.451906538817494e-05
S0->S1->S2->S4->S6->S9->S39->S40->S41->S44->S45->S47->S48->S50->S51,L0->L3,1,15,0,0.0,8.451906538817494e-05
S0->S1->S2->S4->S7->S10->S27->S29->S30->S33->S34->S35->S37,L0->L2->L3,1,13,0,0.0,8.451906538817494e-05
S0->S1->S2->S4->S7->S10->S27->S29->S30->S33->S34->S36->S37,L0->L2->L3,1,13,0,0.0,8.451906538817494e-05
S12->S13->S14->S16->S18->S20->S21->S27->S29->S30->S32->S36->S37->S38,L0->L2->L3,1,14,0,0.0,8.451906538817494e-05
S12->S13->S14->S16->S18->S20->S21->S27->S29->S30->S33->S34->S37,L0->L2->L3,1,13,0,0.0,8.451906538817494e-05
S12->S13->S14->S16->S18->S20->S21->S26->S39->S40->S41->S43->S45->S47->S48->S49->S51,L0->L2->L3,1,17,0,0.0,8.451906538817494e-05
S12->S13->S14->S16->S18->S20->S21->S26->S39->S40->S41->S44->S45->S47->S48->S50->S51,L0->L2->L3,1,17,0,0.0,8.451906538817494e-05
S12->S13->S14->S16->S18->S20->S21->S27->S29->S30->S32->S34->S35->S37,L0->L2->L3,1,14,0,0.0,8.451906538817494e-05
S12->S13->S14->S16->S18->S20->S21->S27->S29->S30->S32->S35->S37,L0->L2->L3,1,13,0,0.0,8.451906538817494e-05
S0->S1->S2->S4->S6->S9->S27->S29->S30->S33->S34->S36->S37,L0->L2->L3,1,13,0,0.0,8.451906538817494e-05
S0->S1->S2->S4->S6->S9->S27->S39->S40->S41->S43->S45->S47->S48->S49->S51,L0->L2->L3,1,16,0,0.0,8.451906538817494e-05
S0->S1->S4->S6->S8->S9->S26->S29->S30->S33->S34->S35->S37->S38,L0->L2->L3,1,14,0,0.0,8.451906538817494e-05
S0->S1->S4->S6->S8->S9->S26->S39->S40->S41->S44->S45->S47->S48->S50->S51,L0->L2->L3,1,16,0,0.0,8.451906538817494e-05
S0->S1->S2->S5->S7->S8->S9->S12->S13->S15->S16->S19->S20->S23->S29->S30->S33->S34->S36->S37,L0->L3,1,20,0,0.0,8.451906538817494e-05
S0->S1->S2->S5->S7->S8->S9->S12->S13->S15->S17->S18->S20->S21->S29->S30->S33->S34->S36->S37,L0->L3,1,20,0,0.0,8.451906538817494e-05
S0->S1->S2->S5->S7->S8->S9->S12->S13->S15->S17->S18->S20->S23->S29->S30->S33->S34->S36->S37,L0->L3,1,20,0,0.0,8.451906538817494e-05
S0->S1->S2->S5->S7->S8->S9->S12->S13->S15->S17->S19->S20->S21->S29->S30->S33->S34->S36->S37,L0->L3,1,20,0,0.0,8.451906538817494e-05
S0->S1->S2->S5->S7->S8->S9->S12->S13->S15->S17->S19->S20->S22->S29->S30->S33->S34->S36->S37,L0->L3,1,20,0,0.0,8.451906538817494e-05
S0->S1->S2->S5->S7->S8->S9->S12->S13->S15->S17->S19->S20->S23->S26->S29->S30->S33->S34->S35->S37,L0->L2->L3,1,21,1,1.0,8.451906538817494e-05
S0->S1->S2->S5->S7->S8->S9->S11->S29->S30->S32->S33->S34->S36->S37,L0->L3,1,15,0,0.0,8.451906538817494e-05
S12->S13->S14->S16->S18->S20->S21->S27->S39->S40->S41->S43->S44->S45->S47->S48->S49->S51,L0->L2->L3,1,18,0,0.0,8.451906538817494e-05
S12->S13->S14->S16->S18->S20->S21->S27->S39->S40->S41->S43->S45->S47->S48->S49->S51,L0->L2->L3,1,17,0,0.0,8.451906538817494e-05
S12->S13->S14->S16->S18->S20->S21->S27->S39->S40->S41->S43->S45->S47->S48->S50->S51,L0->L2->L3,1,17,0,0.0,8.451906538817494e-05
S12->S13->S14->S16->S18->S20->S21->S28->S29->S30->S32->S33->S34->S35->S37,L0->L2->L3,1,15,0,0.0,8.451906538817494e-05
S12->S13->S14->S16->S18->S20->S21->S28->S29->S30->S33->S34->S36->S37->S38,L0->L2->L3,1,15,0,0.0,8.451906538817494e-05
S12->S13->S14->S16->S18->S20->S21->S29->S30->S31->S32->S34->S35->S37,L0->L3,1,14,0,0.0,8.451906538817494e-05
S12->S13->S14->S16->S18->S20->S21->S29->S30->S31->S32->S34->S36->S37,L0->L3,1,14,0,0.0,8.451906538817494e-05
S0->S1->S2->S5->S7->S8->S9->S12->S13->S15->S16->S18->S20->S22->S29->S30->S33->S34->S35->S37,L0->L3,1,20,0,0.0,8.451906538817494e-05
S0->S1->S2->S5->S7->S8->S9->S12->S13->S15->S16->S18->S20->S22->S29->S30->S33->S34->S36->S37,L0->L3,1,20,0,0.0,8.451906538817494e-05
S0->S1->S2->S5->S7->S8->S9->S12->S13->S15->S16->S18->S20->S23->S29->S30->S33->S34->S36->S37,L0->L3,1,20,0,0.0,8.451906538817494e-05
S0->S1->S2->S5->S7->S8->S9->S12->S13->S15->S16->S19->S20->S22->S29->S30->S33->S34->S36->S37,L0->L3,1,20,0,0.0,8.451906538817494e-05
S0->S1->S2->S7->S8->S10->S29->S30->S33->S34->S35->S37,L0->L3,1,12,0,0.0,8.451906538817494e-05
S0->S1->S2->S7->S8->S11->S29->S30->S33->S34->S36->S37,L0->L3,1,12,0,0.0,8.451906538817494e-05
S0->S1->S2->S7->S8->S9->S29->S30->S33->S34->S35->S37,L0->L3,1,12,0,0.0,8.451906538817494e-05
S0->S1->S2->S8->S10->S29->S30->S33->S34->S35->S37,L0->L3,1,11,0,0.0,8.451906538817494e-05
S0->S1->S2->S9->S29->S30->S33->S34->S36->S37,L0->L3,1,10,0,0.0,8.451906538817494e-05
S0->S1->S2->S5->S7->S8->S9->S29->S30->S33->S35,L0->L3,1,11,0,0.0,8.451906538817494e-05
S0->S1->S4->S6->S8->S11->S39->S40->S41->S43->S45->S47->S48->S50->S51,L0->L3,1,15,0,0.0,8.451906538817494e-05
S0->S1->S4->S6->S8->S11->S39->S40->S41->S44->S45->S47->S48->S49->S51,L0->L3,1,15,0,0.0,8.451906538817494e-05
S0->S1->S4->S6->S8->S9->S11->S29->S30->S33->S34->S35->S37,L0->L3,1,13,0,0.0,8.451906538817494e-05
S0->S1->S4->S6->S8->S9->S24->S29->S30->S33->S34->S36->S37,L0->L1->L3,1,13,0,0.0,8.451906538817494e-05
S0->S1->S4->S6->S8->S9->S26->S29->S30->S31->S33->S34->S35->S37,L0->L2->L3,1,14,0,0.0,8.451906538817494e-05
S0->S1->S4->S6->S8->S9->S26->S29->S30->S32->S33->S34->S36->S37,L0->L2->L3,1,14,0,0.0,8.451906538817494e-05
S0->S1->S2->S4->S6->S8->S9->S30->S33->S34->S35->S37,L0->L3,1,12,0,0.0,8.451906538817494e-05
S0->S1->S2->S4->S6->S8->S9->S39->S40->S41->S43->S45->S47->S48->S49->S50->S51,L0->L3,1,17,0,0.0,8.451906538817494e-05
S0->S1->S2->S4->S6->S8->S9->S39->S40->S41->S43->S45->S47->S50->S51,L0->L3,1,15,0,0.0,8.451906538817494e-05
S0->S1->S2->S4->S6->S8->S9->S39->S40->S41->S44->S45->S47->S50->S51,L0->L3,1,15,0,0.0,8.451906538817494e-05
S0->S1->S2->S4->S6->S8->S9->S39->S40->S41->S44->S45->S48->S49->S51,L0->L3,1,15,0,0.0,8.451906538817494e-05
S0->S1->S2->S4->S6->S8->S9->S40->S41->S43->S45->S47->S48->S49->S51,L0->L3,1,15,0,0.0,8.451906538817494e-05
S0->S1->S2->S4->S6->S8->S9->S40->S41->S44->S45->S47->S48->S49->S51,L0->L3,1,15,0,0.0,8.451906538817494e-05
S12->S13->S14->S16->S18->S20->S21->S29->S30->S33->S35->S37->S38,L0->L3,1,13,0,0.0,8.451906538817494e-05
S12->S13->S14->S16->S18->S20->S21->S29->S30->S31->S33->S36->S37,L0->L3,1,13,0,0.0,8.451906538817494e-05
S12->S13->S14->S16->S18->S20->S21->S29->S30->S32->S34->S35->S37->S38,L0->L3,1,14,0,0.0,8.451906538817494e-05
S12->S13->S14->S16->S18->S20->S21->S29->S30->S32->S34->S36->S37->S38,L0->L3,1,14,0,0.0,8.451906538817494e-05
S12->S13->S14->S16->S18->S20->S21->S29->S30->S32->S36->S37->S38,L0->L3,1,13,0,0.0,8.451906538817494e-05
S12->S13->S14->S16->S18->S20->S21->S29->S30->S32->S37->S38,L0->L3,1,12,0,0.0,8.451906538817494e-05
S12->S13->S14->S16->S18->S20->S21->S27->S29->S33->S34->S35->S37,L0->L2->L3,1,13,0,0.0,8.451906538817494e-05
S12->S13->S14->S16->S18->S20->S21->S27->S29->S33->S34->S36->S37,L0->L2->L3,1,13,0,0.0,8.451906538817494e-05
S0->S1->S2->S5->S7->S8->S9->S12->S13->S15->S16->S18->S20->S22->S27->S29->S30->S33->S34->S35->S37,L0->L2->L3,1,21,0,0.0,8.451906538817494e-05
S0->S1->S2->S5->S7->S8->S9->S12->S13->S14->S17->S18->S20->S22->S29->S30->S33->S34->S36->S37,L0->L3,1,20,0,0.0,8.451906538817494e-05
S0->S1->S2->S5->S7->S8->S9->S12->S13->S14->S17->S18->S20->S23->S29->S30->S33->S34->S36->S37,L0->L3,1,20,0,0.0,8.451906538817494e-05
S0->S1->S2->S5->S7->S8->S9->S12->S13->S14->S17->S19->S20->S21->S29->S30->S31->S33->S34->S36->S37,L0->L3,1,21,0,0.0,8.451906538817494e-05
S0->S1->S2->S5->S7->S8->S9->S12->S13->S14->S17->S19->S20->S23->S29->S30->S33->S34->S35->S37,L0->L3,1,20,0,0.0,8.451906538817494e-05
S0->S1->S2->S5->S7->S8->S9->S12->S13->S14->S17->S19->S20->S23->S29->S30->S33->S34->S35->S37->S38,L0->L3,1,21,0,0.0,8.451906538817494e-05
S0->S1->S2->S5->S7->S8->S9->S12->S13->S14->S17->S19->S20->S23->S39->S40->S41->S44->S45->S47->S48->S49->S51,L0->L3,1,23,0,0.0,8.451906538817494e-05
S12->S13->S14->S16->S18->S20->S21->S29->S33->S34->S36->S37,L0->L3,1,12,0,0.0,8.451906538817494e-05
S12->S13->S14->S16->S18->S20->S21->S39->S40->S41->S43->S45->S47->S48->S49,L0->L3,1,15,0,0.0,8.451906538817494e-05
S12->S13->S14->S16->S18->S20->S21->S39->S40->S41->S43->S45->S47->S48->S49->S50->S51,L0->L3,1,17,0,0.0,8.451906538817494e-05
S12->S13->S14->S16->S18->S20->S21->S39->S40->S41->S44->S45->S47->S49->S51,L0->L3,1,15,0,0.0,8.451906538817494e-05
S12->S13->S14->S16->S18->S20->S21->S39->S40->S41->S44->S45->S47->S50->S51,L0->L3,1,15,0,0.0,8.451906538817494e-05
S12->S13->S14->S16->S18->S20->S21->S39->S40->S44->S45->S47->S48->S50->S51,L0->L3,1,15,0,0.0,8.451906538817494e-05
S12->S13->S14->S16->S18->S20->S21->S40->S41->S43->S45->S47->S48->S50->S51,L0->L3,1,15,0,0.0,8.451906538817494e-05
S12->S13->S14->S16->S18->S20->S21->S40->S41->S44->S45->S47->S48->S50->S51,L0->L3,1,15,0,0.0,8.451906538817494e-05
S12->S13->S14->S16->S18->S20->S22->S23->S26->S29->S30->S33->S34->S35->S37,L0->L2->L3,1,15,0,0.0,8.451906538817494e-05
S12->S13->S14->S16->S18->S20->S21->S29->S30->S33->S34->S35->S36->S37,L0->L3,1,14,0,0.0,8.451906538817494e-05
S0->S1->S4->S6->S8->S11->S26->S29->S30->S33->S34->S35->S37,L0->L2->L3,1,13,0,0.0,8.451906538817494e-05
S0->S1->S4->S6->S8->S11->S26->S29->S30->S33->S34->S36->S37,L0->L2->L3,1,13,0,0.0,8.451906538817494e-05
S12->S13->S14->S16->S18->S20->S22->S24->S27->S39->S40->S41->S43->S45->S47->S48->S50->S51,L0->L1->L2->L3,1,18,0,0.0,8.451906538817494e-05
S12->S13->S14->S16->S18->S20->S22->S24->S29->S30->S33->S34->S35->S37,L0->L1->L3,1,14,0,0.0,8.451906538817494e-05
S12->S13->S14->S16->S18->S20->S22->S25->S26->S29->S30->S33->S34->S35->S37,L0->L1->L2->L3,1,15,0,0.0,8.451906538817494e-05
S12->S13->S14->S16->S18->S20->S22->S25->S26->S29->S30->S33->S34->S36->S37,L0->L1->L2->L3,1,15,0,0.0,8.451906538817494e-05
S12->S13->S14->S16->S18->S20->S22->S25->S29->S30->S33->S34->S36->S37,L0->L1->L3,1,14,0,0.0,8.451906538817494e-05
S12->S13->S14->S16->S18->S20->S22->S26->S27->S29->S30->S33->S34->S36->S37,L0->L2->L3,1,15,0,0.0,8.451906538817494e-05
S12->S13->S14->S16->S18->S20->S22->S26->S29->S30->S31->S32->S33->S34->S35->S37,L0->L2->L3,1,16,0,0.0,8.451906538817494e-05
S12->S13->S14->S16->S18->S20->S21->S29->S30->S34->S36->S37,L0->L3,1,12,0,0.0,8.451906538817494e-05
S0->S1->S2->S5->S7->S8->S9->S11->S39->S40->S41->S44->S45->S47->S48->S50->S51,L0->L3,1,17,0,0.0,8.451906538817494e-05
S0->S1->S2->S5->S7->S8->S9->S12->S13->S14->S16->S18->S20->S21->S29->S30->S33->S34->S36->S37,L0->L3,1,20,0,0.0,8.451906538817494e-05
S0->S1->S2->S5->S7->S8->S9->S12->S13->S14->S16->S18->S20->S23->S29->S30->S33->S34->S35->S37,L0->L3,1,20,0,0.0,8.451906538817494e-05
S0->S1->S2->S5->S7->S8->S9->S12->S13->S14->S16->S18->S20->S23->S29->S30->S33->S34->S36->S37,L0->L3,1,20,0,0.0,8.451906538817494e-05
S0->S1->S2->S5->S7->S8->S9->S12->S13->S14->S16->S19->S20->S21->S27->S29->S30->S33->S34->S35->S37,L0->L2->L3,1,21,0,0.0,8.451906538817494e-05
S0->S1->S2->S5->S7->S8->S9->S12->S13->S14->S16->S19->S20->S21->S29->S30->S33->S34->S35->S37,L0->L3,1,20,0,0.0,8.451906538817494e-05
S12->S13->S14->S16->S18->S20->S22->S26->S39->S40->S41->S44->S45->S47->S48->S50->S51,L0->L2->L3,1,17,0,0.0,8.451906538817494e-05
S12->S13->S14->S16->S18->S20->S22->S23->S29->S30->S33->S34->S36->S37->S38,L0->L3,1,15,0,0.0,8.451906538817494e-05
S12->S13->S14->S16->S18->S20->S22->S23->S39->S40->S41->S43->S45->S47->S48->S50->S51,L0->L3,1,17,0,0.0,8.451906538817494e-05
S12->S13->S14->S16->S18->S20->S22->S24->S26->S39->S40->S41->S43->S45->S47->S48->S49->S51,L0->L1->L2->L3,1,18,0,0.0,8.451906538817494e-05
S12->S13->S14->S16->S18->S20->S22->S24->S27->S29->S30->S33->S34->S35->S37,L0->L1->L2->L3,1,15,0,0.0,8.451906538817494e-05
S0->S1->S4->S6->S8->S9->S28->S29->S30->S33->S34->S36->S37,L0->L2->L3,1,13,0,0.0,8.451906538817494e-05
S0->S1->S4->S6->S8->S9->S29->S30->S31->S33->S34->S35->S37,L0->L3,1,13,0,0.0,8.451906538817494e-05
S0->S1->S4->S6->S8->S9->S29->S30->S33->S34->S35->S37->S38,L0->L3,1,13,0,0.0,8.451906538817494e-05
S0->S1->S3->S8->S11->S29->S30->S33->S34->S36->S37,L0->L3,1,11,0,0.0,8.451906538817494e-05
S0->S1->S4->S6->S8->S10->S26->S29->S30->S33->S34->S35->S37,L0->L2->L3,1,13,0,0.0,8.451906538817494e-05
S0->S1->S4->S6->S8->S10->S26->S29->S30->S33->S34->S36->S37,L0->L2->L3,1,13,0,0.0,8.451906538817494e-05
S0->S1->S4->S6->S8->S10->S27->S29->S30->S33->S34->S36->S37,L0->L2->L3,1,13,0,0.0,8.451906538817494e-05
S0->S1->S4->S6->S8->S10->S29->S30->S31->S33->S34->S35->S37,L0->L3,1,13,0,0.0,8.451906538817494e-05
S0->S1->S4->S6->S8->S10->S29->S30->S32->S35->S37,L0->L3,1,11,0,0.0,8.451906538817494e-05
S0->S1->S4->S6->S8->S10->S39->S40->S41->S43->S45->S47->S48->S49->S51,L0->L3,1,15,0,0.0,8.451906538817494e-05
S0->S1->S4->S6->S8->S10->S39->S40->S41->S43->S45->S47->S48->S50->S51,L0->L3,1,15,0,0.0,8.451906538817494e-05
S12->S13->S14->S16->S18->S20->S22->S26->S29->S30->S33->S34->S35,L0->L2->L3,1,13,0,0.0,8.451906538817494e-05
S0->S1->S4->S6->S8->S11->S28->S29->S30->S33->S34->S35->S37,L0->L2->L3,1,13,0,0.0,8.451906538817494e-05
S0->S1->S3->S5->S7->S8->S9->S39->S40->S41->S43->S45->S47->S49->S51,L0->L3,1,15,0,0.0,8.451906538817494e-05
S0->S1->S3->S5->S7->S8->S9->S39->S40->S41->S43->S47->S48->S49->S51,L0->L3,1,15,0,0.0,8.451906538817494e-05
S0->S1->S3->S5->S7->S8->S9->S39->S40->S41->S44->S45->S47->S48->S49->S50->S51,L0->L3,1,17,0,0.0,8.451906538817494e-05
S0->S1->S3->S5->S7->S8->S9->S39->S40->S41->S44->S45->S47->S49->S51,L0->L3,1,15,0,0.0,8.451906538817494e-05
S0->S1->S3->S5->S7->S8->S9->S39->S40->S41->S44->S45->S47->S50->S51,L0->L3,1,15,0,0.0,8.451906538817494e-05
S0->S1->S3->S5->S7->S8->S9->S39->S40->S44->S45->S47->S48->S50->S51,L0->L3,1,15,0,0.0,8.451906538817494e-05
S0->S1->S3->S5->S7->S8->S9->S40->S41->S43->S45->S47->S48->S50->S51,L0->L3,1,15,0,0.0,8.451906538817494e-05
S0->S1->S3->S5->S7->S9->S29->S30->S31->S33->S34->S36->S37,L0->L3,1,13,0,0.0,8.451906538817494e-05
S0->S1->S3->S5->S7->S9->S29->S33->S34->S35->S37,L0->L3,1,11,0,0.0,8.451906538817494e-05
S0->S1->S3->S5->S7->S9->S39->S40->S41->S44->S45->S47->S48->S49->S51,L0->L3,1,15,0,0.0,8.451906538817494e-05
S0->S1->S3->S5->S8->S9->S29->S30->S33->S34->S35->S37,L0->L3,1,12,0,0.0,8.451906538817494e-05
S0->S1->S3->S7->S8->S10->S29->S30->S33->S34->S36->S37,L0->L3,1,12,0,0.0,8.451906538817494e-05
S0->S1->S3->S7->S8->S9->S29->S30->S33->S34->S35->S37,L0->L3,1,12,0,0.0,8.451906538817494e-05
S12->S13->S14->S16->S18->S20->S22->S26->S39->S40->S41->S43->S45->S47->S48->S50->S51,L0->L2->L3,1,17,0,0.0,8.451906538817494e-05
S0->S1->S2->S5->S7->S8->S9->S11->S29->S30->S31->S33->S34->S36->S37,L0->L3,1,15,0,0.0,8.451906538817494e-05
S0->S1->S2->S4->S6->S8->S9->S29->S31->S33->S34->S35->S37,L0->L3,1,13,0,0.0,8.451906538817494e-05
S0->S1->S2->S4->S6->S8->S9->S29->S31->S33->S34->S36->S37,L0->L3,1,13,0,0.0,8.451906538817494e-05
S0->S1->S2->S4->S6->S8->S9->S29->S32->S35->S37,L0->L3,1,11,0,0.0,8.451906538817494e-05
S12->S13->S14->S16->S18->S20->S22->S29->S30->S31->S33->S35->S37,L0->L3,1,13,0,0.0,8.451906538817494e-05
S12->S13->S14->S16->S18->S20->S22->S29->S30->S31->S33->S36->S37,L0->L3,1,13,0,0.0,8.451906538817494e-05
S12->S13->S14->S16->S18->S20->S22->S27->S29->S30->S32->S35->S37,L0->L2->L3,1,13,1,1.0,8.451906538817494e-05
S12->S13->S14->S16->S18->S20->S22->S27->S29->S30->S32->S36->S37,L0->L2->L3,1,13,1,1.0,8.451906538817494e-05
S12->S13->S14->S16->S18->S20->S22->S27->S29->S30->S32->S36->S37->S38,L0->L2->L3,1,14,0,0.0,8.451906538817494e-05
S12->S13->S14->S16->S18->S20->S22->S27->S29->S30->S33->S34->S35,L0->L2->L3,1,13,0,0.0,8.451906538817494e-05
S12->S13->S14->S16->S18->S20->S22->S27->S29->S30->S33->S34->S35->S38,L0->L2->L3,1,14,0,0.0,8.451906538817494e-05
S12->S13->S14->S16->S18->S20->S22->S27->S29->S30->S33->S34->S36->S37->S38,L0->L2->L3,1,15,0,0.0,8.451906538817494e-05
S12->S13->S14->S16->S18->S20->S22->S27->S39->S40->S41->S43->S45->S47->S48->S50->S51,L0->L2->L3,1,17,0,0.0,8.451906538817494e-05
S12->S13->S14->S16->S18->S20->S22->S27->S39->S40->S41->S44->S45->S47->S48->S49->S51,L0->L2->L3,1,17,0,0.0,8.451906538817494e-05
S12->S13->S14->S16->S18->S20->S22->S29->S30->S31->S32->S34->S36->S37->S38,L0->L3,1,15,0,0.0,8.451906538817494e-05
S12->S13->S14->S16->S18->S20->S22->S29->S30->S31->S32->S36->S37,L0->L3,1,13,0,0.0,8.451906538817494e-05
S0->S1->S2->S5->S7->S8->S9->S10->S27->S29->S30->S33->S34->S36->S37,L0->L2->L3,1,15,0,0.0,8.451906538817494e-05
S0->S1->S2->S5->S7->S8->S9->S10->S28->S29->S30->S31->S33->S34->S35->S37,L0->L2->L3,1,16,0,0.0,8.451906538817494e-05
S0->S1->S2->S5->S7->S8->S9->S10->S29->S30->S31->S33->S34->S36->S37,L0->L3,1,15,0,0.0,8.451906538817494e-05
S0->S1->S2->S5->S7->S8->S9->S10->S29->S30->S33->S34->S35->S37->S38,L0->L3,1,15,0,0.0,8.451906538817494e-05
S0->S1->S2->S4->S7->S11->S29->S30->S31->S33->S34->S35->S37,L0->L3,1,13,0,0.0,8.451906538817494e-05
S0->S1->S2->S4->S7->S11->S29->S30->S32->S34->S35->S37,L0->L3,1,12,0,0.0,8.451906538817494e-05
S0->S1->S2->S4->S7->S11->S29->S30->S33->S34->S35->S37->S38,L0->L3,1,13,0,0.0,8.451906538817494e-05
S0->S1->S2->S4->S7->S11->S38,L0->L3,1,7,0,0.0,8.451906538817494e-05
S0->S1->S2->S4->S7->S11->S39->S40->S41->S43->S45->S47->S48->S50->S51,L0->L3,1,15,0,0.0,8.451906538817494e-05
S0->S1->S2->S4->S7->S8->S10->S11->S27->S29->S30->S33->S34->S36->S37,L0->L2->L3,1,15,0,0.0,8.451906538817494e-05
S0->S1->S2->S4->S7->S8->S10->S11->S29->S30->S31->S33->S34->S35->S37,L0->L3,1,15,0,0.0,8.451906538817494e-05
S0->S1->S3->S5->S7->S8->S9->S39->S40->S41->S43->S45->S47->S48->S50,L0->L3,1,15,0,0.0,8.451906538817494e-05
S0->S1->S3->S5->S7->S8->S9->S29->S30->S32->S34->S35->S37->S38,L0->L3,1,14,0,0.0,8.451906538817494e-05
S0->S1->S3->S5->S7->S8->S9->S29->S30->S32->S34->S36->S37->S38,L0->L3,1,14,0,0.0,8.451906538817494e-05
S0->S1->S2->S5->S7->S8->S9->S11->S26->S39->S40->S41->S43->S45->S47->S48->S50->S51,L0->L2->L3,1,18,0,0.0,8.451906538817494e-05
S0->S1->S2->S5->S7->S8->S9->S11->S27->S29->S30->S33->S34->S36->S37,L0->L2->L3,1,15,0,0.0,8.451906538817494e-05
S0->S1->S3->S5->S7->S8->S9->S29->S30->S33->S34,L0->L3,1,11,0,0.0,8.451906538817494e-05
S0->S1->S3->S5->S7->S8->S9->S29->S30->S33->S34->S35->S38,L0->L3,1,13,0,0.0,8.451906538817494e-05
S0->S1->S3->S5->S7->S8->S9->S29->S30->S33->S34->S36->S38,L0->L3,1,13,0,0.0,8.451906538817494e-05
S0->S1->S3->S5->S7->S8->S9->S29->S30->S33->S36,L0->L3,1,11,0,0.0,8.451906538817494e-05
S0->S1->S3->S5->S7->S8->S9->S29->S32->S33->S34->S36->S37,L0->L3,1,13,0,0.0,8.451906538817494e-05
S0->S1->S2->S4->S7->S8->S10->S12->S13->S14->S16->S18->S20->S21->S27->S29->S30->S33->S34->S35->S37,L0->L2->L3,1,21,0,0.0,8.451906538817494e-05
S0->S1->S2->S4->S7->S8->S10->S12->S13->S14->S16->S18->S20->S21->S29->S30->S33->S34->S35->S37,L0->L3,1,20,0,0.0,8.451906538817494e-05
S0->S1->S3->S4->S29->S30->S33->S34->S35->S37,L0->L3,1,10,0,0.0,8.451906538817494e-05
S0->S1->S3->S4->S29->S30->S33->S34->S36->S37,L0->L3,1,10,0,0.0,8.451906538817494e-05
S0->S1->S3->S4->S5->S6->S8->S10->S26->S29->S30->S33->S34->S35->S37,L0->L2->L3,1,15,1,1.0,8.451906538817494e-05
S0->S1->S3->S4->S5->S6->S8->S11->S29->S30->S33->S34->S35->S37,L0->L3,1,14,0,0.0,8.451906538817494e-05
S12->S13->S14->S16->S18->S20->S22->S29->S30->S32->S35->S37->S38,L0->L3,1,13,0,0.0,8.451906538817494e-05
S12->S13->S14->S16->S18->S20->S22->S29->S30->S33->S34->S35->S36->S37->S38,L0->L3,1,15,0,0.0,8.451906538817494e-05
S12->S13->S14->S16->S18->S20->S22->S29->S30->S33->S34->S36,L0->L3,1,12,0,0.0,8.451906538817494e-05
S12->S13->S14->S16->S18->S20->S22->S29->S30->S36,L0->L3,1,10,0,0.0,8.451906538817494e-05
S12->S13->S14->S16->S18->S20->S22->S29->S30->S31->S33->S34->S35,L0->L3,1,13,0,0.0,8.451906538817494e-05
S12->S13->S14->S16->S18->S20->S23->S24->S27->S39->S40->S41->S44->S45->S47->S48->S49->S51,L0->L1->L2->L3,1,18,0,0.0,8.451906538817494e-05
S12->S13->S14->S16->S18->S20->S23->S24->S29->S30->S33->S34->S35->S37,L0->L1->L3,1,14,0,0.0,8.451906538817494e-05
S12->S13->S14->S16->S18->S20->S23->S25->S26->S29->S30->S33->S34->S36->S37,L0->L1->L2->L3,1,15,0,0.0,8.451906538817494e-05
S12->S13->S14->S16->S18->S20->S23->S25->S29->S30->S33->S34->S35->S37,L0->L1->L3,1,14,0,0.0,8.451906538817494e-05
S12->S13->S14->S16->S18->S20->S23->S26->S27->S29->S30->S33->S34->S36->S37,L0->L2->L3,1,15,0,0.0,8.451906538817494e-05
S12->S13->S14->S16->S18->S20->S23->S26->S29->S30->S31->S33->S34->S35,L0->L2->L3,1,14,0,0.0,8.451906538817494e-05
S12->S13->S14->S16->S18->S20->S23->S26->S29->S30->S32->S34->S35->S37,L0->L2->L3,1,14,0,0.0,8.451906538817494e-05
S12->S13->S14->S16->S18->S20->S22->S39->S40->S41->S42->S44->S45->S47->S48->S49->S51,L0->L3,1,17,0,0.0,8.451906538817494e-05
S12->S13->S14->S16->S18->S20->S22->S39->S40->S41->S43->S44->S45->S47->S48->S50->S51,L0->L3,1,17,0,0.0,8.451906538817494e-05
S12->S13->S14->S16->S18->S20->S22->S39->S40->S41->S43->S45->S47->S48->S49->S50->S51,L0->L3,1,17,0,0.0,8.451906538817494e-05
S12->S13->S14->S16->S18->S20->S22->S39->S40->S41->S44->S45->S47->S48->S49,L0->L3,1,15,0,0.0,8.451906538817494e-05
S12->S13->S14->S16->S18->S20->S22->S39->S40->S41->S44->S45->S47->S48->S50,L0->L3,1,15,0,0.0,8.451906538817494e-05
S12->S13->S14->S16->S18->S20->S23->S24,L0->L1,1,8,1,1.0,8.451906538817494e-05
S12->S13->S14->S16->S18->S20->S23->S24->S26->S39->S40->S41->S43->S45->S47->S48->S49->S51,L0->L1->L2->L3,1,18,0,0.0,8.451906538817494e-05
S12->S13->S14->S16->S18->S20->S23->S24->S26->S39->S40->S41->S44->S45->S47->S48->S50->S51,L0->L1->L2->L3,1,18,0,0.0,8.451906538817494e-05
S12->S13->S14->S16->S18->S20->S22->S29->S30->S32->S34->S35->S37->S38,L0->L3,1,14,0,0.0,8.451906538817494e-05
S0->S1->S2->S5->S7->S8->S11->S39->S40->S44->S45->S47->S48->S49->S51,L0->L3,1,15,0,0.0,8.451906538817494e-05
S0->S1->S3->S4->S5->S6->S8->S9->S39->S40->S41->S44->S45->S47->S48->S50->S51,L0->L3,1,17,0,0.0,8.451906538817494e-05
S0->S1->S3->S4->S5->S7->S8->S10->S27->S29->S30->S33->S34->S35->S37,L0->L2->L3,1,15,0,0.0,8.451906538817494e-05
S0->S1->S2->S4->S7->S8->S10->S12->S13->S14->S16->S18->S20->S23->S29->S30->S32->S33->S34->S36->S37,L0->L3,1,21,0,0.0,8.451906538817494e-05
S0->S1->S2->S4->S7->S8->S10->S12->S13->S14->S16->S18->S20->S23->S29->S30->S33->S34->S36->S37->S38,L0->L3,1,21,0,0.0,8.451906538817494e-05
S0->S1->S2->S4->S7->S8->S10->S12->S13->S14->S16->S19->S20->S23->S29->S30->S33->S34->S35->S37,L0->L3,1,20,0,0.0,8.451906538817494e-05
S0->S1->S2->S4->S7->S8->S10->S12->S13->S14->S17->S18->S20->S21->S29->S30->S31->S33->S34->S36->S37,L0->L3,1,21,0,0.0,8.451906538817494e-05
S0->S1->S2->S4->S7->S8->S10->S12->S13->S14->S17->S18->S20->S21->S29->S30->S32->S33->S34->S35->S37,L0->L3,1,21,0,0.0,8.451906538817494e-05
S0->S1->S2->S4->S7->S8->S10->S12->S13->S14->S17->S18->S20->S22->S26->S29->S30->S33->S34->S35->S37,L0->L2->L3,1,21,0,0.0,8.451906538817494e-05
S0->S1->S2->S4->S7->S8->S10->S12->S13->S14->S17->S18->S20->S23->S26->S29->S30->S33->S34->S35->S37,L0->L2->L3,1,21,0,0.0,8.451906538817494e-05
S0->S1->S2->S4->S7->S8->S10->S12->S13->S14->S17->S18->S20->S23->S27->S29->S30->S33->S34->S36->S37,L0->L2->L3,1,21,0,0.0,8.451906538817494e-05
S0->S1->S2->S5->S7->S8->S11->S40->S41->S44->S45->S47->S48->S50->S51,L0->L3,1,15,0,0.0,8.451906538817494e-05
S0->S1->S2->S5->S7->S8->S29->S30->S33->S34->S35->S37,L0->L3,1,12,0,0.0,8.451906538817494e-05
S0->S1->S2->S4->S7->S8->S9->S26->S27->S29->S30->S32->S33->S34->S36->S37,L0->L2->L3,1,16,0,0.0,8.451906538817494e-05
S0->S1->S2->S4->S7->S8->S9->S26->S27->S29->S30->S32->S34->S36->S37,L0->L2->L3,1,15,0,0.0,8.451906538817494e-05
S12->S13->S14->S16->S18->S20->S23->S24->S27->S29->S30->S33->S34->S36->S37->S38,L0->L1->L2->L3,1,16,0,0.0,8.451906538817494e-05
S0->S1->S2->S4->S7->S8->S10->S12->S13->S14->S17->S18->S20->S23->S29->S30->S33->S34->S35->S37,L0->L3,1,20,0,0.0,8.451906538817494e-05
S0->S1->S3->S5->S7->S8->S9->S28->S29->S30->S32->S33->S34->S36->S37,L0->L2->L3,1,15,0,0.0,8.451906538817494e-05
S0->S1->S3->S5->S7->S8->S9->S29->S30->S31->S32->S33->S34->S36,L0->L3,1,14,0,0.0,8.451906538817494e-05
S0->S1->S3->S5->S7->S8->S9->S29->S30->S31->S32->S33->S34->S36->S37->S38,L0->L3,1,16,0,0.0,8.451906538817494e-05
S0->S1->S3->S5->S7->S8->S9->S29->S30->S31->S32->S36->S37,L0->L3,1,13,1,1.0,8.451906538817494e-05
S0->S1->S2->S4->S7->S8->S10->S11->S29->S33->S34->S35->S37,L0->L3,1,13,0,0.0,8.451906538817494e-05
S0->S1->S2->S4->S7->S8->S10->S11->S38,L0->L3,1,9,0,0.0,8.451906538817494e-05
S0->S1->S2->S4->S7->S8->S10->S11->S39->S40->S41->S44->S45->S47->S48->S49->S51,L0->L3,1,17,0,0.0,8.451906538817494e-05
S0->S1->S3->S5->S7->S8->S9->S27->S29->S30->S32->S34->S35->S37,L0->L2->L3,1,14,0,0.0,8.451906538817494e-05
S0->S1->S3->S5->S7->S8->S9->S27->S29->S30->S32->S34->S36->S37,L0->L2->L3,1,14,0,0.0,8.451906538817494e-05
S0->S1->S2->S4->S6->S8->S9->S29->S30->S32->S33->S34->S36,L0->L3,1,13,0,0.0,8.451906538817494e-05
S0->S1->S2->S4->S6->S8->S9->S29->S30->S33->S34,L0->L3,1,11,0,0.0,8.451906538817494e-05
S12->S13->S14->S16->S18->S20->S23->S26->S39->S40->S41->S43->S45->S47->S48->S50->S51,L0->L2->L3,1,17,0,0.0,8.451906538817494e-05
S12->S13->S14->S16->S18->S20->S23->S24->S27->S29->S30->S33->S34->S35->S37->S38,L0->L1->L2->L3,1,16,0,0.0,8.451906538817494e-05
S0->S1->S2->S5->S7->S8->S11->S39->S40->S41->S44->S45->S47->S50->S51,L0->L3,1,15,0,0.0,8.451906538817494e-05
S0->S1->S2->S5->S7->S8->S11->S39->S40->S43->S45->S47->S48->S49->S51,L0->L3,1,15,0,0.0,8.451906538817494e-05
S0->S1->S3->S5->S7->S8->S9->S27->S38,L0->L2->L3,1,9,0,0.0,8.451906538817494e-05
S0->S1->S3->S5->S7->S8->S9->S27->S39->S40->S41->S43->S44->S45->S47->S48->S49->S51,L0->L2->L3,1,18,0,0.0,8.451906538817494e-05
S0->S1->S3->S5->S7->S8->S9->S26->S27->S29->S30->S32->S33->S34->S36->S37,L0->L2->L3,1,16,0,0.0,8.451906538817494e-05
S0->S1->S3->S4->S5->S7->S8->S10->S29->S30->S33->S34->S36->S37,L0->L3,1,14,0,0.0,8.451906538817494e-05
S0->S1->S3->S4->S5->S7->S8->S11->S26->S29->S30->S33->S34->S35->S37->S38,L0->L2->L3,1,16,0,0.0,8.451906538817494e-05
S0->S1->S3->S4->S5->S7->S8->S11->S26->S29->S30->S33->S34->S36->S37,L0->L2->L3,1,15,0,0.0,8.451906538817494e-05
S0->S1->S3->S4->S5->S7->S8->S11->S27->S29->S30->S33->S34->S35->S37,L0->L2->L3,1,15,0,0.0,8.451906538817494e-05
S0->S1->S3->S4->S5->S7->S8->S11->S29->S30->S33->S34->S35->S37,L0->L3,1,14,0,0.0,8.451906538817494e-05
S0->S1->S3->S4->S5->S7->S8->S9->S26->S29->S30->S33->S34->S36->S37,L0->L2->L3,1,15,0,0.0,8.451906538817494e-05
S0->S1->S3->S4->S5->S7->S8->S9->S29->S30->S31->S33->S34->S36->S37,L0->L3,1,15,0,0.0,8.451906538817494e-05
S0->S1->S2->S5->S7->S8->S11->S28->S39->S40->S41->S43->S45->S47->S48->S49->S51,L0->L2->L3,1,17,0,0.0,8.451906538817494e-05
S12->S13->S14->S16->S18->S20->S23->S27->S29->S30->S32->S35->S37,L0->L2->L3,1,13,0,0.0,8.451906538817494e-05
S12->S13->S14->S16->S18->S20->S23->S27->S29->S30->S32->S36->S37,L0->L2->L3,1,13,0,0.0,8.451906538817494e-05
S12->S13->S14->S16->S18->S20->S23->S27->S29->S30->S33->S34->S36,L0->L2->L3,1,13,0,0.0,8.451906538817494e-05
S12->S13->S14->S16->S18->S20->S23->S27->S29->S30->S33->S34->S36->S37->S38,L0->L2->L3,1,15,0,0.0,8.451906538817494e-05
S12->S13->S14->S16->S18->S20->S23->S27->S39->S40->S41->S44->S45->S47->S48->S50->S51,L0->L2->L3,1,17,0,0.0,8.451906538817494e-05
S0->S1->S2->S4->S6->S8->S9->S28->S29->S30->S32->S34->S35->S37,L0->L2->L3,1,14,1,1.0,8.451906538817494e-05
S0->S1->S2->S4->S6->S8->S9->S28->S29->S30->S33->S34->S35->S37->S38,L0->L2->L3,1,15,0,0.0,8.451906538817494e-05
S0->S1->S3->S4->S5->S7->S8->S9->S29->S30->S33->S34->S35->S37->S38,L0->L3,1,15,0,0.0,8.451906538817494e-05
S0->S1->S3->S4->S5->S7->S8->S9->S39->S40->S41->S44->S45->S47->S48->S50->S51,L0->L3,1,17,0,0.0,8.451906538817494e-05
S0->S1->S3->S4->S6->S10->S29->S30->S32->S33->S34->S35->S37,L0->L3,1,13,0,0.0,8.451906538817494e-05
S0->S1->S3->S5->S7->S8->S9->S26->S29->S30->S32->S34->S36->S37,L0->L2->L3,1,14,0,0.0,8.451906538817494e-05
S0->S1->S3->S5->S7->S8->S9->S26->S29->S30->S32->S36->S37->S38,L0->L2->L3,1,14,0,0.0,8.451906538817494e-05
S0->S1->S3->S5->S7->S8->S9->S26->S30->S33->S34->S36->S37,L0->L2->L3,1,13,0,0.0,8.451906538817494e-05
S0->S1->S3->S5->S7->S8->S9->S26->S33->S34->S35->S37,L0->L2->L3,1,12,0,0.0,8.451906538817494e-05
S0->S1->S3->S5->S7->S8->S9->S24->S47->S48->S49->S51,L0->L1->L3,1,12,0,0.0,8.451906538817494e-05
S0->S1->S2->S4->S6->S8->S9->S28->S29->S30->S33->S34->S36->S37->S38,L0->L2->L3,1,15,0,0.0,8.451906538817494e-05
S0->S1->S2->S4->S6->S8->S9->S29->S30->S31->S32->S36->S37,L0->L3,1,13,0,0.0,8.451906538817494e-05
S0->S1->S2->S4->S6->S8->S9->S29->S30->S31->S33->S34->S36,L0->L3,1,13,0,0.0,8.451906538817494e-05
S12->S13->S14->S16->S18->S20->S23->S29->S30->S32->S33->S35,L0->L3,1,12,0,0.0,8.451906538817494e-05
S0->S1->S2->S4->S7->S8->S9->S26->S27->S29->S30->S33->S34->S35->S37,L0->L2->L3,1,15,0,0.0,8.451906538817494e-05
S0->S1->S2->S4->S7->S8->S9->S26->S29->S30->S33->S34->S35,L0->L2->L3,1,13,0,0.0,8.451906538817494e-05
S0->S1->S3->S5->S7->S8->S9->S25->S26->S29->S30->S32->S33->S34->S36->S37,L0->L1->L2->L3,1,16,0,0.0,8.451906538817494e-05
S0->S1->S3->S5->S7->S8->S9->S25->S26->S29->S30->S33->S34->S35->S37,L0->L1->L2->L3,1,15,0,0.0,8.451906538817494e-05
S0->S1->S3->S5->S7->S8->S9->S25->S26->S29->S30->S33->S34->S36->S37,L0->L1->L2->L3,1,15,0,0.0,8.451906538817494e-05
S0->S1->S3->S5->S7->S8->S9->S25->S26->S43->S45->S47->S48->S50->S51,L0->L1->L2->L3,1,15,0,0.0,8.451906538817494e-05
S0->S1->S3->S5->S7->S8->S9->S25->S29->S30->S33->S34->S35->S37,L0->L1->L3,1,14,0,0.0,8.451906538817494e-05
S0->S1->S3->S5->S7->S8->S9->S25->S29->S30->S33->S34->S36->S37->S38,L0->L1->L3,1,15,0,0.0,8.451906538817494e-05
S0->S1->S3->S5->S7->S8->S9->S25->S38,L0->L1->L3,1,9,1,1.0,8.451906538817494e-05
S0->S1->S3->S5->S7->S8->S9->S26,L0->L2,1,8,1,1.0,8.451906538817494e-05
S0->S1->S3->S5->S7->S8->S9->S26->S27->S29->S30->S32->S33->S34->S35->S37,L0->L2->L3,1,16,1,1.0,8.451906538817494e-05
S0->S1->S3->S5->S7->S8->S9->S12->S13->S15->S17->S19->S20->S21->S29->S33->S34->S35->S37,L0->L3,1,19,0,0.0,8.451906538817494e-05
S0->S1->S3->S5->S7->S8->S9->S12->S13->S15->S17->S19->S20->S22->S29->S30->S33->S34->S35->S37,L0->L3,1,20,0,0.0,8.451906538817494e-05
S12->S13->S14->S16->S18->S20->S23->S29->S30->S32->S34->S36->S37->S38,L0->L3,1,14,0,0.0,8.451906538817494e-05
S12->S13->S14->S16->S18->S20->S23->S29->S30->S32->S35->S37->S38,L0->L3,1,13,0,0.0,8.451906538817494e-05
S12->S13->S14->S16->S18->S20->S23->S29->S30->S33->S34->S37,L0->L3,1,12,0,0.0,8.451906538817494e-05
S12->S13->S14->S16->S18->S20->S23->S39->S40->S41->S43->S44->S45->S47->S48->S49,L0->L3,1,16,0,0.0,8.451906538817494e-05
S0->S1->S2->S4->S6->S8->S9->S28->S29->S30->S32->S33->S34->S35->S37,L0->L2->L3,1,15,0,0.0,8.451906538817494e-05
S12->S13->S14->S16->S19->S20->S21->S24->S27->S29->S30->S33->S34->S36->S37,L0->L1->L2->L3,1,15,0,0.0,8.451906538817494e-05
S12->S13->S14->S16->S19->S20->S21->S24->S27->S39->S40->S41->S43->S45->S47->S48->S50->S51,L0->L1->L2->L3,1,18,0,0.0,8.451906538817494e-05
S12->S13->S14->S16->S19->S20->S21->S25->S26->S29->S30->S33->S34->S35->S37,L0->L1->L2->L3,1,15,0,0.0,8.451906538817494e-05
S12->S13->S14->S16->S19->S20->S21->S26->S27->S39->S40->S41->S43->S45->S47->S48->S50->S51,L0->L2->L3,1,18,0,0.0,8.451906538817494e-05
S12->S13->S14->S16->S19->S20->S21->S26->S29->S30->S32->S33->S34->S35->S37->S38,L0->L2->L3,1,16,0,0.0,8.451906538817494e-05
S12->S13->S14->S16->S19->S20->S21->S26->S29->S30->S32->S34->S36->S37,L0->L2->L3,1,14,0,0.0,8.451906538817494e-05
S12->S13->S14->S16->S18->S20->S23->S39->S40->S41->S43->S44->S45->S47->S48->S49->S51,L0->L3,1,17,0,0.0,8.451906538817494e-05
S12->S13->S14->S16->S18->S20->S23->S39->S40->S41->S43->S45->S47->S48->S49->S50->S51,L0->L3,1,17,0,0.0,8.451906538817494e-05
S12->S13->S14->S16->S18->S20->S23->S39->S40->S41->S44->S45->S47->S48->S49,L0->L3,1,15,0,0.0,8.451906538817494e-05
S12->S13->S14->S16->S18->S20->S23->S39->S40->S41->S44->S45->S47->S49->S51,L0->L3,1,15,0,0.0,8.451906538817494e-05
S12->S13->S14->S16->S18->S20->S23->S39->S40->S41->S44->S45->S48->S50->S51,L0->L3,1,15,0,0.0,8.451906538817494e-05
S12->S13->S14->S16->S18->S20->S23->S40->S41->S44->S45->S47->S48->S50->S51,L0->L3,1,15,0,0.0,8.451906538817494e-05
S12->S13->S14->S16->S19->S20->S21->S24->S26->S29->S30->S32->S33->S34->S36->S37,L0->L1->L2->L3,1,16,0,0.0,8.451906538817494e-05
S12->S13->S14->S16->S19->S20->S21->S24->S26->S39->S40->S41->S43->S45->S47->S48->S50->S51,L0->L1->L2->L3,1,18,0,0.0,8.451906538817494e-05
S0->S1->S2->S5->S7->S8->S11->S29->S30->S31->S32->S34->S35->S37,L0->L3,1,14,0,0.0,8.451906538817494e-05
S0->S1->S2->S4->S7->S8->S9->S25->S29->S30->S33->S34->S35->S37,L0->L1->L3,1,14,0,0.0,8.451906538817494e-05
S12->S13->S14->S16->S19->S20->S21->S27->S29->S30->S33->S34->S36->S37->S38,L0->L2->L3,1,15,0,0.0,8.451906538817494e-05
S12->S13->S14->S16->S19->S20->S21->S27->S30->S33->S34->S36->S37,L0->L2->L3,1,13,0,0.0,8.451906538817494e-05
S12->S13->S14->S16->S19->S20->S21->S24->S26->S39->S40->S41->S44->S45->S47->S48->S49->S51,L0->L1->L2->L3,1,18,0,0.0,8.451906538817494e-05
S12->S13->S14->S16->S19->S20->S21->S24->S26->S39->S40->S41->S44->S45->S47->S48->S50->S51,L0->L1->L2->L3,1,18,0,0.0,8.451906538817494e-05
S0->S1->S3->S5->S7->S8->S9->S12->S13->S15->S17->S19->S20->S22->S29->S30->S33->S34->S36->S37,L0->L3,1,20,0,0.0,8.451906538817494e-05
S0->S1->S3->S5->S7->S8->S9->S12->S13->S15->S17->S19->S20->S23->S26->S29->S30->S33->S34->S35->S37,L0->L2->L3,1,21,0,0.0,8.451906538817494e-05
S0->S1->S3->S5->S7->S8->S9->S24->S26->S29->S30->S33->S34->S35->S37->S38,L0->L1->L2->L3,1,16,0,0.0,8.451906538817494e-05
S0->S1->S3->S5->S7->S8->S9->S24->S26->S32->S33->S34->S36->S37,L0->L1->L2->L3,1,14,0,0.0,8.451906538817494e-05
S0->S1->S3->S5->S7->S8->S9->S24->S26->S39->S40->S41->S43->S45->S47->S48->S50->S51,L0->L1->L2->L3,1,18,0,0.0,8.451906538817494e-05
S0->S1->S3->S5->S7->S8->S9->S24->S28->S29->S30->S32->S33->S34->S36->S37,L0->L1->L2->L3,1,16,0,0.0,8.451906538817494e-05
S0->S1->S3->S5->S7->S8->S9->S24->S29->S30->S32->S33->S34->S35->S37,L0->L1->L3,1,15,0,0.0,8.451906538817494e-05
S0->S1->S3->S5->S7->S8->S9->S12->S13->S14->S16->S18->S20->S23->S29->S30->S33->S34->S35->S37,L0->L3,1,20,0,0.0,8.451906538817494e-05
S0->S1->S3->S5->S7->S8->S9->S12->S13->S14->S16->S19->S20->S22->S29->S30->S33->S34->S35->S37,L0->L3,1,20,0,0.0,8.451906538817494e-05
S0->S1->S3->S4->S6->S10->S39->S40->S41->S44->S45->S47->S48->S49->S51,L0->L3,1,15,0,0.0,8.451906538817494e-05
S0->S1->S3->S4->S6->S11->S26->S29->S30->S33->S34->S36->S37,L0->L2->L3,1,13,0,0.0,8.451906538817494e-05
S0->S1->S3->S4->S6->S11->S27->S29->S30->S33->S34->S35->S37,L0->L2->L3,1,13,0,0.0,8.451906538817494e-05
S0->S1->S3->S5->S7->S8->S9->S12->S13->S15->S16->S18->S20->S21->S29->S30->S33->S34->S35->S37,L0->L3,1,20,0,0.0,8.451906538817494e-05
S12->S13->S14->S16->S19->S20->S21->S29->S30->S31->S32->S34->S35->S37,L0->L3,1,14,0,0.0,8.451906538817494e-05
S12->S13->S14->S16->S19->S20->S21->S29->S30->S31->S33->S35->S37,L0->L3,1,13,0,0.0,8.451906538817494e-05
S0->S1->S2->S5->S7->S8->S11->S27->S29->S30->S33->S34->S36,L0->L2->L3,1,13,0,0.0,8.451906538817494e-05
S0->S1->S2->S5->S7->S8->S11->S27->S29->S33->S34->S35->S37,L0->L2->L3,1,13,0,0.0,8.451906538817494e-05
S0->S1->S2->S5->S7->S8->S11->S27->S39->S40->S41->S43->S44->S45->S47->S48->S49->S51,L0->L2->L3,1,18,0,0.0,8.451906538817494e-05
S0->S1->S2->S5->S7->S8->S11->S27->S39->S40->S41->S43->S44->S45->S47->S48->S50->S51,L0->L2->L3,1,18,0,0.0,8.451906538817494e-05
S0->S1->S2->S5->S7->S8->S11->S28->S29->S30->S31->S33->S34->S35->S37->S38,L0->L2->L3,1,16,0,0.0,8.451906538817494e-05
S0->S1->S2->S5->S7->S8->S11->S28->S29->S30->S32->S33->S34->S35->S37,L0->L2->L3,1,15,0,0.0,8.451906538817494e-05
S0->S1->S2->S5->S7->S8->S11->S28->S29->S30->S32->S33->S34->S36->S37,L0->L2->L3,1,15,0,0.0,8.451906538817494e-05
S0->S1->S2->S5->S7->S8->S11->S26->S29->S30->S32->S36->S37->S38,L0->L2->L3,1,14,0,0.0,8.451906538817494e-05
S12->S13->S14->S16->S19->S20->S21->S26->S30->S33->S34->S35->S37,L0->L2->L3,1,13,0,0.0,8.451906538817494e-05
S12->S13->S14->S16->S19->S20->S21->S26->S33->S34->S35->S37,L0->L2->L3,1,12,0,0.0,8.451906538817494e-05
S12->S13->S14->S16->S19->S20->S21->S26->S39->S40->S41->S44->S45->S47->S48->S49->S51,L0->L2->L3,1,17,0,0.0,8.451906538817494e-05
S12->S13->S14->S16->S19->S20->S21->S27->S29->S30->S32->S33->S34->S36->S37,L0->L2->L3,1,15,0,0.0,8.451906538817494e-05
S12->S13->S14->S16->S19->S20->S21->S27->S29->S30->S32->S35->S37,L0->L2->L3,1,13,0,0.0,8.451906538817494e-05
S12->S13->S14->S16->S19->S20->S21->S27->S39->S40->S41->S43->S44->S45->S47->S48->S50->S51,L0->L2->L3,1,18,0,0.0,8.451906538817494e-05
S0->S1->S2->S5->S7->S8->S11->S26->S29->S33->S34->S35->S37,L0->L2->L3,1,13,0,0.0,8.451906538817494e-05
S0->S1->S2->S5->S7->S8->S11->S26->S38,L0->L2->L3,1,9,0,0.0,8.451906538817494e-05
S0->S1->S2->S5->S7->S8->S11->S27->S29->S30->S32->S34->S36->S37,L0->L2->L3,1,14,0,0.0,8.451906538817494e-05
S0->S1->S2->S5->S7->S8->S11->S27->S29->S30->S32->S35->S37->S38,L0->L2->L3,1,14,0,0.0,8.451906538817494e-05
S0->S1->S3->S4->S6->S11->S29->S30->S33->S34->S36->S37->S38,L0->L3,1,13,0,0.0,8.451906538817494e-05
S0->S1->S3->S4->S6->S11->S39->S40->S41->S43->S45->S47->S48->S50->S51,L0->L3,1,15,0,0.0,8.451906538817494e-05
S0->S1->S3->S4->S6->S8->S10->S11->S27->S29->S30->S33->S34->S35->S37,L0->L2->L3,1,15,0,0.0,8.451906538817494e-05
S0->S1->S3->S4->S6->S8->S10->S11->S29->S30->S31->S33->S34->S36->S37,L0->L3,1,15,0,0.0,8.451906538817494e-05
S0->S1->S3->S4->S5->S7->S8->S10->S27->S29->S30->S33->S34->S36->S37,L0->L2->L3,1,15,0,0.0,8.451906538817494e-05
S0->S1->S3->S4->S5->S7->S8->S10->S29->S30->S32->S34->S35->S37,L0->L3,1,14,0,0.0,8.451906538817494e-05
S0->S1->S3->S5->S7->S8->S9->S12->S13->S14->S16->S19->S20->S23->S29->S30->S33->S34->S35->S37,L0->L3,1,20,0,0.0,8.451906538817494e-05
S0->S1->S3->S5->S7->S8->S9->S12->S13->S14->S17->S18->S20->S22->S29->S30->S33->S34->S35->S37,L0->L3,1,20,0,0.0,8.451906538817494e-05
S0->S1->S3->S5->S7->S8->S9->S12->S13->S14->S17->S18->S20->S22->S29->S30->S33->S34->S36->S37,L0->L3,1,20,0,0.0,8.451906538817494e-05
S0->S1->S3->S5->S7->S8->S9->S12->S13->S14->S17->S19->S20->S23->S29->S30->S33->S34->S36->S37,L0->L3,1,20,0,0.0,8.451906538817494e-05
S0->S1->S3->S5->S7->S8->S9->S12->S13->S15->S16->S18->S20->S21->S27->S29->S30->S33->S34->S36->S37,L0->L2->L3,1,21,0,0.0,8.451906538817494e-05
S12->S13->S14->S16->S19->S20->S21->S29->S30->S33->S36->S37->S38,L0->L3,1,13,0,0.0,8.451906538817494e-05
S12->S13->S14->S16->S19->S20->S21->S39->S40->S41->S43->S45->S47->S48->S49->S50->S51,L0->L3,1,17,0,0.0,8.451906538817494e-05
S12->S13->S14->S16->S19->S20->S21->S39->S40->S41->S45->S47->S48->S49->S51,L0->L3,1,15,0,0.0,8.451906538817494e-05
S0->S1->S2->S4->S6->S8->S9->S27->S29->S30->S32->S34->S36->S37,L0->L2->L3,1,14,0,0.0,8.451906538817494e-05
S0->S1->S2->S4->S6->S8->S9->S27->S29->S30->S32->S36->S37,L0->L2->L3,1,13,0,0.0,8.451906538817494e-05
S0->S1->S3->S5->S7->S8->S9->S12->S13->S15->S16->S18->S20->S21->S29->S30->S33->S34->S36->S37,L0->L3,1,20,0,0.0,8.451906538817494e-05
S0->S1->S3->S5->S7->S8->S9->S12->S13->S15->S16->S19->S20->S21->S29->S30->S33->S34->S35->S37,L0->L3,1,20,0,0.0,8.451906538817494e-05
S0->S1->S3->S5->S7->S8->S9->S12->S13->S15->S16->S19->S20->S23->S29->S30->S33->S34->S36->S37,L0->L3,1,20,0,0.0,8.451906538817494e-05
S0->S1->S3->S5->S7->S8->S9->S10->S11->S29->S30->S33->S34->S36->S37,L0->L3,1,15,0,0.0,8.451906538817494e-05
S0->S1->S3->S5->S7->S8->S9->S10->S26->S29->S30->S31->S33->S34->S35->S37,L0->L2->L3,1,16,0,0.0,8.451906538817494e-05
S0->S1->S3->S5->S7->S8->S9->S10->S27->S29->S30->S33->S34->S36->S37,L0->L2->L3,1,15,0,0.0,8.451906538817494e-05
S0->S1->S3->S5->S7->S8->S9->S10->S29->S30->S31->S33->S34->S35->S37,L0->L3,1,15,0,0.0,8.451906538817494e-05
S0->S1->S3->S5->S7->S8->S9->S10->S39->S40->S41->S44->S45->S47->S48->S49->S51,L0->L3,1,17,0,0.0,8.451906538817494e-05
S0->S1->S3->S5->S7->S8->S9->S11->S27->S29->S30->S33->S34->S36->S37,L0->L2->L3,1,15,0,0.0,8.451906538817494e-05
S0->S1->S3->S5->S7->S8->S9->S11->S29->S30->S31->S33->S34->S35->S37,L0->L3,1,15,0,0.0,8.451906538817494e-05
S0->S1->S2->S4->S6->S8->S9->S27->S39->S40->S41->S42->S44->S45->S47->S48->S50->S51,L0->L2->L3,1,18,0,0.0,8.451906538817494e-05
S12->S13->S14->S16->S19->S20->S22->S24->S29->S30->S33->S34->S36->S37,L0->L1->L3,1,14,0,0.0,8.451906538817494e-05
S12->S13->S14->S16->S19->S20->S22->S24->S47->S48->S50->S51,L0->L1->L3,1,12,0,0.0,8.451906538817494e-05
S12->S13->S14->S16->S19->S20->S22->S25->S27->S29->S30->S33->S34->S35->S37,L0->L1->L2->L3,1,15,0,0.0,8.451906538817494e-05
S12->S13->S14->S16->S19->S20->S22->S26->S29->S30->S31->S32->S33->S34->S36->S37,L0->L2->L3,1,16,0,0.0,8.451906538817494e-05
S0->S1->S3->S5->S7->S8->S9->S11->S39->S40->S41->S43->S45->S47->S48->S49->S51,L0->L3,1,17,0,0.0,8.451906538817494e-05
S0->S1->S3->S5->S7->S8->S9->S12->S13->S14->S16->S18->S20->S21->S29->S30->S33->S34->S36->S37,L0->L3,1,20,0,0.0,8.451906538817494e-05
S0->S1->S2->S4->S7->S8->S10->S12->S13->S14->S17->S19->S20->S22->S29->S30->S33->S34->S36->S37->S38,L0->L3,1,21,0,0.0,8.451906538817494e-05
S0->S1->S2->S4->S7->S8->S10->S12->S13->S14->S17->S19->S20->S23->S29->S30->S33->S34->S35->S37,L0->L3,1,20,0,0.0,8.451906538817494e-05
S0->S1->S2->S4->S7->S8->S10->S12->S13->S15->S16->S18->S20->S21->S29->S30->S33->S34->S35->S37,L0->L3,1,20,0,0.0,8.451906538817494e-05
S0->S1->S2->S4->S7->S8->S10->S12->S13->S15->S16->S18->S20->S22->S29->S30->S33->S34->S36->S37,L0->L3,1,20,0,0.0,8.451906538817494e-05
S0->S1->S2->S4->S7->S8->S10->S12->S13->S15->S16->S18->S20->S23->S29->S30->S33->S34->S35->S37,L0->L3,1,20,0,0.0,8.451906538817494e-05
S0->S1->S2->S4->S7->S8->S10->S12->S13->S15->S16->S19->S20->S21->S29->S30->S31->S33->S34->S35->S37,L0->L3,1,21,0,0.0,8.451906538817494e-05
S0->S1->S2->S4->S7->S8->S10->S12->S13->S15->S16->S19->S20->S22->S29->S30->S33->S34->S35->S37,L0->L3,1,20,0,0.0,8.451906538817494e-05
S0->S1->S2->S4->S7->S8->S10->S12->S13->S15->S16->S19->S20->S22->S29->S30->S33->S34->S36->S37,L0->L3,1,20,0,0.0,8.451906538817494e-05
S0->S1->S2->S4->S7->S8->S10->S12->S13->S15->S16->S19->S20->S23->S26->S29->S30->S33->S34->S36->S37,L0->L2->L3,1,21,0,0.0,8.451906538817494e-05
S0->S1->S3->S5->S7->S8->S11->S39->S40->S41->S43->S45->S47->S50->S51,L0->L3,1,15,0,0.0,8.451906538817494e-05
S0->S1->S3->S5->S7->S8->S11->S40->S41->S44->S45->S47->S48->S50->S51,L0->L3,1,15,0,0.0,8.451906538817494e-05
S0->S1->S3->S5->S7->S8->S29->S30->S33->S34->S36->S37,L0->L3,1,12,0,0.0,8.451906538817494e-05
S0->S1->S3->S5->S7->S8->S11->S29->S31->S33->S34->S36->S37,L0->L3,1,13,0,0.0,8.451906538817494e-05
S0->S1->S3->S5->S7->S8->S11->S29->S32->S36->S37,L0->L3,1,11,0,0.0,8.451906538817494e-05
S0->S1->S3->S5->S7->S8->S11->S39->S40->S41->S42->S43->S45->S47->S48->S49->S51,L0->L3,1,17,0,0.0,8.451906538817494e-05
S0->S1->S3->S5->S7->S8->S11->S39->S40->S41->S43->S45->S47->S48->S50,L0->L3,1,15,0,0.0,8.451906538817494e-05
S0->S1->S3->S5->S7->S8->S11->S39->S40->S41->S43->S45->S47->S49->S51,L0->L3,1,15,0,0.0,8.451906538817494e-05
S0->S1->S2->S4->S7->S8->S10->S12->S13->S14->S17->S19->S20->S21->S29->S30->S31->S33->S34->S36->S37,L0->L3,1,21,0,0.0,8.451906538817494e-05
S0->S1->S2->S4->S7->S8->S10->S12->S13->S14->S17->S19->S20->S21->S29->S30->S33->S34->S35->S37,L0->L3,1,20,0,0.0,8.451906538817494e-05
S0->S1->S2->S4->S7->S8->S10->S12->S13->S14->S17->S19->S20->S21->S29->S30->S33->S34->S36->S37,L0->L3,1,20,0,0.0,8.451906538817494e-05
S0->S1->S3->S5->S7->S8->S11->S29->S30->S31->S33->S34->S36,L0->L3,1,13,0,0.0,8.451906538817494e-05
S0->S1->S2->S5->S7->S8->S11->S26->S29->S30->S32->S34->S35->S37->S38,L0->L2->L3,1,15,0,0.0,8.451906538817494e-05
S0->S1->S2->S5->S7->S8->S11->S24->S28->S29->S30->S33->S34->S36->S37,L0->L1->L2->L3,1,15,0,0.0,8.451906538817494e-05
S0->S1->S2->S5->S7->S8->S11->S24->S29->S30->S32->S36->S37,L0->L1->L3,1,13,0,0.0,8.451906538817494e-05
S12->S13->S14->S16->S19->S20->S22->S24->S26->S39->S40->S41->S43->S45->S47->S48->S49->S51,L0->L1->L2->L3,1,18,0,0.0,8.451906538817494e-05
S12->S13->S14->S16->S19->S20->S22->S24->S26->S39->S40->S41->S44->S45->S47->S48->S49->S51,L0->L1->L2->L3,1,18,0,0.0,8.451906538817494e-05
S0->S1->S3->S5->S7->S8->S11->S29->S30->S33->S34->S35->S36->S37,L0->L3,1,14,0,0.0,8.451906538817494e-05
S0->S1->S3->S5->S7->S8->S11->S29->S30->S33->S34->S36->S38,L0->L3,1,13,0,0.0,8.451906538817494e-05
S0->S1->S3->S5->S7->S8->S11->S28->S29->S30->S31->S32->S35->S37,L0->L2->L3,1,14,0,0.0,8.451906538817494e-05
S0->S1->S3->S4->S6->S8->S10->S11->S29->S30->S33->S34->S36->S37->S38,L0->L3,1,15,0,0.0,8.451906538817494e-05
S0->S1->S3->S4->S6->S8->S10->S11->S39->S40->S41->S43->S45->S47->S48->S50->S51,L0->L3,1,17,0,0.0,8.451906538817494e-05
S0->S1->S3->S4->S6->S8->S10->S12->S13->S14->S16->S18->S20->S23->S29->S30->S33->S34->S36->S37,L0->L3,1,20,0,0.0,8.451906538817494e-05
S0->S1->S3->S4->S6->S8->S10->S12->S13->S14->S16->S19->S20->S21->S29->S30->S33->S34->S35->S37,L0->L3,1,20,0,0.0,8.451906538817494e-05
S0->S1->S3->S4->S6->S8->S10->S12->S13->S14->S16->S19->S20->S23->S29->S30->S33->S34->S36->S37,L0->L3,1,20,0,0.0,8.451906538817494e-05
S0->S1->S2->S4->S6->S8->S9->S26->S38,L0->L2->L3,1,9,0,0.0,8.451906538817494e-05
S0->S1->S2->S4->S6->S8->S9->S27->S29->S30->S32->S33->S34->S35->S37->S38,L0->L2->L3,1,16,0,0.0,8.451906538817494e-05
S12->S13->S14->S16->S19->S20->S22->S26->S39->S40->S41->S44->S45->S47->S48->S50->S51,L0->L2->L3,1,17,0,0.0,8.451906538817494e-05
S12->S13->S14->S16->S19->S20->S22->S24->S26->S29->S30->S32->S33->S34->S36->S37,L0->L1->L2->L3,1,16,0,0.0,8.451906538817494e-05
S0->S1->S2->S4->S7->S8->S9->S26->S29->S33->S34->S36->S37,L0->L2->L3,1,13,0,0.0,8.451906538817494e-05
S0->S1->S2->S4->S7->S8->S9->S26->S29->S33->S34->S36->S37->S38,L0->L2->L3,1,14,0,0.0,8.451906538817494e-05
S0->S1->S2->S4->S7->S8->S9->S27->S29->S30->S31->S33->S34->S35->S37->S38,L0->L2->L3,1,16,0,0.0,8.451906538817494e-05
S0->S1->S3->S5->S7->S8->S11->S39->S40->S44->S45->S47->S48->S50->S51,L0->L3,1,15,0,0.0,8.451906538817494e-05
S0->S1->S2->S5->S7->S8->S11->S26->S27->S29->S30->S33->S34->S35->S37,L0->L2->L3,1,15,0,0.0,8.451906538817494e-05
S0->S1->S2->S5->S7->S8->S11->S26->S29->S30->S31->S32->S33->S34->S36->S37,L0->L2->L3,1,16,0,0.0,8.451906538817494e-05
S12->S13->S14->S16->S19->S20->S22->S29->S30->S31->S32->S34->S35->S37,L0->L3,1,14,0,0.0,8.451906538817494e-05
S12->S13->S14->S16->S19->S20->S22->S29->S30->S31->S33->S34->S35,L0->L3,1,13,0,0.0,8.451906538817494e-05
S12->S13->S14->S16->S19->S20->S22->S29->S30->S31->S33->S34->S36->S37->S38,L0->L3,1,15,0,0.0,8.451906538817494e-05
S12->S13->S14->S16->S19->S20->S22->S29->S30->S31->S33->S35->S37,L0->L3,1,13,0,0.0,8.451906538817494e-05
S12->S13->S14->S16->S19->S20->S22->S29->S30->S31->S33->S36->S37,L0->L3,1,13,0,0.0,8.451906538817494e-05
S12->S13->S14->S16->S19->S20->S22->S29->S30->S32->S33->S34->S35->S37->S38,L0->L3,1,15,0,0.0,8.451906538817494e-05
S12->S13->S14->S16->S19->S20->S22->S29->S30->S32->S34->S35->S37->S38,L0->L3,1,14,0,0.0,8.451906538817494e-05
S12->S13->S14->S16->S19->S20->S22->S26->S39->S40->S41->S44->S45->S48->S49->S51,L0->L2->L3,1,16,0,0.0,8.451906538817494e-05
S12->S13->S14->S16->S19->S20->S22->S27->S29->S30->S32->S34->S36->S37,L0->L2->L3,1,14,0,0.0,8.451906538817494e-05
S12->S13->S14->S16->S19->S20->S22->S27->S39->S40->S41->S43->S44->S45->S47->S48->S50->S51,L0->L2->L3,1,18,0,0.0,8.451906538817494e-05
S12->S13->S14->S16->S19->S20->S22->S27->S39->S40->S41->S43->S45->S47->S48->S50->S51,L0->L2->L3,1,17,0,0.0,8.451906538817494e-05
S12->S13->S14->S16->S19->S20->S22->S28->S29->S30->S33->S34->S35->S37->S38,L0->L2->L3,1,15,0,0.0,8.451906538817494e-05
S0->S1->S3->S5->S7->S8->S11->S29->S30->S31->S33->S36->S37,L0->L3,1,13,0,0.0,8.451906538817494e-05
S0->S1->S3->S5->S7->S8->S11->S29->S30->S32->S34->S35->S37->S38,L0->L3,1,14,0,0.0,8.451906538817494e-05
S0->S1->S2->S5->S7->S8->S11->S25->S26->S44->S45->S47->S48->S50->S51,L0->L1->L2->L3,1,15,0,0.0,8.451906538817494e-05
S0->S1->S2->S5->S7->S8->S11->S25->S28->S29->S30->S32->S33->S34->S36->S37,L0->L1->L2->L3,1,16,0,0.0,8.451906538817494e-05
S0->S1->S3->S4->S6->S8->S10->S12->S13->S14->S17->S18->S20->S21->S29->S30->S33->S34->S36->S37,L0->L3,1,20,0,0.0,8.451906538817494e-05
S0->S1->S3->S4->S6->S8->S10->S12->S13->S14->S17->S18->S20->S22->S29->S30->S31->S33->S34->S36->S37,L0->L3,1,21,0,0.0,8.451906538817494e-05
S0->S1->S3->S4->S6->S8->S10->S12->S13->S14->S17->S18->S20->S22->S29->S30->S33->S34->S36->S37,L0->L3,1,20,0,0.0,8.451906538817494e-05
S0->S1->S3->S4->S6->S8->S10->S12->S13->S14->S17->S18->S20->S23->S29->S30->S33->S34->S36->S37,L0->L3,1,20,0,0.0,8.451906538817494e-05
S0->S1->S3->S4->S6->S8->S10->S12->S13->S14->S17->S19->S20->S22->S29->S30->S33->S34->S35->S37,L0->L3,1,20,0,0.0,8.451906538817494e-05
S0->S1->S3->S4->S6->S8->S10->S12->S13->S14->S17->S19->S20->S23->S29->S30->S33->S34->S35->S37,L0->L3,1,20,0,0.0,8.451906538817494e-05
S0->S1->S3->S5->S7->S8->S11->S28->S29->S30->S33->S34->S35->S37->S38,L0->L2->L3,1,15,0,0.0,8.451906538817494e-05
S0->S1->S3->S5->S7->S8->S11->S28->S39->S40->S41->S43->S45->S47->S48->S49->S51,L0->L2->L3,1,17,0,0.0,8.451906538817494e-05
S0->S1->S3->S5->S7->S8->S11->S28->S39->S40->S41->S44->S45->S47->S48->S49->S51,L0->L2->L3,1,17,0,0.0,8.451906538817494e-05
S0->S1->S3->S5->S7->S8->S11->S29->S30->S31->S32->S34->S35->S37->S38,L0->L3,1,15,0,0.0,8.451906538817494e-05
S0->S1->S3->S5->S7->S8->S11->S29->S30->S31->S32->S35->S37->S38,L0->L3,1,14,0,0.0,8.451906538817494e-05
S0->S1->S2->S5->S7->S8->S11->S25->S29->S30->S33->S34->S36->S37,L0->L1->L3,1,14,0,0.0,8.451906538817494e-05
S0->S1->S2->S5->S7->S8->S11->S26->S27->S29->S30->S32->S33->S34->S35->S37,L0->L2->L3,1,16,0,0.0,8.451906538817494e-05
S0->S1->S2->S5->S7->S8->S11->S26->S27->S29->S30->S32->S34->S35->S37,L0->L2->L3,1,15,0,0.0,8.451906538817494e-05
S0->S1->S2->S5->S7->S8->S11->S12->S13->S14->S16->S18->S20->S23->S29->S30->S33->S34->S35->S37,L0->L3,1,20,0,0.0,8.451906538817494e-05
S0->S1->S2->S5->S7->S8->S11->S12->S13->S14->S16->S19->S20->S23->S29->S30->S33->S34->S35->S37,L0->L3,1,20,0,0.0,8.451906538817494e-05
S0->S1->S2->S4->S6->S8->S9->S25->S29->S30->S33->S34->S36->S37->S38,L0->L1->L3,1,15,0,0.0,8.451906538817494e-05
S0->S1->S2->S4->S6->S8->S9->S26->S27->S29->S30->S32->S33->S34->S35->S37,L0->L2->L3,1,16,0,0.0,8.451906538817494e-05
S0->S1->S2->S4->S6->S8->S9->S26->S27->S29->S30->S32->S33->S34->S36->S37,L0->L2->L3,1,16,0,0.0,8.451906538817494e-05
S0->S1->S2->S4->S6->S8->S9->S26->S29->S30->S32->S33->S34->S35->S37->S38,L0->L2->L3,1,16,0,0.0,8.451906538817494e-05
S0->S1->S2->S4->S6->S8->S9->S26->S29->S30->S32->S33->S34->S36->S37->S38,L0->L2->L3,1,16,0,0.0,8.451906538817494e-05
S12->S13->S14->S16->S19->S20->S22->S39->S40->S41->S43->S45->S47->S48->S49->S50->S51,L0->L3,1,17,0,0.0,8.451906538817494e-05
S12->S13->S14->S16->S19->S20->S22->S29->S30->S32->S37,L0->L3,1,11,0,0.0,8.451906538817494e-05
S12->S13->S14->S16->S19->S20->S22->S29->S30->S33->S34->S36,L0->L3,1,12,0,0.0,8.451906538817494e-05
S12->S13->S14->S16->S19->S20->S22->S29->S30->S33->S35->S37,L0->L3,1,12,0,0.0,8.451906538817494e-05
S12->S13->S14->S16->S19->S20->S22->S29->S33->S34->S36->S37->S38,L0->L3,1,13,0,0.0,8.451906538817494e-05
S12->S13->S14->S16->S19->S20->S22->S39->S40->S41->S43->S45->S47->S48->S49,L0->L3,1,15,0,0.0,8.451906538817494e-05
S0->S1->S2->S5->S7->S8->S11->S24->S29->S30->S33->S34->S36->S37->S38,L0->L1->L3,1,15,0,0.0,8.451906538817494e-05
S0->S1->S2->S5->S7->S8->S11->S25->S26->S29->S30->S33->S34->S35->S37,L0->L1->L2->L3,1,15,0,0.0,8.451906538817494e-05
S0->S1->S2->S5->S7->S8->S11->S25->S26->S29->S30->S33->S34->S36->S37,L0->L1->L2->L3,1,15,0,0.0,8.451906538817494e-05
S0->S1->S2->S5->S7->S8->S11->S17->S18->S20->S21->S39->S40->S41->S43->S45->S47->S48->S49->S51,L0->L3,1,20,0,0.0,8.451906538817494e-05
S0->S1->S2->S5->S7->S8->S11->S24->S26->S29->S33->S34->S35->S37,L0->L1->L2->L3,1,14,0,0.0,8.451906538817494e-05
S0->S1->S3->S5->S7->S8->S11->S29->S30->S31->S33->S34->S35,L0->L3,1,13,0,0.0,8.451906538817494e-05
S0->S1->S3->S5->S7->S8->S11->S27->S29->S30->S32->S34->S35->S37,L0->L2->L3,1,14,0,0.0,8.451906538817494e-05
S0->S1->S3->S5->S7->S8->S11->S27->S29->S30->S32->S35->S37->S38,L0->L2->L3,1,14,0,0.0,8.451906538817494e-05
S0->S1->S3->S5->S7->S8->S11->S27->S29->S33->S34->S36->S37,L0->L2->L3,1,13,0,0.0,8.451906538817494e-05
S0->S1->S3->S5->S7->S8->S11->S27->S39->S40->S41->S43->S44->S45->S47->S48->S50->S51,L0->L2->L3,1,18,0,0.0,8.451906538817494e-05
S0->S1->S3->S5->S7->S8->S11->S27->S47->S48->S49->S51,L0->L2->L3,1,12,0,0.0,8.451906538817494e-05
S0->S1->S2->S4->S7->S8->S10->S12->S13->S15->S17->S19->S20->S21->S29->S30->S33->S34->S35->S37,L0->L3,1,20,0,0.0,8.451906538817494e-05
S0->S1->S2->S4->S7->S8->S10->S12->S13->S15->S17->S19->S20->S21->S29->S30->S33->S34->S36->S37,L0->L3,1,20,0,0.0,8.451906538817494e-05
S0->S1->S2->S4->S7->S8->S10->S12->S13->S15->S17->S19->S20->S23->S26->S29->S30->S33->S34->S35->S37,L0->L2->L3,1,21,0,0.0,8.451906538817494e-05
S0->S1->S2->S4->S7->S8->S10->S12->S13->S15->S17->S19->S20->S23->S29->S30->S33->S34->S36->S37,L0->L3,1,20,0,0.0,8.451906538817494e-05
S0->S1->S2->S4->S7->S8->S10->S24->S26->S29->S30->S32->S33->S34->S36->S37,L0->L1->L2->L3,1,16,0,0.0,8.451906538817494e-05
S0->S1->S2->S5->S7->S8->S11->S24->S26->S33->S34->S35->S37,L0->L1->L2->L3,1,13,0,0.0,8.451906538817494e-05
S0->S1->S2->S5->S7->S8->S11->S24->S26->S39->S40->S41->S43->S45->S47->S48->S50->S51,L0->L1->L2->L3,1,18,0,0.0,8.451906538817494e-05
S0->S1->S2->S5->S7->S8->S11->S24->S28->S29->S30->S32->S33->S34->S36->S37,L0->L1->L2->L3,1,16,0,0.0,8.451906538817494e-05
S12->S13->S14->S16->S19->S20->S23->S26->S39->S40->S41->S43->S45->S47->S48->S49->S51,L0->L2->L3,1,17,1,1.0,8.451906538817494e-05
S12->S13->S14->S16->S19->S20->S23->S27->S29->S30->S32->S35->S37,L0->L2->L3,1,13,0,0.0,8.451906538817494e-05
S12->S13->S14->S16->S19->S20->S23->S27->S29->S30->S32->S36->S37,L0->L2->L3,1,13,0,0.0,8.451906538817494e-05
S12->S13->S14->S16->S19->S20->S23->S27->S29->S30->S33->S34->S36->S37->S38,L0->L2->L3,1,15,0,0.0,8.451906538817494e-05
S12->S13->S14->S16->S19->S20->S23->S27->S38,L0->L2->L3,1,9,0,0.0,8.451906538817494e-05
S12->S13->S14->S16->S19->S20->S23->S29->S30->S31->S32->S34->S35->S37,L0->L3,1,14,0,0.0,8.451906538817494e-05
S12->S13->S14->S16->S19->S20->S23->S24->S27->S39->S40->S41->S43->S45->S47->S48->S50->S51,L0->L1->L2->L3,1,18,0,0.0,8.451906538817494e-05
S12->S13->S14->S16->S19->S20->S23->S24->S27->S39->S40->S41->S44->S45->S47->S48->S49->S51,L0->L1->L2->L3,1,18,0,0.0,8.451906538817494e-05
S12->S13->S14->S16->S19->S20->S23->S26->S27->S29->S30->S32->S33->S34->S36->S37,L0->L2->L3,1,16,0,0.0,8.451906538817494e-05
S12->S13->S14->S16->S19->S20->S23->S26->S29->S30->S32->S34->S36->S37,L0->L2->L3,1,14,0,0.0,8.451906538817494e-05
S12->S13->S14->S16->S19->S20->S23->S26->S29->S33->S34->S35->S37,L0->L2->L3,1,13,0,0.0,8.451906538817494e-05
S12->S13->S14->S16->S19->S20->S23->S26->S33->S34->S35->S37,L0->L2->L3,1,12,0,0.0,8.451906538817494e-05
S0->S1->S2->S4->S6->S8->S9->S25->S28->S29->S30->S33->S34->S36->S37,L0->L1->L2->L3,1,15,0,0.0,8.451906538817494e-05
S0->S1->S2->S5->S7->S8->S11->S12->S13->S15->S17->S19->S20->S21->S29->S30->S31->S33->S34->S36->S37,L0->L3,1,21,0,0.0,8.451906538817494e-05
S0->S1->S2->S5->S7->S8->S11->S12->S13->S15->S17->S19->S20->S22->S29->S30->S33->S34->S35->S37,L0->L3,1,20,0,0.0,8.451906538817494e-05
S0->S1->S2->S5->S7->S8->S11->S12->S13->S15->S17->S19->S20->S22->S29->S30->S33->S36->S37,L0->L3,1,19,0,0.0,8.451906538817494e-05
S12->S13->S14->S16->S19->S20->S23->S29->S30->S32->S36->S37->S38,L0->L3,1,13,0,0.0,8.451906538817494e-05
S0->S1->S2->S4->S7->S8->S10->S24->S26->S29->S30->S32->S36,L0->L1->L2->L3,1,13,1,1.0,8.451906538817494e-05
S0->S1->S2->S4->S7->S8->S10->S24->S26->S29->S30->S32->S36->S38,L0->L1->L2->L3,1,14,0,0.0,8.451906538817494e-05
S0->S1->S2->S4->S7->S8->S10->S24->S26->S33->S34->S36->S37,L0->L1->L2->L3,1,13,0,0.0,8.451906538817494e-05
S0->S1->S2->S4->S7->S8->S10->S24->S26->S39->S40->S41->S43->S45->S47->S48->S50->S51,L0->L1->L2->L3,1,18,0,0.0,8.451906538817494e-05
S0->S1->S3->S5->S7->S8->S11->S26->S29->S30->S33->S34->S35->S36->S37,L0->L2->L3,1,15,1,1.0,8.451906538817494e-05
S0->S1->S3->S5->S7->S8->S11->S26->S29->S30->S33->S34->S35->S36->S37->S38,L0->L2->L3,1,16,0,0.0,8.451906538817494e-05
S0->S1->S3->S4->S6->S8->S10->S12->S13->S15->S16->S18->S20->S21->S29->S30->S32->S33->S34->S36->S37,L0->L3,1,21,0,0.0,8.451906538817494e-05
S0->S1->S3->S4->S6->S8->S10->S12->S13->S15->S16->S18->S20->S22->S29->S30->S33->S34->S35->S37,L0->L3,1,20,0,0.0,8.451906538817494e-05
S0->S1->S3->S4->S6->S8->S10->S12->S13->S15->S16->S18->S20->S23->S29->S30->S33->S34->S35->S37,L0->L3,1,20,0,0.0,8.451906538817494e-05
S0->S1->S3->S4->S6->S8->S10->S12->S13->S15->S16->S19->S20->S21->S29->S30->S31->S33->S34->S35->S37,L0->L3,1,21,0,0.0,8.451906538817494e-05
S0->S1->S3->S4->S6->S8->S10->S12->S13->S15->S17->S18->S20->S21->S26->S29->S30->S33->S34->S36->S37,L0->L2->L3,1,21,0,0.0,8.451906538817494e-05
S0->S1->S3->S4->S6->S8->S10->S12->S13->S15->S17->S18->S20->S21->S29->S30->S33->S34->S36->S37,L0->L3,1,20,0,0.0,8.451906538817494e-05
S0->S1->S3->S4->S6->S8->S10->S12->S13->S15->S17->S18->S20->S22->S29->S30->S33->S34->S35->S37,L0->L3,1,20,0,0.0,8.451906538817494e-05
S0->S1->S3->S4->S6->S8->S10->S12->S13->S15->S17->S18->S20->S23->S29->S30->S33->S34->S35->S37,L0->L3,1,20,0,0.0,8.451906538817494e-05
S0->S1->S3->S4->S6->S8->S10->S12->S13->S15->S17->S19->S20->S21->S26->S29->S30->S33->S34->S35->S37,L0->L2->L3,1,21,0,0.0,8.451906538817494e-05
S12->S13->S14->S17->S18->S20->S21->S23->S26->S29->S30->S33->S34->S35->S37,L0->L2->L3,1,15,0,0.0,8.451906538817494e-05
S12->S13->S14->S17->S18->S20->S21->S23->S26->S29->S30->S33->S34->S36->S37,L0->L2->L3,1,15,0,0.0,8.451906538817494e-05
S12->S13->S14->S17->S18->S20->S21->S23->S39->S40->S41->S43->S45->S47->S48->S49->S51,L0->L3,1,17,0,0.0,8.451906538817494e-05
S0->S1->S2->S4->S6->S8->S9->S24->S27->S39->S40->S41->S43->S45->S47->S48->S49->S51,L0->L1->L2->L3,1,18,0,0.0,8.451906538817494e-05
S0->S1->S2->S4->S6->S8->S9->S24->S27->S39->S40->S41->S43->S45->S47->S48->S50->S51,L0->L1->L2->L3,1,18,0,0.0,8.451906538817494e-05
S0->S1->S2->S4->S6->S8->S9->S24->S27->S39->S40->S41->S44->S45->S47->S48->S49->S51,L0->L1->L2->L3,1,18,0,0.0,8.451906538817494e-05
S0->S1->S2->S4->S6->S8->S9->S24->S29->S30->S32->S33->S34->S36->S37,L0->L1->L3,1,15,0,0.0,8.451906538817494e-05
S0->S1->S2->S4->S6->S8->S9->S25->S26->S29->S30->S33->S34->S35->S37,L0->L1->L2->L3,1,15,0,0.0,8.451906538817494e-05
S0->S1->S2->S4->S6->S8->S9->S25->S26->S43->S45->S47->S48->S50->S51,L0->L1->L2->L3,1,15,0,0.0,8.451906538817494e-05
S0->S1->S2->S4->S6->S8->S9->S25->S26->S47->S48->S50->S51,L0->L1->L2->L3,1,13,0,0.0,8.451906538817494e-05
S12->S13->S14->S16->S19->S20->S23->S29->S30->S31->S32->S34->S36->S37,L0->L3,1,14,0,0.0,8.451906538817494e-05
S12->S13->S14->S16->S19->S20->S23->S29->S30->S31->S32->S35->S37,L0->L3,1,13,1,1.0,8.451906538817494e-05
S12->S13->S14->S16->S19->S20->S23->S29->S30->S31->S32->S35->S37->S38,L0->L3,1,14,0,0.0,8.451906538817494e-05
S12->S13->S14->S16->S19->S20->S23->S29->S30->S31->S32->S36->S37,L0->L3,1,13,0,0.0,8.451906538817494e-05
S12->S13->S14->S16->S19->S20->S23->S29->S30->S32->S33->S34->S36->S37->S38,L0->L3,1,15,0,0.0,8.451906538817494e-05
S12->S13->S14->S16->S19->S20->S23->S29->S30->S32->S34->S35->S37->S38,L0->L3,1,14,0,0.0,8.451906538817494e-05
S0->S1->S2->S4->S7->S8->S10->S12->S13->S15->S17->S18->S20->S21->S39->S40->S41->S43->S45->S47->S48->S50->S51,L0->L3,1,23,0,0.0,8.451906538817494e-05
S0->S1->S2->S4->S7->S8->S10->S12->S13->S15->S17->S18->S20->S23->S27->S29->S30->S33->S34->S36->S37,L0->L2->L3,1,21,0,0.0,8.451906538817494e-05
S0->S1->S2->S5->S7->S8->S11->S12->S13->S14->S17->S19->S20->S23->S26->S29->S30->S33->S34->S36->S37,L0->L2->L3,1,21,0,0.0,8.451906538817494e-05
S0->S1->S2->S5->S7->S8->S11->S12->S13->S14->S17->S19->S20->S23->S29->S30->S33->S34->S35->S37,L0->L3,1,20,0,0.0,8.451906538817494e-05
S0->S1->S2->S5->S7->S8->S11->S12->S13->S14->S17->S19->S20->S23->S29->S30->S33->S34->S36->S37,L0->L3,1,20,0,0.0,8.451906538817494e-05
S0->S1->S2->S5->S7->S8->S11->S12->S13->S15->S16->S18->S20->S22->S29->S30->S33->S34->S36->S37,L0->L3,1,20,0,0.0,8.451906538817494e-05
S0->S1->S2->S5->S7->S8->S11->S12->S13->S15->S16->S18->S20->S22->S39->S40->S41->S43->S45->S47->S48->S49->S51,L0->L3,1,23,0,0.0,8.451906538817494e-05
S0->S1->S2->S5->S7->S8->S11->S12->S13->S15->S16->S19->S20->S21->S29->S30->S32->S33->S34->S36->S37,L0->L3,1,21,0,0.0,8.451906538817494e-05
S0->S1->S2->S5->S7->S8->S11->S12->S13->S15->S16->S19->S20->S22->S29->S30->S33->S34->S35->S37,L0->L3,1,20,0,0.0,8.451906538817494e-05
S0->S1->S2->S5->S7->S8->S11->S12->S13->S15->S16->S19->S20->S23->S29->S30->S33->S34->S36->S37,L0->L3,1,20,0,0.0,8.451906538817494e-05
S0->S1->S2->S5->S7->S8->S10->S29->S30->S33->S35->S37->S38,L0->L3,1,13,0,0.0,8.451906538817494e-05
S12->S13->S14->S16->S19->S20->S23->S39->S40->S41->S43->S45->S47->S49->S51,L0->L3,1,15,0,0.0,8.451906538817494e-05
S12->S13->S14->S16->S19->S20->S23->S39->S40->S41->S44->S45->S47->S50->S51,L0->L3,1,15,0,0.0,8.451906538817494e-05
S12->S13->S14->S16->S19->S20->S23->S39->S40->S41->S44->S47->S48->S49->S51,L0->L3,1,15,0,0.0,8.451906538817494e-05
S12->S13->S14->S17->S18->S19->S20->S23->S39->S40->S41->S43->S45->S47->S48->S49->S51,L0->L3,1,17,0,0.0,8.451906538817494e-05
S12->S13->S14->S17->S18->S20->S21->S22->S29->S30->S33->S34->S35->S37,L0->L3,1,14,0,0.0,8.451906538817494e-05
S0->S1->S2->S5->S7->S8->S11->S12->S13->S14->S16->S19->S20->S23->S29->S30->S33->S34->S36->S37,L0->L3,1,20,0,0.0,8.451906538817494e-05
S0->S1->S2->S5->S7->S8->S11->S12->S13->S14->S17->S18->S20->S21->S29->S30->S31->S33->S34->S35->S37,L0->L3,1,21,0,0.0,8.451906538817494e-05
S0->S1->S2->S5->S7->S8->S11->S12->S13->S14->S17->S18->S20->S23->S26->S29->S30->S33->S34->S35->S37,L0->L2->L3,1,21,0,0.0,8.451906538817494e-05
S0->S1->S2->S5->S7->S8->S11->S12->S13->S14->S17->S18->S20->S23->S29->S30->S33->S34->S35->S37,L0->L3,1,20,0,0.0,8.451906538817494e-05
S0->S1->S3->S4->S6->S8->S10->S12->S13->S15->S17->S19->S20->S21->S26->S29->S30->S33->S34->S36->S37,L0->L2->L3,1,21,0,0.0,8.451906538817494e-05
S0->S1->S3->S4->S6->S8->S10->S12->S13->S15->S17->S19->S20->S21->S29->S30->S33->S34->S36->S37,L0->L3,1,20,0,0.0,8.451906538817494e-05
S0->S1->S3->S4->S6->S8->S10->S12->S13->S15->S17->S19->S20->S22->S29->S30->S33->S34->S36->S37,L0->L3,1,20,0,0.0,8.451906538817494e-05
S0->S1->S3->S4->S6->S8->S10->S24->S26->S29->S30->S32->S33->S34->S36->S37,L0->L1->L2->L3,1,16,0,0.0,8.451906538817494e-05
S0->S1->S3->S4->S6->S8->S10->S11->S29->S30->S32->S34->S35->S37,L0->L3,1,14,0,0.0,8.451906538817494e-05
S0->S1->S3->S4->S6->S8->S10->S11->S29->S30->S33->S34->S35->S37->S38,L0->L3,1,15,0,0.0,8.451906538817494e-05
S0->S1->S3->S5->S7->S8->S11->S26->S29->S30->S33->S34->S36,L0->L2->L3,1,13,0,0.0,8.451906538817494e-05
S0->S1->S3->S5->S7->S8->S11->S26->S29->S33->S34->S35->S37,L0->L2->L3,1,13,0,0.0,8.451906538817494e-05
S0->S1->S3->S5->S7->S8->S11->S26->S29->S33->S34->S36->S37,L0->L2->L3,1,13,0,0.0,8.451906538817494e-05
S0->S1->S3->S5->S7->S8->S11->S26->S30->S33->S34->S35->S37,L0->L2->L3,1,13,0,0.0,8.451906538817494e-05
S0->S1->S3->S5->S7->S8->S11->S26->S30->S33->S34->S36->S37,L0->L2->L3,1,13,0,0.0,8.451906538817494e-05
S0->S1->S3->S5->S7->S8->S11->S26->S38,L0->L2->L3,1,9,0,0.0,8.451906538817494e-05
S12->S13->S14->S17->S18->S20->S21->S23->S39->S40->S41->S43->S45->S47->S48->S50->S51,L0->L3,1,17,0,0.0,8.451906538817494e-05
S0->S1->S2->S4->S7->S8->S10->S12->S13->S15->S17->S18->S20->S23->S29->S30->S33->S34->S36->S37->S38,L0->L3,1,21,0,0.0,8.451906538817494e-05
S0->S1->S3->S5->S7->S8->S11->S25->S28->S29->S30->S33->S34->S35->S37,L0->L1->L2->L3,1,15,0,0.0,8.451906538817494e-05
S0->S1->S3->S5->S7->S8->S11->S25->S29->S30->S33->S34->S35->S37,L0->L1->L3,1,14,0,0.0,8.451906538817494e-05
S0->S1->S3->S5->S7->S8->S11->S26->S27->S29->S30->S32->S34->S36->S37,L0->L2->L3,1,15,0,0.0,8.451906538817494e-05
S0->S1->S3->S5->S7->S8->S11->S26->S29->S30->S32->S33->S34->S35->S37->S38,L0->L2->L3,1,16,0,0.0,8.451906538817494e-05
S0->S1->S3->S5->S7->S8->S11->S26->S29->S30->S32->S33->S34->S36->S37->S38,L0->L2->L3,1,16,0,0.0,8.451906538817494e-05
S0->S1->S3->S5->S7->S8->S11->S26->S29->S30->S32->S34->S35->S37->S38,L0->L2->L3,1,15,0,0.0,8.451906538817494e-05
S0->S1->S3->S5->S7->S8->S11->S26->S29->S30->S32->S34->S36->S37,L0->L2->L3,1,14,0,0.0,8.451906538817494e-05
S0->S1->S3->S5->S7->S8->S11->S26->S29->S30->S32->S36->S37->S38,L0->L2->L3,1,14,0,0.0,8.451906538817494e-05
S12->S13->S14->S17->S18->S20->S21->S23->S39->S40->S41->S44->S45->S47->S48->S49->S51,L0->L3,1,17,0,0.0,8.451906538817494e-05
S12->S13->S14->S17->S18->S20->S21->S23->S39->S40->S41->S44->S45->S47->S48->S50->S51,L0->L3,1,17,0,0.0,8.451906538817494e-05
S12->S13->S14->S17->S18->S20->S21->S24->S26->S29->S30->S32->S33->S34->S36->S37,L0->L1->L2->L3,1,16,0,0.0,8.451906538817494e-05
S12->S13->S14->S17->S18->S20->S21->S24->S27->S39->S40->S41->S43->S45->S47->S48->S49->S51,L0->L1->L2->L3,1,18,0,0.0,8.451906538817494e-05
S12->S13->S14->S16->S19->S20->S23->S39->S40->S41->S43->S44->S45->S47->S48->S49->S51,L0->L3,1,17,0,0.0,8.451906538817494e-05
S12->S13->S14->S16->S19->S20->S23->S39->S40->S41->S43->S44->S45->S47->S48->S50->S51,L0->L3,1,17,0,0.0,8.451906538817494e-05
S0->S1->S3->S5->S7->S8->S11->S24->S27->S39->S40->S41->S43->S45->S47->S48->S50->S51,L0->L1->L2->L3,1,18,0,0.0,8.451906538817494e-05
S0->S1->S3->S5->S7->S8->S11->S25->S26->S29->S30->S32->S33->S34->S35->S37,L0->L1->L2->L3,1,16,0,0.0,8.451906538817494e-05
S0->S1->S3->S5->S7->S8->S11->S25->S26->S29->S30->S33->S34->S36->S37->S38,L0->L1->L2->L3,1,16,0,0.0,8.451906538817494e-05
S0->S1->S3->S5->S7->S8->S11->S25->S27->S29->S30->S32->S33->S34->S36->S37,L0->L1->L2->L3,1,16,0,0.0,8.451906538817494e-05
S0->S1->S3->S5->S7->S8->S11->S12->S13->S15->S16->S19->S20->S22->S26->S29->S30->S33->S34->S36->S37,L0->L2->L3,1,21,0,0.0,8.451906538817494e-05
S0->S1->S3->S5->S7->S8->S11->S12->S13->S15->S16->S19->S20->S23->S26->S29->S30->S33->S34->S36->S37,L0->L2->L3,1,21,0,0.0,8.451906538817494e-05
S12->S13->S14->S17->S18->S20->S21->S29->S30->S31->S33->S35->S37,L0->L3,1,13,0,0.0,8.451906538817494e-05
S12->S13->S14->S17->S18->S20->S21->S26->S29->S30->S32->S34->S35->S37,L0->L2->L3,1,14,0,0.0,8.451906538817494e-05
S12->S13->S14->S17->S18->S20->S21->S26->S29->S30->S32->S34->S36->S37,L0->L2->L3,1,14,0,0.0,8.451906538817494e-05
S12->S13->S14->S17->S18->S20->S21->S26->S29->S30->S32->S36->S37,L0->L2->L3,1,13,0,0.0,8.451906538817494e-05
S12->S13->S14->S17->S18->S20->S21->S26->S29->S30->S32->S37,L0->L2->L3,1,12,0,0.0,8.451906538817494e-05
S12->S13->S14->S17->S18->S20->S21->S26->S30->S33->S34->S35->S37,L0->L2->L3,1,13,0,0.0,8.451906538817494e-05
S12->S13->S14->S17->S18->S20->S21->S26->S33->S34->S36->S37,L0->L2->L3,1,12,0,0.0,8.451906538817494e-05
S12->S13->S14->S17->S18->S20->S21->S26->S39->S40->S41->S44->S45->S47->S48->S49->S51,L0->L2->L3,1,17,0,0.0,8.451906538817494e-05
S12->S13->S14->S17->S18->S20->S21->S27->S29->S30->S31->S33->S34->S35->S37->S38,L0->L2->L3,1,16,0,0.0,8.451906538817494e-05
S12->S13->S14->S17->S18->S20->S21->S27->S29->S30->S32->S33->S34->S35,L0->L2->L3,1,14,0,0.0,8.451906538817494e-05
S12->S13->S14->S17->S18->S20->S21->S27->S29->S30->S32->S35->S37,L0->L2->L3,1,13,0,0.0,8.451906538817494e-05
S0->S1->S2->S5->S7->S8->S10->S29->S31->S33->S34->S35->S37,L0->L3,1,13,0,0.0,8.451906538817494e-05
S0->S1->S2->S5->S7->S8->S10->S39->S40->S41->S43->S45->S47->S48->S49,L0->L3,1,15,0,0.0,8.451906538817494e-05
S0->S1->S2->S5->S7->S8->S10->S39->S40->S41->S43->S45->S47->S49->S51,L0->L3,1,15,0,0.0,8.451906538817494e-05
S0->S1->S2->S5->S7->S8->S10->S39->S40->S41->S43->S45->S48->S49->S51,L0->L3,1,15,0,0.0,8.451906538817494e-05
S0->S1->S2->S5->S7->S8->S10->S39->S40->S41->S43->S45->S48->S50->S51,L0->L3,1,15,0,0.0,8.451906538817494e-05
S0->S1->S2->S5->S7->S8->S10->S39->S40->S41->S44->S45->S47->S48->S49->S50->S51,L0->L3,1,17,0,0.0,8.451906538817494e-05
S0->S1->S2->S5->S7->S8->S10->S39->S40->S41->S44->S45->S47->S49->S51,L0->L3,1,15,0,0.0,8.451906538817494e-05
S0->S1->S2->S5->S7->S8->S10->S39->S40->S41->S44->S47->S48->S50->S51,L0->L3,1,15,0,0.0,8.451906538817494e-05
S0->S1->S2->S5->S7->S8->S11->S12->S13->S14->S16->S18->S20->S21->S29->S30->S33->S34->S36->S37,L0->L3,1,20,0,0.0,8.451906538817494e-05
S12->S13->S14->S17->S18->S20->S21->S27->S29->S30->S33->S34->S35,L0->L2->L3,1,13,0,0.0,8.451906538817494e-05
S12->S13->S14->S17->S18->S20->S21->S27->S29->S30->S33->S34->S36->S37->S38,L0->L2->L3,1,15,0,0.0,8.451906538817494e-05
S12->S13->S14->S17->S18->S20->S21->S27->S29->S33->S34->S36->S37,L0->L2->L3,1,13,0,0.0,8.451906538817494e-05
S12->S13->S14->S17->S18->S20->S21->S27->S39->S40->S41->S43->S45->S47->S48->S49->S51,L0->L2->L3,1,17,0,0.0,8.451906538817494e-05
S12->S13->S14->S17->S18->S20->S21->S27->S39->S40->S41->S43->S45->S47->S48->S50->S51,L0->L2->L3,1,17,0,0.0,8.451906538817494e-05
S12->S13->S14->S17->S18->S20->S21->S27->S39->S40->S41->S44->S45->S47->S48->S50->S51,L0->L2->L3,1,17,0,0.0,8.451906538817494e-05
S0->S1->S3->S5->S7->S8->S11->S12->S13->S14->S16->S19->S20->S23->S29->S30->S33->S34->S36->S37,L0->L3,1,20,0,0.0,8.451906538817494e-05
S0->S1->S2->S4->S6->S8->S9->S12->S13->S15->S17->S19->S20->S22->S29->S30->S31->S33->S34->S35->S37,L0->L3,1,21,0,0.0,8.451906538817494e-05
S0->S1->S2->S4->S6->S8->S9->S12->S13->S15->S17->S19->S20->S22->S29->S30->S33->S34->S36->S37,L0->L3,1,20,0,0.0,8.451906538817494e-05
S0->S1->S2->S4->S6->S8->S9->S24->S26->S29->S30->S32->S33->S34->S35->S37,L0->L1->L2->L3,1,16,0,0.0,8.451906538817494e-05
S0->S1->S2->S4->S6->S8->S9->S24->S26->S29->S30->S32->S33->S34->S36->S37,L0->L1->L2->L3,1,16,0,0.0,8.451906538817494e-05
S0->S1->S2->S4->S6->S8->S9->S24->S26->S29->S30->S33->S34->S36->S37->S38,L0->L1->L2->L3,1,16,0,0.0,8.451906538817494e-05
S12->S13->S14->S17->S18->S20->S21->S29->S30->S33->S34->S36,L0->L3,1,12,0,0.0,8.451906538817494e-05
S12->S13->S14->S17->S18->S20->S21->S29->S30->S33->S36->S37->S38,L0->L3,1,13,0,0.0,8.451906538817494e-05
S12->S13->S14->S17->S18->S20->S21->S29->S30->S32->S33->S34->S35,L0->L3,1,13,0,0.0,8.451906538817494e-05
S12->S13->S14->S17->S18->S20->S21->S29->S30->S32->S33->S34->S35->S37->S38,L0->L3,1,15,0,0.0,8.451906538817494e-05
S12->S13->S14->S17->S18->S20->S21->S29->S30->S32->S33->S34->S36->S37->S38,L0->L3,1,15,0,0.0,8.451906538817494e-05
S12->S13->S14->S17->S18->S20->S21->S29->S30->S32->S36->S37->S38,L0->L3,1,13,0,0.0,8.451906538817494e-05
S0->S1->S2->S4->S6->S8->S9->S12->S13->S15->S16->S19->S20->S22->S29->S30->S33->S34->S36->S37,L0->L3,1,20,0,0.0,8.451906538817494e-05
S0->S1->S2->S4->S6->S8->S9->S12->S13->S15->S16->S19->S20->S23->S29->S30->S33->S34->S36->S37,L0->L3,1,20,0,0.0,8.451906538817494e-05
S0->S1->S2->S4->S6->S8->S9->S12->S13->S15->S17->S18->S20->S21->S26->S29->S30->S33->S34->S36->S37,L0->L2->L3,1,21,0,0.0,8.451906538817494e-05
S0->S1->S2->S4->S6->S8->S9->S12->S13->S15->S17->S18->S20->S22->S26->S29->S30->S33->S34->S36->S37,L0->L2->L3,1,21,0,0.0,8.451906538817494e-05
S12->S13->S14->S17->S18->S20->S22->S23->S29->S30->S33->S34->S35->S37->S38,L0->L3,1,15,0,0.0,8.451906538817494e-05
S0->S1->S2->S4->S6->S8->S9->S12->S13->S15->S17->S18->S20->S23->S29->S30->S33->S34->S36->S37,L0->L3,1,20,0,0.0,8.451906538817494e-05
S0->S1->S3->S5->S7->S8->S11->S12->S13->S15->S16->S19->S20->S23->S29->S30->S33->S34->S35->S37,L0->L3,1,20,0,0.0,8.451906538817494e-05
S0->S1->S3->S5->S7->S8->S11->S12->S13->S15->S17->S18->S20->S23->S29->S30->S33->S34->S35->S37,L0->L3,1,20,0,0.0,8.451906538817494e-05
S0->S1->S3->S5->S7->S8->S11->S12->S13->S15->S17->S18->S20->S23->S29->S30->S33->S34->S36->S37,L0->L3,1,20,0,0.0,8.451906538817494e-05
S0->S1->S3->S5->S7->S8->S11->S12->S13->S15->S17->S19->S20->S21->S29->S30->S33->S34->S36->S37,L0->L3,1,20,0,0.0,8.451906538817494e-05
S0->S1->S3->S5->S7->S8->S11->S12->S13->S15->S17->S19->S20->S22->S26->S29->S30->S33->S34->S36->S37,L0->L2->L3,1,21,0,0.0,8.451906538817494e-05
S0->S1->S3->S5->S7->S8->S11->S12->S13->S15->S17->S19->S20->S23->S24->S26->S29->S30->S33->S34->S36->S37,L0->L1->L2->L3,1,22,0,0.0,8.451906538817494e-05
S0->S1->S3->S5->S7->S8->S11->S12->S13->S15->S17->S19->S20->S23->S29->S30->S33->S34->S35->S37,L0->L3,1,20,0,0.0,8.451906538817494e-05
S0->S1->S3->S5->S7->S8->S11->S12->S13->S15->S17->S19->S20->S23->S29->S30->S33->S34->S36->S37,L0->L3,1,20,0,0.0,8.451906538817494e-05
S0->S1->S3->S5->S7->S8->S11->S24->S26->S29->S30->S32->S33->S34->S35->S37,L0->L1->L2->L3,1,16,0,0.0,8.451906538817494e-05
S0->S1->S3->S5->S7->S8->S11->S24->S26->S29->S30->S32->S36->S37,L0->L1->L2->L3,1,14,0,0.0,8.451906538817494e-05
S0->S1->S3->S5->S7->S8->S11->S12->S13->S14->S16->S18->S20->S23->S29->S30->S32->S33->S34->S36->S37,L0->L3,1,21,0,0.0,8.451906538817494e-05
S0->S1->S3->S5->S7->S8->S11->S12->S13->S14->S16->S19->S20->S21->S29->S30->S33->S34->S35->S37,L0->L3,1,20,0,0.0,8.451906538817494e-05
S0->S1->S3->S5->S7->S8->S11->S12->S13->S14->S16->S19->S20->S21->S29->S30->S33->S34->S36->S37,L0->L3,1,20,0,0.0,8.451906538817494e-05
S0->S1->S3->S5->S7->S8->S11->S12->S13->S14->S16->S19->S20->S22->S26->S29->S30->S33->S34->S35->S37,L0->L2->L3,1,21,0,0.0,8.451906538817494e-05
S12->S13->S14->S17->S18->S20->S22->S26->S27->S29->S30->S32->S33->S34->S35->S37,L0->L2->L3,1,16,0,0.0,8.451906538817494e-05
S12->S13->S14->S17->S18->S20->S22->S26->S27->S29->S30->S32->S33->S34->S36->S37,L0->L2->L3,1,16,0,0.0,8.451906538817494e-05
S12->S13->S14->S17->S18->S20->S22->S26->S29->S30->S31->S32->S33->S34->S35->S37,L0->L2->L3,1,16,0,0.0,8.451906538817494e-05
S12->S13->S14->S17->S18->S20->S21->S29->S32->S33->S34->S36->S37,L0->L3,1,13,0,0.0,8.451906538817494e-05
S0->S1->S2->S4->S7->S8->S9->S27->S29->S30->S32->S34->S35->S37,L0->L2->L3,1,14,0,0.0,8.451906538817494e-05
S0->S1->S2->S4->S7->S8->S9->S27->S29->S30->S32->S35->S37->S38,L0->L2->L3,1,14,0,0.0,8.451906538817494e-05
S0->S1->S2->S4->S7->S8->S9->S27->S29->S30->S33->S34->S35,L0->L2->L3,1,13,0,0.0,8.451906538817494e-05
S0->S1->S2->S4->S7->S8->S9->S27->S38,L0->L2->L3,1,9,0,0.0,8.451906538817494e-05
S0->S1->S2->S5->S7->S8->S10->S29->S30->S33->S34->S35->S38,L0->L3,1,13,0,0.0,8.451906538817494e-05
S0->S1->S2->S5->S7->S8->S10->S29->S30->S33->S34->S37,L0->L3,1,12,0,0.0,8.451906538817494e-05
S12->S13->S14->S17->S18->S20->S21->S29->S33->S34->S35->S37->S38,L0->L3,1,13,0,0.0,8.451906538817494e-05
S12->S13->S14->S17->S18->S20->S21->S39->S40->S41->S43->S44->S45->S47->S48->S49,L0->L3,1,16,0,0.0,8.451906538817494e-05
S12->S13->S14->S17->S18->S20->S21->S39->S40->S41->S44->S47->S48->S49->S51,L0->L3,1,15,0,0.0,8.451906538817494e-05
S12->S13->S14->S17->S18->S20->S21->S39->S40->S44->S45->S47->S48->S50->S51,L0->L3,1,15,0,0.0,8.451906538817494e-05
S12->S13->S14->S17->S18->S20->S22->S23->S27->S29->S30->S33->S34->S35->S37,L0->L2->L3,1,15,0,0.0,8.451906538817494e-05
S12->S13->S14->S17->S18->S20->S22->S23->S27->S29->S30->S33->S34->S36->S37,L0->L2->L3,1,15,0,0.0,8.451906538817494e-05
S0->S1->S3->S5->S7->S8->S11->S12->S13->S14->S17->S18->S20->S21->S29->S30->S33->S34->S35->S37,L0->L3,1,20,0,0.0,8.451906538817494e-05
S0->S1->S3->S5->S7->S8->S11->S12->S13->S14->S17->S18->S20->S23->S29->S30->S33->S34->S35->S37,L0->L3,1,20,0,0.0,8.451906538817494e-05
S0->S1->S3->S5->S7->S8->S11->S12->S13->S14->S17->S18->S20->S23->S29->S30->S33->S34->S36->S37,L0->L3,1,20,0,0.0,8.451906538817494e-05
S0->S1->S3->S5->S7->S8->S11->S12->S13->S14->S17->S19->S20->S21->S29->S30->S32->S33->S34->S35->S37,L0->L3,1,21,0,0.0,8.451906538817494e-05
S0->S1->S3->S5->S7->S8->S11->S12->S13->S14->S17->S19->S20->S22->S26->S29->S30->S33->S34->S35->S37,L0->L2->L3,1,21,0,0.0,8.451906538817494e-05
S0->S1->S3->S5->S7->S8->S11->S12->S13->S14->S17->S19->S20->S22->S39->S40->S41->S44->S45->S47->S48->S49->S51,L0->L3,1,23,0,0.0,8.451906538817494e-05
S0->S1->S3->S5->S7->S8->S11->S12->S13->S14->S17->S19->S20->S23->S26->S29->S30->S33->S34->S35->S37,L0->L2->L3,1,21,0,0.0,8.451906538817494e-05
S0->S1->S3->S5->S7->S8->S11->S12->S13->S14->S17->S19->S20->S23->S29->S30->S33->S34->S35->S37,L0->L3,1,20,0,0.0,8.451906538817494e-05
S0->S1->S3->S5->S7->S8->S11->S12->S13->S15->S16->S18->S20->S21->S26->S29->S30->S33->S34->S35->S37,L0->L2->L3,1,21,0,0.0,8.451906538817494e-05
S0->S1->S3->S5->S7->S8->S11->S12->S13->S15->S16->S18->S20->S23->S26->S29->S30->S33->S34->S36->S37,L0->L2->L3,1,21,0,0.0,8.451906538817494e-05
S0->S1->S3->S5->S7->S8->S11->S12->S13->S15->S16->S19->S20->S21->S39->S40->S41->S44->S45->S47->S48->S49->S51,L0->L3,1,23,0,0.0,8.451906538817494e-05
S0->S1->S3->S5->S7->S8->S10->S29->S30->S33->S36->S37->S38,L0->L3,1,13,0,0.0,8.451906538817494e-05
S0->S1->S3->S5->S7->S8->S10->S29->S30->S35->S37,L0->L3,1,11,0,0.0,8.451906538817494e-05
S0->S1->S3->S5->S7->S8->S10->S39->S40->S41->S43->S45->S47->S48->S49->S50->S51,L0->L3,1,17,0,0.0,8.451906538817494e-05
S12->S13->S14->S17->S18->S20->S22->S24->S29->S30->S32->S33->S34->S35->S37,L0->L1->L3,1,15,0,0.0,8.451906538817494e-05
S12->S13->S14->S17->S18->S20->S22->S24->S29->S30->S33->S34->S35->S37,L0->L1->L3,1,14,0,0.0,8.451906538817494e-05
S12->S13->S14->S17->S18->S20->S22->S27->S29->S30->S32->S34->S36->S37,L0->L2->L3,1,14,0,0.0,8.451906538817494e-05
S12->S13->S14->S17->S18->S20->S22->S27->S39->S40->S41->S43->S44->S45->S47->S48->S49->S51,L0->L2->L3,1,18,0,0.0,8.451906538817494e-05
S12->S13->S14->S17->S18->S20->S22->S27->S39->S40->S41->S43->S45->S47->S48->S49->S51,L0->L2->L3,1,17,0,0.0,8.451906538817494e-05
S12->S13->S14->S17->S18->S20->S22->S28->S29->S30->S32->S34->S35->S37,L0->L2->L3,1,14,0,0.0,8.451906538817494e-05
S0->S1->S2->S4->S6->S8->S9->S12->S13->S14->S17->S18->S20->S23->S29->S30->S33->S34->S35->S37,L0->L3,1,20,0,0.0,8.451906538817494e-05
S0->S1->S2->S4->S6->S8->S9->S12->S13->S14->S17->S18->S20->S23->S29->S30->S33->S34->S35->S37->S38,L0->L3,1,21,0,0.0,8.451906538817494e-05
S12->S13->S14->S17->S18->S20->S22->S26->S29->S30->S32->S34->S36->S37,L0->L2->L3,1,14,0,0.0,8.451906538817494e-05
S12->S13->S14->S17->S18->S20->S22->S26->S29->S30->S33->S34->S35->S37->S38,L0->L2->L3,1,15,0,0.0,8.451906538817494e-05
S12->S13->S14->S17->S18->S20->S22->S26->S29->S30->S33->S34->S36,L0->L2->L3,1,13,0,0.0,8.451906538817494e-05
S12->S13->S14->S17->S18->S20->S22->S26->S29->S30->S33->S34->S36->S37->S38,L0->L2->L3,1,15,0,0.0,8.451906538817494e-05
S12->S13->S14->S17->S18->S20->S22->S26->S33->S34->S35->S37,L0->L2->L3,1,12,0,0.0,8.451906538817494e-05
S12->S13->S14->S17->S18->S20->S22->S26->S39->S40->S41->S44->S45->S47->S48->S49->S51,L0->L2->L3,1,17,0,0.0,8.451906538817494e-05
S12->S13->S14->S17->S18->S20->S22->S27->S29->S30->S31->S32->S33->S34->S35->S37,L0->L2->L3,1,16,0,0.0,8.451906538817494e-05
S12->S13->S14->S17->S18->S20->S22->S24->S26->S39->S40->S41->S43->S45->S47->S48->S49->S51,L0->L1->L2->L3,1,18,0,0.0,8.451906538817494e-05
S12->S13->S14->S17->S18->S20->S22->S24->S26->S39->S40->S41->S43->S45->S47->S48->S50->S51,L0->L1->L2->L3,1,18,0,0.0,8.451906538817494e-05
S12->S13->S14->S17->S18->S20->S22->S24->S26->S39->S40->S41->S44->S45->S47->S48->S50->S51,L0->L1->L2->L3,1,18,0,0.0,8.451906538817494e-05
S0->S1->S2->S5->S7->S8->S10->S27->S39->S40->S41->S43->S44->S45->S47->S48->S49->S51,L0->L2->L3,1,18,0,0.0,8.451906538817494e-05
S0->S1->S2->S4->S6->S8->S9->S12->S13->S14->S17->S19->S20->S22->S29->S30->S33->S34->S36->S37,L0->L3,1,20,0,0.0,8.451906538817494e-05
S0->S1->S2->S4->S6->S8->S9->S12->S13->S14->S17->S19->S20->S23->S29->S30->S31->S33->S34->S35->S37,L0->L3,1,21,0,0.0,8.451906538817494e-05
S0->S1->S2->S4->S6->S8->S9->S12->S13->S14->S17->S19->S20->S23->S29->S30->S33->S34->S35->S37,L0->L3,1,20,0,0.0,8.451906538817494e-05
S0->S1->S2->S4->S6->S8->S9->S12->S13->S14->S17->S19->S20->S23->S29->S30->S33->S34->S36->S37,L0->L3,1,20,0,0.0,8.451906538817494e-05
S0->S1->S2->S4->S6->S8->S9->S12->S13->S15->S16->S18->S20->S21->S29->S30->S33->S34->S35->S37,L0->L3,1,20,0,0.0,8.451906538817494e-05
S0->S1->S2->S4->S6->S8->S9->S12->S13->S15->S16->S18->S20->S21->S29->S30->S33->S34->S36->S37,L0->L3,1,20,0,0.0,8.451906538817494e-05
S0->S1->S2->S4->S6->S8->S9->S12->S13->S15->S16->S18->S20->S22->S29->S30->S33->S34->S35->S37,L0->L3,1,20,0,0.0,8.451906538817494e-05
S0->S1->S2->S4->S6->S8->S9->S12->S13->S15->S16->S18->S20->S22->S29->S30->S33->S34->S36->S37,L0->L3,1,20,0,0.0,8.451906538817494e-05
S0->S1->S2->S4->S6->S8->S9->S12->S13->S15->S16->S19->S20->S21->S26->S29->S30->S33->S34->S35->S37,L0->L2->L3,1,21,0,0.0,8.451906538817494e-05
S0->S1->S2->S4->S6->S8->S9->S12->S13->S15->S16->S19->S20->S21->S26->S29->S30->S33->S34->S36->S37,L0->L2->L3,1,21,0,0.0,8.451906538817494e-05
S0->S1->S2->S4->S6->S8->S9->S12->S13->S15->S16->S19->S20->S21->S29->S30->S33->S34->S35->S37,L0->L3,1,20,0,0.0,8.451906538817494e-05
S0->S1->S2->S4->S6->S8->S9->S12->S13->S15->S16->S19->S20->S22->S29->S30->S33->S34->S35->S37,L0->L3,1,20,0,0.0,8.451906538817494e-05
S12->S13->S14->S17->S18->S20->S22->S29->S30->S31->S32->S34->S35->S37,L0->L3,1,14,0,0.0,8.451906538817494e-05
S12->S13->S14->S17->S18->S20->S22->S29->S30->S31->S32->S34->S36->S37,L0->L3,1,14,0,0.0,8.451906538817494e-05
S12->S13->S14->S17->S18->S20->S22->S27->S29->S30->S32->S34->S35->S37,L0->L2->L3,1,14,0,0.0,8.451906538817494e-05
S0->S1->S2->S5->S7->S8->S10->S29->S30->S31->S33->S35->S37,L0->L3,1,13,0,0.0,8.451906538817494e-05
S0->S1->S2->S5->S7->S8->S10->S29->S30->S32->S33->S34->S35,L0->L3,1,13,0,0.0,8.451906538817494e-05
S0->S1->S2->S5->S7->S8->S10->S29->S30->S32->S33->S35->S37,L0->L3,1,13,0,0.0,8.451906538817494e-05
S0->S1->S2->S5->S7->S8->S10->S29->S30->S32->S34->S35->S37->S38,L0->L3,1,14,0,0.0,8.451906538817494e-05
S0->S1->S3->S5->S7->S8->S10->S39->S40->S41->S43->S45->S47->S48->S50,L0->L3,1,15,0,0.0,8.451906538817494e-05
S0->S1->S3->S5->S7->S8->S10->S39->S40->S41->S43->S45->S47->S49->S51,L0->L3,1,15,0,0.0,8.451906538817494e-05
S0->S1->S3->S5->S7->S8->S10->S39->S40->S41->S43->S45->S48->S49->S51,L0->L3,1,15,0,0.0,8.451906538817494e-05
S0->S1->S3->S5->S7->S8->S10->S39->S40->S41->S43->S47->S48->S50->S51,L0->L3,1,15,0,0.0,8.451906538817494e-05
S0->S1->S3->S5->S7->S8->S10->S39->S40->S41->S44->S45->S47->S48->S49->S50->S51,L0->L3,1,17,1,1.0,8.451906538817494e-05
S0->S1->S3->S5->S7->S8->S10->S39->S40->S41->S44->S45->S47->S48->S50,L0->L3,1,15,0,0.0,8.451906538817494e-05
S0->S1->S3->S5->S7->S8->S10->S40->S41->S44->S45->S47->S48->S50->S51,L0->L3,1,15,0,0.0,8.451906538817494e-05
S0->S1->S3->S4->S6->S8->S10->S24->S28->S29->S30->S32->S33->S34->S35->S37,L0->L1->L2->L3,1,16,0,0.0,8.451906538817494e-05
S0->S1->S3->S4->S6->S8->S10->S24->S28->S29->S30->S32->S33->S34->S36->S37,L0->L1->L2->L3,1,16,0,0.0,8.451906538817494e-05
S0->S1->S3->S4->S6->S8->S10->S24->S28->S29->S30->S33->S34->S35->S37,L0->L1->L2->L3,1,15,0,0.0,8.451906538817494e-05
S0->S1->S3->S4->S6->S8->S10->S24->S29->S30->S32->S33->S34->S36->S37,L0->L1->L3,1,15,0,0.0,8.451906538817494e-05
S0->S1->S3->S4->S6->S8->S10->S24->S29->S30->S32->S35->S37,L0->L1->L3,1,13,0,0.0,8.451906538817494e-05
S0->S1->S3->S4->S6->S8->S10->S24->S29->S33->S34->S35->S37,L0->L1->L3,1,13,0,0.0,8.451906538817494e-05
S0->S1->S3->S4->S6->S8->S10->S24->S30->S33->S34->S35->S37,L0->L1->L3,1,13,0,0.0,8.451906538817494e-05
S0->S1->S3->S4->S6->S8->S10->S12->S13->S14->S17->S19->S20->S23->S29->S30->S33->S34->S36->S37,L0->L3,1,20,0,0.0,8.451906538817494e-05
S0->S1->S3->S4->S6->S8->S10->S12->S13->S15->S16->S18->S20->S21->S26->S29->S30->S33->S34->S35->S37,L0->L2->L3,1,21,0,0.0,8.451906538817494e-05
S0->S1->S2->S4->S7->S8->S10->S24->S27->S33->S34->S35->S37,L0->L1->L2->L3,1,13,0,0.0,8.451906538817494e-05
S0->S1->S2->S4->S7->S8->S10->S24->S27->S38,L0->L1->L2->L3,1,10,0,0.0,8.451906538817494e-05
S0->S1->S2->S4->S7->S8->S10->S24->S27->S39->S40->S41->S44->S45->S47->S48->S49->S51,L0->L1->L2->L3,1,18,0,0.0,8.451906538817494e-05
S0->S1->S2->S4->S7->S8->S10->S24->S27->S43->S45->S47->S48->S50->S51,L0->L1->L2->L3,1,15,0,0.0,8.451906538817494e-05
S0->S1->S2->S4->S7->S8->S10->S24->S27->S47->S48->S49->S51,L0->L1->L2->L3,1,13,0,0.0,8.451906538817494e-05
S0->S1->S2->S4->S7->S8->S10->S24->S29->S30->S32->S33->S34->S35->S37,L0->L1->L3,1,15,0,0.0,8.451906538817494e-05
S0->S1->S2->S4->S7->S8->S10->S24->S29->S30->S33->S34->S35->S37->S38,L0->L1->L3,1,15,0,0.0,8.451906538817494e-05
S0->S1->S3->S5->S7->S8->S10->S29->S30->S33->S34->S35->S36->S37,L0->L3,1,14,1,1.0,8.451906538817494e-05
S12->S13->S14->S17->S18->S20->S22->S29->S30->S32->S33->S36->S37,L0->L3,1,13,0,0.0,8.451906538817494e-05
S12->S13->S14->S17->S18->S20->S22->S29->S30->S32->S34->S36->S37->S38,L0->L3,1,14,0,0.0,8.451906538817494e-05
S0->S1->S2->S4->S6->S8->S9->S12->S13->S14->S17->S19->S20->S21->S26->S29->S30->S33->S34->S35->S37,L0->L2->L3,1,21,0,0.0,8.451906538817494e-05
S0->S1->S2->S4->S6->S8->S9->S12->S13->S14->S17->S19->S20->S22->S29->S30->S33->S34->S35->S37,L0->L3,1,20,0,0.0,8.451906538817494e-05
S0->S1->S2->S5->S7->S8->S10->S29->S30->S31->S32->S34->S36->S37->S38,L0->L3,1,15,0,0.0,8.451906538817494e-05
S0->S1->S2->S5->S7->S8->S10->S29->S30->S31->S32->S36->S37->S38,L0->L3,1,14,0,0.0,8.451906538817494e-05
S0->S1->S3->S5->S7->S8->S10->S29->S30->S31->S33->S34->S35,L0->L3,1,13,0,0.0,8.451906538817494e-05
S0->S1->S3->S5->S7->S8->S10->S29->S30->S31->S33->S36->S37,L0->L3,1,13,0,0.0,8.451906538817494e-05
S0->S1->S2->S4->S7->S8->S10->S24->S27->S29->S30->S32->S36->S37,L0->L1->L2->L3,1,14,0,0.0,8.451906538817494e-05
S0->S1->S3->S4->S6->S8->S10->S25->S26->S29->S30->S33->S34->S36->S37,L0->L1->L2->L3,1,15,0,0.0,8.451906538817494e-05
S12->S13->S14->S17->S18->S20->S22->S39->S40->S41->S43->S44->S45->S47->S48->S49->S51,L0->L3,1,17,0,0.0,8.451906538817494e-05
S12->S13->S14->S17->S18->S20->S22->S39->S40->S41->S44->S45->S47->S48->S49,L0->L3,1,15,0,0.0,8.451906538817494e-05
S12->S13->S14->S17->S18->S20->S22->S39->S40->S41->S44->S45->S47->S48->S49->S50->S51,L0->L3,1,17,0,0.0,8.451906538817494e-05
S12->S13->S14->S17->S18->S20->S23->S24->S26->S29->S30->S33->S34->S35->S37->S38,L0->L1->L2->L3,1,16,0,0.0,8.451906538817494e-05
S12->S13->S14->S17->S18->S20->S23->S24->S26->S39->S40->S41->S43->S45->S47->S48->S50->S51,L0->L1->L2->L3,1,18,0,0.0,8.451906538817494e-05
S12->S13->S14->S17->S18->S20->S23->S24->S27->S29->S30->S32->S33->S34->S35->S37,L0->L1->L2->L3,1,16,0,0.0,8.451906538817494e-05
S12->S13->S14->S17->S18->S20->S22->S29->S30->S31->S33->S34->S35->S37->S38,L0->L3,1,15,0,0.0,8.451906538817494e-05
S12->S13->S14->S17->S18->S20->S22->S29->S30->S31->S33->S36->S37,L0->L3,1,13,0,0.0,8.451906538817494e-05
S0->S1->S3->S4->S6->S8->S10->S24->S29->S30->S33->S34->S35->S37->S38,L0->L1->L3,1,15,0,0.0,8.451906538817494e-05
S0->S1->S3->S4->S6->S8->S10->S24->S29->S30->S33->S34->S36->S37->S38,L0->L1->L3,1,15,0,0.0,8.451906538817494e-05
S12->S13->S14->S17->S18->S20->S23->S26->S29->S33->S34->S36->S37,L0->L2->L3,1,13,0,0.0,8.451906538817494e-05
S12->S13->S14->S17->S18->S20->S23->S27->S29->S30->S31->S32->S33->S34->S36->S37,L0->L2->L3,1,16,0,0.0,8.451906538817494e-05
S12->S13->S14->S17->S18->S20->S23->S27->S29->S30->S32->S34->S35->S37,L0->L2->L3,1,14,0,0.0,8.451906538817494e-05
S12->S13->S14->S17->S18->S20->S23->S27->S29->S30->S32->S35->S37,L0->L2->L3,1,13,0,0.0,8.451906538817494e-05
S12->S13->S14->S17->S18->S20->S23->S27->S29->S30->S32->S36->S37,L0->L2->L3,1,13,0,0.0,8.451906538817494e-05
S12->S13->S14->S17->S18->S20->S23->S27->S29->S30->S32->S36->S37->S38,L0->L2->L3,1,14,0,0.0,8.451906538817494e-05
S12->S13->S14->S17->S18->S20->S23->S24->S27->S29->S30->S33->S34->S35,L0->L1->L2->L3,1,14,0,0.0,8.451906538817494e-05
S12->S13->S14->S17->S18->S20->S23->S24->S27->S29->S30->S33->S34->S35->S37,L0->L1->L2->L3,1,15,0,0.0,8.451906538817494e-05
S12->S13->S14->S17->S18->S20->S23->S24->S27->S39->S40->S41->S43->S45->S47->S48->S49->S51,L0->L1->L2->L3,1,18,0,0.0,8.451906538817494e-05
S12->S13->S14->S17->S18->S20->S23->S24->S27->S39->S40->S41->S43->S45->S47->S48->S50->S51,L0->L1->L2->L3,1,18,0,0.0,8.451906538817494e-05
S12->S13->S14->S17->S18->S20->S23->S24->S27->S39->S40->S41->S44->S45->S47->S48->S50->S51,L0->L1->L2->L3,1,18,0,0.0,8.451906538817494e-05
S12->S13->S14->S17->S18->S20->S23->S24->S29->S30->S33->S34->S35->S37,L0->L1->L3,1,14,0,0.0,8.451906538817494e-05
S12->S13->S14->S17->S18->S20->S23->S26->S27->S29->S30->S33->S34->S36->S37,L0->L2->L3,1,15,0,0.0,8.451906538817494e-05
S12->S13->S14->S17->S18->S20->S23->S26->S29->S30->S32->S35->S37,L0->L2->L3,1,13,0,0.0,8.451906538817494e-05
S12->S13->S14->S17->S18->S20->S23->S26->S29->S30->S32->S36->S37,L0->L2->L3,1,13,0,0.0,8.451906538817494e-05
S0->S1->S2->S5->S7->S8->S10->S28->S39->S40->S41->S43->S45->S47->S48->S49->S51,L0->L2->L3,1,17,0,0.0,8.451906538817494e-05
S12->S13->S14->S17->S18->S20->S23->S29->S30->S31->S32->S34->S36->S37->S38,L0->L3,1,15,0,0.0,8.451906538817494e-05
S12->S13->S14->S17->S18->S20->S23->S29->S30->S31->S32->S35->S37,L0->L3,1,13,0,0.0,8.451906538817494e-05
S0->S1->S2->S4->S6->S8->S9->S10->S39->S40->S41->S43->S45->S47->S48->S50->S51,L0->L3,1,17,0,0.0,8.451906538817494e-05
S0->S1->S3->S4->S6->S8->S10->S25->S29->S30->S33->S34->S36->S37,L0->L1->L3,1,14,0,0.0,8.451906538817494e-05
S0->S1->S3->S4->S6->S8->S10->S26->S27->S29->S30->S32->S33->S34->S35->S37->S38,L0->L2->L3,1,17,0,0.0,8.451906538817494e-05
S0->S1->S3->S4->S6->S8->S10->S26->S27->S29->S30->S33->S34->S35->S37,L0->L2->L3,1,15,0,0.0,8.451906538817494e-05
S0->S1->S3->S4->S6->S8->S10->S26->S27->S38,L0->L2->L3,1,10,0,0.0,8.451906538817494e-05
S0->S1->S3->S4->S6->S8->S10->S26->S27->S39->S40->S41->S43->S45->S47->S48->S49->S51,L0->L2->L3,1,18,0,0.0,8.451906538817494e-05
S0->S1->S3->S4->S6->S8->S10->S26->S29->S30->S31->S32->S33->S34->S35->S37,L0->L2->L3,1,16,0,0.0,8.451906538817494e-05
S0->S1->S3->S5->S7->S8->S10->S27->S47->S48->S49->S51,L0->L2->L3,1,12,0,0.0,8.451906538817494e-05
S0->S1->S3->S5->S7->S8->S10->S28->S29->S30->S31->S32->S33->S34->S36->S37,L0->L2->L3,1,16,0,0.0,8.451906538817494e-05
S0->S1->S3->S5->S7->S8->S10->S28->S29->S30->S32->S33->S34->S35->S37,L0->L2->L3,1,15,0,0.0,8.451906538817494e-05
S0->S1->S3->S5->S7->S8->S10->S28->S29->S30->S32->S36->S37,L0->L2->L3,1,13,0,0.0,8.451906538817494e-05
S0->S1->S3->S5->S7->S8->S10->S28->S29->S30->S33->S34->S35->S37->S38,L0->L2->L3,1,15,0,0.0,8.451906538817494e-05
S0->S1->S3->S5->S7->S8->S10->S28->S39->S40->S41->S44->S45->S47->S48->S50->S51,L0->L2->L3,1,17,0,0.0,8.451906538817494e-05
S0->S1->S2->S4->S6->S8->S9->S11->S27->S29->S30->S33->S34->S36->S37,L0->L2->L3,1,15,0,0.0,8.451906538817494e-05
S12->S13->S14->S17->S18->S20->S23->S29->S30->S31->S33->S34->S36,L0->L3,1,13,0,0.0,8.451906538817494e-05
S12->S13->S14->S17->S18->S20->S23->S27->S38,L0->L2->L3,1,9,0,0.0,8.451906538817494e-05
S12->S13->S14->S17->S18->S20->S23->S27->S39->S40->S41->S43->S45->S47->S48->S49->S51,L0->L2->L3,1,17,0,0.0,8.451906538817494e-05
S0->S1->S2->S4->S7->S8->S9->S28->S29->S30->S32->S34->S36->S37,L0->L2->L3,1,14,0,0.0,8.451906538817494e-05
S0->S1->S2->S4->S7->S8->S9->S28->S29->S30->S33->S34->S35->S37->S38,L0->L2->L3,1,15,0,0.0,8.451906538817494e-05
S0->S1->S2->S4->S7->S8->S9->S28->S39->S40->S41->S43->S45->S47->S48->S50->S51,L0->L2->L3,1,17,0,0.0,8.451906538817494e-05
S0->S1->S2->S4->S7->S8->S9->S29->S30->S31->S32->S35->S37,L0->L3,1,13,0,0.0,8.451906538817494e-05
S0->S1->S2->S4->S7->S8->S9->S29->S30->S31->S32->S35->S37->S38,L0->L3,1,14,0,0.0,8.451906538817494e-05
S0->S1->S2->S4->S7->S8->S9->S29->S30->S31->S32->S36->S37,L0->L3,1,13,0,0.0,8.451906538817494e-05
S0->S1->S2->S4->S7->S8->S9->S29->S30->S31->S33->S34->S35,L0->L3,1,13,0,0.0,8.451906538817494e-05
S0->S1->S2->S5->S7->S8->S10->S27->S29->S30->S32->S35->S37,L0->L2->L3,1,13,0,0.0,8.451906538817494e-05
S0->S1->S2->S5->S7->S8->S10->S27->S29->S33->S34->S36->S37,L0->L2->L3,1,13,0,0.0,8.451906538817494e-05
S0->S1->S2->S5->S7->S8->S10->S26->S38,L0->L2->L3,1,9,0,0.0,8.451906538817494e-05
S0->S1->S2->S5->S7->S8->S10->S26->S39->S40->S41->S43->S44->S45->S47->S48->S49->S51,L0->L2->L3,1,18,0,0.0,8.451906538817494e-05
S12->S13->S14->S17->S18->S20->S23->S28->S29->S30->S32->S33->S34->S36->S37,L0->L2->L3,1,15,0,0.0,8.451906538817494e-05
S12->S13->S14->S17->S18->S20->S23->S28->S29->S30->S32->S37,L0->L2->L3,1,12,0,0.0,8.451906538817494e-05
S0->S1->S2->S4->S6->S8->S9->S11->S29->S30->S33->S34->S35->S37->S38,L0->L3,1,15,0,0.0,8.451906538817494e-05
S0->S1->S2->S4->S6->S8->S9->S11->S39->S40->S41->S43->S45->S47->S48->S49->S51,L0->L3,1,17,0,0.0,8.451906538817494e-05
S0->S1->S2->S4->S6->S8->S9->S11->S39->S40->S41->S43->S45->S47->S48->S50->S51,L0->L3,1,17,0,0.0,8.451906538817494e-05
S0->S1->S3->S5->S7->S8->S10->S29->S30->S31->S32->S34->S36->S37,L0->L3,1,14,0,0.0,8.451906538817494e-05
S0->S1->S3->S5->S7->S8->S10->S29->S30->S31->S32->S35->S37,L0->L3,1,13,0,0.0,8.451906538817494e-05
S0->S1->S3->S5->S7->S8->S10->S27->S29->S30->S32->S33->S34->S36->S37->S38,L0->L2->L3,1,16,0,0.0,8.451906538817494e-05
S0->S1->S3->S5->S7->S8->S10->S27->S29->S30->S32->S34->S35->S37,L0->L2->L3,1,14,0,0.0,8.451906538817494e-05
S0->S1->S3->S5->S7->S8->S10->S27->S29->S30->S32->S37,L0->L2->L3,1,12,0,0.0,8.451906538817494e-05
S0->S1->S3->S5->S7->S8->S10->S27->S29->S30->S33->S34->S36,L0->L2->L3,1,13,0,0.0,8.451906538817494e-05
S0->S1->S3->S5->S7->S8->S10->S27->S29->S33->S34->S35->S37,L0->L2->L3,1,13,0,0.0,8.451906538817494e-05
S0->S1->S2->S4->S7->S8->S10->S25->S28->S29->S30->S33->S34->S36->S37,L0->L1->L2->L3,1,15,0,0.0,8.451906538817494e-05
S0->S1->S2->S4->S7->S8->S10->S25->S33->S34->S36->S37,L0->L1->L3,1,12,0,0.0,8.451906538817494e-05
S0->S1->S2->S4->S6->S8->S9->S12->S13->S14->S16->S19->S20->S22->S29->S30->S33->S34->S36->S37,L0->L3,1,20,0,0.0,8.451906538817494e-05
S0->S1->S2->S4->S6->S8->S9->S12->S13->S14->S16->S19->S20->S23->S29->S30->S33->S34->S35->S37,L0->L3,1,20,0,0.0,8.451906538817494e-05
S0->S1->S2->S4->S6->S8->S9->S12->S13->S14->S17->S18->S20->S21->S29->S30->S31->S33->S34->S35->S37,L0->L3,1,21,0,0.0,8.451906538817494e-05
S0->S1->S2->S4->S6->S8->S9->S12->S13->S14->S17->S18->S20->S21->S29->S30->S33->S34->S36->S37,L0->L3,1,20,0,0.0,8.451906538817494e-05
S12->S13->S14->S17->S18->S20->S23->S29->S30->S32->S33->S34->S35->S37->S38,L0->L3,1,15,0,0.0,8.451906538817494e-05
S12->S13->S14->S17->S18->S20->S23->S29->S30->S32->S34->S35->S37->S38,L0->L3,1,14,0,0.0,8.451906538817494e-05
S0->S1->S2->S4->S7->S8->S10->S26->S27->S29->S30->S32->S33->S34->S36->S37,L0->L2->L3,1,16,0,0.0,8.451906538817494e-05
S0->S1->S2->S4->S7->S8->S10->S26->S27->S29->S30->S33->S34->S35->S37,L0->L2->L3,1,15,0,0.0,8.451906538817494e-05
S0->S1->S2->S4->S7->S8->S10->S26->S27->S39->S40->S41->S43->S45->S47->S48->S49->S51,L0->L2->L3,1,18,0,0.0,8.451906538817494e-05
S0->S1->S3->S5->S7->S8->S10->S25->S29->S30->S33->S34->S35->S37,L0->L1->L3,1,14,0,0.0,8.451906538817494e-05
S0->S1->S3->S5->S7->S8->S10->S25->S29->S30->S33->S34->S36->S37,L0->L1->L3,1,14,0,0.0,8.451906538817494e-05
S0->S1->S3->S4->S6->S8->S10->S26->S29->S30->S32->S36->S37,L0->L2->L3,1,13,1,1.0,8.451906538817494e-05
S0->S1->S3->S4->S6->S8->S10->S26->S29->S30->S33->S34->S35,L0->L2->L3,1,13,0,0.0,8.451906538817494e-05
S0->S1->S2->S4->S7->S8->S9->S12->S13->S14->S16->S18->S20->S22->S29->S30->S33->S34->S35->S37,L0->L3,1,20,0,0.0,8.451906538817494e-05
S12->S13->S14->S17->S18->S20->S23->S29->S30->S32->S34->S36->S37->S38,L0->L3,1,14,0,0.0,8.451906538817494e-05
S12->S13->S14->S17->S18->S20->S23->S29->S31->S33->S34->S35->S37,L0->L3,1,13,0,0.0,8.451906538817494e-05
S12->S13->S14->S17->S18->S20->S23->S29->S31->S33->S34->S36->S37,L0->L3,1,13,0,0.0,8.451906538817494e-05
S0->S1->S2->S4->S6->S8->S9->S11->S29->S30->S31->S33->S34->S35->S37,L0->L3,1,15,0,0.0,8.451906538817494e-05
S0->S1->S2->S5->S7->S8->S10->S26->S39->S40->S41->S44->S45->S47->S48->S51,L0->L2->L3,1,16,0,0.0,8.451906538817494e-05
S0->S1->S2->S5->S7->S8->S10->S27->S29->S30->S31->S32->S33->S34->S36->S37,L0->L2->L3,1,16,0,0.0,8.451906538817494e-05
S12->S13->S14->S17->S19->S20->S21->S25->S26->S29->S30->S33->S34->S35->S37,L0->L1->L2->L3,1,15,0,0.0,8.451906538817494e-05
S12->S13->S14->S17->S19->S20->S21->S25->S26->S29->S30->S33->S34->S36->S37,L0->L1->L2->L3,1,15,0,0.0,8.451906538817494e-05
S12->S13->S14->S17->S19->S20->S21->S25->S27->S29->S30->S33->S34->S36->S37,L0->L1->L2->L3,1,15,0,0.0,8.451906538817494e-05
S0->S1->S2->S4->S7->S8->S9->S12->S13->S14->S16->S18->S20->S22->S29->S30->S33->S34->S36->S37,L0->L3,1,20,0,0.0,8.451906538817494e-05
S0->S1->S2->S4->S7->S8->S9->S12->S13->S14->S16->S18->S20->S23->S29->S30->S33->S34->S35->S37,L0->L3,1,20,0,0.0,8.451906538817494e-05
S0->S1->S2->S4->S7->S8->S9->S12->S13->S14->S16->S19->S20->S21->S29->S30->S33->S34->S35->S37,L0->L3,1,20,0,0.0,8.451906538817494e-05
S0->S1->S2->S4->S7->S8->S9->S12->S13->S14->S16->S19->S20->S22->S26->S29->S30->S33->S34->S35->S37,L0->L2->L3,1,21,0,0.0,8.451906538817494e-05
S0->S1->S3->S4->S6->S8->S10->S24->S33->S34->S35->S37,L0->L1->L3,1,12,0,0.0,8.451906538817494e-05
S0->S1->S3->S4->S6->S8->S10->S25->S26->S29->S30->S32->S33->S34->S36->S37,L0->L1->L2->L3,1,16,0,0.0,8.451906538817494e-05
S0->S1->S3->S5->S7->S8->S10->S26->S29->S30->S31->S32->S33->S34->S35->S37,L0->L2->L3,1,16,0,0.0,8.451906538817494e-05
S0->S1->S3->S5->S7->S8->S10->S26->S29->S30->S32->S35->S37,L0->L2->L3,1,13,0,0.0,8.451906538817494e-05
S0->S1->S3->S5->S7->S8->S10->S26->S29->S30->S33->S34->S35,L0->L2->L3,1,13,0,0.0,8.451906538817494e-05
S0->S1->S2->S4->S7->S8->S10->S25->S26->S29->S30->S33->S34->S35->S37,L0->L1->L2->L3,1,15,0,0.0,8.451906538817494e-05
S12->S13->S14->S17->S18->S20->S23->S39->S40->S41->S44->S45->S47->S48->S49,L0->L3,1,15,0,0.0,8.451906538817494e-05
S12->S13->S14->S17->S19->S20->S21->S23->S29->S30->S33->S34->S35->S37,L0->L3,1,14,0,0.0,8.451906538817494e-05
S12->S13->S14->S17->S19->S20->S21->S24->S26->S33->S34->S35->S37,L0->L1->L2->L3,1,13,0,0.0,8.451906538817494e-05
S12->S13->S14->S17->S19->S20->S21->S26->S39->S40->S41->S43->S45->S47->S48->S50->S51,L0->L2->L3,1,17,0,0.0,8.451906538817494e-05
S12->S13->S14->S17->S19->S20->S21->S27->S28->S29->S30->S32->S33->S34->S35->S37,L0->L2->L3,1,16,0,0.0,8.451906538817494e-05
S0->S1->S3->S5->S7->S8->S10->S24->S27->S39->S40->S41->S43->S45->S47->S48->S49->S51,L0->L1->L2->L3,1,18,0,0.0,8.451906538817494e-05
S0->S1->S3->S5->S7->S8->S10->S24->S29->S30->S33->S34->S36->S37->S38,L0->L1->L3,1,15,0,0.0,8.451906538817494e-05
S0->S1->S3->S5->S7->S8->S10->S25->S26->S27->S29->S30->S33->S34->S36->S37,L0->L1->L2->L3,1,16,0,0.0,8.451906538817494e-05
S0->S1->S3->S5->S7->S8->S10->S25->S26->S29->S30->S32->S33->S34->S36->S37,L0->L1->L2->L3,1,16,0,0.0,8.451906538817494e-05
S0->S1->S3->S5->S7->S8->S10->S25->S26->S29->S30->S33->S34->S35->S37->S38,L0->L1->L2->L3,1,16,0,0.0,8.451906538817494e-05
S0->S1->S3->S5->S7->S8->S10->S25->S26->S47->S48->S50->S51,L0->L1->L2->L3,1,13,0,0.0,8.451906538817494e-05
S0->S1->S3->S5->S7->S8->S10->S25->S28->S29->S30->S33->S34->S35->S37,L0->L1->L2->L3,1,15,0,0.0,8.451906538817494e-05
S0->S1->S3->S5->S7->S8->S10->S25->S28->S29->S30->S33->S34->S36->S37,L0->L1->L2->L3,1,15,0,0.0,8.451906538817494e-05
S0->S1->S3->S5->S7->S8->S10->S12->S13->S15->S16->S18->S20->S23->S39->S40->S41->S44->S45->S47->S48->S49->S51,L0->L3,1,23,0,0.0,8.451906538817494e-05
S12->S13->S14->S17->S19->S20->S21->S27->S29->S30->S33->S34->S35->S36->S37,L0->L2->L3,1,15,0,0.0,8.451906538817494e-05
S12->S13->S14->S17->S19->S20->S21->S24->S26->S39->S40->S41->S44->S45->S47->S48->S49->S51,L0->L1->L2->L3,1,18,0,0.0,8.451906538817494e-05
S12->S13->S14->S17->S19->S20->S21->S24->S26->S39->S40->S41->S44->S45->S47->S48->S50->S51,L0->L1->L2->L3,1,18,0,0.0,8.451906538817494e-05
S12->S13->S14->S17->S19->S20->S21->S24->S27->S39->S40->S41->S43->S45->S47->S48->S50->S51,L0->L1->L2->L3,1,18,0,0.0,8.451906538817494e-05
S12->S13->S14->S17->S19->S20->S21->S24->S29->S30->S32->S33->S34->S36->S37,L0->L1->L3,1,15,0,0.0,8.451906538817494e-05
S0->S1->S2->S4->S6->S8->S9->S10->S29->S30->S31->S33->S34->S36->S37,L0->L3,1,15,0,0.0,8.451906538817494e-05
S0->S1->S2->S4->S6->S8->S9->S10->S29->S30->S33->S34->S35,L0->L3,1,13,0,0.0,8.451906538817494e-05
S0->S1->S2->S4->S6->S8->S9->S10->S39->S40->S41->S43->S45->S47->S48->S49->S51,L0->L3,1,17,0,0.0,8.451906538817494e-05
S12->S13->S14->S17->S19->S20->S21->S27->S29->S33->S34->S35->S37,L0->L2->L3,1,13,0,0.0,8.451906538817494e-05
S12->S13->S14->S17->S19->S20->S21->S26->S29->S30->S33->S34->S36,L0->L2->L3,1,13,0,0.0,8.451906538817494e-05
S0->S1->S2->S5->S7->S8->S10->S26->S29->S30->S32->S34->S35->S37->S38,L0->L2->L3,1,15,0,0.0,8.451906538817494e-05
S0->S1->S2->S5->S7->S8->S10->S26->S29->S30->S32->S34->S36->S37->S38,L0->L2->L3,1,15,0,0.0,8.451906538817494e-05
S0->S1->S2->S5->S7->S8->S10->S26->S29->S30->S32->S36->S37,L0->L2->L3,1,13,0,0.0,8.451906538817494e-05
S0->S1->S2->S5->S7->S8->S10->S26->S29->S30->S33->S34->S36,L0->L2->L3,1,13,0,0.0,8.451906538817494e-05
S0->S1->S2->S5->S7->S8->S10->S26->S29->S33->S34->S36->S37,L0->L2->L3,1,13,0,0.0,8.451906538817494e-05
S0->S1->S2->S5->S7->S8->S10->S26->S33->S34->S35->S37,L0->L2->L3,1,12,0,0.0,8.451906538817494e-05
S0->S1->S2->S5->S7->S8->S10->S26->S33->S34->S36->S37,L0->L2->L3,1,12,0,0.0,8.451906538817494e-05
S0->S1->S2->S5->S7->S8->S10->S24->S27->S33->S34->S36->S37,L0->L1->L2->L3,1,13,0,0.0,8.451906538817494e-05
S0->S1->S2->S5->S7->S8->S10->S24->S28->S29->S30->S33->S34->S35->S37,L0->L1->L2->L3,1,15,0,0.0,8.451906538817494e-05
S12->S13->S14->S17->S19->S20->S21->S26->S29->S33->S34->S35->S37,L0->L2->L3,1,13,0,0.0,8.451906538817494e-05
S12->S13->S14->S17->S19->S20->S21->S26->S39->S40->S41->S43->S45->S47->S48->S49->S51,L0->L2->L3,1,17,0,0.0,8.451906538817494e-05
S0->S1->S3->S5->S7->S8->S10->S12->S13->S14->S16->S19->S20->S22->S29->S30->S33->S34->S36->S37,L0->L3,1,20,0,0.0,8.451906538817494e-05
S0->S1->S3->S5->S7->S8->S10->S12->S13->S14->S16->S19->S20->S23->S26->S29->S30->S33->S34->S35->S37,L0->L2->L3,1,21,0,0.0,8.451906538817494e-05
S0->S1->S3->S5->S7->S8->S10->S12->S13->S14->S16->S19->S20->S23->S29->S30->S33->S34->S35->S37,L0->L3,1,20,0,0.0,8.451906538817494e-05
S0->S1->S2->S5->S7->S8->S10->S12->S13->S15->S16->S19->S20->S23->S29->S30->S33->S34->S35->S37,L0->L3,1,20,0,0.0,8.451906538817494e-05
S0->S1->S2->S5->S7->S8->S10->S12->S13->S15->S16->S19->S20->S23->S29->S30->S33->S34->S36->S37,L0->L3,1,20,0,0.0,8.451906538817494e-05
S12->S13->S14->S17->S19->S20->S21->S28->S29->S30->S33->S34->S35->S37->S38,L0->L2->L3,1,15,0,0.0,8.451906538817494e-05
S12->S13->S14->S17->S19->S20->S21->S29->S30->S31->S32->S33->S35->S37,L0->L3,1,14,0,0.0,8.451906538817494e-05
S12->S13->S14->S17->S19->S20->S21->S29->S30->S31->S32->S35->S37,L0->L3,1,13,0,0.0,8.451906538817494e-05
S12->S13->S14->S17->S19->S20->S21->S29->S30->S31->S32->S35->S37->S38,L0->L3,1,14,0,0.0,8.451906538817494e-05
S12->S13->S14->S17->S19->S20->S21->S29->S30->S31->S33->S34->S36,L0->L3,1,13,0,0.0,8.451906538817494e-05
S12->S13->S14->S17->S19->S20->S21->S29->S30->S31->S33->S35->S37,L0->L3,1,13,0,0.0,8.451906538817494e-05
S0->S1->S2->S4->S6->S8->S11->S40->S41->S44->S45->S47->S48->S50->S51,L0->L3,1,15,0,0.0,8.451906538817494e-05
S0->S1->S2->S4->S6->S8->S9->S10->S26->S29->S30->S33->S34->S35->S37,L0->L2->L3,1,15,0,0.0,8.451906538817494e-05
S0->S1->S2->S4->S6->S8->S9->S10->S27->S29->S30->S33->S34->S35->S37,L0->L2->L3,1,15,0,0.0,8.451906538817494e-05
S0->S1->S2->S4->S6->S8->S9->S10->S28->S29->S30->S31->S33->S34->S36->S37,L0->L2->L3,1,16,0,0.0,8.451906538817494e-05
S0->S1->S2->S4->S6->S8->S9->S10->S28->S29->S30->S33->S34->S36->S37,L0->L2->L3,1,15,0,0.0,8.451906538817494e-05
S0->S1->S2->S5->S7->S8->S10->S25->S26->S43->S45->S47->S48->S50->S51,L0->L1->L2->L3,1,15,0,0.0,8.451906538817494e-05
S0->S1->S2->S5->S7->S8->S10->S25->S27->S29->S30->S32->S36->S37,L0->L1->L2->L3,1,14,0,0.0,8.451906538817494e-05
S0->S1->S2->S5->S7->S8->S10->S25->S29->S30->S33->S34->S35->S37,L0->L1->L3,1,14,0,0.0,8.451906538817494e-05
S0->S1->S2->S5->S7->S8->S10->S26->S27->S39->S40->S41->S44->S45->S47->S48->S50->S51,L0->L2->L3,1,18,0,0.0,8.451906538817494e-05
S0->S1->S3->S5->S7->S8->S10->S12->S13->S15->S16->S19->S20->S22->S29->S30->S33->S34->S36->S37,L0->L3,1,20,0,0.0,8.451906538817494e-05
S0->S1->S3->S5->S7->S8->S10->S12->S13->S15->S16->S19->S20->S23->S29->S30->S33->S34->S35->S37,L0->L3,1,20,0,0.0,8.451906538817494e-05
S0->S1->S3->S5->S7->S8->S10->S12->S13->S15->S17->S18->S20->S22->S27->S29->S30->S33->S34->S36->S37,L0->L2->L3,1,21,0,0.0,8.451906538817494e-05
S0->S1->S3->S5->S7->S8->S10->S12->S13->S15->S17->S18->S20->S22->S29->S30->S33->S34->S35->S37,L0->L3,1,20,0,0.0,8.451906538817494e-05
S0->S1->S3->S5->S7->S8->S10->S12->S13->S15->S17->S18->S20->S22->S39->S40->S41->S44->S45->S47->S48->S49->S51,L0->L3,1,23,0,0.0,8.451906538817494e-05
S0->S1->S3->S5->S7->S8->S10->S12->S13->S15->S17->S19->S20->S23->S26->S29->S30->S33->S34->S36->S37,L0->L2->L3,1,21,0,0.0,8.451906538817494e-05
S0->S1->S3->S5->S7->S8->S10->S12->S13->S15->S17->S19->S20->S23->S29->S30->S33->S34->S35->S37,L0->L3,1,20,0,0.0,8.451906538817494e-05
S0->S1->S3->S5->S7->S8->S10->S24->S26->S29->S30->S33->S34->S36,L0->L1->L2->L3,1,14,0,0.0,8.451906538817494e-05
S0->S1->S3->S5->S7->S8->S10->S24->S26->S29->S30->S33->S34->S36->S37->S38,L0->L1->L2->L3,1,16,0,0.0,8.451906538817494e-05
S0->S1->S3->S5->S7->S8->S10->S24->S26->S39->S40->S41->S43->S45->S47->S48->S49->S51,L0->L1->L2->L3,1,18,0,0.0,8.451906538817494e-05
S0->S1->S3->S5->S7->S8->S10->S12->S13->S14->S16->S19->S20->S21->S29->S30->S33->S34->S35->S37,L0->L3,1,20,0,0.0,8.451906538817494e-05
S0->S1->S3->S5->S7->S8->S10->S12->S13->S14->S16->S19->S20->S22->S29->S30->S33->S34->S35->S37,L0->L3,1,20,0,0.0,8.451906538817494e-05
S0->S1->S3->S5->S7->S8->S10->S12->S13->S14->S17->S18->S20->S21->S29->S30->S33->S34->S36->S37,L0->L3,1,20,0,0.0,8.451906538817494e-05
S0->S1->S3->S5->S7->S8->S10->S12->S13->S14->S17->S18->S20->S22->S26->S29->S30->S33->S34->S36->S37,L0->L2->L3,1,21,0,0.0,8.451906538817494e-05
S0->S1->S3->S5->S7->S8->S10->S12->S13->S14->S17->S18->S20->S22->S29->S30->S33->S34->S35->S37,L0->L3,1,20,0,0.0,8.451906538817494e-05
S0->S1->S3->S5->S7->S8->S10->S12->S13->S14->S17->S18->S20->S22->S29->S30->S33->S34->S36->S37,L0->L3,1,20,0,0.0,8.451906538817494e-05
S0->S1->S3->S5->S7->S8->S10->S12->S13->S15->S16->S18->S20->S22->S29->S30->S33->S34->S36->S37,L0->L3,1,20,0,0.0,8.451906538817494e-05
S0->S1->S3->S5->S7->S8->S10->S12->S13->S15->S16->S18->S20->S23->S29->S30->S33->S34->S35->S37,L0->L3,1,20,0,0.0,8.451906538817494e-05
S0->S1->S3->S5->S7->S11->S29->S30->S33->S34->S35->S37->S38,L0->L3,1,13,0,0.0,8.451906538817494e-05
S0->S1->S3->S5->S7->S11->S39->S40->S41->S44->S45->S47->S48->S49->S51,L0->L3,1,15,0,0.0,8.451906538817494e-05
S0->S1->S3->S5->S7->S11->S39->S40->S41->S44->S45->S47->S48->S50->S51,L0->L3,1,15,0,0.0,8.451906538817494e-05
S0->S1->S2->S4->S6->S8->S11->S39->S40->S41->S43->S44->S45->S47->S48->S49->S51,L0->L3,1,17,0,0.0,8.451906538817494e-05
S0->S1->S2->S4->S6->S8->S11->S39->S40->S41->S43->S45->S47->S48->S50,L0->L3,1,15,0,0.0,8.451906538817494e-05
S12->S13->S14->S17->S19->S20->S21->S27->S39->S40->S41->S44->S45->S47->S48->S49->S51,L0->L2->L3,1,17,0,0.0,8.451906538817494e-05
S12->S13->S14->S17->S19->S20->S21->S28->S29->S30->S32->S33->S34->S36->S37,L0->L2->L3,1,15,0,0.0,8.451906538817494e-05
S0->S1->S2->S5->S7->S8->S10->S24->S29->S30->S32->S36->S37,L0->L1->L3,1,13,0,0.0,8.451906538817494e-05
S0->S1->S2->S5->S7->S8->S10->S24->S29->S30->S33->S34->S36->S37->S38,L0->L1->L3,1,15,0,0.0,8.451906538817494e-05
S0->S1->S2->S5->S7->S8->S10->S25->S26->S29->S30->S33->S34->S35->S37,L0->L1->L2->L3,1,15,0,0.0,8.451906538817494e-05
S12->S13->S14->S17->S19->S20->S22->S24->S27->S29->S30->S33->S34->S36->S37,L0->L1->L2->L3,1,15,0,0.0,8.451906538817494e-05
S12->S13->S14->S17->S19->S20->S22->S24->S29->S30->S32->S33->S34->S36->S37,L0->L1->L3,1,15,0,0.0,8.451906538817494e-05
S12->S13->S14->S17->S19->S20->S22->S24->S29->S30->S33->S34->S36->S37,L0->L1->L3,1,14,0,0.0,8.451906538817494e-05
S12->S13->S14->S17->S19->S20->S22->S25->S27->S47->S48->S50->S51,L0->L1->L2->L3,1,13,0,0.0,8.451906538817494e-05
S12->S13->S14->S17->S19->S20->S22->S25->S29->S30->S33->S34->S35->S37,L0->L1->L3,1,14,0,0.0,8.451906538817494e-05
S12->S13->S14->S17->S19->S20->S22->S25->S29->S30->S33->S34->S36->S37,L0->L1->L3,1,14,0,0.0,8.451906538817494e-05
S12->S13->S14->S17->S19->S20->S22->S26->S27->S29->S30->S33->S34->S36->S37,L0->L2->L3,1,15,0,0.0,8.451906538817494e-05
S12->S13->S14->S17->S19->S20->S21->S29->S30->S33->S35->S37->S38,L0->L3,1,13,0,0.0,8.451906538817494e-05
S12->S13->S14->S17->S19->S20->S21->S39->S40->S41->S43->S45->S47->S48->S49,L0->L3,1,15,0,0.0,8.451906538817494e-05
S12->S13->S14->S17->S19->S20->S21->S39->S40->S41->S43->S45->S47->S48->S49->S50->S51,L0->L3,1,17,1,1.0,8.451906538817494e-05
S12->S13->S14->S17->S19->S20->S21->S39->S40->S43->S45->S47->S48->S50->S51,L0->L3,1,15,0,0.0,8.451906538817494e-05
S12->S13->S14->S17->S19->S20->S22->S23->S26->S29->S30->S33->S34->S35->S37,L0->L2->L3,1,15,0,0.0,8.451906538817494e-05
S0->S1->S2->S4->S6->S8->S11->S29->S30->S33->S35->S37->S38,L0->L3,1,13,0,0.0,8.451906538817494e-05
S0->S1->S2->S4->S6->S8->S11->S29->S33->S34->S36->S37->S38,L0->L3,1,13,0,0.0,8.451906538817494e-05
S0->S1->S2->S4->S6->S8->S11->S39->S40->S41->S42->S43->S45->S47->S48->S49->S51,L0->L3,1,17,0,0.0,8.451906538817494e-05
S0->S1->S3->S5->S7->S8->S10->S12->S13->S14->S17->S18->S20->S21->S26->S29->S30->S33->S34->S35->S37,L0->L2->L3,1,21,0,0.0,8.451906538817494e-05
S0->S1->S3->S5->S7->S8->S10->S11->S27->S29->S30->S33->S34->S36->S37,L0->L2->L3,1,15,0,0.0,8.451906538817494e-05
S0->S1->S3->S5->S7->S8->S10->S11->S29->S30->S31->S33->S34->S35->S37,L0->L3,1,15,0,0.0,8.451906538817494e-05
S0->S1->S3->S5->S7->S8->S10->S11->S29->S30->S33->S34->S35->S37->S38,L0->L3,1,15,0,0.0,8.451906538817494e-05
S0->S1->S3->S5->S7->S8->S10->S11->S39->S40->S41->S43->S45->S47->S48->S49->S51,L0->L3,1,17,0,0.0,8.451906538817494e-05
S0->S1->S3->S5->S7->S8->S10->S11->S39->S40->S41->S43->S45->S47->S48->S50->S51,L0->L3,1,17,0,0.0,8.451906538817494e-05
S0->S1->S3->S5->S7->S8->S10->S12->S13->S14->S16->S18->S20->S21->S26->S29->S30->S33->S34->S36->S37,L0->L2->L3,1,21,0,0.0,8.451906538817494e-05
S0->S1->S3->S5->S6->S9->S27->S39->S40->S41->S43->S45->S47->S48->S49->S51,L0->L2->L3,1,16,0,0.0,8.451906538817494e-05
S0->S1->S2->S4->S7->S8->S9->S12->S13->S14->S17->S18->S20->S21->S39->S40->S41->S44->S45->S47->S48->S49->S51,L0->L3,1,23,0,0.0,8.451906538817494e-05
S0->S1->S2->S4->S7->S8->S9->S12->S13->S14->S17->S18->S20->S23->S24->S26->S29->S30->S33->S34->S36->S37,L0->L1->L2->L3,1,22,0,0.0,8.451906538817494e-05
S0->S1->S2->S4->S7->S8->S9->S12->S13->S14->S17->S18->S20->S23->S26->S29->S30->S33->S34->S35->S37,L0->L2->L3,1,21,0,0.0,8.451906538817494e-05
S0->S1->S2->S4->S7->S8->S9->S12->S13->S14->S17->S18->S20->S23->S29->S30->S33->S34->S35->S37,L0->L3,1,20,0,0.0,8.451906538817494e-05
S12->S13->S14->S17->S19->S20->S22->S26->S39->S40->S41->S44->S45->S47->S48->S50->S51,L0->L2->L3,1,17,0,0.0,8.451906538817494e-05
S12->S13->S14->S17->S19->S20->S22->S23->S39->S40->S41->S44->S45->S47->S48->S50->S51,L0->L3,1,17,0,0.0,8.451906538817494e-05
S12->S13->S14->S17->S19->S20->S22->S24->S26->S39->S40->S41->S43->S45->S47->S48->S49->S51,L0->L1->L2->L3,1,18,0,0.0,8.451906538817494e-05
S12->S13->S14->S17->S19->S20->S22->S24->S26->S39->S40->S41->S43->S45->S47->S48->S50->S51,L0->L1->L2->L3,1,18,0,0.0,8.451906538817494e-05
S12->S13->S14->S17->S19->S20->S22->S24->S26->S39->S40->S41->S44->S45->S47->S48->S49->S51,L0->L1->L2->L3,1,18,0,0.0,8.451906538817494e-05
S12->S13->S14->S17->S19->S20->S22->S26->S29->S30->S31->S32->S33->S34->S35->S37,L0->L2->L3,1,16,0,0.0,8.451906538817494e-05
S0->S1->S2->S5->S7->S8->S10->S12->S13->S15->S17->S18->S20->S21->S29->S30->S33->S34->S36->S37,L0->L3,1,20,0,0.0,8.451906538817494e-05
S0->S1->S2->S5->S7->S8->S10->S12->S13->S15->S17->S18->S20->S22->S29->S30->S31->S33->S34->S36->S37,L0->L3,1,21,0,0.0,8.451906538817494e-05
S0->S1->S2->S5->S7->S8->S10->S12->S13->S15->S17->S18->S20->S23->S29->S30->S33->S34->S35->S37,L0->L3,1,20,0,0.0,8.451906538817494e-05
S0->S1->S2->S5->S7->S8->S10->S12->S13->S15->S17->S19->S20->S22->S29->S30->S33->S34->S35->S37,L0->L3,1,20,0,0.0,8.451906538817494e-05
S0->S1->S2->S5->S7->S8->S10->S12->S13->S15->S17->S19->S20->S23->S29->S30->S31->S33->S34->S36->S37,L0->L3,1,21,0,0.0,8.451906538817494e-05
S0->S1->S2->S5->S7->S8->S10->S24->S26->S39->S40->S41->S44->S45->S47->S48->S49->S51,L0->L1->L2->L3,1,18,0,0.0,8.451906538817494e-05
S0->S1->S2->S5->S7->S8->S10->S24->S27->S29->S30->S32->S33->S34->S35->S37,L0->L1->L2->L3,1,16,0,0.0,8.451906538817494e-05
S0->S1->S2->S5->S7->S8->S10->S24->S27->S29->S30->S32->S33->S34->S36->S37,L0->L1->L2->L3,1,16,0,0.0,8.451906538817494e-05
S0->S1->S2->S5->S7->S8->S10->S11->S29->S30->S33->S34->S35->S37->S38,L0->L3,1,15,0,0.0,8.451906538817494e-05
S0->S1->S2->S5->S7->S8->S10->S11->S39->S40->S41->S43->S45->S47->S48->S49->S51,L0->L3,1,17,0,0.0,8.451906538817494e-05
S12->S13->S14->S17->S19->S20->S22->S26->S29->S30->S32->S34->S35->S37,L0->L2->L3,1,14,0,0.0,8.451906538817494e-05
S12->S13->S14->S17->S19->S20->S22->S26->S29->S30->S32->S34->S36->S37,L0->L2->L3,1,14,0,0.0,8.451906538817494e-05
S12->S13->S14->S17->S19->S20->S22->S26->S29->S30->S32->S36->S37,L0->L2->L3,1,13,0,0.0,8.451906538817494e-05
S12->S13->S14->S17->S19->S20->S22->S26->S29->S30->S33->S34->S35,L0->L2->L3,1,13,0,0.0,8.451906538817494e-05
S12->S13->S14->S17->S19->S20->S22->S26->S29->S33->S34->S35->S37,L0->L2->L3,1,13,0,0.0,8.451906538817494e-05
S0->S1->S2->S4->S6->S8->S11->S29->S30->S33->S34->S35->S36->S37,L0->L3,1,14,0,0.0,8.451906538817494e-05
S12->S13->S14->S17->S19->S20->S22->S27->S29->S30->S32->S34->S35->S37,L0->L2->L3,1,14,0,0.0,8.451906538817494e-05
S12->S13->S14->S17->S19->S20->S22->S27->S29->S30->S32->S35->S37,L0->L2->L3,1,13,1,1.0,8.451906538817494e-05
S0->S1->S2->S4->S7->S8->S9->S12->S13->S14->S17->S19->S20->S22->S29->S30->S33->S34->S35->S37,L0->L3,1,20,0,0.0,8.451906538817494e-05
S0->S1->S2->S4->S7->S8->S9->S12->S13->S14->S17->S19->S20->S23->S27->S29->S30->S33->S34->S35->S37,L0->L2->L3,1,21,0,0.0,8.451906538817494e-05
S0->S1->S2->S4->S7->S8->S9->S12->S13->S14->S17->S19->S20->S23->S29->S30->S33->S34->S35->S37,L0->L3,1,20,0,0.0,8.451906538817494e-05
S0->S1->S3->S4->S6->S8->S10->S26->S29->S33->S34->S35->S37,L0->L2->L3,1,13,0,0.0,8.451906538817494e-05
S0->S1->S3->S5->S7->S10->S26->S29->S30->S32->S33->S34->S35->S37,L0->L2->L3,1,14,0,0.0,8.451906538817494e-05
S0->S1->S3->S5->S7->S10->S29->S30->S31->S33->S34->S35->S37,L0->L3,1,13,0,0.0,8.451906538817494e-05
S0->S1->S3->S5->S7->S10->S29->S30->S31->S33->S34->S36->S37,L0->L3,1,13,0,0.0,8.451906538817494e-05
S0->S1->S3->S5->S7->S10->S29->S30->S32->S35->S37,L0->L3,1,11,0,0.0,8.451906538817494e-05
S0->S1->S3->S5->S7->S10->S39->S40->S41->S44->S45->S47->S48->S49->S51,L0->L3,1,15,0,0.0,8.451906538817494e-05
S0->S1->S3->S5->S7->S10->S39->S40->S41->S44->S45->S47->S48->S50->S51,L0->L3,1,15,0,0.0,8.451906538817494e-05
S12->S13->S14->S17->S19->S20->S22->S27->S29->S33->S34->S36->S37,L0->L2->L3,1,13,0,0.0,8.451906538817494e-05
S12->S13->S14->S17->S19->S20->S22->S27->S39->S40->S41->S44->S45->S47->S48->S50->S51,L0->L2->L3,1,17,0,0.0,8.451906538817494e-05
S12->S13->S14->S17->S19->S20->S22->S28->S29->S30->S32->S33->S34->S36->S37,L0->L2->L3,1,15,0,0.0,8.451906538817494e-05
S12->S13->S14->S17->S19->S20->S22->S29->S30->S31->S33->S35->S37,L0->L3,1,13,0,0.0,8.451906538817494e-05
S12->S13->S14->S17->S19->S20->S22->S29->S30->S32->S35->S37->S38,L0->L3,1,13,0,0.0,8.451906538817494e-05
S12->S13->S14->S17->S19->S20->S22->S29->S30->S32->S36->S37->S38,L0->L3,1,13,0,0.0,8.451906538817494e-05
S0->S1->S3->S5->S6->S8->S9->S29->S30->S33->S34->S37,L0->L3,1,12,0,0.0,8.451906538817494e-05
S0->S1->S3->S5->S6->S8->S9->S29->S32->S33->S34->S36->S37,L0->L3,1,13,0,0.0,8.451906538817494e-05
S0->S1->S3->S5->S6->S8->S9->S29->S32->S36->S37,L0->L3,1,11,0,0.0,8.451906538817494e-05
S0->S1->S3->S5->S6->S8->S9->S39->S40->S41->S43->S44->S45->S47->S48->S50->S51,L0->L3,1,17,0,0.0,8.451906538817494e-05
S0->S1->S3->S5->S6->S8->S9->S39->S40->S41->S43->S45->S47->S48->S49->S50->S51,L0->L3,1,17,1,1.0,8.451906538817494e-05
S0->S1->S3->S5->S6->S8->S9->S39->S40->S41->S43->S45->S47->S48->S51,L0->L3,1,15,0,0.0,8.451906538817494e-05
S0->S1->S3->S5->S6->S8->S9->S39->S40->S41->S43->S45->S47->S49->S51,L0->L3,1,15,0,0.0,8.451906538817494e-05
S0->S1->S3->S5->S6->S9->S26->S29->S30->S33->S34->S35,L0->L2->L3,1,12,0,0.0,8.451906538817494e-05
S0->S1->S3->S5->S6->S9->S26->S29->S30->S33->S34->S36->S37,L0->L2->L3,1,13,0,0.0,8.451906538817494e-05
S0->S1->S2->S4->S7->S8->S10->S26->S29->S30->S32->S35->S37,L0->L2->L3,1,13,1,1.0,8.451906538817494e-05
S12->S13->S14->S17->S19->S20->S22->S28->S29->S30->S33->S34->S36->S37->S38,L0->L2->L3,1,15,0,0.0,8.451906538817494e-05
S0->S1->S2->S4->S6->S8->S11->S29->S30->S32->S34->S36->S37->S38,L0->L3,1,14,0,0.0,8.451906538817494e-05
S0->S1->S2->S4->S6->S8->S11->S29->S30->S33->S34,L0->L3,1,11,0,0.0,8.451906538817494e-05
S0->S1->S2->S5->S7->S8->S10->S12->S13->S15->S16->S18->S20->S23->S29->S30->S33->S34->S35->S37,L0->L3,1,20,0,0.0,8.451906538817494e-05
S0->S1->S2->S5->S7->S8->S10->S12->S13->S15->S16->S19->S20->S22->S29->S30->S33->S34->S36->S37,L0->L3,1,20,0,0.0,8.451906538817494e-05
S12->S13->S14->S17->S19->S20->S22->S29->S31->S33->S34->S35->S37,L0->L3,1,13,0,0.0,8.451906538817494e-05
S0->S1->S2->S4->S7->S8->S10->S26->S29->S30->S33->S34->S36,L0->L2->L3,1,13,0,0.0,8.451906538817494e-05
S0->S1->S2->S4->S7->S8->S10->S26->S29->S33->S34->S36->S37,L0->L2->L3,1,13,0,0.0,8.451906538817494e-05
S0->S1->S2->S4->S7->S8->S10->S26->S30->S33->S34->S35->S37,L0->L2->L3,1,13,0,0.0,8.451906538817494e-05
S0->S1->S2->S4->S7->S8->S10->S26->S38,L0->L2->L3,1,9,0,0.0,8.451906538817494e-05
S0->S1->S3->S5->S6->S8->S9->S29->S30->S33->S34->S35->S36->S37,L0->L3,1,14,0,0.0,8.451906538817494e-05
S0->S1->S3->S5->S6->S8->S9->S29->S30->S31->S32->S34->S35->S37,L0->L3,1,14,0,0.0,8.451906538817494e-05
S0->S1->S3->S4->S6->S8->S10->S26->S39->S40->S41->S44->S45->S47->S48->S50,L0->L2->L3,1,16,0,0.0,8.451906538817494e-05
S0->S1->S3->S4->S6->S8->S10->S27->S29->S30->S32->S33->S34->S35->S37->S38,L0->L2->L3,1,16,0,0.0,8.451906538817494e-05
S0->S1->S3->S4->S6->S8->S10->S27->S29->S30->S32->S34->S35,L0->L2->L3,1,13,0,0.0,8.451906538817494e-05
S12->S13->S14->S17->S19->S20->S22->S39->S40->S41->S44->S47->S48->S49->S51,L0->L3,1,15,0,0.0,8.451906538817494e-05
S12->S13->S14->S17->S19->S20->S22->S39->S40->S44->S45->S47->S48->S49->S51,L0->L3,1,15,0,0.0,8.451906538817494e-05
S12->S13->S14->S17->S19->S20->S23->S24->S26->S29->S30->S32->S35->S37,L0->L1->L2->L3,1,14,0,0.0,8.451906538817494e-05
S12->S13->S14->S17->S19->S20->S22->S29->S30->S31->S33->S34->S36,L0->L3,1,13,0,0.0,8.451906538817494e-05
S12->S13->S14->S17->S19->S20->S23->S26->S29->S30->S32->S34->S35->S37->S38,L0->L2->L3,1,15,0,0.0,8.451906538817494e-05
S12->S13->S14->S17->S19->S20->S22->S29->S30->S33->S35->S37->S38,L0->L3,1,13,0,0.0,8.451906538817494e-05
S0->S1->S2->S5->S7->S8->S10->S12->S13->S14->S16->S18->S20->S21->S29->S30->S33->S34->S35->S37,L0->L3,1,20,0,0.0,8.451906538817494e-05
S0->S1->S2->S5->S7->S8->S10->S12->S13->S14->S16->S18->S20->S22->S29->S30->S33->S34->S36->S37,L0->L3,1,20,0,0.0,8.451906538817494e-05
S0->S1->S2->S5->S7->S8->S10->S12->S13->S14->S16->S18->S20->S23->S29->S30->S33->S34->S35->S37,L0->L3,1,20,0,0.0,8.451906538817494e-05
S0->S1->S3->S4->S6->S8->S10->S27->S29->S30->S33->S34->S35->S36->S37,L0->L2->L3,1,15,0,0.0,8.451906538817494e-05
S0->S1->S2->S4->S7->S8->S9->S12->S13->S14->S16->S19->S20->S23->S26->S29->S30->S33->S34->S35->S37,L0->L2->L3,1,21,0,0.0,8.451906538817494e-05
S0->S1->S2->S4->S7->S8->S9->S12->S13->S14->S16->S19->S20->S23->S29->S30->S33->S34->S35->S37,L0->L3,1,20,0,0.0,8.451906538817494e-05
S0->S1->S3->S5->S6->S8->S9->S29->S30->S31->S33->S34->S35,L0->L3,1,13,0,0.0,8.451906538817494e-05
S0->S1->S3->S5->S6->S8->S9->S29->S30->S31->S33->S36->S37->S38,L0->L3,1,14,0,0.0,8.451906538817494e-05
S0->S1->S3->S5->S6->S8->S9->S29->S30->S32->S34->S35->S37->S38,L0->L3,1,14,0,0.0,8.451906538817494e-05
S0->S1->S3->S5->S6->S8->S9->S27->S29->S30->S33->S34->S36,L0->L2->L3,1,13,0,0.0,8.451906538817494e-05
S0->S1->S3->S5->S6->S8->S9->S27->S29->S33->S34->S36->S37,L0->L2->L3,1,13,0,0.0,8.451906538817494e-05
S0->S1->S2->S5->S7->S8->S10->S12->S13->S14->S17->S18->S20->S21->S29->S30->S33->S34->S35->S37,L0->L3,1,20,0,0.0,8.451906538817494e-05
S0->S1->S2->S5->S7->S8->S10->S12->S13->S14->S17->S19->S20->S22->S29->S30->S31->S33->S34->S36->S37,L0->L3,1,21,0,0.0,8.451906538817494e-05
S0->S1->S2->S5->S7->S8->S10->S12->S13->S15->S16->S18->S20->S22->S29->S30->S32->S35->S37,L0->L3,1,19,0,0.0,8.451906538817494e-05
S12->S13->S14->S17->S19->S20->S23->S24->S26->S39->S40->S41->S44->S45->S47->S48->S49->S51,L0->L1->L2->L3,1,18,0,0.0,8.451906538817494e-05
S0->S1->S3->S5->S6->S8->S9->S28->S29->S30->S31->S32->S33->S34->S36->S37,L0->L2->L3,1,16,0,0.0,8.451906538817494e-05
S0->S1->S3->S5->S6->S8->S9->S28->S29->S30->S31->S32->S35->S37,L0->L2->L3,1,14,0,0.0,8.451906538817494e-05
S0->S1->S3->S5->S6->S8->S9->S28->S29->S30->S32->S33->S34->S36->S37,L0->L2->L3,1,15,0,0.0,8.451906538817494e-05
S0->S1->S3->S5->S6->S8->S9->S28->S29->S30->S33->S34->S36->S37->S38,L0->L2->L3,1,15,0,0.0,8.451906538817494e-05
S0->S1->S3->S5->S6->S8->S9->S28->S39->S40->S41->S43->S45->S47->S48->S50->S51,L0->L2->L3,1,17,0,0.0,8.451906538817494e-05
S0->S1->S3->S5->S6->S8->S9->S28->S39->S40->S41->S44->S45->S47->S48->S49->S51,L0->L2->L3,1,17,0,0.0,8.451906538817494e-05
S0->S1->S3->S5->S6->S8->S9->S26->S30->S33->S34->S36->S37,L0->L2->L3,1,13,0,0.0,8.451906538817494e-05
S0->S1->S3->S4->S6->S8->S10->S27->S38,L0->L2->L3,1,9,0,0.0,8.451906538817494e-05
S0->S1->S3->S4->S6->S8->S10->S28->S39->S40->S41->S43->S45->S47->S48->S50->S51,L0->L2->L3,1,17,0,0.0,8.451906538817494e-05
S0->S1->S3->S4->S6->S8->S10->S28->S39->S40->S41->S44->S45->S47->S48->S49->S51,L0->L2->L3,1,17,0,0.0,8.451906538817494e-05
S0->S1->S3->S4->S6->S8->S10->S29->S30->S31->S32->S33->S34->S35->S37->S38,L0->L3,1,16,0,0.0,8.451906538817494e-05
S0->S1->S3->S5->S6->S8->S9->S27->S29->S30->S31->S32->S33->S34->S36->S37,L0->L2->L3,1,16,0,0.0,8.451906538817494e-05
S12->S13->S14->S17->S19->S20->S23->S24->S27->S39->S40->S41->S43->S45->S47->S48->S50->S51,L0->L1->L2->L3,1,18,0,0.0,8.451906538817494e-05
S12->S13->S14->S17->S19->S20->S23->S24->S29->S30->S33->S34->S35->S37,L0->L1->L3,1,14,0,0.0,8.451906538817494e-05
S12->S13->S14->S17->S19->S20->S23->S26->S27->S29->S30->S32->S33->S34->S36->S37,L0->L2->L3,1,16,0,0.0,8.451906538817494e-05
S12->S13->S14->S17->S19->S20->S23->S27->S38,L0->L2->L3,1,9,0,0.0,8.451906538817494e-05
S12->S13->S14->S17->S19->S20->S23->S27->S39->S40->S41->S43->S45->S47->S48->S50->S51,L0->L2->L3,1,17,0,0.0,8.451906538817494e-05
S0->S1->S2->S4->S6->S8->S11->S29->S30->S31->S32->S34->S36->S37,L0->L3,1,14,0,0.0,8.451906538817494e-05
S0->S1->S3->S5->S6->S8->S9->S27->S29->S30->S32->S34->S36->S37,L0->L2->L3,1,14,0,0.0,8.451906538817494e-05
S0->S1->S3->S5->S6->S8->S9->S27->S29->S30->S32->S35->S37,L0->L2->L3,1,13,0,0.0,8.451906538817494e-05
S0->S1->S3->S4->S6->S8->S10->S29->S30->S32->S33->S34->S35,L0->L3,1,13,0,0.0,8.451906538817494e-05
S0->S1->S3->S4->S6->S8->S10->S29->S30->S32->S34->S36->S37->S38,L0->L3,1,14,0,0.0,8.451906538817494e-05
S0->S1->S2->S4->S7->S8->S9->S10->S27->S29->S30->S33->S34->S35->S37,L0->L2->L3,1,15,0,0.0,8.451906538817494e-05
S0->S1->S2->S4->S7->S8->S9->S10->S28->S29->S30->S31->S33->S34->S36->S37,L0->L2->L3,1,16,0,0.0,8.451906538817494e-05
S0->S1->S2->S4->S6->S8->S11->S29->S30->S31->S32->S35->S36->S37,L0->L3,1,14,0,0.0,8.451906538817494e-05
S0->S1->S2->S4->S6->S8->S11->S29->S30->S31->S32->S35->S37->S38,L0->L3,1,14,0,0.0,8.451906538817494e-05
S0->S1->S2->S4->S6->S8->S11->S29->S30->S31->S32->S36->S37,L0->L3,1,13,0,0.0,8.451906538817494e-05
S0->S1->S2->S4->S6->S8->S11->S29->S30->S31->S32->S36->S37->S38,L0->L3,1,14,0,0.0,8.451906538817494e-05
S0->S1->S2->S4->S6->S8->S11->S29->S30->S31->S33->S36->S37,L0->L3,1,13,0,0.0,8.451906538817494e-05
S0->S1->S2->S4->S6->S8->S11->S29->S30->S32->S33->S34->S35->S37->S38,L0->L3,1,15,0,0.0,8.451906538817494e-05
S12->S13->S14->S17->S19->S20->S23->S26->S29->S33->S34->S36->S37,L0->L2->L3,1,13,0,0.0,8.451906538817494e-05
S12->S13->S14->S17->S19->S20->S23->S29->S30->S31->S32->S36->S37->S38,L0->L3,1,14,0,0.0,8.451906538817494e-05
S12->S13->S14->S17->S19->S20->S23->S29->S30->S31->S33->S34->S35->S37->S38,L0->L3,1,15,0,0.0,8.451906538817494e-05
S0->S1->S3->S4->S6->S8->S10->S27->S29->S33->S34->S35->S37,L0->L2->L3,1,13,0,0.0,8.451906538817494e-05
S0->S1->S2->S4->S7->S8->S10->S27->S29->S30->S32->S35->S37,L0->L2->L3,1,13,0,0.0,8.451906538817494e-05
S0->S1->S2->S4->S7->S8->S10->S27->S29->S30->S32->S36->S37,L0->L2->L3,1,13,0,0.0,8.451906538817494e-05
S0->S1->S2->S4->S7->S8->S10->S27->S29->S30->S33->S34->S36,L0->L2->L3,1,13,0,0.0,8.451906538817494e-05
S0->S1->S3->S5->S6->S8->S9->S26->S29->S30->S33->S34->S36,L0->L2->L3,1,13,0,0.0,8.451906538817494e-05
S0->S1->S3->S5->S6->S8->S9->S26->S29->S33->S34->S35->S37,L0->L2->L3,1,13,0,0.0,8.451906538817494e-05
S0->S1->S3->S5->S6->S8->S9->S26->S29->S33->S34->S36->S37,L0->L2->L3,1,13,0,0.0,8.451906538817494e-05
S0->S1->S3->S5->S6->S8->S9->S25->S26->S44->S45->S47->S48->S50->S51,L0->L1->L2->L3,1,15,0,0.0,8.451906538817494e-05
S0->S1->S3->S5->S6->S8->S9->S25->S26->S47->S48->S50->S51,L0->L1->L2->L3,1,13,0,0.0,8.451906538817494e-05
S12->S13->S14->S17->S19->S20->S23->S29->S30->S32->S33->S34->S35->S37->S38,L0->L3,1,15,0,0.0,8.451906538817494e-05
S12->S13->S14->S17->S19->S20->S23->S27->S29->S30->S31->S32->S33->S34->S36->S37,L0->L2->L3,1,16,0,0.0,8.451906538817494e-05
S12->S13->S14->S17->S19->S20->S23->S27->S29->S30->S32->S34->S36->S37,L0->L2->L3,1,14,0,0.0,8.451906538817494e-05
S12->S13->S14->S17->S19->S20->S23->S27->S29->S30->S32->S35->S37->S38,L0->L2->L3,1,14,0,0.0,8.451906538817494e-05
S12->S13->S14->S17->S19->S20->S23->S27->S29->S30->S33->S34->S36,L0->L2->L3,1,13,0,0.0,8.451906538817494e-05
S0->S1->S3->S5->S6->S8->S9->S26->S29->S30->S31->S32->S33->S34->S36->S37,L0->L2->L3,1,16,0,0.0,8.451906538817494e-05
S0->S1->S3->S5->S6->S8->S9->S26->S29->S30->S32->S33->S34->S35->S37->S38,L0->L2->L3,1,16,0,0.0,8.451906538817494e-05
S0->S1->S2->S4->S7->S8->S9->S11->S26->S39->S40->S41->S43->S45->S47->S48->S49->S51,L0->L2->L3,1,18,0,0.0,8.451906538817494e-05
S0->S1->S2->S4->S7->S8->S9->S11->S29->S30->S31->S33->S34->S35->S37,L0->L3,1,15,0,0.0,8.451906538817494e-05
S0->S1->S2->S4->S7->S8->S9->S11->S29->S30->S33->S34->S35,L0->L3,1,13,0,0.0,8.451906538817494e-05
S0->S1->S2->S4->S7->S8->S9->S12->S13->S14->S16->S18->S20->S21->S29->S30->S33->S34->S35->S37,L0->L3,1,20,0,0.0,8.451906538817494e-05
S0->S1->S2->S4->S7->S8->S9->S12->S13->S14->S16->S18->S20->S21->S29->S30->S33->S34->S36->S37,L0->L3,1,20,0,0.0,8.451906538817494e-05
S0->S1->S2->S4->S7->S8->S9->S12->S13->S14->S16->S18->S20->S21->S39->S40->S41->S44->S45->S47->S48->S49->S51,L0->L3,1,23,0,0.0,8.451906538817494e-05
S0->S1->S3->S4->S6->S8->S10->S29->S30->S32->S37,L0->L3,1,11,0,0.0,8.451906538817494e-05
S0->S1->S2->S5->S7->S11->S29->S30->S33->S34->S36->S37->S38,L0->L3,1,13,0,0.0,8.451906538817494e-05
S0->S1->S2->S5->S7->S29->S30->S33->S34->S35->S37,L0->L3,1,11,0,0.0,8.451906538817494e-05
S0->S1->S2->S5->S7->S8->S10->S11->S27->S29->S30->S33->S34->S36->S37,L0->L2->L3,1,15,0,0.0,8.451906538817494e-05
S12->S13->S14->S17->S19->S20->S23->S28->S29->S30->S33->S34->S36->S37->S38,L0->L2->L3,1,15,0,0.0,8.451906538817494e-05
S12->S13->S14->S17->S19->S20->S23->S29->S30->S31->S32->S34->S35->S37,L0->L3,1,14,0,0.0,8.451906538817494e-05
S12->S13->S14->S17->S19->S20->S23->S29->S30->S31->S32->S34->S35->S37->S38,L0->L3,1,15,0,0.0,8.451906538817494e-05
S12->S13->S14->S17->S19->S20->S23->S29->S30->S31->S32->S35->S37,L0->L3,1,13,0,0.0,8.451906538817494e-05
S0->S1->S2->S5->S7->S10->S26->S29->S30->S33->S34->S35->S37,L0->L2->L3,1,13,0,0.0,8.451906538817494e-05
S0->S1->S2->S4->S6->S8->S11->S28->S29->S30->S31->S33->S34->S35->S37->S38,L0->L2->L3,1,16,0,0.0,8.451906538817494e-05
S0->S1->S2->S4->S6->S8->S11->S28->S29->S30->S32->S33->S34->S36->S37,L0->L2->L3,1,15,0,0.0,8.451906538817494e-05
S0->S1->S2->S4->S6->S8->S11->S28->S39->S40->S41->S43->S45->S47->S48->S49->S51,L0->L2->L3,1,17,0,0.0,8.451906538817494e-05
S0->S1->S2->S4->S6->S8->S11->S28->S39->S40->S41->S43->S45->S47->S48->S50->S51,L0->L2->L3,1,17,0,0.0,8.451906538817494e-05
S0->S1->S2->S4->S6->S8->S11->S28->S39->S40->S41->S44->S45->S47->S48->S49->S51,L0->L2->L3,1,17,0,0.0,8.451906538817494e-05
S12->S13->S14->S17->S19->S20->S23->S29->S30->S32->S34->S35->S37->S38,L0->L3,1,14,0,0.0,8.451906538817494e-05
S12->S13->S14->S17->S19->S20->S23->S29->S30->S32->S35->S37->S38,L0->L3,1,13,0,0.0,8.451906538817494e-05
S12->S13->S14->S17->S19->S20->S23->S39->S40->S41->S42->S43->S45->S47->S48->S50->S51,L0->L3,1,17,0,0.0,8.451906538817494e-05
S12->S13->S14->S17->S19->S20->S23->S27->S39->S40->S41->S44->S45->S47->S48->S50->S51,L0->L2->L3,1,17,0,0.0,8.451906538817494e-05
S12->S13->S14->S17->S19->S20->S23->S28->S29->S30->S33->S34->S35->S37->S38,L0->L2->L3,1,15,0,0.0,8.451906538817494e-05
S0->S1->S2->S5->S7->S10->S27->S29->S30->S33->S34->S36->S37,L0->L2->L3,1,13,0,0.0,8.451906538817494e-05
S0->S1->S2->S5->S7->S10->S39->S40->S41->S44->S45->S47->S48->S50->S51,L0->L3,1,15,0,0.0,8.451906538817494e-05
S0->S1->S2->S5->S7->S11->S26->S29->S30->S33->S34->S36->S37,L0->L2->L3,1,13,0,0.0,8.451906538817494e-05
S0->S1->S2->S5->S7->S11->S27->S29->S30->S33->S34->S36->S37,L0->L2->L3,1,13,0,0.0,8.451906538817494e-05
S0->S1->S2->S5->S7->S11->S29->S30->S33->S34->S35->S37->S38,L0->L3,1,13,0,0.0,8.451906538817494e-05
S0->S1->S2->S5->S6->S8->S9->S40->S41->S43->S45->S47->S48->S50->S51,L0->L3,1,15,0,0.0,8.451906538817494e-05
S0->S1->S2->S5->S6->S9->S26->S29->S30->S33->S34->S36->S37,L0->L2->L3,1,13,0,0.0,8.451906538817494e-05
S0->S1->S3->S5->S6->S8->S9->S24->S26->S39->S40->S41->S43->S45->S47->S48->S49->S51,L0->L1->L2->L3,1,18,0,0.0,8.451906538817494e-05
S0->S1->S3->S5->S6->S8->S9->S24->S26->S39->S40->S41->S43->S45->S47->S48->S50->S51,L0->L1->L2->L3,1,18,0,0.0,8.451906538817494e-05
S0->S1->S3->S5->S6->S8->S9->S24->S26->S39->S40->S41->S44->S45->S47->S48->S49->S51,L0->L1->L2->L3,1,18,0,0.0,8.451906538817494e-05
S0->S1->S3->S5->S6->S8->S9->S24->S26->S47->S48->S49->S51,L0->L1->L2->L3,1,13,0,0.0,8.451906538817494e-05
S0->S1->S3->S5->S6->S8->S9->S24->S26->S47->S48->S50->S51,L0->L1->L2->L3,1,13,0,0.0,8.451906538817494e-05
S0->S1->S3->S5->S6->S8->S9->S24->S27->S39->S40->S41->S44->S45->S47->S48->S50->S51,L0->L1->L2->L3,1,18,0,0.0,8.451906538817494e-05
S0->S1->S3->S5->S6->S8->S9->S24->S28->S29->S30->S33->S34->S35->S37,L0->L1->L2->L3,1,15,0,0.0,8.451906538817494e-05
S0->S1->S3->S5->S6->S8->S9->S24->S28->S29->S30->S33->S34->S35->S37->S38,L0->L1->L2->L3,1,16,0,0.0,8.451906538817494e-05
S0->S1->S3->S5->S6->S8->S9->S24->S28->S29->S30->S33->S34->S36->S37,L0->L1->L2->L3,1,15,0,0.0,8.451906538817494e-05
S0->S1->S3->S5->S6->S8->S9->S24->S29->S30->S33->S34->S36->S37->S38,L0->L1->L3,1,15,0,0.0,8.451906538817494e-05
S0->S1->S3->S5->S6->S8->S9->S12->S13->S14->S17->S18->S20->S22->S29->S30->S33->S34->S36->S37,L0->L3,1,20,0,0.0,8.451906538817494e-05
S0->S1->S3->S5->S6->S8->S9->S12->S13->S14->S17->S18->S20->S23->S29->S30->S33->S34->S36->S37,L0->L3,1,20,0,0.0,8.451906538817494e-05
S0->S1->S3->S5->S6->S8->S9->S12->S13->S14->S17->S19->S20->S21->S29->S30->S32->S33->S34->S36->S37,L0->L3,1,21,0,0.0,8.451906538817494e-05
S0->S1->S2->S5->S6->S9->S29->S30->S32->S33->S34->S35->S37,L0->L3,1,13,0,0.0,8.451906538817494e-05
S12->S13->S15->S16->S18->S20->S21->S22->S39->S40->S41->S44->S45->S47->S48->S49->S51,L0->L3,1,17,0,0.0,8.451906538817494e-05
S12->S13->S15->S16->S18->S20->S21->S23->S26->S29->S30->S33->S34->S35->S37,L0->L2->L3,1,15,0,0.0,8.451906538817494e-05
S12->S13->S14->S17->S19->S20->S23->S39->S40->S41->S44->S45->S47->S48->S49,L0->L3,1,15,0,0.0,8.451906538817494e-05
S12->S13->S14->S17->S19->S20->S23->S39->S40->S41->S44->S45->S47->S48->S49->S50->S51,L0->L3,1,17,0,0.0,8.451906538817494e-05
S12->S13->S14->S17->S19->S20->S23->S39->S40->S44->S45->S47->S48->S49->S51,L0->L3,1,15,0,0.0,8.451906538817494e-05
S12->S13->S14->S18->S20->S21->S29->S30->S31->S33->S34->S36->S37,L0->L3,1,13,0,0.0,8.451906538817494e-05
S12->S13->S14->S18->S20->S21->S29->S30->S33->S34->S35->S37,L0->L3,1,12,0,0.0,8.451906538817494e-05
S12->S13->S14->S19->S20->S21->S29->S30->S33->S34->S36->S37,L0->L3,1,12,0,0.0,8.451906538817494e-05
S12->S13->S15->S16->S17->S18->S20->S21->S29->S30->S31->S32->S33->S34->S35->S37,L0->L3,1,16,0,0.0,8.451906538817494e-05
S12->S13->S15->S16->S17->S18->S20->S22->S29->S30->S31->S33->S34->S36->S37,L0->L3,1,15,0,0.0,8.451906538817494e-05
S12->S13->S15->S16->S17->S18->S20->S23->S29->S30->S31->S33->S34->S36->S37,L0->L3,1,15,0,0.0,8.451906538817494e-05
S12->S13->S15->S16->S17->S18->S20->S23->S29->S30->S33->S34->S36->S37,L0->L3,1,14,0,0.0,8.451906538817494e-05
S0->S1->S2->S5->S6->S8->S9->S39->S40->S41->S43->S47->S50->S51,L0->L3,1,14,0,0.0,8.451906538817494e-05
S0->S1->S2->S5->S6->S8->S9->S39->S40->S41->S44->S45->S47->S48->S49->S50->S51,L0->L3,1,17,0,0.0,8.451906538817494e-05
S0->S1->S2->S5->S6->S8->S9->S39->S40->S41->S44->S45->S47->S49->S51,L0->L3,1,15,0,0.0,8.451906538817494e-05
S0->S1->S2->S5->S6->S8->S9->S39->S40->S41->S44->S45->S48->S49->S51,L0->L3,1,15,0,0.0,8.451906538817494e-05
S12->S13->S15->S16->S18->S20->S21->S24->S26->S39->S40->S41->S43->S45->S47->S48->S49->S51,L0->L1->L2->L3,1,18,0,0.0,8.451906538817494e-05
S12->S13->S15->S16->S18->S20->S21->S24->S26->S39->S40->S41->S44->S45->S47->S48->S49->S51,L0->L1->L2->L3,1,18,0,0.0,8.451906538817494e-05
S12->S13->S15->S16->S18->S20->S21->S24->S27->S39->S40->S41->S44->S45->S47->S48->S49->S51,L0->L1->L2->L3,1,18,0,0.0,8.451906538817494e-05
S12->S13->S15->S16->S18->S20->S21->S25->S26->S29->S30->S33->S34->S35->S37,L0->L1->L2->L3,1,15,0,0.0,8.451906538817494e-05
S12->S13->S15->S16->S18->S20->S21->S25->S26->S29->S30->S33->S34->S35->S37->S38,L0->L1->L2->L3,1,16,0,0.0,8.451906538817494e-05
S12->S13->S15->S16->S18->S20->S21->S26->S28->S29->S30->S32->S33->S34->S35->S37,L0->L2->L3,1,16,0,0.0,8.451906538817494e-05
S12->S13->S15->S16->S18->S20->S21->S26->S29->S30->S31->S32->S33->S34->S36->S37,L0->L2->L3,1,16,0,0.0,8.451906538817494e-05
S12->S13->S15->S16->S17->S19->S20->S21->S29->S30->S31->S33->S34->S36->S37,L0->L3,1,15,0,0.0,8.451906538817494e-05
S12->S13->S15->S16->S17->S19->S20->S21->S29->S30->S32->S33->S34->S35->S37,L0->L3,1,15,0,0.0,8.451906538817494e-05
S12->S13->S15->S16->S17->S19->S20->S21->S29->S30->S33->S34->S35->S37,L0->L3,1,14,0,0.0,8.451906538817494e-05
S12->S13->S15->S16->S17->S19->S20->S22->S29->S30->S33->S34->S36->S37,L0->L3,1,14,0,0.0,8.451906538817494e-05
S12->S13->S15->S16->S17->S19->S20->S23->S29->S30->S31->S32->S33->S34->S35->S37,L0->L3,1,16,0,0.0,8.451906538817494e-05
S12->S13->S15->S16->S17->S19->S20->S23->S29->S30->S31->S33->S34->S36->S37,L0->L3,1,15,0,0.0,8.451906538817494e-05
S12->S13->S15->S16->S17->S19->S20->S23->S29->S30->S33->S34->S36->S37,L0->L3,1,14,0,0.0,8.451906538817494e-05
S12->S13->S15->S16->S18->S20->S21->S22->S26->S29->S30->S33->S34->S35->S37,L0->L2->L3,1,15,0,0.0,8.451906538817494e-05
S12->S13->S15->S16->S18->S20->S21->S22->S39->S40->S41->S43->S45->S47->S48->S49->S51,L0->L3,1,17,0,0.0,8.451906538817494e-05
S0->S1->S2->S5->S6->S8->S9->S29->S31->S33->S34->S36->S37,L0->L3,1,13,0,0.0,8.451906538817494e-05
S0->S1->S2->S5->S6->S8->S9->S39->S40->S41->S42->S43->S45->S47->S48->S50->S51,L0->L3,1,17,0,0.0,8.451906538817494e-05
S0->S1->S3->S5->S6->S8->S9->S12->S13->S14->S17->S19->S20->S22->S29->S30->S33->S34->S35->S37,L0->L3,1,20,0,0.0,8.451906538817494e-05
S0->S1->S3->S5->S6->S8->S9->S12->S13->S15->S16->S18->S20->S23->S29->S30->S33->S34->S36->S37,L0->L3,1,20,0,0.0,8.451906538817494e-05
S0->S1->S3->S5->S6->S8->S9->S12->S13->S15->S16->S19->S20->S22->S29->S30->S33->S34->S35->S37,L0->L3,1,20,0,0.0,8.451906538817494e-05
S0->S1->S3->S5->S6->S8->S9->S12->S13->S15->S16->S19->S20->S22->S29->S30->S33->S34->S36->S37,L0->L3,1,20,0,0.0,8.451906538817494e-05
S0->S1->S3->S5->S6->S8->S9->S12->S13->S15->S17->S18->S20->S21->S27->S29->S30->S33->S34->S35->S37,L0->L2->L3,1,21,0,0.0,8.451906538817494e-05
S0->S1->S3->S5->S6->S8->S9->S12->S13->S15->S17->S18->S20->S21->S29->S30->S33->S34->S35->S37,L0->L3,1,20,0,0.0,8.451906538817494e-05
S0->S1->S3->S5->S6->S8->S9->S12->S13->S15->S17->S18->S20->S23->S29->S30->S31->S33->S34->S35->S37,L0->L3,1,21,0,0.0,8.451906538817494e-05
S0->S1->S3->S5->S6->S8->S9->S12->S13->S15->S17->S19->S20->S22->S26->S29->S30->S33->S34->S35->S37,L0->L2->L3,1,21,0,0.0,8.451906538817494e-05
S0->S1->S3->S5->S6->S8->S9->S12->S13->S15->S17->S19->S20->S22->S29->S30->S33->S34->S35->S37,L0->L3,1,20,0,0.0,8.451906538817494e-05
S0->S1->S3->S5->S6->S8->S9->S12->S13->S15->S17->S19->S20->S22->S29->S30->S33->S34->S36->S37,L0->L3,1,20,0,0.0,8.451906538817494e-05
S0->S1->S3->S5->S6->S8->S9->S24->S26->S27->S29->S30->S32->S33->S34->S36->S37,L0->L1->L2->L3,1,17,0,0.0,8.451906538817494e-05
S0->S1->S3->S5->S6->S8->S9->S10->S39->S40->S41->S43->S45->S47->S48->S49->S51,L0->L3,1,17,0,0.0,8.451906538817494e-05
S0->S1->S3->S5->S6->S8->S9->S10->S39->S40->S41->S43->S45->S47->S48->S50->S51,L0->L3,1,17,0,0.0,8.451906538817494e-05
S12->S13->S15->S16->S18->S20->S21->S24->S26->S33->S34->S36->S37,L0->L1->L2->L3,1,13,0,0.0,8.451906538817494e-05
S12->S13->S15->S16->S18->S20->S21->S27->S30->S33->S34->S36->S37,L0->L2->L3,1,13,0,0.0,8.451906538817494e-05
S12->S13->S15->S16->S18->S20->S21->S27->S39->S40->S41->S43->S45->S47->S48->S50->S51,L0->L2->L3,1,17,0,0.0,8.451906538817494e-05
S12->S13->S15->S16->S18->S20->S21->S27->S39->S40->S41->S44->S45->S47->S48->S49->S51,L0->L2->L3,1,17,0,0.0,8.451906538817494e-05
S12->S13->S15->S16->S18->S20->S21->S28->S29->S30->S32->S33->S34->S36->S37,L0->L2->L3,1,15,0,0.0,8.451906538817494e-05
S12->S13->S15->S16->S18->S20->S21->S28->S39->S40->S41->S44->S45->S47->S48->S49->S51,L0->L2->L3,1,17,0,0.0,8.451906538817494e-05
S12->S13->S15->S16->S18->S20->S21->S26->S29->S30->S32->S33->S34->S35->S37,L0->L2->L3,1,15,0,0.0,8.451906538817494e-05
S12->S13->S15->S16->S18->S20->S21->S26->S29->S30->S32->S33->S34->S36->S37,L0->L2->L3,1,15,0,0.0,8.451906538817494e-05
S12->S13->S15->S16->S18->S20->S21->S26->S29->S30->S33->S34->S35->S37->S38,L0->L2->L3,1,15,0,0.0,8.451906538817494e-05
S12->S13->S15->S16->S18->S20->S21->S26->S33->S34->S36->S37,L0->L2->L3,1,12,0,0.0,8.451906538817494e-05
S12->S13->S15->S16->S18->S20->S21->S26->S39->S40->S41->S43->S45->S47->S48->S50->S51,L0->L2->L3,1,17,0,0.0,8.451906538817494e-05
S12->S13->S15->S16->S18->S20->S21->S26->S39->S40->S41->S44->S45->S47->S48->S50->S51,L0->L2->L3,1,17,0,0.0,8.451906538817494e-05
S12->S13->S15->S16->S18->S20->S21->S27->S29->S30->S31->S32->S33->S34->S36->S37,L0->L2->L3,1,16,0,0.0,8.451906538817494e-05
S12->S13->S15->S16->S18->S20->S21->S27->S29->S30->S31->S32->S34->S35->S37,L0->L2->L3,1,15,0,0.0,8.451906538817494e-05
S12->S13->S15->S16->S18->S20->S21->S27->S29->S30->S32->S33->S34->S36,L0->L2->L3,1,14,0,0.0,8.451906538817494e-05
S0->S1->S2->S5->S6->S8->S9->S29->S30->S33->S36,L0->L3,1,11,0,0.0,8.451906538817494e-05
S0->S1->S2->S5->S6->S8->S9->S29->S30->S33->S36->S37->S38,L0->L3,1,13,0,0.0,8.451906538817494e-05
S0->S1->S3->S4->S6->S8->S10->S29->S31->S33->S34->S35->S37,L0->L3,1,13,0,0.0,8.451906538817494e-05
S0->S1->S3->S4->S6->S8->S10->S29->S33->S34->S36->S37->S38,L0->L3,1,13,0,0.0,8.451906538817494e-05
S0->S1->S3->S4->S6->S8->S10->S39->S40->S41->S42->S43->S45->S47->S48->S50->S51,L0->L3,1,17,0,0.0,8.451906538817494e-05
S0->S1->S3->S4->S6->S8->S10->S39->S40->S41->S42->S44->S45->S47->S48->S49->S51,L0->L3,1,17,0,0.0,8.451906538817494e-05
S0->S1->S2->S4->S7->S8->S9->S29->S30->S32->S34->S35->S37->S38,L0->L3,1,14,0,0.0,8.451906538817494e-05
S0->S1->S2->S5->S6->S8->S9->S28->S29->S30->S33->S34->S36->S37->S38,L0->L2->L3,1,15,0,0.0,8.451906538817494e-05
S0->S1->S2->S5->S6->S8->S9->S28->S39->S40->S41->S44->S45->S47->S48->S49->S51,L0->L2->L3,1,17,0,0.0,8.451906538817494e-05
S12->S13->S15->S16->S18->S20->S21->S29->S30->S31->S32->S35->S37->S38,L0->L3,1,14,0,0.0,8.451906538817494e-05
S12->S13->S15->S16->S18->S20->S21->S29->S30->S31->S33->S34->S35->S37->S38,L0->L3,1,15,0,0.0,8.451906538817494e-05
S12->S13->S15->S16->S18->S20->S21->S29->S30->S31->S33->S34->S36->S37->S38,L0->L3,1,15,0,0.0,8.451906538817494e-05
S12->S13->S15->S16->S18->S20->S21->S29->S30->S32->S35->S37->S38,L0->L3,1,13,0,0.0,8.451906538817494e-05
S12->S13->S15->S16->S18->S20->S21->S29->S30->S32->S36->S37->S38,L0->L3,1,13,0,0.0,8.451906538817494e-05
S12->S13->S15->S16->S18->S20->S21->S29->S30->S33->S34->S35->S36->S37,L0->L3,1,14,0,0.0,8.451906538817494e-05
S12->S13->S15->S16->S18->S20->S21->S27->S29->S30->S32->S35->S37,L0->L2->L3,1,13,0,0.0,8.451906538817494e-05
S12->S13->S15->S16->S18->S20->S21->S27->S29->S30->S33->S34->S35->S37->S38,L0->L2->L3,1,15,0,0.0,8.451906538817494e-05
S12->S13->S15->S16->S18->S20->S21->S27->S29->S33->S34->S36->S37,L0->L2->L3,1,13,0,0.0,8.451906538817494e-05
S12->S13->S15->S16->S18->S20->S21->S29->S30->S33->S34->S36,L0->L3,1,12,0,0.0,8.451906538817494e-05
S12->S13->S15->S16->S18->S20->S21->S29->S30->S31->S32->S34->S36->S37->S38,L0->L3,1,15,0,0.0,8.451906538817494e-05
S0->S1->S2->S5->S6->S8->S9->S29->S30->S32->S33->S35->S37,L0->L3,1,13,0,0.0,8.451906538817494e-05
S0->S1->S2->S5->S6->S8->S9->S29->S30->S32->S34->S35->S37->S38,L0->L3,1,14,0,0.0,8.451906538817494e-05
S0->S1->S2->S4->S7->S8->S9->S29->S30->S32->S33->S34->S36,L0->L3,1,13,0,0.0,8.451906538817494e-05
S0->S1->S3->S5->S6->S8->S9->S11->S26->S39->S40->S41->S43->S45->S47->S48->S50->S51,L0->L2->L3,1,18,0,0.0,8.451906538817494e-05
S0->S1->S3->S5->S6->S8->S9->S11->S27->S29->S30->S32->S34->S36->S37,L0->L2->L3,1,15,0,0.0,8.451906538817494e-05
S0->S1->S3->S5->S6->S8->S9->S11->S29->S30->S31->S33->S34->S35->S37,L0->L3,1,15,0,0.0,8.451906538817494e-05
S0->S1->S3->S5->S6->S8->S9->S11->S29->S30->S32->S33->S34->S36->S37,L0->L3,1,15,0,0.0,8.451906538817494e-05
S0->S1->S3->S5->S6->S8->S9->S11->S29->S30->S32->S33->S35->S37,L0->L3,1,14,0,0.0,8.451906538817494e-05
S0->S1->S3->S5->S6->S8->S9->S11->S39->S40->S41->S43->S45->S47->S48->S49->S51,L0->L3,1,17,0,0.0,8.451906538817494e-05
S0->S1->S3->S5->S6->S8->S9->S11->S39->S40->S41->S43->S45->S47->S48->S50->S51,L0->L3,1,17,0,0.0,8.451906538817494e-05
S0->S1->S3->S5->S6->S8->S9->S12->S13->S14->S16->S18->S20->S21->S29->S30->S33->S34->S36->S37,L0->L3,1,20,0,0.0,8.451906538817494e-05
S0->S1->S3->S5->S6->S8->S9->S12->S13->S14->S16->S18->S20->S23->S29->S30->S33->S34->S36->S37,L0->L3,1,20,0,0.0,8.451906538817494e-05
S0->S1->S3->S5->S6->S8->S9->S12->S13->S14->S16->S19->S20->S23->S29->S30->S33->S34->S35->S37,L0->L3,1,20,0,0.0,8.451906538817494e-05
S0->S1->S3->S5->S6->S8->S9->S12->S13->S14->S17->S18->S20->S21->S29->S30->S33->S34->S36->S37,L0->L3,1,20,0,0.0,8.451906538817494e-05
S12->S13->S15->S16->S18->S20->S22->S24->S26->S39->S40->S41->S43->S45->S47->S48->S50->S51,L0->L1->L2->L3,1,18,0,0.0,8.451906538817494e-05
S0->S1->S2->S4->S6->S8->S11->S27->S29->S30->S32->S34->S35->S37,L0->L2->L3,1,14,0,0.0,8.451906538817494e-05
S0->S1->S3->S4->S6->S8->S10->S39->S40->S41->S43->S47->S48->S50->S51,L0->L3,1,15,0,0.0,8.451906538817494e-05
S0->S1->S3->S4->S6->S8->S10->S39->S40->S41->S44->S45->S47->S48->S50,L0->L3,1,15,0,0.0,8.451906538817494e-05
S0->S1->S3->S4->S6->S8->S10->S39->S40->S43->S45->S47->S48->S50->S51,L0->L3,1,15,0,0.0,8.451906538817494e-05
S0->S1->S2->S4->S7->S8->S9->S10->S29->S30->S33->S34->S35->S37->S38,L0->L3,1,15,0,0.0,8.451906538817494e-05
S0->S1->S3->S5->S6->S8->S11->S39->S40->S41->S43->S45->S47->S49->S51,L0->L3,1,15,0,0.0,8.451906538817494e-05
S0->S1->S3->S5->S6->S8->S11->S39->S40->S41->S44->S45->S47->S48->S50,L0->L3,1,15,0,0.0,8.451906538817494e-05
S0->S1->S3->S5->S6->S8->S11->S39->S40->S41->S44->S45->S47->S50->S51,L0->L3,1,15,0,0.0,8.451906538817494e-05
S0->S1->S3->S5->S6->S8->S11->S39->S40->S41->S44->S45->S48->S50->S51,L0->L3,1,15,0,0.0,8.451906538817494e-05
S0->S1->S3->S5->S6->S8->S9->S10->S12->S13->S15->S17->S19->S20->S21->S29->S30->S33->S34->S35->S37,L0->L3,1,21,0,0.0,8.451906538817494e-05
S0->S1->S3->S5->S6->S8->S9->S10->S26->S29->S30->S31->S33->S34->S35->S37,L0->L2->L3,1,16,0,0.0,8.451906538817494e-05
S0->S1->S3->S5->S6->S8->S9->S10->S27->S29->S30->S33->S34->S35->S37,L0->L2->L3,1,15,0,0.0,8.451906538817494e-05
S0->S1->S3->S5->S6->S8->S9->S10->S27->S29->S30->S33->S34->S36->S37,L0->L2->L3,1,15,0,0.0,8.451906538817494e-05
S0->S1->S2->S4->S6->S8->S11->S27->S29->S30->S33->S34->S35,L0->L2->L3,1,13,0,0.0,8.451906538817494e-05
S0->S1->S2->S4->S6->S8->S11->S27->S29->S31->S33->S34->S35->S37,L0->L2->L3,1,14,0,0.0,8.451906538817494e-05
S0->S1->S2->S5->S6->S8->S9->S29->S30->S31->S33->S35->S37,L0->L3,1,13,0,0.0,8.451906538817494e-05
S0->S1->S2->S5->S6->S8->S9->S28->S29->S30->S31->S33->S34->S35->S37->S38,L0->L2->L3,1,16,0,0.0,8.451906538817494e-05
S12->S13->S15->S16->S18->S20->S22->S24->S47->S48->S50->S51,L0->L1->L3,1,12,0,0.0,8.451906538817494e-05
S12->S13->S15->S16->S18->S20->S22->S25->S26->S29->S30->S33->S34->S36->S37,L0->L1->L2->L3,1,15,0,0.0,8.451906538817494e-05
S12->S13->S15->S16->S18->S20->S22->S25->S27->S38,L0->L1->L2->L3,1,10,0,0.0,8.451906538817494e-05
S12->S13->S15->S16->S18->S20->S22->S25->S27->S47->S48->S49->S51,L0->L1->L2->L3,1,13,0,0.0,8.451906538817494e-05
S12->S13->S15->S16->S18->S20->S22->S25->S29->S30->S33->S34->S35->S37,L0->L1->L3,1,14,0,0.0,8.451906538817494e-05
S12->S13->S15->S16->S18->S20->S22->S25->S38,L0->L1->L3,1,9,0,0.0,8.451906538817494e-05
S12->S13->S15->S16->S18->S20->S22->S26->S29->S30->S32->S35->S37,L0->L2->L3,1,13,0,0.0,8.451906538817494e-05
S12->S13->S15->S16->S18->S20->S22->S26->S29->S30->S33->S34,L0->L2->L3,1,12,0,0.0,8.451906538817494e-05
S12->S13->S15->S16->S18->S20->S21->S39->S40->S41->S43->S44->S45->S47->S48->S50->S51,L0->L3,1,17,0,0.0,8.451906538817494e-05
S12->S13->S15->S16->S18->S20->S21->S39->S40->S41->S44->S45->S47->S48->S49,L0->L3,1,15,0,0.0,8.451906538817494e-05
S12->S13->S15->S16->S18->S20->S21->S39->S40->S41->S44->S45->S48->S49->S51,L0->L3,1,15,0,0.0,8.451906538817494e-05
S12->S13->S15->S16->S18->S20->S22->S23->S26->S29->S30->S33->S34->S35->S37,L0->L2->L3,1,15,0,0.0,8.451906538817494e-05
S12->S13->S15->S16->S18->S20->S22->S23->S29->S30->S33->S34->S36->S37,L0->L3,1,14,0,0.0,8.451906538817494e-05
S12->S13->S15->S16->S18->S20->S22->S23->S39->S40->S41->S43->S45->S47->S48->S50->S51,L0->L3,1,17,0,0.0,8.451906538817494e-05
S0->S1->S3->S5->S6->S8->S9->S10->S29->S30->S31->S33->S34->S35->S37,L0->L3,1,15,0,0.0,8.451906538817494e-05
S0->S1->S3->S5->S6->S8->S9->S10->S29->S30->S31->S33->S34->S36->S37,L0->L3,1,15,0,0.0,8.451906538817494e-05
S0->S1->S3->S5->S6->S8->S11->S29->S30->S32->S34->S35->S37->S38,L0->L3,1,14,0,0.0,8.451906538817494e-05
S0->S1->S3->S5->S6->S8->S11->S29->S30->S32->S34->S36->S37->S38,L0->L3,1,14,0,0.0,8.451906538817494e-05
S0->S1->S3->S5->S6->S8->S11->S29->S30->S33->S34->S35->S36->S37,L0->L3,1,14,1,1.0,8.451906538817494e-05
S0->S1->S3->S5->S6->S8->S11->S29->S32->S33->S34->S35->S37,L0->L3,1,13,0,0.0,8.451906538817494e-05
S0->S1->S3->S5->S6->S8->S11->S29->S32->S36->S37,L0->L3,1,11,0,0.0,8.451906538817494e-05
S0->S1->S3->S4->S6->S8->S11->S12->S13->S14->S16->S18->S20->S22->S29->S30->S33->S34->S36->S37,L0->L3,1,20,0,0.0,8.451906538817494e-05
S0->S1->S3->S4->S6->S8->S11->S12->S13->S14->S16->S19->S20->S21->S26->S29->S30->S33->S34->S35->S37,L0->L2->L3,1,21,0,0.0,8.451906538817494e-05
S0->S1->S3->S4->S6->S8->S11->S12->S13->S14->S16->S19->S20->S21->S29->S30->S33->S34->S35->S37,L0->L3,1,20,0,0.0,8.451906538817494e-05
S0->S1->S3->S4->S6->S8->S11->S12->S13->S14->S16->S19->S20->S22->S29->S30->S33->S34->S35->S37,L0->L3,1,20,0,0.0,8.451906538817494e-05
S0->S1->S3->S4->S6->S8->S11->S12->S13->S14->S16->S19->S20->S22->S29->S30->S33->S34->S36->S37,L0->L3,1,20,0,0.0,8.451906538817494e-05
S0->S1->S2->S5->S6->S8->S9->S29->S30->S31->S32->S36->S37->S38,L0->L3,1,14,0,0.0,8.451906538817494e-05
S0->S1->S2->S5->S6->S8->S9->S29->S30->S31->S32->S37,L0->L3,1,12,0,0.0,8.451906538817494e-05
S0->S1->S2->S5->S6->S8->S9->S29->S30->S31->S33->S34->S35->S38,L0->L3,1,14,0,0.0,8.451906538817494e-05
S0->S1->S2->S5->S6->S8->S9->S29->S30->S31->S33->S34->S36,L0->L3,1,13,0,0.0,8.451906538817494e-05
S0->S1->S2->S4->S7->S8->S10->S28->S39->S40->S41->S44->S45->S47->S48->S49->S51,L0->L2->L3,1,17,0,0.0,8.451906538817494e-05
S12->S13->S15->S16->S18->S20->S22->S27->S29->S30->S32->S34->S36->S37->S38,L0->L2->L3,1,15,1,1.0,8.451906538817494e-05
S12->S13->S15->S16->S18->S20->S22->S27->S29->S30->S32->S36->S37,L0->L2->L3,1,13,0,0.0,8.451906538817494e-05
S12->S13->S15->S16->S18->S20->S22->S27->S29->S30->S32->S36->S37->S38,L0->L2->L3,1,14,0,0.0,8.451906538817494e-05
S12->S13->S15->S16->S18->S20->S22->S27->S38,L0->L2->L3,1,9,0,0.0,8.451906538817494e-05
S12->S13->S15->S16->S18->S20->S22->S27->S39->S40->S41->S43->S45->S47->S48->S49->S51,L0->L2->L3,1,17,0,0.0,8.451906538817494e-05
S12->S13->S15->S16->S18->S20->S22->S28->S29->S30->S32->S33->S34->S35->S37->S38,L0->L2->L3,1,16,0,0.0,8.451906538817494e-05
S12->S13->S15->S16->S18->S20->S22->S26->S33->S34->S35->S37,L0->L2->L3,1,12,0,0.0,8.451906538817494e-05
S12->S13->S15->S16->S18->S20->S22->S26->S33->S34->S36->S37,L0->L2->L3,1,12,0,0.0,8.451906538817494e-05
S0->S1->S2->S4->S6->S8->S11->S26->S29->S30->S33->S34->S35,L0->L2->L3,1,13,0,0.0,8.451906538817494e-05
S0->S1->S2->S4->S6->S8->S11->S27->S29->S30->S31->S32->S33->S34->S36->S37,L0->L2->L3,1,16,0,0.0,8.451906538817494e-05
S0->S1->S2->S4->S6->S8->S11->S27->S29->S30->S31->S33->S34->S35->S37,L0->L2->L3,1,15,0,0.0,8.451906538817494e-05
S12->S13->S15->S16->S18->S20->S22->S26->S39->S40->S41->S43->S45->S47->S48->S49->S51,L0->L2->L3,1,17,0,0.0,8.451906538817494e-05
S12->S13->S15->S16->S18->S20->S22->S27->S29->S30->S31->S32->S33->S34->S35->S37,L0->L2->L3,1,16,0,0.0,8.451906538817494e-05
S12->S13->S15->S16->S18->S20->S22->S24->S27->S39->S40->S41->S44->S45->S47->S48->S49->S51,L0->L1->L2->L3,1,18,0,0.0,8.451906538817494e-05
S12->S13->S15->S16->S18->S20->S22->S24->S29->S30->S33->S34->S36->S37,L0->L1->L3,1,14,0,0.0,8.451906538817494e-05
S0->S1->S3->S5->S6->S8->S11->S28->S39->S40->S41->S44->S45->S47->S48->S50->S51,L0->L2->L3,1,17,0,0.0,8.451906538817494e-05
S0->S1->S3->S5->S6->S8->S11->S29->S30->S31->S32->S34->S36->S37,L0->L3,1,14,0,0.0,8.451906538817494e-05
S0->S1->S3->S5->S6->S8->S11->S29->S30->S31->S33->S34->S36,L0->L3,1,13,0,0.0,8.451906538817494e-05
S0->S1->S3->S5->S6->S8->S11->S29->S30->S32->S33->S34->S35,L0->L3,1,13,0,0.0,8.451906538817494e-05
S0->S1->S3->S5->S6->S8->S11->S27->S29->S30->S32->S34->S35->S37,L0->L2->L3,1,14,0,0.0,8.451906538817494e-05
S0->S1->S3->S4->S6->S8->S11->S12->S13->S14->S16->S19->S20->S23->S29->S30->S33->S34->S36->S37,L0->L3,1,20,0,0.0,8.451906538817494e-05
S0->S1->S3->S4->S6->S8->S11->S12->S13->S14->S17->S18->S20->S21->S29->S30->S33->S34->S35->S37,L0->L3,1,20,0,0.0,8.451906538817494e-05
S0->S1->S3->S4->S6->S8->S11->S12->S13->S14->S17->S18->S20->S22->S29->S30->S33->S34->S35->S37,L0->L3,1,20,0,0.0,8.451906538817494e-05
S0->S1->S3->S4->S6->S8->S11->S12->S13->S14->S17->S19->S20->S22->S26->S29->S30->S33->S34->S36->S37,L0->L2->L3,1,21,0,0.0,8.451906538817494e-05
S0->S1->S3->S4->S6->S8->S11->S12->S13->S14->S17->S19->S20->S23->S29->S30->S33->S34->S35->S37,L0->L3,1,20,0,0.0,8.451906538817494e-05
S0->S1->S3->S4->S6->S8->S11->S12->S13->S15->S16->S18->S20->S21->S27->S29->S30->S33->S34->S36->S37,L0->L2->L3,1,21,0,0.0,8.451906538817494e-05
S0->S1->S2->S4->S7->S8->S10->S28->S29->S30->S31->S32->S33->S34->S35->S37,L0->L2->L3,1,16,0,0.0,8.451906538817494e-05
S0->S1->S2->S4->S7->S8->S10->S28->S29->S30->S31->S33->S34->S36->S37->S38,L0->L2->L3,1,16,0,0.0,8.451906538817494e-05
S0->S1->S2->S4->S7->S8->S10->S28->S29->S30->S33->S34->S36->S37->S38,L0->L2->L3,1,15,0,0.0,8.451906538817494e-05
S0->S1->S2->S4->S7->S8->S10->S28->S39->S40->S41->S43->S45->S47->S48->S49->S51,L0->L2->L3,1,17,0,0.0,8.451906538817494e-05
S0->S1->S2->S4->S7->S8->S10->S28->S39->S40->S41->S43->S45->S47->S48->S50->S51,L0->L2->L3,1,17,0,0.0,8.451906538817494e-05
S0->S1->S3->S5->S6->S8->S11->S27->S29->S30->S33->S34->S35,L0->L2->L3,1,13,0,0.0,8.451906538817494e-05
S0->S1->S3->S5->S6->S8->S11->S27->S38,L0->L2->L3,1,9,0,0.0,8.451906538817494e-05
S0->S1->S3->S5->S6->S8->S11->S26->S29->S30->S32->S33->S34->S36->S37->S38,L0->L2->L3,1,16,0,0.0,8.451906538817494e-05
S0->S1->S3->S4->S6->S8->S11->S12->S13->S15->S16->S18->S20->S23->S29->S30->S33->S34->S36->S37,L0->L3,1,20,0,0.0,8.451906538817494e-05
S0->S1->S3->S4->S6->S8->S11->S12->S13->S15->S16->S19->S20->S21->S29->S30->S33->S34->S36->S37,L0->L3,1,20,0,0.0,8.451906538817494e-05
S0->S1->S3->S4->S6->S8->S11->S12->S13->S15->S17->S18->S20->S21->S26->S29->S30->S33->S34->S35->S37,L0->L2->L3,1,21,0,0.0,8.451906538817494e-05
S0->S1->S3->S4->S6->S8->S11->S12->S13->S15->S17->S18->S20->S22->S26->S29->S30->S33->S34->S35->S37,L0->L2->L3,1,21,0,0.0,8.451906538817494e-05
S0->S1->S3->S4->S6->S8->S11->S12->S13->S15->S17->S18->S20->S22->S29->S30->S33->S34->S35->S37,L0->L3,1,20,0,0.0,8.451906538817494e-05
S12->S13->S15->S16->S18->S20->S22->S29->S30->S31->S32->S34->S35->S37,L0->L3,1,14,0,0.0,8.451906538817494e-05
S12->S13->S15->S16->S18->S20->S22->S29->S30->S31->S32->S36->S37,L0->L3,1,13,0,0.0,8.451906538817494e-05
S12->S13->S15->S16->S18->S20->S22->S29->S30->S31->S33->S34->S35,L0->L3,1,13,0,0.0,8.451906538817494e-05
S12->S13->S15->S16->S18->S20->S22->S29->S30->S31->S33->S35->S37,L0->L3,1,13,0,0.0,8.451906538817494e-05
S12->S13->S15->S16->S18->S20->S22->S29->S30->S31->S33->S36->S37,L0->L3,1,13,0,0.0,8.451906538817494e-05
S12->S13->S15->S16->S18->S20->S22->S29->S30->S32->S33->S34->S36->S37->S38,L0->L3,1,15,0,0.0,8.451906538817494e-05
S12->S13->S15->S16->S18->S20->S22->S27->S29->S30->S32->S33->S34->S36->S37->S38,L0->L2->L3,1,16,0,0.0,8.451906538817494e-05
S12->S13->S15->S16->S18->S20->S22->S27->S29->S30->S32->S34->S36->S37,L0->L2->L3,1,14,1,1.0,8.451906538817494e-05
S0->S1->S3->S4->S6->S8->S11->S12->S13->S15->S17->S18->S20->S23->S29->S30->S33->S34->S36->S37,L0->L3,1,20,0,0.0,8.451906538817494e-05
S0->S1->S3->S4->S6->S8->S11->S12->S13->S15->S17->S19->S20->S22->S29->S30->S33->S34->S35->S37,L0->L3,1,20,0,0.0,8.451906538817494e-05
S0->S1->S3->S4->S6->S8->S10->S40->S41->S44->S45->S47->S48->S50->S51,L0->L3,1,15,0,0.0,8.451906538817494e-05
S0->S1->S3->S4->S6->S8->S11->S12->S13->S14->S16->S18->S20->S22->S29->S30->S33->S34->S35,L0->L3,1,19,0,0.0,8.451906538817494e-05
S0->S1->S3->S5->S6->S8->S11->S26->S29->S30->S32->S35->S37,L0->L2->L3,1,13,0,0.0,8.451906538817494e-05
S0->S1->S3->S5->S6->S8->S11->S26->S29->S33->S34->S35->S37,L0->L2->L3,1,13,0,0.0,8.451906538817494e-05
S0->S1->S3->S5->S6->S8->S11->S24->S33->S34->S35->S37,L0->L1->L3,1,12,0,0.0,8.451906538817494e-05
S12->S13->S15->S16->S18->S20->S22->S29->S30->S33->S34->S35->S36->S37,L0->L3,1,14,0,0.0,8.451906538817494e-05
S12->S13->S15->S16->S18->S20->S22->S29->S32->S33->S34->S36->S37,L0->L3,1,13,0,0.0,8.451906538817494e-05
S12->S13->S15->S16->S18->S20->S22->S28->S29->S30->S33->S34->S35->S37->S38,L0->L2->L3,1,15,0,0.0,8.451906538817494e-05
S0->S1->S2->S4->S7->S8->S9->S29->S30->S32->S37->S38,L0->L3,1,12,0,0.0,8.451906538817494e-05
S0->S1->S2->S4->S7->S8->S9->S29->S32->S33->S34->S35->S37,L0->L3,1,13,0,0.0,8.451906538817494e-05
S0->S1->S2->S4->S7->S8->S9->S29->S33->S34->S35->S37->S38,L0->L3,1,13,0,0.0,8.451906538817494e-05
S0->S1->S2->S5->S6->S8->S9->S28->S29->S30->S32->S34->S36->S37,L0->L2->L3,1,14,0,0.0,8.451906538817494e-05
S0->S1->S2->S5->S6->S8->S9->S28->S29->S30->S32->S36->S37,L0->L2->L3,1,13,0,0.0,8.451906538817494e-05
S0->S1->S2->S5->S6->S8->S9->S28->S29->S30->S33->S34->S35->S37->S38,L0->L2->L3,1,15,0,0.0,8.451906538817494e-05
S0->S1->S2->S4->S6->S8->S11->S26->S27->S29->S30->S32->S34->S36->S37,L0->L2->L3,1,15,0,0.0,8.451906538817494e-05
S0->S1->S2->S4->S6->S8->S11->S26->S27->S39->S40->S41->S44->S45->S47->S48->S50->S51,L0->L2->L3,1,18,0,0.0,8.451906538817494e-05
S0->S1->S2->S4->S6->S8->S11->S26->S29->S30->S31->S33->S34->S35->S37->S38,L0->L2->L3,1,16,0,0.0,8.451906538817494e-05
S0->S1->S2->S4->S6->S8->S11->S26->S29->S30->S32->S34->S35->S37,L0->L2->L3,1,14,0,0.0,8.451906538817494e-05
S12->S13->S15->S16->S18->S20->S23->S25->S29->S30->S32->S33->S34->S36->S37,L0->L1->L3,1,15,0,0.0,8.451906538817494e-05
S12->S13->S15->S16->S18->S20->S23->S26->S27->S39->S40->S41->S43->S45->S47->S48->S49->S51,L0->L2->L3,1,18,0,0.0,8.451906538817494e-05
S12->S13->S15->S16->S18->S20->S23->S26->S28->S29->S30->S32->S33->S34->S35->S37,L0->L2->L3,1,16,0,0.0,8.451906538817494e-05
S12->S13->S15->S16->S18->S20->S22->S39->S40->S41->S43->S45->S47->S48->S49,L0->L3,1,15,0,0.0,8.451906538817494e-05
S0->S1->S2->S5->S6->S8->S9->S27->S29->S30->S32->S36->S37->S38,L0->L2->L3,1,14,0,0.0,8.451906538817494e-05
S0->S1->S2->S5->S6->S8->S9->S27->S29->S33->S34->S35->S37,L0->L2->L3,1,13,0,0.0,8.451906538817494e-05
S0->S1->S2->S5->S6->S8->S9->S28->S29->S30->S31->S33->S34->S35,L0->L2->L3,1,14,0,0.0,8.451906538817494e-05
S0->S1->S2->S5->S6->S8->S9->S26->S29->S30->S32->S33->S34->S36->S37->S38,L0->L2->L3,1,16,0,0.0,8.451906538817494e-05
S0->S1->S2->S5->S6->S8->S9->S26->S29->S30->S32->S34->S35->S37,L0->L2->L3,1,14,0,0.0,8.451906538817494e-05
S12->S13->S15->S16->S18->S20->S22->S39->S40->S41->S44->S45->S47->S49->S51,L0->L3,1,15,0,0.0,8.451906538817494e-05
S12->S13->S15->S16->S18->S20->S23->S24->S29->S30->S32->S33->S34->S35->S37,L0->L1->L3,1,15,0,0.0,8.451906538817494e-05
S12->S13->S15->S16->S18->S20->S23->S25->S27->S29->S30->S33->S34->S36->S37,L0->L1->L2->L3,1,15,0,0.0,8.451906538817494e-05
S12->S13->S15->S16->S18->S20->S23->S26->S39->S40->S41->S44->S45->S47->S48->S49->S51,L0->L2->L3,1,17,0,0.0,8.451906538817494e-05
S0->S1->S2->S4->S6->S8->S11->S25->S29->S30->S33->S34->S36->S37,L0->L1->L3,1,14,0,0.0,8.451906538817494e-05
S0->S1->S2->S4->S6->S8->S11->S26->S27->S29->S30->S32->S33->S34->S35->S37,L0->L2->L3,1,16,0,0.0,8.451906538817494e-05
S0->S1->S2->S4->S6->S8->S11->S26->S27->S29->S30->S32->S34->S35->S37,L0->L2->L3,1,15,0,0.0,8.451906538817494e-05
S0->S1->S3->S5->S6->S8->S11->S25->S26->S29->S30->S32->S33->S34->S36->S37,L0->L1->L2->L3,1,16,0,0.0,8.451906538817494e-05
S0->S1->S3->S5->S6->S8->S11->S25->S27->S29->S30->S32->S33->S34->S35->S37,L0->L1->L2->L3,1,16,0,0.0,8.451906538817494e-05
S0->S1->S3->S5->S6->S8->S11->S25->S29->S30->S33->S34->S35->S37,L0->L1->L3,1,14,0,0.0,8.451906538817494e-05
S0->S1->S3->S5->S6->S8->S11->S25->S29->S30->S33->S34->S36->S37,L0->L1->L3,1,14,0,0.0,8.451906538817494e-05
S0->S1->S3->S5->S6->S8->S11->S25->S29->S30->S33->S34->S36->S37->S38,L0->L1->L3,1,15,0,0.0,8.451906538817494e-05
S0->S1->S3->S5->S6->S8->S11->S26->S27->S29->S30->S32->S33->S34->S36->S37,L0->L2->L3,1,16,0,0.0,8.451906538817494e-05
S0->S1->S3->S5->S6->S8->S11->S26->S27->S29->S30->S33->S34->S35->S37,L0->L2->L3,1,15,1,1.0,8.451906538817494e-05
S0->S1->S3->S5->S6->S8->S11->S26->S27->S29->S30->S33->S34->S35->S37->S38,L0->L2->L3,1,16,0,0.0,8.451906538817494e-05
S0->S1->S3->S5->S6->S8->S11->S26->S29->S30->S31->S33->S34->S36->S37->S38,L0->L2->L3,1,16,0,0.0,8.451906538817494e-05
S0->S1->S2->S4->S7->S8->S10->S29->S30->S31->S32->S33->S34->S35->S37->S38,L0->L3,1,16,0,0.0,8.451906538817494e-05
S0->S1->S2->S4->S7->S8->S10->S29->S30->S31->S32->S34->S35->S37,L0->L3,1,14,0,0.0,8.451906538817494e-05
S0->S1->S2->S4->S7->S8->S10->S29->S30->S31->S32->S34->S36->S37,L0->L3,1,14,1,1.0,8.451906538817494e-05
S12->S13->S15->S16->S18->S20->S23->S27->S38,L0->L2->L3,1,9,0,0.0,8.451906538817494e-05
S12->S13->S15->S16->S18->S20->S23->S27->S39->S40->S41->S43->S45->S47->S48->S50->S51,L0->L2->L3,1,17,1,1.0,8.451906538817494e-05
S12->S13->S15->S16->S18->S20->S23->S27->S39->S40->S41->S44->S45->S47->S48->S49->S51,L0->L2->L3,1,17,0,0.0,8.451906538817494e-05
S0->S1->S2->S4->S7->S8->S10->S29->S30->S31->S32->S34->S36->S37->S38,L0->L3,1,15,0,0.0,8.451906538817494e-05
S0->S1->S2->S4->S7->S8->S10->S29->S30->S31->S32->S35->S37->S38,L0->L3,1,14,0,0.0,8.451906538817494e-05
S0->S1->S2->S4->S7->S8->S10->S29->S30->S31->S32->S36->S37,L0->L3,1,13,1,1.0,8.451906538817494e-05
S0->S1->S3->S5->S6->S8->S11->S24->S29->S30->S32->S36->S37,L0->L1->L3,1,13,0,0.0,8.451906538817494e-05
S0->S1->S3->S4->S6->S8->S11->S24->S27->S39->S40->S41->S44->S45->S47->S48->S49->S51,L0->L1->L2->L3,1,18,0,0.0,8.451906538817494e-05
S0->S1->S3->S4->S6->S8->S11->S24->S29->S30->S32->S33->S34->S35->S37,L0->L1->L3,1,15,0,0.0,8.451906538817494e-05
S0->S1->S3->S4->S6->S8->S11->S24->S29->S30->S33->S34->S36->S37->S38,L0->L1->L3,1,15,0,0.0,8.451906538817494e-05
S0->S1->S3->S4->S6->S8->S11->S25->S26->S27->S29->S30->S33->S34->S35->S37,L0->L1->L2->L3,1,16,0,0.0,8.451906538817494e-05
S12->S13->S15->S16->S18->S20->S23->S26->S29->S30->S32->S34->S35->S37,L0->L2->L3,1,14,0,0.0,8.451906538817494e-05
S12->S13->S15->S16->S18->S20->S23->S26->S29->S30->S32->S34->S36->S37,L0->L2->L3,1,14,0,0.0,8.451906538817494e-05
S12->S13->S15->S16->S18->S20->S23->S26->S29->S33->S34->S35->S37,L0->L2->L3,1,13,0,0.0,8.451906538817494e-05
S12->S13->S15->S16->S18->S20->S23->S26->S33->S34->S36->S37,L0->L2->L3,1,12,0,0.0,8.451906538817494e-05
S12->S13->S15->S16->S18->S20->S23->S26->S38,L0->L2->L3,1,9,0,0.0,8.451906538817494e-05
S12->S13->S15->S16->S18->S20->S23->S29->S30->S31->S33->S35->S37->S38,L0->L3,1,14,0,0.0,8.451906538817494e-05
S12->S13->S15->S16->S18->S20->S23->S29->S30->S32->S33->S34->S36->S37->S38,L0->L3,1,15,0,0.0,8.451906538817494e-05
S12->S13->S15->S16->S18->S20->S23->S29->S30->S32->S34->S35->S37->S38,L0->L3,1,14,0,0.0,8.451906538817494e-05
S0->S1->S3->S4->S6->S8->S11->S25->S27->S29->S30->S32->S36->S37,L0->L1->L2->L3,1,14,0,0.0,8.451906538817494e-05
S0->S1->S3->S4->S6->S8->S11->S25->S27->S29->S30->S33->S34->S35->S37,L0->L1->L2->L3,1,15,0,0.0,8.451906538817494e-05
S0->S1->S3->S4->S6->S8->S11->S12->S13->S15->S16->S18->S20->S21->S29->S30->S31->S33->S34->S35->S37,L0->L3,1,21,0,0.0,8.451906538817494e-05
S0->S1->S3->S4->S6->S8->S11->S12->S13->S15->S16->S18->S20->S22->S29->S30->S33->S34->S35->S37,L0->L3,1,20,0,0.0,8.451906538817494e-05
S0->S1->S3->S5->S6->S8->S11->S12->S13->S15->S16->S19->S20->S21->S29->S30->S33->S34->S36->S37,L0->L3,1,20,0,0.0,8.451906538817494e-05
S0->S1->S3->S5->S6->S8->S11->S12->S13->S15->S16->S19->S20->S22->S29->S30->S33->S34->S36->S37,L0->L3,1,20,0,0.0,8.451906538817494e-05
S0->S1->S3->S5->S6->S8->S11->S12->S13->S15->S17->S18->S20->S23->S29->S30->S33->S34->S35->S37,L0->L3,1,20,0,0.0,8.451906538817494e-05
S0->S1->S3->S5->S6->S8->S11->S12->S13->S15->S17->S19->S20->S21->S29->S30->S33->S34->S35->S37,L0->L3,1,20,0,0.0,8.451906538817494e-05
S0->S1->S3->S5->S6->S8->S11->S12->S13->S15->S17->S19->S20->S23->S29->S30->S33->S34->S36->S37,L0->L3,1,20,0,0.0,8.451906538817494e-05
S12->S13->S15->S16->S18->S20->S23->S27->S29->S30->S32->S34->S35->S37,L0->L2->L3,1,14,0,0.0,8.451906538817494e-05
S12->S13->S15->S16->S18->S20->S23->S27->S29->S30->S32->S35->S37,L0->L2->L3,1,13,0,0.0,8.451906538817494e-05
S12->S13->S15->S16->S18->S20->S23->S27->S29->S30->S32->S36->S37->S38,L0->L2->L3,1,14,0,0.0,8.451906538817494e-05
S12->S13->S15->S16->S18->S20->S23->S27->S29->S33->S34->S35->S37,L0->L2->L3,1,13,0,0.0,8.451906538817494e-05
S12->S13->S15->S16->S18->S20->S23->S29->S32->S36->S37,L0->L3,1,11,1,1.0,8.451906538817494e-05
S12->S13->S15->S16->S18->S20->S23->S29->S33->S34->S35->S37->S38,L0->L3,1,13,0,0.0,8.451906538817494e-05
S0->S1->S2->S4->S6->S8->S11->S12->S13->S15->S17->S19->S20->S22->S29->S30->S33->S34->S36->S37,L0->L3,1,20,0,0.0,8.451906538817494e-05
S0->S1->S2->S4->S6->S8->S11->S12->S13->S15->S17->S19->S20->S23->S29->S30->S33->S34->S35->S37,L0->L3,1,20,0,0.0,8.451906538817494e-05
S12->S13->S15->S16->S18->S20->S23->S27->S39->S40->S41->S44->S45->S47->S48->S50->S51,L0->L2->L3,1,17,0,0.0,8.451906538817494e-05
S12->S13->S15->S16->S18->S20->S23->S28->S29->S30->S31->S33->S34->S36->S37,L0->L2->L3,1,15,0,0.0,8.451906538817494e-05
S0->S1->S2->S5->S6->S8->S9->S26->S29->S30->S32->S35->S37->S38,L0->L2->L3,1,14,0,0.0,8.451906538817494e-05
S0->S1->S2->S5->S6->S8->S9->S26->S29->S30->S33->S34->S36,L0->L2->L3,1,13,0,0.0,8.451906538817494e-05
S0->S1->S2->S5->S6->S8->S9->S26->S29->S33->S34->S35->S37->S38,L0->L2->L3,1,14,0,0.0,8.451906538817494e-05
S0->S1->S2->S5->S6->S8->S9->S26->S29->S33->S34->S36->S37,L0->L2->L3,1,13,0,0.0,8.451906538817494e-05
S0->S1->S2->S5->S6->S8->S9->S26->S30->S33->S34->S35->S37,L0->L2->L3,1,13,0,0.0,8.451906538817494e-05
S0->S1->S2->S5->S6->S8->S9->S26->S30->S33->S34->S36->S37,L0->L2->L3,1,13,0,0.0,8.451906538817494e-05
S0->S1->S2->S5->S6->S8->S9->S26->S38,L0->L2->L3,1,9,0,0.0,8.451906538817494e-05
S12->S13->S15->S16->S18->S20->S23->S28->S39->S40->S41->S44->S45->S47->S48->S50->S51,L0->L2->L3,1,17,0,0.0,8.451906538817494e-05
S12->S13->S15->S16->S18->S20->S23->S29->S30->S31->S32->S34->S36->S37,L0->L3,1,14,0,0.0,8.451906538817494e-05
S12->S13->S15->S16->S18->S20->S23->S29->S30->S31->S32->S36->S37,L0->L3,1,13,0,0.0,8.451906538817494e-05
S0->S1->S2->S4->S6->S8->S11->S24->S27->S29->S30->S32->S33->S34->S35->S37,L0->L1->L2->L3,1,16,0,0.0,8.451906538817494e-05
S0->S1->S2->S4->S6->S8->S11->S24->S27->S33->S34->S36->S37,L0->L1->L2->L3,1,13,0,0.0,8.451906538817494e-05
S0->S1->S2->S4->S6->S8->S11->S24->S27->S39->S40->S41->S43->S45->S47->S48->S49->S51,L0->L1->L2->L3,1,18,0,0.0,8.451906538817494e-05
S0->S1->S2->S4->S6->S8->S11->S24->S28->S29->S30->S32->S33->S34->S36->S37,L0->L1->L2->L3,1,16,0,0.0,8.451906538817494e-05
S0->S1->S3->S5->S6->S8->S10->S39->S40->S41->S44->S45->S47->S50->S51,L0->L3,1,15,0,0.0,8.451906538817494e-05
S0->S1->S3->S5->S6->S8->S10->S39->S40->S41->S44->S45->S48->S49->S51,L0->L3,1,15,0,0.0,8.451906538817494e-05
S0->S1->S3->S5->S6->S8->S11->S12->S13->S14->S16->S18->S20->S21->S26->S29->S30->S33->S34->S36->S37,L0->L2->L3,1,21,0,0.0,8.451906538817494e-05
S0->S1->S3->S5->S6->S8->S11->S12->S13->S14->S16->S18->S20->S21->S29->S30->S33->S34->S35->S37,L0->L3,1,20,0,0.0,8.451906538817494e-05
S0->S1->S3->S5->S6->S8->S11->S12->S13->S14->S16->S19->S20->S21->S29->S30->S33->S34->S35->S37,L0->L3,1,20,0,0.0,8.451906538817494e-05
S0->S1->S3->S5->S6->S8->S11->S12->S13->S14->S16->S19->S20->S23->S26->S29->S30->S33->S34->S36->S37,L0->L2->L3,1,21,0,0.0,8.451906538817494e-05
S0->S1->S3->S5->S6->S8->S11->S12->S13->S14->S17->S18->S20->S21->S29->S30->S33->S34->S36->S37,L0->L3,1,20,0,0.0,8.451906538817494e-05
S0->S1->S3->S5->S6->S8->S11->S12->S13->S14->S17->S18->S20->S23->S26->S29->S30->S33->S34->S35->S37,L0->L2->L3,1,21,0,0.0,8.451906538817494e-05
S0->S1->S3->S5->S6->S8->S11->S12->S13->S14->S17->S19->S20->S22->S26->S29->S30->S33->S34->S35->S37,L0->L2->L3,1,21,0,0.0,8.451906538817494e-05
S0->S1->S3->S5->S6->S8->S11->S12->S13->S14->S17->S19->S20->S23->S29->S30->S33->S34->S35->S37,L0->L3,1,20,0,0.0,8.451906538817494e-05
S0->S1->S3->S5->S6->S8->S11->S12->S13->S15->S16->S18->S20->S21->S27->S29->S30->S33->S34->S35->S37,L0->L2->L3,1,21,0,0.0,8.451906538817494e-05
S0->S1->S3->S5->S6->S8->S11->S12->S13->S15->S16->S18->S20->S21->S29->S30->S33->S34->S36->S37,L0->L3,1,20,0,0.0,8.451906538817494e-05
S0->S1->S2->S4->S7->S8->S11->S39->S40->S44->S45->S47->S48->S50->S51,L0->L3,1,15,0,0.0,8.451906538817494e-05
S12->S13->S15->S16->S19->S20->S21->S23->S39->S40->S41->S43->S45->S47->S48->S49->S51,L0->L3,1,17,0,0.0,8.451906538817494e-05
S12->S13->S15->S16->S19->S20->S21->S24->S26->S39->S40->S41->S44->S45->S47->S48->S49->S51,L0->L1->L2->L3,1,18,0,0.0,8.451906538817494e-05
S12->S13->S15->S16->S19->S20->S21->S24->S26->S39->S40->S41->S44->S45->S47->S48->S50->S51,L0->L1->L2->L3,1,18,0,0.0,8.451906538817494e-05
S12->S13->S15->S16->S19->S20->S21->S24->S27->S39->S40->S41->S44->S45->S47->S48->S49->S51,L0->L1->L2->L3,1,18,0,0.0,8.451906538817494e-05
S12->S13->S15->S16->S19->S20->S21->S24->S27->S39->S40->S41->S44->S45->S47->S48->S50->S51,L0->L1->L2->L3,1,18,0,0.0,8.451906538817494e-05
S12->S13->S15->S16->S19->S20->S21->S24->S29->S30->S33->S34->S35->S37,L0->L1->L3,1,14,0,0.0,8.451906538817494e-05
S0->S1->S2->S5->S6->S8->S9->S25->S28->S29->S30->S33->S34->S35->S37,L0->L1->L2->L3,1,15,0,0.0,8.451906538817494e-05
S0->S1->S2->S5->S6->S8->S9->S25->S28->S29->S30->S33->S34->S36->S37,L0->L1->L2->L3,1,15,0,0.0,8.451906538817494e-05
S0->S1->S2->S5->S6->S8->S9->S26->S27->S29->S30->S32->S33->S34->S36->S37,L0->L2->L3,1,16,0,0.0,8.451906538817494e-05
S0->S1->S2->S5->S6->S8->S9->S26->S27->S29->S30->S33->S34->S35->S37,L0->L2->L3,1,15,0,0.0,8.451906538817494e-05
S0->S1->S2->S5->S6->S8->S9->S26->S29->S30->S31->S32->S33->S34->S36->S37,L0->L2->L3,1,16,0,0.0,8.451906538817494e-05
S0->S1->S2->S5->S6->S8->S9->S26->S29->S30->S31->S32->S37,L0->L2->L3,1,13,0,0.0,8.451906538817494e-05
S0->S1->S2->S5->S6->S8->S9->S26->S29->S30->S32->S33->S34->S35->S37->S38,L0->L2->L3,1,16,0,0.0,8.451906538817494e-05
S0->S1->S2->S5->S6->S8->S9->S24->S26->S39->S40->S41->S43->S45->S47->S48->S49->S51,L0->L1->L2->L3,1,18,0,0.0,8.451906538817494e-05
S0->S1->S2->S4->S6->S8->S11->S24->S26->S39->S40->S41->S43->S45->S47->S48->S49->S51,L0->L1->L2->L3,1,18,0,0.0,8.451906538817494e-05
S12->S13->S15->S16->S19->S20->S21->S26->S30->S33->S34->S35->S37,L0->L2->L3,1,13,0,0.0,8.451906538817494e-05
S12->S13->S15->S16->S19->S20->S21->S26->S39->S40->S41->S43->S45->S47->S48->S50->S51,L0->L2->L3,1,17,0,0.0,8.451906538817494e-05
S12->S13->S15->S16->S18->S20->S23->S39->S40->S41->S44->S45->S47->S48->S50,L0->L3,1,15,0,0.0,8.451906538817494e-05
S12->S13->S15->S16->S19->S20->S21->S22->S29->S30->S33->S34->S35->S37->S38,L0->L3,1,15,0,0.0,8.451906538817494e-05
S0->S1->S3->S5->S6->S8->S10->S29->S30->S32->S34->S36->S37->S38,L0->L3,1,14,0,0.0,8.451906538817494e-05
S0->S1->S3->S5->S6->S8->S10->S29->S31->S33->S34->S36->S37,L0->L3,1,13,0,0.0,8.451906538817494e-05
S0->S1->S3->S5->S6->S8->S10->S29->S32->S34->S35->S37,L0->L3,1,12,0,0.0,8.451906538817494e-05
S0->S1->S3->S5->S6->S8->S10->S39->S40->S41->S43->S45->S47->S48->S49->S50->S51,L0->L3,1,17,0,0.0,8.451906538817494e-05
S0->S1->S3->S5->S6->S8->S10->S39->S40->S41->S43->S45->S48->S49->S51,L0->L3,1,15,0,0.0,8.451906538817494e-05
S0->S1->S3->S5->S6->S8->S10->S39->S40->S41->S44->S45->S47->S48->S49->S50->S51,L0->L3,1,17,0,0.0,8.451906538817494e-05
S0->S1->S3->S5->S6->S8->S10->S39->S40->S41->S44->S45->S47->S49->S51,L0->L3,1,15,0,0.0,8.451906538817494e-05
S0->S1->S3->S5->S6->S8->S10->S29->S30->S31->S33->S36->S37,L0->L3,1,13,0,0.0,8.451906538817494e-05
S0->S1->S2->S4->S7->S8->S11->S39->S40->S41->S43->S45->S47->S49->S51,L0->L3,1,15,0,0.0,8.451906538817494e-05
S0->S1->S2->S4->S7->S8->S11->S39->S40->S41->S43->S47->S48->S49->S51,L0->L3,1,15,0,0.0,8.451906538817494e-05
S0->S1->S2->S4->S7->S8->S11->S39->S40->S41->S44->S45->S47->S48->S49,L0->L3,1,15,0,0.0,8.451906538817494e-05
S0->S1->S2->S4->S7->S8->S11->S39->S40->S41->S44->S45->S47->S50->S51,L0->L3,1,15,1,1.0,8.451906538817494e-05
S12->S13->S15->S16->S19->S20->S21->S27->S39->S40->S41->S44->S45->S47->S48->S50->S51,L0->L2->L3,1,17,0,0.0,8.451906538817494e-05
S12->S13->S15->S16->S19->S20->S21->S25->S26->S27->S29->S30->S33->S34->S36->S37,L0->L1->L2->L3,1,16,0,0.0,8.451906538817494e-05
S0->S1->S2->S4->S7->S8->S29->S30->S33->S34->S36->S37,L0->L3,1,12,0,0.0,8.451906538817494e-05
S0->S1->S2->S4->S7->S8->S9->S10->S26->S29->S30->S33->S34->S35->S37,L0->L2->L3,1,15,0,0.0,8.451906538817494e-05
S0->S1->S3->S4->S6->S8->S11->S25->S29->S30->S33->S34->S35->S37->S38,L0->L1->L3,1,15,0,0.0,8.451906538817494e-05
S0->S1->S3->S4->S6->S8->S11->S26->S27->S29->S30->S33->S34->S36->S37,L0->L2->L3,1,15,0,0.0,8.451906538817494e-05
S0->S1->S3->S4->S6->S8->S11->S26->S29->S30->S31->S32->S33->S34->S36->S37,L0->L2->L3,1,16,0,0.0,8.451906538817494e-05
S0->S1->S3->S5->S6->S8->S10->S29->S30->S32->S33->S35->S37,L0->L3,1,13,0,0.0,8.451906538817494e-05
S0->S1->S2->S4->S7->S8->S10->S29->S30->S32->S37,L0->L3,1,11,0,0.0,8.451906538817494e-05
S0->S1->S2->S4->S7->S8->S10->S29->S30->S33->S34->S37,L0->L3,1,12,1,1.0,8.451906538817494e-05
S0->S1->S3->S5->S6->S8->S10->S28->S29->S30->S32->S33->S34->S35->S37,L0->L2->L3,1,15,0,0.0,8.451906538817494e-05
S12->S13->S15->S16->S19->S20->S21->S25->S27->S29->S30->S33->S34->S35->S37,L0->L1->L2->L3,1,15,0,0.0,8.451906538817494e-05
S12->S13->S15->S16->S19->S20->S21->S25->S27->S29->S30->S33->S34->S36->S37,L0->L1->L2->L3,1,15,0,0.0,8.451906538817494e-05
S12->S13->S15->S16->S19->S20->S21->S25->S29->S30->S33->S34->S35->S37->S38,L0->L1->L3,1,15,0,0.0,8.451906538817494e-05
S12->S13->S15->S16->S19->S20->S21->S26->S29->S30->S31->S32->S33->S34->S36->S37,L0->L2->L3,1,16,0,0.0,8.451906538817494e-05
S12->S13->S15->S16->S19->S20->S21->S26->S29->S30->S32->S35->S37->S38,L0->L2->L3,1,14,0,0.0,8.451906538817494e-05
S12->S13->S15->S16->S19->S20->S21->S29->S30->S32->S34->S36->S37->S38,L0->L3,1,14,0,0.0,8.451906538817494e-05
S0->S1->S2->S4->S6->S8->S11->S12->S13->S14->S17->S19->S20->S22->S29->S30->S33->S34->S35->S37,L0->L3,1,20,0,0.0,8.451906538817494e-05
S0->S1->S2->S5->S6->S8->S9->S24->S26->S39->S40->S41->S44->S45->S47->S48->S50->S51,L0->L1->L2->L3,1,18,0,0.0,8.451906538817494e-05
S0->S1->S2->S5->S6->S8->S9->S24->S27->S29->S30->S32->S36->S37,L0->L1->L2->L3,1,14,1,1.0,8.451906538817494e-05
S0->S1->S2->S5->S6->S8->S9->S24->S27->S29->S30->S32->S36->S37->S38,L0->L1->L2->L3,1,15,0,0.0,8.451906538817494e-05
S0->S1->S2->S5->S6->S8->S9->S24->S27->S29->S30->S33->S34->S36->S37->S38,L0->L1->L2->L3,1,16,0,0.0,8.451906538817494e-05
S0->S1->S2->S5->S6->S8->S9->S24->S27->S33->S34->S35->S37,L0->L1->L2->L3,1,13,0,0.0,8.451906538817494e-05
S0->S1->S2->S5->S6->S8->S9->S24->S28->S29->S30->S33->S34->S36->S37,L0->L1->L2->L3,1,15,0,0.0,8.451906538817494e-05
S0->S1->S2->S5->S6->S8->S9->S24->S29->S30->S32->S33->S34->S35->S37,L0->L1->L3,1,15,0,0.0,8.451906538817494e-05
S0->S1->S2->S5->S6->S8->S9->S24->S29->S30->S33->S34->S35->S37->S38,L0->L1->L3,1,15,0,0.0,8.451906538817494e-05
S0->S1->S2->S5->S6->S8->S9->S25->S26->S29->S30->S33->S34->S35->S37,L0->L1->L2->L3,1,15,0,0.0,8.451906538817494e-05
S0->S1->S2->S5->S6->S8->S9->S12->S13->S15->S16->S18->S20->S23->S29->S30->S33->S34->S35->S37,L0->L3,1,20,0,0.0,8.451906538817494e-05
S0->S1->S2->S5->S6->S8->S9->S12->S13->S15->S16->S18->S20->S23->S29->S30->S33->S34->S36->S37,L0->L3,1,20,0,0.0,8.451906538817494e-05
S12->S13->S15->S16->S19->S20->S21->S27->S29->S30->S32->S33->S34->S36->S37->S38,L0->L2->L3,1,16,0,0.0,8.451906538817494e-05
S12->S13->S15->S16->S19->S20->S21->S27->S29->S30->S33->S34->S36,L0->L2->L3,1,13,0,0.0,8.451906538817494e-05
S12->S13->S15->S16->S19->S20->S21->S27->S39->S40->S41->S43->S45->S47->S48->S50->S51,L0->L2->L3,1,17,0,0.0,8.451906538817494e-05
S12->S13->S15->S16->S19->S20->S21->S29->S30->S31->S32->S35->S37,L0->L3,1,13,0,0.0,8.451906538817494e-05
S12->S13->S15->S16->S19->S20->S21->S29->S30->S31->S32->S35->S37->S38,L0->L3,1,14,0,0.0,8.451906538817494e-05
S0->S1->S3->S5->S6->S8->S10->S28->S29->S30->S32->S35->S37,L0->L2->L3,1,13,0,0.0,8.451906538817494e-05
S0->S1->S3->S5->S6->S8->S10->S28->S29->S30->S32->S36->S37,L0->L2->L3,1,13,0,0.0,8.451906538817494e-05
S0->S1->S3->S5->S6->S8->S10->S28->S29->S30->S33->S34->S35->S37->S38,L0->L2->L3,1,15,0,0.0,8.451906538817494e-05
S0->S1->S3->S5->S6->S8->S10->S28->S39->S40->S41->S43->S45->S47->S48->S50->S51,L0->L2->L3,1,17,0,0.0,8.451906538817494e-05
S0->S1->S3->S5->S6->S8->S10->S29->S30->S31->S32->S34->S36->S37,L0->L3,1,14,0,0.0,8.451906538817494e-05
S0->S1->S3->S5->S6->S8->S10->S29->S30->S31->S32->S35->S37,L0->L3,1,13,0,0.0,8.451906538817494e-05
S0->S1->S3->S5->S6->S8->S10->S29->S30->S31->S32->S36->S37->S38,L0->L3,1,14,0,0.0,8.451906538817494e-05
S0->S1->S3->S5->S6->S8->S10->S29->S30->S31->S33->S34->S35,L0->L3,1,13,0,0.0,8.451906538817494e-05
S0->S1->S3->S5->S6->S8->S10->S27->S29->S30->S32->S34->S35->S37,L0->L2->L3,1,14,0,0.0,8.451906538817494e-05
S0->S1->S3->S5->S6->S8->S10->S27->S29->S30->S32->S34->S36->S37,L0->L2->L3,1,14,0,0.0,8.451906538817494e-05
S0->S1->S3->S5->S6->S8->S10->S27->S39->S40->S41->S43->S44->S45->S47->S48->S49->S51,L0->L2->L3,1,18,0,0.0,8.451906538817494e-05
S0->S1->S3->S5->S6->S8->S10->S28->S29->S30->S31->S32->S33->S34->S36->S37,L0->L2->L3,1,16,0,0.0,8.451906538817494e-05
S12->S13->S15->S16->S19->S20->S21->S29->S30->S32->S33->S34->S35->S37->S38,L0->L3,1,15,0,0.0,8.451906538817494e-05
S12->S13->S15->S16->S19->S20->S21->S29->S30->S32->S33->S34->S36->S37->S38,L0->L3,1,15,0,0.0,8.451906538817494e-05
S12->S13->S15->S16->S19->S20->S21->S39->S40->S41->S43->S47->S48->S49->S51,L0->L3,1,15,0,0.0,8.451906538817494e-05
S0->S1->S2->S4->S6->S8->S11->S12->S13->S15->S16->S18->S20->S22->S29->S30->S33->S34->S36->S37,L0->L3,1,20,0,0.0,8.451906538817494e-05
S0->S1->S2->S4->S6->S8->S11->S12->S13->S15->S16->S18->S20->S23->S29->S30->S32->S33->S34->S35->S37,L0->L3,1,21,0,0.0,8.451906538817494e-05
S0->S1->S2->S4->S6->S8->S11->S12->S13->S15->S16->S18->S20->S23->S29->S30->S33->S34->S35->S37,L0->L3,1,20,0,0.0,8.451906538817494e-05
S0->S1->S2->S4->S6->S8->S11->S12->S13->S15->S16->S19->S20->S21->S29->S30->S33->S34->S35->S37,L0->L3,1,20,0,0.0,8.451906538817494e-05
S0->S1->S2->S4->S6->S8->S11->S12->S13->S15->S16->S19->S20->S22->S26->S29->S30->S33->S34->S35->S37,L0->L2->L3,1,21,0,0.0,8.451906538817494e-05
S0->S1->S2->S4->S6->S8->S11->S12->S13->S15->S16->S19->S20->S22->S29->S30->S33->S34->S35->S37,L0->L3,1,20,0,0.0,8.451906538817494e-05
S0->S1->S2->S4->S6->S8->S11->S12->S13->S15->S16->S19->S20->S22->S29->S30->S33->S34->S36->S37,L0->L3,1,20,0,0.0,8.451906538817494e-05
S0->S1->S2->S4->S6->S8->S11->S12->S13->S15->S17->S18->S20->S21->S26->S29->S30->S33->S34->S35->S37,L0->L2->L3,1,21,0,0.0,8.451906538817494e-05
S0->S1->S2->S4->S6->S8->S11->S12->S13->S15->S17->S18->S20->S22->S24->S26->S29->S30->S33->S34->S36->S37,L0->L1->L2->L3,1,22,0,0.0,8.451906538817494e-05
S0->S1->S2->S4->S6->S8->S11->S12->S13->S15->S17->S18->S20->S22->S29->S30->S33->S34->S36->S37,L0->L3,1,20,0,0.0,8.451906538817494e-05
S0->S1->S2->S4->S6->S8->S11->S12->S13->S15->S17->S18->S20->S23->S29->S30->S33->S34->S35->S37,L0->L3,1,20,0,0.0,8.451906538817494e-05
S0->S1->S2->S4->S6->S8->S11->S12->S13->S15->S17->S19->S20->S21->S29->S30->S33->S34->S35->S37,L0->L3,1,20,0,0.0,8.451906538817494e-05
S0->S1->S2->S4->S6->S8->S11->S12->S13->S15->S17->S19->S20->S21->S29->S30->S33->S34->S36->S37,L0->L3,1,20,0,0.0,8.451906538817494e-05
S12->S13->S15->S16->S19->S20->S21->S29->S30->S32->S36->S37->S38,L0->L3,1,13,0,0.0,8.451906538817494e-05
S12->S13->S15->S16->S19->S20->S21->S29->S30->S32->S37,L0->L3,1,11,0,0.0,8.451906538817494e-05
S12->S13->S15->S16->S19->S20->S21->S29->S30->S33->S34->S35->S36->S37->S38,L0->L3,1,15,0,0.0,8.451906538817494e-05
S0->S1->S3->S5->S6->S8->S10->S28->S29->S30->S31->S33->S34->S36->S37->S38,L0->L2->L3,1,16,0,0.0,8.451906538817494e-05
S0->S1->S2->S4->S7->S8->S10->S29->S30->S33->S34->S37->S38,L0->L3,1,13,0,0.0,8.451906538817494e-05
S0->S1->S3->S4->S6->S8->S11->S26->S29->S30->S32->S34->S35->S37->S38,L0->L2->L3,1,15,0,0.0,8.451906538817494e-05
S0->S1->S3->S4->S6->S8->S11->S26->S29->S30->S32->S36->S37,L0->L2->L3,1,13,0,0.0,8.451906538817494e-05
S0->S1->S3->S4->S6->S8->S11->S26->S30->S33->S34->S35->S37,L0->L2->L3,1,13,0,0.0,8.451906538817494e-05
S0->S1->S3->S4->S6->S8->S11->S26->S39->S40->S44->S45->S47->S48->S50->S51,L0->L2->L3,1,16,0,0.0,8.451906538817494e-05
S0->S1->S3->S4->S6->S8->S11->S27->S29->S30->S31->S32->S33->S34->S36->S37,L0->L2->L3,1,16,0,0.0,8.451906538817494e-05
S0->S1->S2->S4->S7->S8->S11->S39->S40->S41->S42->S44->S45->S47->S48->S50->S51,L0->L3,1,17,0,0.0,8.451906538817494e-05
S12->S13->S15->S16->S19->S20->S21->S29->S30->S33->S34->S36,L0->L3,1,12,0,0.0,8.451906538817494e-05
S12->S13->S15->S16->S19->S20->S21->S29->S31->S33->S34->S35->S37,L0->L3,1,13,0,0.0,8.451906538817494e-05
S12->S13->S15->S16->S19->S20->S21->S29->S31->S33->S34->S36->S37,L0->L3,1,13,0,0.0,8.451906538817494e-05
S12->S13->S15->S16->S19->S20->S21->S29->S33->S34->S36->S37,L0->L3,1,12,0,0.0,8.451906538817494e-05
S12->S13->S15->S16->S19->S20->S21->S39->S40->S41->S42->S44->S45->S47->S48->S49->S51,L0->L3,1,17,0,0.0,8.451906538817494e-05
S12->S13->S15->S16->S19->S20->S21->S39->S40->S41->S43->S44->S45->S47->S48->S49->S51,L0->L3,1,17,0,0.0,8.451906538817494e-05
S12->S13->S15->S16->S19->S20->S21->S39->S40->S41->S43->S45->S47->S48->S50,L0->L3,1,15,0,0.0,8.451906538817494e-05
S0->S1->S2->S5->S6->S8->S9->S12->S13->S14->S16->S18->S20->S23->S29->S30->S33->S34->S35->S37,L0->L3,1,20,0,0.0,8.451906538817494e-05
S12->S13->S15->S16->S19->S20->S22->S26->S29->S30->S32->S36->S37->S38,L0->L2->L3,1,14,0,0.0,8.451906538817494e-05
S12->S13->S15->S16->S19->S20->S22->S26->S29->S30->S33->S34->S35->S37->S38,L0->L2->L3,1,15,0,0.0,8.451906538817494e-05
S12->S13->S15->S16->S19->S20->S22->S26->S29->S30->S33->S35->S37,L0->L2->L3,1,13,0,0.0,8.451906538817494e-05
S12->S13->S15->S16->S19->S20->S22->S26->S29->S33->S34->S35->S37,L0->L2->L3,1,13,0,0.0,8.451906538817494e-05
S12->S13->S15->S16->S19->S20->S22->S26->S33->S34->S35->S37,L0->L2->L3,1,12,0,0.0,8.451906538817494e-05
S12->S13->S15->S16->S19->S20->S22->S26->S39->S40->S41->S43->S45->S47->S48->S49->S51,L0->L2->L3,1,17,0,0.0,8.451906538817494e-05
S12->S13->S15->S16->S19->S20->S22->S26->S39->S40->S41->S43->S45->S47->S48->S50->S51,L0->L2->L3,1,17,0,0.0,8.451906538817494e-05
S12->S13->S15->S16->S19->S20->S21->S39->S40->S41->S44->S45->S47->S48->S49->S50->S51,L0->L3,1,17,0,0.0,8.451906538817494e-05
S12->S13->S15->S16->S19->S20->S21->S39->S40->S41->S44->S47->S48->S50->S51,L0->L3,1,15,0,0.0,8.451906538817494e-05
S12->S13->S15->S16->S19->S20->S21->S40->S41->S43->S45->S47->S48->S49->S51,L0->L3,1,15,0,0.0,8.451906538817494e-05
S12->S13->S15->S16->S19->S20->S22->S23->S27->S29->S30->S33->S34->S35->S37,L0->L2->L3,1,15,0,0.0,8.451906538817494e-05
S12->S13->S15->S16->S19->S20->S22->S24->S26->S39->S40->S41->S43->S45->S47->S48->S50->S51,L0->L1->L2->L3,1,18,0,0.0,8.451906538817494e-05
S12->S13->S15->S16->S19->S20->S22->S24->S26->S39->S40->S41->S44->S45->S47->S48->S50->S51,L0->L1->L2->L3,1,18,0,0.0,8.451906538817494e-05
S12->S13->S15->S16->S19->S20->S22->S25->S29->S30->S33->S34->S35->S37,L0->L1->L3,1,14,0,0.0,8.451906538817494e-05
S12->S13->S15->S16->S19->S20->S21->S29->S30->S33->S34->S35->S36->S37,L0->L3,1,14,1,1.0,8.451906538817494e-05
S12->S13->S15->S16->S19->S20->S22->S27->S39->S40->S41->S43->S44->S45->S47->S48->S49->S51,L0->L2->L3,1,18,0,0.0,8.451906538817494e-05
S12->S13->S15->S16->S19->S20->S22->S27->S39->S40->S41->S43->S45->S47->S48->S49->S50->S51,L0->L2->L3,1,18,1,1.0,8.451906538817494e-05
S12->S13->S15->S16->S19->S20->S22->S27->S39->S40->S41->S43->S45->S47->S48->S49->S51,L0->L2->L3,1,17,0,0.0,8.451906538817494e-05
S12->S13->S15->S16->S19->S20->S22->S27->S39->S40->S41->S44->S45->S47->S48->S50->S51,L0->L2->L3,1,17,0,0.0,8.451906538817494e-05
S12->S13->S15->S16->S19->S20->S22->S28->S29->S30->S32->S33->S34->S36->S37,L0->L2->L3,1,15,0,0.0,8.451906538817494e-05
S12->S13->S15->S16->S19->S20->S22->S26->S27->S29->S30->S33->S34->S35->S37,L0->L2->L3,1,15,0,0.0,8.451906538817494e-05
S0->S1->S2->S5->S6->S8->S9->S12->S13->S15->S16->S19->S20->S21->S29->S30->S33->S34->S35->S37,L0->L3,1,20,0,0.0,8.451906538817494e-05
S0->S1->S2->S5->S6->S8->S9->S12->S13->S15->S16->S19->S20->S21->S29->S33->S34->S36->S37,L0->L3,1,19,0,0.0,8.451906538817494e-05
S0->S1->S2->S5->S6->S8->S9->S12->S13->S15->S16->S19->S20->S23->S29->S30->S32->S33->S34->S36->S37,L0->L3,1,21,0,0.0,8.451906538817494e-05
S0->S1->S2->S5->S6->S8->S9->S12->S13->S15->S16->S19->S20->S23->S29->S30->S33->S34->S35->S37,L0->L3,1,20,0,0.0,8.451906538817494e-05
S0->S1->S2->S5->S6->S8->S9->S12->S13->S15->S16->S19->S20->S23->S29->S30->S33->S34->S36->S37,L0->L3,1,20,0,0.0,8.451906538817494e-05
S0->S1->S2->S5->S6->S8->S9->S12->S13->S15->S17->S18->S20->S21->S27->S29->S30->S33->S34->S35->S37,L0->L2->L3,1,21,0,0.0,8.451906538817494e-05
S0->S1->S2->S5->S6->S8->S9->S12->S13->S15->S17->S18->S20->S22->S27->S29->S30->S33->S34->S36->S37,L0->L2->L3,1,21,0,0.0,8.451906538817494e-05
S0->S1->S2->S5->S6->S8->S9->S12->S13->S15->S17->S19->S20->S23->S26->S29->S30->S33->S34->S36->S37,L0->L2->L3,1,21,0,0.0,8.451906538817494e-05
S0->S1->S2->S5->S6->S8->S9->S24->S26->S27->S29->S30->S32->S34->S35->S37,L0->L1->L2->L3,1,16,0,0.0,8.451906538817494e-05
S0->S1->S2->S5->S6->S8->S9->S24->S26->S29->S30->S33->S34->S35->S37->S38,L0->L1->L2->L3,1,16,0,0.0,8.451906538817494e-05
S12->S13->S15->S16->S19->S20->S22->S28->S29->S30->S33->S34->S35->S37->S38,L0->L2->L3,1,15,0,0.0,8.451906538817494e-05
S12->S13->S15->S16->S19->S20->S22->S27->S29->S30->S32->S34->S35->S37,L0->L2->L3,1,14,0,0.0,8.451906538817494e-05
S12->S13->S15->S16->S19->S20->S22->S27->S29->S30->S32->S34->S36->S37,L0->L2->L3,1,14,0,0.0,8.451906538817494e-05
S12->S13->S15->S16->S19->S20->S22->S27->S29->S30->S32->S36->S37,L0->L2->L3,1,13,0,0.0,8.451906538817494e-05
S0->S1->S2->S4->S7->S8->S10->S39->S40->S41->S42->S43->S45->S47->S48->S49->S51,L0->L3,1,17,0,0.0,8.451906538817494e-05
S0->S1->S2->S4->S7->S8->S10->S39->S40->S41->S43->S45->S47->S48->S49,L0->L3,1,15,0,0.0,8.451906538817494e-05
S0->S1->S2->S4->S7->S8->S10->S39->S40->S41->S43->S45->S47->S48->S49->S50->S51,L0->L3,1,17,0,0.0,8.451906538817494e-05
S0->S1->S2->S4->S7->S8->S10->S39->S40->S41->S43->S47->S48->S49->S51,L0->L3,1,15,0,0.0,8.451906538817494e-05
S0->S1->S3->S5->S6->S8->S10->S26->S29->S30->S32->S34->S35->S37->S38,L0->L2->L3,1,15,1,1.0,8.451906538817494e-05
S0->S1->S3->S4->S6->S8->S11->S27->S29->S30->S32->S33->S34->S35->S37->S38,L0->L2->L3,1,16,0,0.0,8.451906538817494e-05
S0->S1->S3->S4->S6->S8->S11->S27->S29->S30->S32->S33->S35->S37,L0->L2->L3,1,14,0,0.0,8.451906538817494e-05
S0->S1->S3->S4->S6->S8->S11->S27->S29->S30->S32->S34->S35->S37,L0->L2->L3,1,14,0,0.0,8.451906538817494e-05
S0->S1->S3->S4->S6->S8->S11->S27->S29->S30->S32->S35->S37->S38,L0->L2->L3,1,14,0,0.0,8.451906538817494e-05
S0->S1->S3->S4->S6->S8->S11->S27->S29->S30->S32->S37,L0->L2->L3,1,12,0,0.0,8.451906538817494e-05
S12->S13->S15->S16->S19->S20->S22->S27->S29->S30->S33->S34->S35->S37->S38,L0->L2->L3,1,15,0,0.0,8.451906538817494e-05
S12->S13->S15->S16->S19->S20->S22->S27->S38,L0->L2->L3,1,9,0,0.0,8.451906538817494e-05
S12->S13->S15->S16->S19->S20->S22->S29->S30->S31->S33->S35->S37,L0->L3,1,13,0,0.0,8.451906538817494e-05
S12->S13->S15->S16->S19->S20->S22->S29->S30->S32->S33->S34->S35,L0->L3,1,13,0,0.0,8.451906538817494e-05
S12->S13->S15->S16->S19->S20->S22->S29->S30->S32->S33->S34->S35->S37->S38,L0->L3,1,15,0,0.0,8.451906538817494e-05
S12->S13->S15->S16->S19->S20->S22->S29->S30->S32->S34->S36->S37->S38,L0->L3,1,14,0,0.0,8.451906538817494e-05
S0->S1->S2->S4->S6->S8->S10->S39->S40->S41->S43->S45->S48->S50->S51,L0->L3,1,15,0,0.0,8.451906538817494e-05
S0->S1->S2->S4->S6->S8->S10->S39->S40->S41->S44->S45->S47->S48->S49->S50->S51,L0->L3,1,17,0,0.0,8.451906538817494e-05
S0->S1->S2->S4->S6->S8->S10->S39->S40->S43->S45->S47->S48->S49->S51,L0->L3,1,15,0,0.0,8.451906538817494e-05
S0->S1->S2->S4->S6->S8->S10->S39->S40->S43->S45->S47->S48->S50->S51,L0->L3,1,15,0,0.0,8.451906538817494e-05
S0->S1->S2->S4->S6->S8->S11->S12->S13->S14->S16->S18->S20->S21->S29->S30->S33->S34->S36->S37,L0->L3,1,20,0,0.0,8.451906538817494e-05
S0->S1->S2->S4->S6->S8->S11->S12->S13->S14->S16->S18->S20->S22->S26->S29->S30->S33->S34->S36->S38,L0->L2->L3,1,21,0,0.0,8.451906538817494e-05
S0->S1->S2->S4->S6->S8->S11->S12->S13->S14->S17->S18->S20->S21->S29->S30->S33->S34->S35->S37,L0->L3,1,20,0,0.0,8.451906538817494e-05
S0->S1->S2->S4->S6->S8->S11->S12->S13->S14->S17->S18->S20->S22->S29->S30->S31->S33->S34->S35->S37,L0->L3,1,21,0,0.0,8.451906538817494e-05
S0->S1->S2->S4->S6->S8->S11->S12->S13->S14->S17->S18->S20->S22->S29->S30->S33->S34->S36->S37,L0->L3,1,20,1,1.0,8.451906538817494e-05
S0->S1->S2->S4->S6->S8->S11->S12->S13->S14->S17->S18->S20->S22->S29->S30->S33->S34->S36->S37->S38,L0->L3,1,21,0,0.0,8.451906538817494e-05
S0->S1->S2->S4->S6->S8->S11->S12->S13->S14->S17->S18->S20->S23->S29->S30->S33->S34->S36->S37,L0->L3,1,20,0,0.0,8.451906538817494e-05
S0->S1->S2->S4->S6->S8->S11->S12->S13->S14->S17->S19->S20->S21->S29->S30->S33->S34->S35->S37,L0->L3,1,20,0,0.0,8.451906538817494e-05
S12->S13->S15->S16->S19->S20->S22->S29->S30->S32->S37,L0->L3,1,11,0,0.0,8.451906538817494e-05
S12->S13->S15->S16->S19->S20->S22->S39->S40->S41->S44->S45->S47->S49->S51,L0->L3,1,15,0,0.0,8.451906538817494e-05
S12->S13->S15->S16->S19->S20->S22->S39->S40->S44->S45->S47->S48->S49->S50->S51,L0->L3,1,16,0,0.0,8.451906538817494e-05
S0->S1->S3->S4->S6->S8->S11->S27->S38,L0->L2->L3,1,9,0,0.0,8.451906538817494e-05
S0->S1->S3->S4->S6->S8->S11->S27->S39->S40->S41->S43->S44->S45->S47->S48->S50->S51,L0->L2->L3,1,18,0,0.0,8.451906538817494e-05
S0->S1->S3->S5->S6->S8->S10->S26->S29->S30->S32->S35->S37->S38,L0->L2->L3,1,14,0,0.0,8.451906538817494e-05
S0->S1->S3->S5->S6->S8->S10->S26->S29->S30->S32->S36->S37,L0->L2->L3,1,13,1,1.0,8.451906538817494e-05
S0->S1->S3->S5->S6->S8->S10->S26->S29->S30->S33->S34->S36,L0->L2->L3,1,13,0,0.0,8.451906538817494e-05
S0->S1->S3->S5->S6->S8->S10->S26->S29->S33->S34->S35->S37->S38,L0->L2->L3,1,14,0,0.0,8.451906538817494e-05
S0->S1->S3->S5->S6->S8->S10->S26->S30->S33->S34->S35->S37,L0->L2->L3,1,13,0,0.0,8.451906538817494e-05
S0->S1->S3->S5->S6->S8->S10->S24->S47->S48->S50->S51,L0->L1->L3,1,12,0,0.0,8.451906538817494e-05
S0->S1->S3->S5->S6->S8->S10->S25->S26->S29->S30->S33->S34->S35->S37,L0->L1->L2->L3,1,15,0,0.0,8.451906538817494e-05
S12->S13->S15->S16->S19->S20->S22->S40->S41->S43->S45->S47->S48->S50->S51,L0->L3,1,15,0,0.0,8.451906538817494e-05
S12->S13->S15->S16->S19->S20->S23->S24->S26->S29->S30->S32->S33->S34->S35->S37,L0->L1->L2->L3,1,16,0,0.0,8.451906538817494e-05
S12->S13->S15->S16->S19->S20->S22->S28->S29->S30->S33->S34->S36->S37->S38,L0->L2->L3,1,15,0,0.0,8.451906538817494e-05
S12->S13->S15->S16->S19->S20->S22->S29->S30->S31->S33->S34->S35->S37->S38,L0->L3,1,15,0,0.0,8.451906538817494e-05
S0->S1->S2->S5->S6->S8->S9->S12->S13->S14->S17->S18->S20->S23->S29->S30->S33->S34->S35->S37,L0->L3,1,20,0,0.0,8.451906538817494e-05
S0->S1->S2->S5->S6->S8->S9->S12->S13->S14->S17->S19->S20->S21->S27->S29->S30->S32->S33->S34->S36->S37,L0->L2->L3,1,22,0,0.0,8.451906538817494e-05
S0->S1->S2->S5->S6->S8->S9->S12->S13->S14->S17->S19->S20->S22->S29->S30->S33->S34->S36->S37,L0->L3,1,20,0,0.0,8.451906538817494e-05
S0->S1->S2->S5->S6->S8->S9->S12->S13->S14->S17->S19->S20->S23->S29->S30->S33->S34->S36->S37,L0->L3,1,20,1,1.0,8.451906538817494e-05
S0->S1->S2->S5->S6->S8->S9->S12->S13->S14->S17->S19->S20->S23->S29->S33->S34->S35->S37,L0->L3,1,19,0,0.0,8.451906538817494e-05
S0->S1->S2->S5->S6->S8->S9->S12->S13->S15->S16->S18->S20->S22->S29->S30->S33->S34->S35->S37,L0->L3,1,20,0,0.0,8.451906538817494e-05
S0->S1->S2->S5->S6->S8->S9->S10->S28->S29->S30->S33->S34->S36->S37,L0->L2->L3,1,15,0,0.0,8.451906538817494e-05
S0->S1->S2->S5->S6->S8->S9->S10->S29->S30->S31->S33->S34->S36->S37,L0->L3,1,15,0,0.0,8.451906538817494e-05
S12->S13->S15->S16->S19->S20->S23->S24->S27->S39->S40->S41->S44->S45->S47->S48->S49->S51,L0->L1->L2->L3,1,18,0,0.0,8.451906538817494e-05
S12->S13->S15->S16->S19->S20->S23->S24->S27->S39->S40->S41->S44->S45->S47->S48->S50->S51,L0->L1->L2->L3,1,18,0,0.0,8.451906538817494e-05
S12->S13->S15->S16->S19->S20->S23->S24->S29->S30->S32->S33->S34->S36->S37,L0->L1->L3,1,15,0,0.0,8.451906538817494e-05
S12->S13->S15->S16->S19->S20->S23->S24->S29->S30->S33->S34->S35->S37,L0->L1->L3,1,14,0,0.0,8.451906538817494e-05
S12->S13->S15->S16->S19->S20->S23->S24->S29->S30->S33->S34->S36->S37,L0->L1->L3,1,14,0,0.0,8.451906538817494e-05
S12->S13->S15->S16->S19->S20->S23->S25->S29->S30->S33->S34->S36->S37,L0->L1->L3,1,14,0,0.0,8.451906538817494e-05
S12->S13->S15->S16->S19->S20->S23->S26->S29->S30->S32->S34->S35->S37,L0->L2->L3,1,14,0,0.0,8.451906538817494e-05
S12->S13->S15->S16->S19->S20->S22->S29->S30->S32->S36->S37->S38,L0->L3,1,13,0,0.0,8.451906538817494e-05
S0->S1->S2->S5->S6->S8->S9->S12->S13->S14->S16->S19->S20->S21->S29->S30->S33->S34->S36->S37,L0->L3,1,20,0,0.0,8.451906538817494e-05
S0->S1->S2->S5->S6->S8->S9->S12->S13->S14->S16->S19->S20->S22->S29->S30->S33->S34->S35->S37,L0->L3,1,20,0,0.0,8.451906538817494e-05
S0->S1->S2->S5->S6->S8->S9->S12->S13->S14->S16->S19->S20->S22->S29->S30->S33->S34->S36->S37,L0->L3,1,20,0,0.0,8.451906538817494e-05
S0->S1->S2->S5->S6->S8->S9->S12->S13->S14->S16->S19->S20->S23->S26->S29->S30->S33->S34->S36->S37,L0->L2->L3,1,21,0,0.0,8.451906538817494e-05
S0->S1->S2->S5->S6->S8->S9->S12->S13->S14->S17->S18->S20->S21->S29->S30->S33->S34->S35->S37,L0->L3,1,20,0,0.0,8.451906538817494e-05
S0->S1->S3->S5->S6->S8->S10->S25->S26->S43->S45->S47->S48->S49->S51,L0->L1->L2->L3,1,15,0,0.0,8.451906538817494e-05
S0->S1->S3->S5->S6->S8->S10->S26->S27->S29->S30->S32->S33->S34->S36->S37,L0->L2->L3,1,16,0,0.0,8.451906538817494e-05
S0->S1->S3->S5->S6->S8->S10->S26->S27->S29->S30->S33->S34->S35->S37,L0->L2->L3,1,15,0,0.0,8.451906538817494e-05
S0->S1->S3->S5->S6->S8->S10->S26->S29->S30->S31->S32->S33->S34->S35->S37,L0->L2->L3,1,16,0,0.0,8.451906538817494e-05
S0->S1->S3->S5->S6->S8->S10->S26->S29->S30->S32->S33->S34->S35->S37->S38,L0->L2->L3,1,16,0,0.0,8.451906538817494e-05
S0->S1->S3->S5->S6->S8->S10->S12->S13->S15->S17->S19->S20->S22->S29->S30->S33->S34->S35->S37,L0->L3,1,20,0,0.0,8.451906538817494e-05
S0->S1->S3->S5->S6->S8->S10->S12->S13->S15->S17->S19->S20->S22->S29->S30->S33->S34->S36->S37,L0->L3,1,20,0,0.0,8.451906538817494e-05
S0->S1->S3->S5->S6->S8->S10->S24->S26->S29->S30->S33->S34->S35->S37->S38,L0->L1->L2->L3,1,16,0,0.0,8.451906538817494e-05
S0->S1->S3->S5->S6->S8->S10->S24->S26->S39->S40->S41->S43->S45->S47->S48->S49->S51,L0->L1->L2->L3,1,18,0,0.0,8.451906538817494e-05
S0->S1->S3->S5->S6->S8->S10->S24->S26->S39->S40->S41->S43->S45->S47->S48->S50->S51,L0->L1->L2->L3,1,18,0,0.0,8.451906538817494e-05
S0->S1->S2->S5->S6->S8->S9->S12->S13->S14->S17->S18->S20->S23->S26->S29->S30->S33->S34->S35->S37,L0->L2->L3,1,21,0,0.0,8.451906538817494e-05
S0->S1->S3->S5->S6->S8->S10->S24->S29->S30->S32->S33->S34->S36->S37,L0->L1->L3,1,15,0,0.0,8.451906538817494e-05
S0->S1->S3->S5->S6->S8->S10->S12->S13->S14->S17->S19->S20->S23->S29->S30->S33->S34->S35->S37,L0->L3,1,20,0,0.0,8.451906538817494e-05
S0->S1->S3->S5->S6->S8->S10->S12->S13->S14->S17->S19->S20->S23->S29->S30->S33->S34->S36->S37,L0->L3,1,20,0,0.0,8.451906538817494e-05
S0->S1->S2->S4->S7->S8->S11->S29->S30->S33->S34->S35->S36->S37,L0->L3,1,14,0,0.0,8.451906538817494e-05
S0->S1->S2->S4->S7->S8->S11->S29->S30->S33->S35->S37->S38,L0->L3,1,13,0,0.0,8.451906538817494e-05
S0->S1->S2->S4->S7->S8->S11->S29->S30->S33->S36->S37->S38,L0->L3,1,13,0,0.0,8.451906538817494e-05
S0->S1->S2->S4->S7->S8->S11->S29->S31->S33->S34->S35->S37,L0->L3,1,13,0,0.0,8.451906538817494e-05
S0->S1->S2->S4->S7->S8->S11->S29->S33->S35->S37,L0->L3,1,11,0,0.0,8.451906538817494e-05
S0->S1->S2->S4->S6->S8->S10->S29->S30->S33->S35->S37->S38,L0->L3,1,13,0,0.0,8.451906538817494e-05
S0->S1->S2->S4->S6->S8->S10->S29->S30->S36->S37,L0->L3,1,11,0,0.0,8.451906538817494e-05
S0->S1->S2->S4->S6->S8->S10->S29->S33->S35->S37,L0->L3,1,11,0,0.0,8.451906538817494e-05
S0->S1->S2->S4->S6->S8->S10->S39->S40->S41->S43->S45->S46->S47->S48->S49->S51,L0->L3,1,17,0,0.0,8.451906538817494e-05
S0->S1->S2->S4->S6->S8->S10->S39->S40->S41->S43->S45->S47->S48->S49->S50->S51,L0->L3,1,17,0,0.0,8.451906538817494e-05
S12->S13->S15->S16->S19->S20->S23->S26->S29->S30->S32->S35->S37,L0->L2->L3,1,13,1,1.0,8.451906538817494e-05
S12->S13->S15->S16->S19->S20->S23->S26->S29->S30->S33->S34->S35,L0->L2->L3,1,13,0,0.0,8.451906538817494e-05
S12->S13->S15->S16->S19->S20->S23->S24->S26->S29->S30->S33->S34->S35->S37,L0->L1->L2->L3,1,15,0,0.0,8.451906538817494e-05
S0->S1->S2->S5->S6->S8->S9->S11->S29->S30->S33->S34->S35->S37->S38,L0->L3,1,15,0,0.0,8.451906538817494e-05
S0->S1->S2->S5->S6->S8->S9->S11->S39->S40->S41->S44->S45->S47->S48->S50->S51,L0->L3,1,17,0,0.0,8.451906538817494e-05
S0->S1->S2->S5->S6->S8->S9->S12->S13->S14->S16->S18->S20->S21->S26->S29->S30->S33->S34->S35->S37,L0->L2->L3,1,21,0,0.0,8.451906538817494e-05
S12->S13->S15->S16->S19->S20->S23->S29->S30->S31->S32->S35->S37->S38,L0->L3,1,14,0,0.0,8.451906538817494e-05
S12->S13->S15->S16->S19->S20->S23->S29->S30->S31->S33->S34->S35,L0->L3,1,13,0,0.0,8.451906538817494e-05
S12->S13->S15->S16->S19->S20->S23->S29->S30->S31->S33->S34->S35->S37->S38,L0->L3,1,15,0,0.0,8.451906538817494e-05
S12->S13->S15->S16->S19->S20->S23->S29->S30->S32->S34->S35->S37->S38,L0->L3,1,14,0,0.0,8.451906538817494e-05
S12->S13->S15->S16->S19->S20->S23->S27->S29->S30->S32->S35->S37,L0->L2->L3,1,13,0,0.0,8.451906538817494e-05
S12->S13->S15->S16->S19->S20->S23->S27->S29->S30->S32->S36->S37,L0->L2->L3,1,13,0,0.0,8.451906538817494e-05
S12->S13->S15->S16->S19->S20->S23->S27->S29->S30->S33->S34->S35,L0->L2->L3,1,13,0,0.0,8.451906538817494e-05
S12->S13->S15->S16->S19->S20->S23->S27->S30->S33->S34->S35->S37,L0->L2->L3,1,13,0,0.0,8.451906538817494e-05
S12->S13->S15->S16->S19->S20->S23->S27->S39->S40->S41->S43->S45->S47->S48->S50->S51,L0->L2->L3,1,17,0,0.0,8.451906538817494e-05
S0->S1->S2->S4->S6->S8->S10->S29->S30->S33->S34->S36->S38,L0->L3,1,13,0,0.0,8.451906538817494e-05
S0->S1->S3->S5->S6->S8->S10->S24->S27->S39->S40->S41->S43->S45->S47->S48->S50->S51,L0->L1->L2->L3,1,18,0,0.0,8.451906538817494e-05
S0->S1->S3->S5->S6->S8->S10->S24->S28->S29->S30->S33->S34->S35->S37,L0->L1->L2->L3,1,15,0,0.0,8.451906538817494e-05
S0->S1->S3->S5->S6->S8->S10->S24->S29->S30->S32->S33->S34->S35->S37,L0->L1->L3,1,15,0,0.0,8.451906538817494e-05
S0->S1->S2->S5->S6->S8->S9->S10->S39->S40->S41->S44->S45->S47->S48->S50->S51,L0->L3,1,17,0,0.0,8.451906538817494e-05
S0->S1->S2->S5->S6->S8->S9->S11->S26->S29->S30->S33->S34->S36->S37,L0->L2->L3,1,15,0,0.0,8.451906538817494e-05
S0->S1->S2->S5->S6->S8->S9->S11->S27->S29->S30->S33->S34->S36->S37,L0->L2->L3,1,15,0,0.0,8.451906538817494e-05
S0->S1->S3->S5->S6->S8->S10->S12->S13->S15->S16->S18->S20->S22->S29->S30->S33->S34->S36->S37,L0->L3,1,20,0,0.0,8.451906538817494e-05
S0->S1->S3->S5->S6->S8->S10->S12->S13->S15->S16->S19->S20->S21->S29->S30->S33->S34->S36->S37,L0->L3,1,20,0,0.0,8.451906538817494e-05
S0->S1->S3->S5->S6->S8->S10->S12->S13->S15->S16->S19->S20->S22->S29->S30->S33->S34->S36->S37,L0->L3,1,20,0,0.0,8.451906538817494e-05
S0->S1->S3->S5->S6->S8->S10->S12->S13->S15->S16->S19->S20->S23->S29->S30->S33->S34->S36->S37,L0->L3,1,20,0,0.0,8.451906538817494e-05
S0->S1->S3->S5->S6->S8->S10->S12->S13->S15->S16->S19->S20->S23->S29->S30->S33->S34->S36->S37->S38,L0->L3,1,21,0,0.0,8.451906538817494e-05
S0->S1->S3->S5->S6->S8->S10->S12->S13->S15->S17->S18->S20->S22->S26->S29->S30->S33->S34->S36->S37,L0->L2->L3,1,21,0,0.0,8.451906538817494e-05
S0->S1->S3->S5->S6->S8->S10->S12->S13->S15->S17->S18->S20->S22->S27->S29->S30->S33->S34->S36->S37,L0->L2->L3,1,21,0,0.0,8.451906538817494e-05
S0->S1->S3->S5->S6->S8->S10->S12->S13->S15->S17->S18->S20->S22->S29->S30->S33->S34->S36->S37,L0->L3,1,20,0,0.0,8.451906538817494e-05
S0->S1->S3->S5->S6->S8->S10->S12->S13->S15->S17->S18->S20->S23->S26->S29->S30->S33->S34->S36->S37,L0->L2->L3,1,21,0,0.0,8.451906538817494e-05
S0->S1->S3->S5->S6->S8->S10->S12->S13->S15->S17->S18->S20->S23->S29->S30->S33->S34->S36->S37,L0->L3,1,20,0,0.0,8.451906538817494e-05
S0->S1->S3->S5->S6->S8->S10->S12->S13->S15->S17->S19->S20->S21->S29->S30->S33->S34->S35->S37,L0->L3,1,20,0,0.0,8.451906538817494e-05
S0->S1->S3->S5->S6->S8->S10->S11->S27->S29->S30->S33->S34->S36->S37,L0->L2->L3,1,15,0,0.0,8.451906538817494e-05
S0->S1->S2->S5->S6->S8->S9->S11->S29->S30->S31->S33->S34->S36->S37,L0->L3,1,15,0,0.0,8.451906538817494e-05
S12->S13->S15->S17->S18->S20->S21->S23->S29->S30->S33->S34->S36->S37,L0->L3,1,14,0,0.0,8.451906538817494e-05
S0->S1->S3->S5->S6->S8->S10->S11->S28->S29->S30->S33->S34->S35->S37,L0->L2->L3,1,15,0,0.0,8.451906538817494e-05
S0->S1->S3->S5->S6->S8->S10->S11->S29->S30->S32->S33->S34->S36->S37,L0->L3,1,15,0,0.0,8.451906538817494e-05
S0->S1->S3->S5->S6->S8->S10->S11->S29->S30->S33->S36->S37,L0->L3,1,13,0,0.0,8.451906538817494e-05
S0->S1->S3->S5->S6->S8->S10->S12->S13->S14->S16->S18->S20->S23->S29->S30->S32->S33->S34->S35->S37,L0->L3,1,21,0,0.0,8.451906538817494e-05
S0->S1->S3->S5->S6->S8->S10->S12->S13->S14->S16->S19->S20->S21->S29->S30->S33->S34->S35->S37,L0->L3,1,20,0,0.0,8.451906538817494e-05
S0->S1->S3->S5->S6->S8->S10->S12->S13->S14->S16->S19->S20->S23->S29->S30->S33->S34->S36->S37,L0->L3,1,20,0,0.0,8.451906538817494e-05
S0->S1->S3->S5->S6->S8->S10->S12->S13->S14->S17->S18->S20->S21->S26->S29->S30->S33->S34->S35->S37,L0->L2->L3,1,21,0,0.0,8.451906538817494e-05
S0->S1->S3->S5->S6->S8->S10->S12->S13->S14->S17->S18->S20->S23->S29->S30->S33->S34->S36->S37,L0->L3,1,20,0,0.0,8.451906538817494e-05
S0->S1->S3->S5->S6->S8->S10->S12->S13->S14->S17->S19->S20->S21->S29->S30->S33->S34->S35->S37,L0->L3,1,20,0,0.0,8.451906538817494e-05
S0->S1->S3->S5->S6->S8->S10->S12->S13->S14->S17->S19->S20->S22->S29->S30->S33->S34->S36->S37,L0->L3,1,20,0,0.0,8.451906538817494e-05
S0->S1->S3->S5->S6->S11->S26->S29->S30->S33->S34->S35->S37,L0->L2->L3,1,13,0,0.0,8.451906538817494e-05
S0->S1->S2->S4->S6->S8->S10->S29->S30->S32->S34->S35->S37->S38,L0->L3,1,14,0,0.0,8.451906538817494e-05
S12->S13->S15->S16->S19->S20->S23->S28->S29->S30->S32->S37,L0->L2->L3,1,12,0,0.0,8.451906538817494e-05
S0->S1->S2->S5->S6->S8->S9->S10->S29->S30->S32->S33->S34->S35->S37,L0->L3,1,15,0,0.0,8.451906538817494e-05
S0->S1->S2->S5->S6->S8->S9->S10->S39->S40->S41->S43->S45->S47->S48->S49->S51,L0->L3,1,17,0,0.0,8.451906538817494e-05
S12->S13->S15->S17->S18->S20->S21->S26->S28->S29->S30->S33->S34->S35->S37,L0->L2->L3,1,15,0,0.0,8.451906538817494e-05
S0->S1->S3->S5->S6->S11->S27->S29->S30->S33->S34->S35->S37,L0->L2->L3,1,13,0,0.0,8.451906538817494e-05
S0->S1->S3->S5->S6->S11->S28->S29->S30->S33->S34->S35->S37,L0->L2->L3,1,13,0,0.0,8.451906538817494e-05
S0->S1->S3->S5->S6->S11->S29->S30->S31->S33->S34->S35->S37,L0->L3,1,13,0,0.0,8.451906538817494e-05
S0->S1->S3->S5->S6->S11->S29->S30->S32->S33->S34->S36->S37,L0->L3,1,13,0,0.0,8.451906538817494e-05
S0->S1->S3->S5->S6->S7->S8->S9->S29->S30->S31->S33->S34->S35->S37,L0->L3,1,15,0,0.0,8.451906538817494e-05
S0->S1->S3->S5->S6->S8->S10->S11->S26->S39->S40->S41->S43->S45->S47->S48->S50->S51,L0->L2->L3,1,18,0,0.0,8.451906538817494e-05
S0->S1->S3->S5->S6->S8->S10->S11->S27->S29->S30->S33->S34->S35->S37,L0->L2->L3,1,15,0,0.0,8.451906538817494e-05
S0->S1->S3->S4->S7->S9->S29->S30->S31->S33->S34->S35->S37,L0->L3,1,13,0,0.0,8.451906538817494e-05
S0->S1->S3->S4->S7->S9->S29->S30->S31->S33->S34->S36->S37,L0->L3,1,13,0,0.0,8.451906538817494e-05
S0->S1->S3->S4->S7->S9->S39->S40->S41->S44->S45->S47->S48->S49->S51,L0->L3,1,15,0,0.0,8.451906538817494e-05
S0->S1->S3->S4->S8->S10->S29->S30->S33->S34->S36->S37,L0->L3,1,12,0,0.0,8.451906538817494e-05
S12->S13->S15->S16->S19->S20->S23->S39->S40->S41->S43->S45->S48->S49->S51,L0->L3,1,15,0,0.0,8.451906538817494e-05
S12->S13->S15->S16->S19->S20->S23->S40->S41->S43->S45->S47->S48->S49->S51,L0->L3,1,15,0,0.0,8.451906538817494e-05
S12->S13->S15->S17->S18->S20->S21->S22->S26->S29->S30->S33->S34->S36->S37,L0->L2->L3,1,15,0,0.0,8.451906538817494e-05
S12->S13->S15->S17->S18->S20->S21->S23->S27->S29->S30->S33->S34->S35->S37,L0->L2->L3,1,15,0,0.0,8.451906538817494e-05
S0->S1->S3->S5->S6->S10->S27->S39->S40->S41->S43->S45->S47->S48->S49->S51,L0->L2->L3,1,16,0,0.0,8.451906538817494e-05
S0->S1->S3->S5->S6->S10->S39->S40->S41->S44->S45->S47->S48->S49->S51,L0->L3,1,15,0,0.0,8.451906538817494e-05
S0->S1->S3->S5->S6->S10->S39->S40->S41->S44->S45->S47->S48->S50->S51,L0->L3,1,15,0,0.0,8.451906538817494e-05
S0->S1->S3->S4->S7->S8->S9->S29->S33->S34->S35->S37->S38,L0->L3,1,13,0,0.0,8.451906538817494e-05
S0->S1->S3->S4->S6->S8->S11->S28->S39->S40->S41->S44->S45->S47->S48->S50->S51,L0->L2->L3,1,17,0,0.0,8.451906538817494e-05
S0->S1->S3->S4->S6->S8->S11->S29->S30->S31->S32->S35->S37->S38,L0->L3,1,14,0,0.0,8.451906538817494e-05
S0->S1->S3->S4->S6->S8->S11->S29->S30->S32->S34->S36->S37->S38,L0->L3,1,14,0,0.0,8.451906538817494e-05
S12->S13->S15->S17->S18->S20->S21->S24->S26->S39->S40->S41->S43->S45->S47->S48->S49->S51,L0->L1->L2->L3,1,18,0,0.0,8.451906538817494e-05
S12->S13->S15->S17->S18->S20->S21->S24->S26->S39->S40->S41->S43->S45->S47->S48->S50->S51,L0->L1->L2->L3,1,18,0,0.0,8.451906538817494e-05
S12->S13->S15->S17->S18->S20->S21->S24->S26->S39->S40->S41->S44->S45->S47->S48->S49->S51,L0->L1->L2->L3,1,18,0,0.0,8.451906538817494e-05
S12->S13->S15->S17->S18->S20->S21->S24->S26->S39->S40->S41->S44->S45->S47->S48->S50->S51,L0->L1->L2->L3,1,18,0,0.0,8.451906538817494e-05
S12->S13->S15->S17->S18->S20->S21->S24->S27->S29->S30->S33->S34->S35->S37,L0->L1->L2->L3,1,15,0,0.0,8.451906538817494e-05
S12->S13->S15->S17->S18->S20->S21->S24->S29->S30->S32->S33->S34->S35->S37,L0->L1->L3,1,15,0,0.0,8.451906538817494e-05
S12->S13->S15->S17->S18->S20->S21->S24->S29->S30->S32->S33->S34->S36->S37,L0->L1->L3,1,15,0,0.0,8.451906538817494e-05
S12->S13->S15->S17->S18->S20->S21->S25->S26->S29->S30->S33->S34->S36->S37,L0->L1->L2->L3,1,15,0,0.0,8.451906538817494e-05
S12->S13->S15->S17->S18->S20->S21->S25->S29->S30->S33->S34->S35->S37,L0->L1->L3,1,14,0,0.0,8.451906538817494e-05
S12->S13->S15->S17->S18->S20->S21->S29->S30->S31->S32->S36->S37,L0->L3,1,13,1,1.0,8.451906538817494e-05
S12->S13->S15->S17->S18->S20->S21->S29->S30->S31->S32->S36->S37->S38,L0->L3,1,14,0,0.0,8.451906538817494e-05
S12->S13->S15->S17->S18->S20->S21->S27->S29->S30->S32->S35->S37->S38,L0->L2->L3,1,14,0,0.0,8.451906538817494e-05
S12->S13->S15->S17->S18->S20->S21->S27->S29->S30->S33->S34->S36,L0->L2->L3,1,13,0,0.0,8.451906538817494e-05
S12->S13->S15->S17->S18->S20->S21->S27->S29->S33->S34->S35->S37,L0->L2->L3,1,13,0,0.0,8.451906538817494e-05
S12->S13->S15->S17->S18->S20->S21->S27->S39->S40->S41->S43->S44->S45->S47->S48->S50->S51,L0->L2->L3,1,18,0,0.0,8.451906538817494e-05
S12->S13->S15->S17->S18->S20->S21->S27->S39->S40->S41->S43->S45->S47->S48->S49->S51,L0->L2->L3,1,17,0,0.0,8.451906538817494e-05
S12->S13->S15->S17->S18->S20->S21->S27->S39->S40->S41->S44->S45->S47->S48->S50->S51,L0->L2->L3,1,17,0,0.0,8.451906538817494e-05
S12->S13->S15->S17->S18->S20->S21->S28->S29->S30->S32->S33->S34->S36->S37,L0->L2->L3,1,15,0,0.0,8.451906538817494e-05
S12->S13->S15->S17->S18->S20->S21->S26->S29->S30->S31->S33->S34->S36->S37->S38,L0->L2->L3,1,16,0,0.0,8.451906538817494e-05
S12->S13->S15->S17->S18->S20->S21->S26->S29->S30->S32->S36->S37->S38,L0->L2->L3,1,14,0,0.0,8.451906538817494e-05
S12->S13->S15->S17->S18->S20->S21->S26->S29->S30->S33->S34->S36->S37->S38,L0->L2->L3,1,15,0,0.0,8.451906538817494e-05
S12->S13->S15->S17->S18->S20->S21->S26->S30->S33->S34->S36->S37,L0->L2->L3,1,13,0,0.0,8.451906538817494e-05
S12->S13->S15->S17->S18->S20->S21->S24->S26->S33->S34->S35->S37->S38,L0->L1->L2->L3,1,14,0,0.0,8.451906538817494e-05
S0->S1->S3->S5->S6->S10->S26->S29->S30->S33->S34->S36->S37,L0->L2->L3,1,13,0,0.0,8.451906538817494e-05
S0->S1->S3->S5->S6->S10->S27->S29->S30->S33->S34->S36->S37,L0->L2->L3,1,13,0,0.0,8.451906538817494e-05
S0->S1->S2->S4->S6->S8->S10->S29->S30->S31->S32->S35->S37,L0->L3,1,13,1,1.0,8.451906538817494e-05
S0->S1->S2->S4->S6->S8->S10->S29->S30->S31->S32->S36->S37->S38,L0->L3,1,14,0,0.0,8.451906538817494e-05
S0->S1->S2->S4->S6->S8->S10->S29->S30->S31->S33->S34->S36,L0->L3,1,13,0,0.0,8.451906538817494e-05
S0->S1->S2->S4->S6->S8->S10->S29->S30->S31->S33->S35->S37,L0->L3,1,13,0,0.0,8.451906538817494e-05
S0->S1->S2->S4->S6->S8->S10->S29->S30->S31->S33->S36->S37,L0->L3,1,13,0,0.0,8.451906538817494e-05
S0->S1->S3->S4->S7->S8->S9->S39->S40->S41->S42->S43->S45->S47->S48->S50->S51,L0->L3,1,17,0,0.0,8.451906538817494e-05
S0->S1->S3->S4->S7->S8->S9->S39->S40->S41->S43->S45->S47->S48->S49,L0->L3,1,15,0,0.0,8.451906538817494e-05
S0->S1->S3->S4->S7->S8->S9->S39->S40->S41->S43->S45->S47->S48->S50,L0->L3,1,15,0,0.0,8.451906538817494e-05
S0->S1->S3->S4->S7->S8->S9->S39->S40->S41->S44->S47->S48->S49->S51,L0->L3,1,15,0,0.0,8.451906538817494e-05
S0->S1->S3->S4->S7->S9->S25->S26->S29->S30->S33->S34->S36->S37,L0->L1->L2->L3,1,14,0,0.0,8.451906538817494e-05
S0->S1->S3->S4->S7->S9->S26->S29->S30->S33->S34->S35->S37,L0->L2->L3,1,13,0,0.0,8.451906538817494e-05
S0->S1->S3->S4->S7->S9->S27->S29->S30->S33->S34->S35->S37,L0->L2->L3,1,13,0,0.0,8.451906538817494e-05
S0->S1->S2->S4->S7->S8->S10->S39->S40->S43->S45->S47->S48->S49->S51,L0->L3,1,15,0,0.0,8.451906538817494e-05
S0->S1->S2->S4->S7->S8->S10->S40->S41->S43->S45->S47->S48->S49->S51,L0->L3,1,15,0,0.0,8.451906538817494e-05
S0->S1->S2->S4->S7->S8->S10->S40->S41->S44->S45->S47->S48->S49->S51,L0->L3,1,15,0,0.0,8.451906538817494e-05
S12->S13->S15->S17->S18->S20->S21->S29->S30->S31->S32->S34->S35->S37,L0->L3,1,14,0,0.0,8.451906538817494e-05
S12->S13->S15->S17->S18->S20->S21->S29->S30->S33->S35,L0->L3,1,11,0,0.0,8.451906538817494e-05
S12->S13->S15->S17->S18->S20->S21->S29->S30->S33->S35->S37->S38,L0->L3,1,13,0,0.0,8.451906538817494e-05
S0->S1->S2->S4->S6->S8->S10->S29->S30->S31->S32->S34->S35->S37,L0->L3,1,14,0,0.0,8.451906538817494e-05
S0->S1->S2->S5->S6->S8->S11->S39->S40->S41->S43->S45->S47->S48->S50,L0->L3,1,15,0,0.0,8.451906538817494e-05
S0->S1->S2->S5->S6->S8->S11->S39->S40->S41->S43->S45->S47->S48->S51,L0->L3,1,15,0,0.0,8.451906538817494e-05
S0->S1->S2->S5->S6->S8->S11->S39->S40->S41->S43->S45->S47->S49->S51,L0->L3,1,15,0,0.0,8.451906538817494e-05
S0->S1->S2->S5->S6->S8->S11->S39->S40->S41->S44->S45->S48->S49->S51,L0->L3,1,15,0,0.0,8.451906538817494e-05
S0->S1->S2->S5->S6->S8->S11->S39->S40->S43->S45->S47->S48->S49->S51,L0->L3,1,15,0,0.0,8.451906538817494e-05
S0->S1->S2->S5->S6->S8->S11->S39->S40->S44->S45->S47->S48->S49->S51,L0->L3,1,15,0,0.0,8.451906538817494e-05
S0->S1->S2->S5->S6->S8->S11->S39->S40->S44->S45->S47->S48->S50->S51,L0->L3,1,15,0,0.0,8.451906538817494e-05
S0->S1->S2->S5->S6->S8->S11->S40->S41->S44->S45->S47->S48->S49->S51,L0->L3,1,15,0,0.0,8.451906538817494e-05
S0->S1->S2->S5->S6->S8->S9->S10->S11->S29->S30->S33->S34->S36->S37,L0->L3,1,15,0,0.0,8.451906538817494e-05
S0->S1->S2->S5->S6->S8->S9->S10->S12->S13->S14->S17->S19->S20->S23->S29->S30->S33->S34->S36->S37,L0->L3,1,21,0,0.0,8.451906538817494e-05
S0->S1->S2->S5->S6->S8->S9->S10->S27->S29->S30->S33->S34->S35->S37,L0->L2->L3,1,15,0,0.0,8.451906538817494e-05
S0->S1->S2->S5->S6->S8->S9->S10->S27->S29->S30->S33->S34->S36->S37,L0->L2->L3,1,15,0,0.0,8.451906538817494e-05
S0->S1->S2->S4->S6->S8->S10->S29->S30->S31->S32->S34->S36->S37,L0->L3,1,14,0,0.0,8.451906538817494e-05
S0->S1->S3->S4->S6->S8->S11->S29->S30->S33->S34->S35->S36->S37,L0->L3,1,14,0,0.0,8.451906538817494e-05
S0->S1->S3->S4->S6->S8->S11->S28->S29->S30->S32->S35->S37,L0->L2->L3,1,13,0,0.0,8.451906538817494e-05
S0->S1->S3->S4->S6->S8->S11->S28->S29->S30->S33->S34->S35->S37->S38,L0->L2->L3,1,15,0,0.0,8.451906538817494e-05
S0->S1->S2->S4->S7->S8->S11->S12->S13->S14->S16->S18->S20->S21->S29->S30->S33->S34->S35->S37,L0->L3,1,20,0,0.0,8.451906538817494e-05
S0->S1->S2->S4->S7->S8->S11->S12->S13->S14->S16->S18->S20->S22->S29->S30->S33->S34->S35->S37,L0->L3,1,20,0,0.0,8.451906538817494e-05
S0->S1->S2->S4->S7->S8->S11->S12->S13->S14->S17->S18->S20->S22->S29->S30->S33->S34->S35->S37,L0->L3,1,20,0,0.0,8.451906538817494e-05
S0->S1->S2->S4->S7->S8->S11->S12->S13->S14->S17->S18->S20->S22->S29->S30->S33->S34->S36->S37,L0->L3,1,20,0,0.0,8.451906538817494e-05
S0->S1->S2->S4->S7->S8->S11->S12->S13->S14->S17->S18->S20->S23->S29->S30->S33->S34->S35->S37,L0->L3,1,20,0,0.0,8.451906538817494e-05
S0->S1->S2->S4->S7->S8->S11->S12->S13->S14->S17->S19->S20->S21->S29->S30->S33->S34->S36->S37,L0->L3,1,20,0,0.0,8.451906538817494e-05
S0->S1->S3->S4->S7->S8->S9->S29->S30->S33->S35->S37->S38,L0->L3,1,13,0,0.0,8.451906538817494e-05
S0->S1->S3->S4->S7->S8->S9->S29->S30->S31->S33->S34->S35,L0->L3,1,13,0,0.0,8.451906538817494e-05
S0->S1->S3->S4->S7->S8->S9->S29->S30->S31->S33->S34->S36,L0->L3,1,13,0,0.0,8.451906538817494e-05
S12->S13->S15->S17->S18->S20->S21->S29->S30->S32->S33->S34->S35->S37->S38,L0->L3,1,15,0,0.0,8.451906538817494e-05
S12->S13->S15->S17->S18->S20->S21->S29->S30->S32->S34->S35->S37->S38,L0->L3,1,14,0,0.0,8.451906538817494e-05
S12->S13->S15->S17->S18->S20->S21->S29->S30->S32->S37,L0->L3,1,11,0,0.0,8.451906538817494e-05
S12->S13->S15->S17->S18->S20->S21->S29->S30->S33->S34->S36,L0->L3,1,12,0,0.0,8.451906538817494e-05
S12->S13->S15->S17->S18->S20->S22->S24->S29->S30->S33->S34->S35->S37,L0->L1->L3,1,14,0,0.0,8.451906538817494e-05
S12->S13->S15->S17->S18->S20->S22->S24->S47->S48->S49->S51,L0->L1->L3,1,12,0,0.0,8.451906538817494e-05
S12->S13->S15->S17->S18->S20->S22->S25->S26->S27->S29->S30->S33->S34->S36->S37,L0->L1->L2->L3,1,16,0,0.0,8.451906538817494e-05
S12->S13->S15->S17->S18->S20->S22->S25->S26->S29->S30->S33->S34->S35->S37,L0->L1->L2->L3,1,15,0,0.0,8.451906538817494e-05
S12->S13->S15->S17->S18->S20->S22->S25->S26->S29->S30->S33->S34->S36->S37,L0->L1->L2->L3,1,15,0,0.0,8.451906538817494e-05
S12->S13->S15->S17->S18->S20->S22->S25->S29->S30->S33->S34->S36->S37,L0->L1->L3,1,14,0,0.0,8.451906538817494e-05
S12->S13->S15->S17->S18->S20->S22->S26->S29->S30->S31->S33->S34->S35->S37->S38,L0->L2->L3,1,16,0,0.0,8.451906538817494e-05
S12->S13->S15->S17->S18->S20->S21->S29->S31->S33->S34->S35->S37,L0->L3,1,13,0,0.0,8.451906538817494e-05
S12->S13->S15->S17->S18->S20->S21->S39->S40->S41->S43->S44->S45->S47->S48->S49->S51,L0->L3,1,17,0,0.0,8.451906538817494e-05
S12->S13->S15->S17->S18->S20->S21->S39->S40->S44->S45->S47->S48->S49->S51,L0->L3,1,15,0,0.0,8.451906538817494e-05
S12->S13->S15->S17->S18->S20->S21->S40->S41->S43->S45->S47->S48->S50->S51,L0->L3,1,15,0,0.0,8.451906538817494e-05
S12->S13->S15->S17->S18->S20->S21->S29->S30->S31->S33->S36->S37,L0->L3,1,13,0,0.0,8.451906538817494e-05
S0->S1->S2->S4->S7->S8->S10->S39->S40->S41->S44->S45->S47->S50->S51,L0->L3,1,15,0,0.0,8.451906538817494e-05
S0->S1->S2->S4->S7->S8->S11->S29->S30->S31->S33->S36->S37,L0->L3,1,13,0,0.0,8.451906538817494e-05
S0->S1->S2->S4->S7->S8->S11->S29->S30->S32->S34->S36->S37->S38,L0->L3,1,14,0,0.0,8.451906538817494e-05
S0->S1->S2->S4->S7->S8->S11->S29->S30->S32->S36,L0->L3,1,11,0,0.0,8.451906538817494e-05
S0->S1->S2->S4->S7->S9->S27->S29->S30->S33->S34->S36->S37,L0->L2->L3,1,13,0,0.0,8.451906538817494e-05
S0->S1->S2->S4->S6->S8->S10->S27->S39->S40->S41->S43->S44->S45->S47->S48->S50->S51,L0->L2->L3,1,18,0,0.0,8.451906538817494e-05
S0->S1->S2->S4->S6->S8->S10->S28->S39->S40->S41->S43->S45->S47->S48->S50->S51,L0->L2->L3,1,17,0,0.0,8.451906538817494e-05
S12->S13->S15->S17->S18->S20->S22->S26->S29->S30->S32->S34->S36->S37,L0->L2->L3,1,14,0,0.0,8.451906538817494e-05
S12->S13->S15->S17->S18->S20->S22->S24->S26->S47->S48->S50->S51,L0->L1->L2->L3,1,13,0,0.0,8.451906538817494e-05
S0->S1->S2->S4->S7->S8->S9->S29->S33->S34->S36->S37->S38,L0->L3,1,13,0,0.0,8.451906538817494e-05
S0->S1->S2->S4->S7->S8->S9->S39->S40->S41->S43->S44->S45->S47->S48->S50->S51,L0->L3,1,17,0,0.0,8.451906538817494e-05
S0->S1->S2->S4->S7->S8->S9->S39->S40->S41->S43->S45->S48->S49->S51,L0->L3,1,15,0,0.0,8.451906538817494e-05
S0->S1->S2->S4->S7->S8->S9->S39->S40->S41->S44->S45->S47->S48->S49->S50->S51,L0->L3,1,17,0,0.0,8.451906538817494e-05
S0->S1->S2->S4->S7->S8->S9->S39->S40->S41->S44->S45->S47->S48->S50,L0->L3,1,15,0,0.0,8.451906538817494e-05
S0->S1->S2->S4->S7->S8->S9->S39->S40->S41->S44->S45->S47->S49->S51,L0->L3,1,15,0,0.0,8.451906538817494e-05
S0->S1->S2->S4->S7->S8->S9->S39->S40->S41->S44->S47->S48->S50->S51,L0->L3,1,15,0,0.0,8.451906538817494e-05
S0->S1->S2->S5->S6->S8->S11->S29->S32->S33->S34->S35->S37,L0->L3,1,13,0,0.0,8.451906538817494e-05
S0->S1->S2->S5->S6->S8->S11->S29->S30->S31->S32->S36->S37->S38,L0->L3,1,14,0,0.0,8.451906538817494e-05
S0->S1->S2->S5->S6->S8->S11->S29->S30->S31->S33->S34->S35,L0->L3,1,13,0,0.0,8.451906538817494e-05
S12->S13->S15->S17->S18->S20->S22->S24->S27->S39->S40->S41->S43->S45->S47->S48->S50->S51,L0->L1->L2->L3,1,18,0,0.0,8.451906538817494e-05
S0->S1->S2->S5->S6->S8->S11->S29->S30->S31->S33->S34->S36,L0->L3,1,13,0,0.0,8.451906538817494e-05
S0->S1->S2->S5->S6->S8->S11->S29->S30->S31->S33->S36->S37,L0->L3,1,13,0,0.0,8.451906538817494e-05
S0->S1->S2->S5->S6->S8->S11->S29->S30->S33->S34->S35->S36->S37,L0->L3,1,14,0,0.0,8.451906538817494e-05
S0->S1->S2->S5->S6->S8->S11->S29->S30->S33->S34->S36->S38,L0->L3,1,13,0,0.0,8.451906538817494e-05
S0->S1->S2->S4->S7->S9->S27->S29->S30->S33->S34->S35->S37,L0->L2->L3,1,13,0,0.0,8.451906538817494e-05
S0->S1->S3->S4->S7->S8->S9->S28->S29->S30->S32->S33->S34->S35->S37,L0->L2->L3,1,15,0,0.0,8.451906538817494e-05
S0->S1->S3->S4->S7->S8->S9->S28->S29->S30->S33->S34->S35->S37->S38,L0->L2->L3,1,15,0,0.0,8.451906538817494e-05
S0->S1->S3->S4->S7->S8->S9->S28->S29->S30->S33->S34->S36->S37->S38,L0->L2->L3,1,15,0,0.0,8.451906538817494e-05
S0->S1->S3->S4->S7->S8->S9->S28->S39->S40->S41->S43->S45->S47->S48->S50->S51,L0->L2->L3,1,17,0,0.0,8.451906538817494e-05
S0->S1->S3->S4->S7->S8->S9->S29->S30->S31->S32->S33->S34->S36->S37->S38,L0->L3,1,16,0,0.0,8.451906538817494e-05
S0->S1->S3->S4->S7->S8->S9->S29->S30->S31->S32->S34->S35->S37->S38,L0->L3,1,15,0,0.0,8.451906538817494e-05
S0->S1->S3->S4->S7->S8->S9->S29->S30->S31->S32->S35->S37->S38,L0->L3,1,14,0,0.0,8.451906538817494e-05
S0->S1->S3->S4->S7->S8->S9->S29->S30->S31->S32->S36->S37->S38,L0->L3,1,14,0,0.0,8.451906538817494e-05
S0->S1->S2->S4->S7->S8->S11->S12->S13->S15->S16->S18->S20->S23->S29->S30->S33->S34->S35->S37->S38,L0->L3,1,21,0,0.0,8.451906538817494e-05
S0->S1->S2->S4->S7->S8->S11->S12->S13->S15->S16->S18->S20->S23->S29->S30->S33->S34->S36->S37,L0->L3,1,20,0,0.0,8.451906538817494e-05
S0->S1->S2->S4->S7->S8->S11->S12->S13->S15->S16->S19->S20->S23->S29->S30->S33->S34->S36->S37,L0->L3,1,20,0,0.0,8.451906538817494e-05
S12->S13->S15->S17->S18->S20->S22->S39->S40->S41->S43->S44->S45->S47->S48->S50->S51,L0->L3,1,17,0,0.0,8.451906538817494e-05
S12->S13->S15->S17->S18->S20->S22->S27->S39->S40->S41->S43->S45->S47->S48->S50->S51,L0->L2->L3,1,17,0,0.0,8.451906538817494e-05
S12->S13->S15->S17->S18->S20->S22->S29->S30->S31->S32->S34->S36->S37,L0->L3,1,14,0,0.0,8.451906538817494e-05
S12->S13->S15->S17->S18->S20->S22->S29->S30->S31->S32->S36->S37,L0->L3,1,13,0,0.0,8.451906538817494e-05
S12->S13->S15->S17->S18->S20->S22->S29->S30->S31->S33->S34->S36,L0->L3,1,13,0,0.0,8.451906538817494e-05
S12->S13->S15->S17->S18->S20->S22->S29->S30->S32->S33->S34->S36->S37->S38,L0->L3,1,15,0,0.0,8.451906538817494e-05
S12->S13->S15->S17->S18->S20->S22->S26->S29->S33->S34->S35->S37,L0->L2->L3,1,13,0,0.0,8.451906538817494e-05
S12->S13->S15->S17->S18->S20->S22->S26->S30->S33->S34->S35->S37,L0->L2->L3,1,13,0,0.0,8.451906538817494e-05
S12->S13->S15->S17->S18->S20->S22->S26->S39->S40->S41->S43->S45->S47->S48->S50->S51,L0->L2->L3,1,17,0,0.0,8.451906538817494e-05
S12->S13->S15->S17->S18->S20->S22->S27->S29->S30->S32->S33->S34->S35->S37,L0->L2->L3,1,15,0,0.0,8.451906538817494e-05
S12->S13->S15->S17->S18->S20->S22->S27->S29->S30->S32->S35->S37,L0->L2->L3,1,13,1,1.0,8.451906538817494e-05
S12->S13->S15->S17->S18->S20->S22->S27->S29->S30->S32->S35->S37->S38,L0->L2->L3,1,14,0,0.0,8.451906538817494e-05
S12->S13->S15->S17->S18->S20->S22->S27->S29->S30->S32->S36->S37,L0->L2->L3,1,13,0,0.0,8.451906538817494e-05
S12->S13->S15->S17->S18->S20->S22->S27->S30->S33->S34->S35->S37,L0->L2->L3,1,13,0,0.0,8.451906538817494e-05
S12->S13->S15->S17->S18->S20->S22->S27->S38,L0->L2->L3,1,9,0,0.0,8.451906538817494e-05
S0->S1->S2->S4->S6->S8->S10->S27->S29->S30->S33->S34->S36,L0->L2->L3,1,13,0,0.0,8.451906538817494e-05
S12->S13->S15->S17->S18->S20->S22->S29->S30->S32->S36->S37->S38,L0->L3,1,13,0,0.0,8.451906538817494e-05
S12->S13->S15->S17->S18->S20->S22->S29->S30->S32->S37,L0->L3,1,11,0,0.0,8.451906538817494e-05
S12->S13->S15->S17->S18->S20->S22->S29->S30->S33->S34->S35,L0->L3,1,12,0,0.0,8.451906538817494e-05
S12->S13->S15->S17->S18->S20->S22->S29->S31->S33->S34->S35->S37,L0->L3,1,13,0,0.0,8.451906538817494e-05
S0->S1->S2->S4->S7->S8->S11->S12->S13->S15->S17->S18->S20->S21->S29->S30->S33->S34->S36->S37,L0->L3,1,20,0,0.0,8.451906538817494e-05
S0->S1->S2->S4->S7->S8->S11->S12->S13->S15->S17->S18->S20->S23->S29->S30->S31->S33->S34->S35->S37,L0->L3,1,21,0,0.0,8.451906538817494e-05
S0->S1->S2->S4->S7->S8->S11->S12->S13->S15->S17->S18->S20->S23->S29->S33->S34->S35->S37,L0->L3,1,19,0,0.0,8.451906538817494e-05
S0->S1->S2->S4->S7->S8->S11->S12->S13->S15->S17->S19->S20->S23->S29->S30->S33->S34->S36->S37,L0->L3,1,20,0,0.0,8.451906538817494e-05
S0->S1->S2->S4->S7->S8->S11->S24->S26->S29->S30->S32->S33->S34->S35->S37,L0->L1->L2->L3,1,16,0,0.0,8.451906538817494e-05
S0->S1->S3->S4->S6->S8->S11->S29->S30->S33->S34->S37,L0->L3,1,12,0,0.0,8.451906538817494e-05
S0->S1->S3->S4->S6->S8->S11->S29->S30->S36->S37,L0->L3,1,11,0,0.0,8.451906538817494e-05
S0->S1->S3->S4->S6->S8->S11->S29->S31->S33->S34->S35->S37,L0->L3,1,13,0,0.0,8.451906538817494e-05
S0->S1->S3->S4->S6->S8->S11->S39->S40->S41->S43->S45->S47->S50->S51,L0->L3,1,15,0,0.0,8.451906538817494e-05
S0->S1->S3->S4->S6->S8->S9->S10->S27->S29->S30->S33->S34->S35->S37,L0->L2->L3,1,15,0,0.0,8.451906538817494e-05
S0->S1->S3->S4->S6->S8->S9->S10->S27->S29->S30->S33->S34->S36->S37,L0->L2->L3,1,15,0,0.0,8.451906538817494e-05
S12->S13->S15->S17->S18->S20->S22->S39->S40->S41->S43->S44->S45->S47->S48->S49->S51,L0->L3,1,17,0,0.0,8.451906538817494e-05
S0->S1->S2->S4->S8->S10->S29->S30->S33->S34->S36->S37,L0->L3,1,12,0,0.0,8.451906538817494e-05
S0->S1->S2->S4->S8->S11->S29->S30->S33->S34->S36->S37,L0->L3,1,12,0,0.0,8.451906538817494e-05
S0->S1->S2->S5->S29->S30->S33->S34->S35->S37,L0->L3,1,10,0,0.0,8.451906538817494e-05
S0->S1->S3->S4->S6->S8->S9->S10->S29->S30->S31->S33->S34->S35->S37,L0->L3,1,15,0,0.0,8.451906538817494e-05
S0->S1->S3->S4->S6->S8->S9->S10->S29->S30->S31->S33->S34->S36->S37,L0->L3,1,15,0,0.0,8.451906538817494e-05
S0->S1->S3->S4->S7->S8->S9->S27->S29->S30->S32->S33->S34->S35,L0->L2->L3,1,14,0,0.0,8.451906538817494e-05
S0->S1->S3->S4->S7->S8->S9->S27->S29->S30->S33->S34->S36,L0->L2->L3,1,13,0,0.0,8.451906538817494e-05
S0->S1->S2->S4->S7->S8->S11->S12->S13->S15->S16->S18->S20->S21->S29->S30->S33->S34->S35->S37,L0->L3,1,20,0,0.0,8.451906538817494e-05
S0->S1->S2->S4->S7->S8->S11->S12->S13->S15->S16->S18->S20->S21->S29->S30->S33->S34->S36->S37,L0->L3,1,20,0,0.0,8.451906538817494e-05
S0->S1->S2->S4->S7->S8->S11->S12->S13->S15->S16->S18->S20->S22->S29->S30->S33->S34->S35->S37,L0->L3,1,20,0,0.0,8.451906538817494e-05
S0->S1->S2->S4->S7->S8->S11->S12->S13->S15->S16->S18->S20->S22->S29->S30->S33->S34->S36->S37,L0->L3,1,20,0,0.0,8.451906538817494e-05
S0->S1->S3->S4->S7->S8->S9->S26->S29->S30->S32->S34->S35->S37,L0->L2->L3,1,14,0,0.0,8.451906538817494e-05
S0->S1->S3->S4->S7->S8->S9->S26->S29->S30->S33->S34->S35,L0->L2->L3,1,13,0,0.0,8.451906538817494e-05
S0->S1->S2->S5->S6->S10->S26->S29->S30->S33->S34->S35->S37,L0->L2->L3,1,13,0,0.0,8.451906538817494e-05
S0->S1->S2->S5->S6->S10->S29->S30->S32->S33->S34->S36->S37,L0->L3,1,13,0,0.0,8.451906538817494e-05
S0->S1->S2->S5->S6->S8->S11->S27->S29->S33->S34->S36->S37,L0->L2->L3,1,13,0,0.0,8.451906538817494e-05
S12->S13->S15->S17->S18->S20->S23->S24->S47->S48->S49->S51,L0->L1->L3,1,12,0,0.0,8.451906538817494e-05
S12->S13->S15->S17->S18->S20->S23->S25->S26->S47->S48->S49->S51,L0->L1->L2->L3,1,13,0,0.0,8.451906538817494e-05
S12->S13->S15->S17->S18->S20->S22->S39->S40->S41->S43->S45->S47->S49->S51,L0->L3,1,15,0,0.0,8.451906538817494e-05
S12->S13->S15->S17->S18->S20->S22->S39->S40->S41->S44->S45->S47->S48->S49,L0->L3,1,15,0,0.0,8.451906538817494e-05
S12->S13->S15->S17->S18->S20->S22->S39->S40->S41->S44->S47->S48->S49->S51,L0->L3,1,15,0,0.0,8.451906538817494e-05
S12->S13->S15->S17->S18->S20->S22->S39->S40->S44->S45->S47->S48->S50->S51,L0->L3,1,15,0,0.0,8.451906538817494e-05
S12->S13->S15->S17->S18->S20->S23->S24->S26->S29->S30->S32->S33->S34->S36->S37,L0->L1->L2->L3,1,16,0,0.0,8.451906538817494e-05
S12->S13->S15->S17->S18->S20->S23->S24->S26->S38,L0->L1->L2->L3,1,10,0,0.0,8.451906538817494e-05
S12->S13->S15->S17->S18->S20->S23->S24->S26->S39->S40->S41->S43->S45->S47->S48->S50->S51,L0->L1->L2->L3,1,18,0,0.0,8.451906538817494e-05
S12->S13->S15->S17->S18->S20->S23->S24->S26->S39->S40->S41->S44->S45->S47->S48->S50->S51,L0->L1->L2->L3,1,18,0,0.0,8.451906538817494e-05
S0->S1->S2->S4->S6->S8->S10->S26->S30->S33->S34->S36->S37,L0->L2->L3,1,13,0,0.0,8.451906538817494e-05
S0->S1->S2->S4->S6->S8->S10->S26->S38,L0->L2->L3,1,9,0,0.0,8.451906538817494e-05
S0->S1->S2->S4->S6->S8->S10->S26->S39->S40->S41->S42->S43->S45->S47->S48->S50->S51,L0->L2->L3,1,18,0,0.0,8.451906538817494e-05
S0->S1->S2->S4->S7->S9->S29->S30->S31->S33->S34->S36->S37,L0->L3,1,13,0,0.0,8.451906538817494e-05
S0->S1->S2->S4->S7->S9->S29->S30->S33->S34->S35->S37->S38,L0->L3,1,13,0,0.0,8.451906538817494e-05
S0->S1->S2->S4->S8->S10->S29->S30->S33->S34->S35->S37,L0->L3,1,12,0,0.0,8.451906538817494e-05
S12->S13->S15->S17->S18->S20->S23->S26->S29->S30->S32->S35->S37,L0->L2->L3,1,13,1,1.0,8.451906538817494e-05
S12->S13->S15->S17->S18->S20->S23->S26->S29->S30->S32->S35->S37->S38,L0->L2->L3,1,14,0,0.0,8.451906538817494e-05
S12->S13->S15->S17->S18->S20->S23->S26->S30->S33->S34->S35->S37,L0->L2->L3,1,13,0,0.0,8.451906538817494e-05
S12->S13->S15->S17->S18->S20->S23->S26->S39->S40->S41->S43->S45->S47->S48->S49->S50->S51,L0->L2->L3,1,18,1,1.0,8.451906538817494e-05
S12->S13->S15->S17->S18->S20->S23->S26->S39->S40->S41->S43->S45->S47->S48->S50->S51,L0->L2->L3,1,17,0,0.0,8.451906538817494e-05
S0->S1->S2->S5->S6->S8->S11->S28->S29->S30->S31->S33->S34->S35->S37->S38,L0->L2->L3,1,16,0,0.0,8.451906538817494e-05
S0->S1->S2->S5->S6->S8->S11->S28->S29->S30->S33->S34->S36->S37->S38,L0->L2->L3,1,15,0,0.0,8.451906538817494e-05
S0->S1->S2->S5->S6->S8->S11->S28->S39->S40->S41->S44->S45->S47->S48->S50->S51,L0->L2->L3,1,17,0,0.0,8.451906538817494e-05
S0->S1->S2->S5->S6->S8->S11->S29->S30->S31->S32->S34->S35->S37,L0->L3,1,14,0,0.0,8.451906538817494e-05
S0->S1->S2->S4->S7->S8->S9->S40->S41->S44->S45->S47->S48->S50->S51,L0->L3,1,15,0,0.0,8.451906538817494e-05
S0->S1->S2->S4->S6->S8->S10->S27->S29->S30->S32->S34->S35->S37,L0->L2->L3,1,14,0,0.0,8.451906538817494e-05
S0->S1->S2->S4->S6->S8->S10->S27->S29->S30->S32->S34->S35->S37->S38,L0->L2->L3,1,15,0,0.0,8.451906538817494e-05
S0->S1->S2->S4->S6->S8->S10->S27->S29->S30->S32->S35->S37,L0->L2->L3,1,13,1,1.0,8.451906538817494e-05
S12->S13->S15->S17->S18->S20->S23->S24->S29->S30->S32->S33->S34->S36->S37,L0->L1->L3,1,15,0,0.0,8.451906538817494e-05
S12->S13->S15->S17->S18->S20->S23->S24->S29->S30->S33->S34->S35->S37,L0->L1->L3,1,14,0,0.0,8.451906538817494e-05
S12->S13->S15->S17->S18->S20->S23->S24->S29->S30->S33->S34->S36->S37,L0->L1->L3,1,14,0,0.0,8.451906538817494e-05
S12->S13->S15->S17->S18->S20->S23->S29->S30->S31->S32->S34->S36->S37,L0->L3,1,14,0,0.0,8.451906538817494e-05
S12->S13->S15->S17->S18->S20->S23->S25->S27->S29->S30->S33->S34->S35->S37,L0->L1->L2->L3,1,15,0,0.0,8.451906538817494e-05
S0->S1->S3->S4->S7->S8->S9->S26->S29->S33->S34->S36->S37,L0->L2->L3,1,13,0,0.0,8.451906538817494e-05
S0->S1->S3->S4->S7->S8->S9->S26->S30->S33->S34->S35->S37,L0->L2->L3,1,13,0,0.0,8.451906538817494e-05
S0->S1->S3->S4->S7->S8->S9->S26->S39->S40->S41->S43->S44->S45->S47->S48->S50->S51,L0->L2->L3,1,18,0,0.0,8.451906538817494e-05
S0->S1->S3->S4->S7->S8->S9->S26->S39->S40->S41->S43->S45->S48->S49->S51,L0->L2->L3,1,16,0,0.0,8.451906538817494e-05
S0->S1->S3->S4->S6->S8->S9->S10->S29->S30->S33->S34->S36->S37->S38,L0->L3,1,15,0,0.0,8.451906538817494e-05
S0->S1->S3->S4->S6->S8->S9->S10->S39->S40->S41->S43->S45->S47->S48->S50->S51,L0->L3,1,17,0,0.0,8.451906538817494e-05
S0->S1->S3->S4->S6->S8->S9->S10->S39->S40->S41->S44->S45->S47->S48->S49->S51,L0->L3,1,17,0,0.0,8.451906538817494e-05
S0->S1->S3->S4->S6->S8->S9->S11->S29->S30->S31->S33->S34->S35->S37,L0->L3,1,15,0,0.0,8.451906538817494e-05
S0->S1->S3->S4->S6->S8->S9->S11->S39->S40->S41->S43->S45->S47->S48->S49->S51,L0->L3,1,17,0,0.0,8.451906538817494e-05
S0->S1->S3->S4->S6->S8->S9->S11->S39->S40->S41->S43->S45->S47->S48->S50->S51,L0->L3,1,17,0,0.0,8.451906538817494e-05
S0->S1->S3->S4->S6->S8->S9->S11->S39->S40->S41->S44->S45->S47->S48->S49->S51,L0->L3,1,17,0,0.0,8.451906538817494e-05
S0->S1->S3->S4->S6->S8->S9->S11->S39->S40->S41->S44->S45->S47->S48->S50->S51,L0->L3,1,17,0,0.0,8.451906538817494e-05
S0->S1->S3->S4->S6->S8->S9->S12->S13->S14->S16->S18->S20->S21->S29->S30->S33->S34->S35->S37,L0->L3,1,20,0,0.0,8.451906538817494e-05
S12->S13->S15->S17->S18->S20->S23->S26->S29->S30->S32->S34->S36->S37,L0->L2->L3,1,14,0,0.0,8.451906538817494e-05
S0->S1->S2->S5->S6->S8->S11->S27->S29->S30->S33->S34->S36,L0->L2->L3,1,13,0,0.0,8.451906538817494e-05
S0->S1->S3->S4->S6->S8->S9->S12->S13->S14->S16->S18->S20->S21->S29->S30->S33->S34->S36->S37,L0->L3,1,20,0,0.0,8.451906538817494e-05
S0->S1->S3->S4->S6->S8->S11->S29->S30->S33->S34->S35->S38,L0->L3,1,13,0,0.0,8.451906538817494e-05
S0->S1->S3->S4->S7->S8->S9->S25->S28->S29->S30->S33->S34->S36->S37,L0->L1->L2->L3,1,15,0,0.0,8.451906538817494e-05
S0->S1->S3->S4->S7->S8->S9->S25->S29->S30->S33->S34->S35->S37,L0->L1->L3,1,14,0,0.0,8.451906538817494e-05
S0->S1->S3->S4->S7->S8->S9->S25->S29->S33->S34->S36->S37,L0->L1->L3,1,13,0,0.0,8.451906538817494e-05
S0->S1->S3->S4->S7->S8->S9->S26->S27->S29->S30->S32->S33->S34->S35->S37,L0->L2->L3,1,16,0,0.0,8.451906538817494e-05
S0->S1->S3->S4->S7->S8->S9->S26->S27->S29->S30->S32->S33->S34->S36->S37,L0->L2->L3,1,16,0,0.0,8.451906538817494e-05
S0->S1->S3->S4->S7->S8->S9->S26->S27->S29->S30->S33->S34->S35->S37,L0->L2->L3,1,15,0,0.0,8.451906538817494e-05
S0->S1->S3->S4->S7->S8->S9->S26->S27->S29->S30->S33->S34->S36->S37,L0->L2->L3,1,15,0,0.0,8.451906538817494e-05
S0->S1->S3->S4->S7->S8->S9->S12->S13->S15->S17->S19->S20->S21->S29->S30->S33->S34->S36->S37,L0->L3,1,20,0,0.0,8.451906538817494e-05
S0->S1->S2->S5->S6->S8->S11->S27->S29->S33->S34->S35->S37,L0->L2->L3,1,13,0,0.0,8.451906538817494e-05
S12->S13->S15->S17->S18->S20->S23->S27->S29->S30->S33->S34->S35->S37->S38,L0->L2->L3,1,15,0,0.0,8.451906538817494e-05
S12->S13->S15->S17->S18->S20->S23->S27->S29->S30->S33->S34->S36->S37->S38,L0->L2->L3,1,15,0,0.0,8.451906538817494e-05
S12->S13->S15->S17->S18->S20->S23->S28->S29->S30->S32->S33->S34->S35->S37,L0->L2->L3,1,15,0,0.0,8.451906538817494e-05
S12->S13->S15->S17->S18->S20->S23->S28->S29->S30->S32->S33->S34->S36->S37,L0->L2->L3,1,15,0,0.0,8.451906538817494e-05
S0->S1->S2->S4->S6->S8->S10->S26->S29->S33->S34->S35->S37,L0->L2->L3,1,13,0,0.0,8.451906538817494e-05
S0->S1->S2->S4->S6->S8->S10->S26->S29->S33->S34->S36->S37->S38,L0->L2->L3,1,14,0,0.0,8.451906538817494e-05
S12->S13->S15->S17->S18->S20->S23->S29->S30->S33->S34->S37,L0->L3,1,12,0,0.0,8.451906538817494e-05
S12->S13->S15->S17->S18->S20->S23->S29->S31->S33->S34->S35->S37,L0->L3,1,13,0,0.0,8.451906538817494e-05
S12->S13->S15->S17->S18->S20->S23->S29->S30->S31->S32->S35->S37,L0->L3,1,13,0,0.0,8.451906538817494e-05
S12->S13->S15->S17->S18->S20->S23->S29->S30->S31->S32->S36->S37,L0->L3,1,13,0,0.0,8.451906538817494e-05
S12->S13->S15->S17->S18->S20->S23->S29->S30->S32->S33->S34->S35->S37->S38,L0->L3,1,15,0,0.0,8.451906538817494e-05
S12->S13->S15->S17->S18->S20->S23->S29->S30->S32->S35->S37->S38,L0->L3,1,13,0,0.0,8.451906538817494e-05
S12->S13->S15->S17->S18->S20->S23->S29->S30->S32->S37,L0->L3,1,11,0,0.0,8.451906538817494e-05
S12->S13->S15->S17->S18->S20->S23->S29->S30->S33->S34->S35->S36->S37,L0->L3,1,14,0,0.0,8.451906538817494e-05
S0->S1->S2->S4->S6->S8->S10->S26->S29->S30->S32->S33->S35->S37,L0->L2->L3,1,14,0,0.0,8.451906538817494e-05
S0->S1->S2->S4->S6->S8->S10->S26->S29->S30->S32->S34->S35->S37,L0->L2->L3,1,14,0,0.0,8.451906538817494e-05
S0->S1->S2->S5->S6->S8->S11->S26->S39->S40->S41->S43->S44->S45->S47->S48->S50->S51,L0->L2->L3,1,18,0,0.0,8.451906538817494e-05
S0->S1->S2->S5->S6->S8->S11->S27->S28->S29->S30->S32->S34->S36->S37,L0->L2->L3,1,15,0,0.0,8.451906538817494e-05
S0->S1->S2->S5->S6->S8->S11->S27->S29->S30->S32->S35->S37,L0->L2->L3,1,13,0,0.0,8.451906538817494e-05
S0->S1->S2->S5->S6->S8->S11->S27->S29->S30->S32->S36->S37,L0->L2->L3,1,13,1,1.0,8.451906538817494e-05
S12->S13->S15->S17->S19->S20->S21->S22->S23->S29->S30->S33->S34->S35->S37,L0->L3,1,15,0,0.0,8.451906538817494e-05
S12->S13->S15->S17->S19->S20->S21->S22->S26->S29->S30->S33->S34->S36->S37,L0->L2->L3,1,15,0,0.0,8.451906538817494e-05
S12->S13->S15->S17->S19->S20->S21->S23->S29->S30->S33->S34->S35->S37->S38,L0->L3,1,15,0,0.0,8.451906538817494e-05
S12->S13->S15->S17->S19->S20->S21->S23->S29->S30->S33->S34->S36->S37,L0->L3,1,14,0,0.0,8.451906538817494e-05
S0->S1->S3->S4->S7->S8->S9->S12->S13->S15->S17->S19->S20->S23->S27->S29->S30->S33->S34->S36->S37,L0->L2->L3,1,21,0,0.0,8.451906538817494e-05
S0->S1->S3->S4->S7->S8->S9->S24->S26->S39->S40->S41->S43->S45->S47->S48->S50->S51,L0->L1->L2->L3,1,18,0,0.0,8.451906538817494e-05
S0->S1->S3->S4->S7->S8->S9->S24->S26->S39->S40->S41->S44->S45->S47->S48->S49->S51,L0->L1->L2->L3,1,18,0,0.0,8.451906538817494e-05
S0->S1->S3->S4->S7->S8->S9->S24->S27->S29->S30->S33->S34->S35->S37,L0->L1->L2->L3,1,15,0,0.0,8.451906538817494e-05
S0->S1->S3->S4->S7->S8->S9->S24->S28->S29->S30->S32->S33->S34->S35->S37,L0->L1->L2->L3,1,16,0,0.0,8.451906538817494e-05
S0->S1->S3->S4->S7->S8->S9->S12->S13->S14->S16->S19->S20->S23->S29->S30->S33->S34->S35->S37,L0->L3,1,20,0,0.0,8.451906538817494e-05
S0->S1->S3->S4->S7->S8->S9->S12->S13->S14->S16->S19->S20->S23->S29->S30->S33->S34->S36->S37->S38,L0->L3,1,21,0,0.0,8.451906538817494e-05
S0->S1->S3->S4->S7->S8->S9->S12->S13->S14->S17->S18->S20->S21->S29->S30->S33->S34->S35,L0->L3,1,19,0,0.0,8.451906538817494e-05
S0->S1->S3->S4->S7->S8->S9->S12->S13->S14->S17->S18->S20->S21->S29->S30->S33->S34->S35->S37,L0->L3,1,20,0,0.0,8.451906538817494e-05
S0->S1->S2->S4->S6->S8->S10->S26->S29->S30->S32->S36->S37->S38,L0->L2->L3,1,14,0,0.0,8.451906538817494e-05
S0->S1->S2->S4->S6->S8->S10->S26->S29->S30->S33->S34->S35,L0->L2->L3,1,13,0,0.0,8.451906538817494e-05
S0->S1->S2->S4->S6->S8->S10->S26->S29->S30->S33->S34->S36,L0->L2->L3,1,13,0,0.0,8.451906538817494e-05
S0->S1->S2->S5->S6->S8->S11->S24->S26->S47->S48->S50->S51,L0->L1->L2->L3,1,13,0,0.0,8.451906538817494e-05
S12->S13->S15->S17->S19->S20->S21->S24->S26->S39->S40->S41->S43->S45->S47->S48->S49->S51,L0->L1->L2->L3,1,18,0,0.0,8.451906538817494e-05
S12->S13->S15->S17->S19->S20->S21->S24->S26->S39->S40->S41->S44->S45->S47->S48->S50->S51,L0->L1->L2->L3,1,18,0,0.0,8.451906538817494e-05
S12->S13->S15->S17->S19->S20->S21->S24->S27->S39->S40->S41->S43->S45->S47->S48->S50->S51,L0->L1->L2->L3,1,18,0,0.0,8.451906538817494e-05
S12->S13->S15->S17->S19->S20->S21->S24->S27->S39->S40->S41->S44->S45->S47->S48->S49->S51,L0->L1->L2->L3,1,18,0,0.0,8.451906538817494e-05
S12->S13->S15->S17->S19->S20->S21->S24->S29->S30->S33->S34->S35->S37,L0->L1->L3,1,14,0,0.0,8.451906538817494e-05
S12->S13->S15->S17->S19->S20->S21->S24->S29->S30->S33->S34->S36->S37,L0->L1->L3,1,14,0,0.0,8.451906538817494e-05
S12->S13->S15->S17->S19->S20->S21->S25->S26->S29->S30->S33->S34->S35->S37,L0->L1->L2->L3,1,15,0,0.0,8.451906538817494e-05
S12->S13->S15->S17->S19->S20->S21->S25->S27->S29->S30->S33->S34->S35->S37,L0->L1->L2->L3,1,15,0,0.0,8.451906538817494e-05
S12->S13->S15->S17->S19->S20->S21->S25->S27->S47->S48->S50->S51,L0->L1->L2->L3,1,13,0,0.0,8.451906538817494e-05
S12->S13->S15->S17->S19->S20->S21->S25->S29->S30->S33->S34->S36->S37,L0->L1->L3,1,14,0,0.0,8.451906538817494e-05
S12->S13->S15->S17->S19->S20->S21->S25->S38,L0->L1->L3,1,9,0,0.0,8.451906538817494e-05
S12->S13->S15->S17->S18->S20->S23->S39->S40->S41->S43->S44->S45->S47->S48->S49,L0->L3,1,16,0,0.0,8.451906538817494e-05
S12->S13->S15->S17->S18->S20->S23->S39->S40->S41->S43->S45->S47->S48->S49,L0->L3,1,15,0,0.0,8.451906538817494e-05
S12->S13->S15->S17->S18->S20->S23->S39->S40->S41->S43->S45->S47->S49->S51,L0->L3,1,15,0,0.0,8.451906538817494e-05
S12->S13->S15->S17->S18->S20->S23->S39->S40->S41->S43->S47->S48->S49->S51,L0->L3,1,15,0,0.0,8.451906538817494e-05
S0->S1->S3->S4->S7->S8->S9->S12->S13->S14->S17->S18->S20->S22->S29->S30->S33->S34->S35->S37,L0->L3,1,20,0,0.0,8.451906538817494e-05
S0->S1->S3->S4->S7->S8->S9->S12->S13->S14->S17->S19->S20->S21->S29->S30->S33->S34->S35->S37,L0->L3,1,20,0,0.0,8.451906538817494e-05
S0->S1->S3->S4->S7->S8->S9->S12->S13->S14->S17->S19->S20->S22->S29->S30->S33->S34->S36->S37,L0->L3,1,20,0,0.0,8.451906538817494e-05
S0->S1->S3->S4->S7->S8->S9->S12->S13->S14->S17->S19->S20->S23->S29->S30->S33->S34->S35->S37,L0->L3,1,20,0,0.0,8.451906538817494e-05
S0->S1->S3->S4->S7->S8->S9->S12->S13->S14->S17->S19->S20->S23->S29->S30->S33->S34->S36->S37,L0->L3,1,20,0,0.0,8.451906538817494e-05
S0->S1->S3->S4->S7->S8->S9->S12->S13->S15->S16->S18->S20->S22->S29->S30->S33->S34->S35->S37,L0->L3,1,20,0,0.0,8.451906538817494e-05
S0->S1->S3->S4->S7->S8->S9->S12->S13->S15->S16->S18->S20->S23->S27->S29->S30->S33->S34->S36->S37,L0->L2->L3,1,21,0,0.0,8.451906538817494e-05
S0->S1->S3->S4->S7->S8->S9->S12->S13->S15->S16->S18->S20->S23->S29->S30->S33->S34->S36->S37,L0->L3,1,20,0,0.0,8.451906538817494e-05
S0->S1->S3->S4->S7->S8->S9->S12->S13->S15->S16->S19->S20->S22->S29->S30->S33->S34->S35->S37,L0->L3,1,20,0,0.0,8.451906538817494e-05
S0->S1->S3->S4->S7->S8->S9->S11->S26->S29->S30->S33->S34->S35->S37,L0->L2->L3,1,15,0,0.0,8.451906538817494e-05
S0->S1->S3->S4->S7->S8->S9->S11->S26->S29->S30->S33->S34->S36->S37,L0->L2->L3,1,15,0,0.0,8.451906538817494e-05
S0->S1->S3->S4->S7->S8->S9->S11->S28->S29->S30->S33->S34->S36->S37,L0->L2->L3,1,15,0,0.0,8.451906538817494e-05
S0->S1->S3->S4->S7->S8->S9->S11->S29->S30->S31->S33->S34->S36->S37,L0->L3,1,15,0,0.0,8.451906538817494e-05
S0->S1->S3->S4->S7->S8->S9->S11->S39->S40->S41->S43->S45->S47->S48->S50->S51,L0->L3,1,17,0,0.0,8.451906538817494e-05
S0->S1->S2->S5->S6->S8->S11->S26->S29->S30->S33->S34->S35,L0->L2->L3,1,13,0,0.0,8.451906538817494e-05
S0->S1->S2->S5->S6->S8->S11->S26->S29->S33->S34->S35->S37,L0->L2->L3,1,13,0,0.0,8.451906538817494e-05
S12->S13->S15->S17->S19->S20->S21->S27->S39->S40->S41->S44->S45->S47->S48->S49->S50->S51,L0->L2->L3,1,18,0,0.0,8.451906538817494e-05
S12->S13->S15->S17->S19->S20->S21->S27->S39->S40->S41->S44->S45->S47->S48->S49->S51,L0->L2->L3,1,17,0,0.0,8.451906538817494e-05
S12->S13->S15->S17->S19->S20->S21->S28->S29->S30->S32->S33->S34->S35->S37,L0->L2->L3,1,15,0,0.0,8.451906538817494e-05
S12->S13->S15->S17->S19->S20->S21->S28->S29->S30->S32->S33->S34->S36->S37,L0->L2->L3,1,15,0,0.0,8.451906538817494e-05
S12->S13->S15->S17->S19->S20->S21->S28->S39->S40->S41->S44->S45->S47->S48->S49->S51,L0->L2->L3,1,17,0,0.0,8.451906538817494e-05
S12->S13->S15->S17->S19->S20->S21->S29->S30->S31->S32->S35->S37,L0->L3,1,13,0,0.0,8.451906538817494e-05
S12->S13->S15->S17->S19->S20->S21->S26->S29->S30->S33->S34->S36->S37->S38,L0->L2->L3,1,15,0,0.0,8.451906538817494e-05
S12->S13->S15->S17->S19->S20->S21->S26->S30->S33->S34->S36->S37,L0->L2->L3,1,13,0,0.0,8.451906538817494e-05
S12->S13->S15->S17->S19->S20->S21->S26->S33->S34->S36->S37,L0->L2->L3,1,12,0,0.0,8.451906538817494e-05
S12->S13->S15->S17->S19->S20->S21->S26->S39->S40->S41->S43->S45->S47->S48->S49->S51,L0->L2->L3,1,17,0,0.0,8.451906538817494e-05
S12->S13->S15->S17->S19->S20->S21->S26->S39->S40->S41->S44->S45->S47->S48->S49->S51,L0->L2->L3,1,17,0,0.0,8.451906538817494e-05
S12->S13->S15->S17->S19->S20->S21->S27->S29->S30->S32->S35->S37,L0->L2->L3,1,13,0,0.0,8.451906538817494e-05
S0->S1->S2->S5->S6->S8->S11->S26->S27->S29->S30->S32->S34->S35->S37->S38,L0->L2->L3,1,16,0,0.0,8.451906538817494e-05
S0->S1->S2->S5->S6->S8->S11->S26->S27->S29->S30->S33->S34->S36->S37,L0->L2->L3,1,15,0,0.0,8.451906538817494e-05
S0->S1->S2->S5->S6->S8->S11->S26->S29->S30->S31->S32->S33->S34->S36->S37,L0->L2->L3,1,16,0,0.0,8.451906538817494e-05
S0->S1->S2->S5->S6->S8->S11->S26->S29->S30->S32->S35->S37->S38,L0->L2->L3,1,14,0,0.0,8.451906538817494e-05
S12->S13->S15->S17->S19->S20->S21->S27->S29->S30->S32->S36->S37,L0->L2->L3,1,13,0,0.0,8.451906538817494e-05
S0->S1->S3->S4->S7->S8->S9->S12->S13->S14->S16->S18->S20->S21->S29->S30->S33->S34->S35->S37,L0->L3,1,20,0,0.0,8.451906538817494e-05
S0->S1->S3->S4->S7->S8->S9->S12->S13->S14->S16->S18->S20->S22->S29->S30->S32->S33->S34->S36->S37,L0->L3,1,21,0,0.0,8.451906538817494e-05
S0->S1->S3->S4->S7->S8->S9->S12->S13->S14->S16->S19->S20->S21->S27->S29->S30->S33->S34->S35->S37,L0->L2->L3,1,21,0,0.0,8.451906538817494e-05
S0->S1->S3->S4->S7->S8->S9->S12->S13->S14->S16->S19->S20->S21->S29->S30->S32->S33->S34->S35->S37,L0->L3,1,21,0,0.0,8.451906538817494e-05
S0->S1->S3->S4->S7->S8->S9->S12->S13->S14->S16->S19->S20->S21->S29->S30->S33->S34->S36->S37,L0->L3,1,20,0,0.0,8.451906538817494e-05
S0->S1->S3->S4->S7->S8->S9->S12->S13->S14->S16->S19->S20->S22->S29->S30->S31->S33->S34->S36->S37,L0->L3,1,21,0,0.0,8.451906538817494e-05
S0->S1->S3->S4->S7->S8->S9->S12->S13->S14->S16->S19->S20->S22->S29->S30->S33->S34->S36->S37->S38,L0->L3,1,21,0,0.0,8.451906538817494e-05
S0->S1->S3->S4->S7->S8->S9->S12->S13->S14->S16->S19->S20->S23->S26->S29->S30->S33->S34->S35->S37,L0->L2->L3,1,21,0,0.0,8.451906538817494e-05
S0->S1->S3->S4->S7->S8->S11->S39->S40->S41->S44->S45->S47->S50,L0->L3,1,14,0,0.0,8.451906538817494e-05
S0->S1->S3->S4->S7->S8->S11->S39->S40->S41->S44->S45->S48->S49->S51,L0->L3,1,15,0,0.0,8.451906538817494e-05
S0->S1->S3->S4->S7->S8->S11->S39->S40->S43->S45->S47->S48->S49->S51,L0->L3,1,15,0,0.0,8.451906538817494e-05
S0->S1->S3->S4->S7->S8->S11->S39->S40->S44->S45->S47->S48->S50->S51,L0->L3,1,15,0,0.0,8.451906538817494e-05
S0->S1->S3->S4->S7->S8->S29->S30->S33->S34->S36->S37,L0->L3,1,12,0,0.0,8.451906538817494e-05
S12->S13->S15->S17->S19->S20->S21->S27->S29->S30->S33->S34->S36,L0->L2->L3,1,13,0,0.0,8.451906538817494e-05
S12->S13->S15->S17->S19->S20->S21->S27->S39->S40->S41->S43->S45->S47->S48->S49->S51,L0->L2->L3,1,17,0,0.0,8.451906538817494e-05
S0->S1->S3->S4->S6->S8->S9->S12->S13->S14->S17->S18->S20->S22->S29->S30->S33->S34->S36->S37,L0->L3,1,20,1,1.0,8.451906538817494e-05
S0->S1->S3->S4->S6->S8->S9->S12->S13->S14->S17->S18->S20->S22->S29->S30->S33->S34->S36->S37->S38,L0->L3,1,21,0,0.0,8.451906538817494e-05
S0->S1->S2->S5->S6->S8->S11->S26->S27->S29->S30->S32->S33->S34->S36->S37,L0->L2->L3,1,16,0,0.0,8.451906538817494e-05
S0->S1->S2->S5->S6->S8->S11->S12->S13->S14->S17->S18->S20->S23->S29->S30->S33->S34->S35->S37,L0->L3,1,20,0,0.0,8.451906538817494e-05
S0->S1->S2->S5->S6->S8->S11->S12->S13->S14->S17->S19->S20->S21->S29->S30->S33->S34->S36->S37,L0->L3,1,20,0,0.0,8.451906538817494e-05
S0->S1->S2->S4->S6->S8->S10->S25->S29->S30->S32->S36->S37,L0->L1->L3,1,13,0,0.0,8.451906538817494e-05
S0->S1->S2->S4->S6->S8->S10->S25->S29->S30->S33->S34->S35->S37,L0->L1->L3,1,14,0,0.0,8.451906538817494e-05
S0->S1->S2->S4->S6->S8->S10->S25->S29->S30->S33->S34->S36->S37,L0->L1->L3,1,14,0,0.0,8.451906538817494e-05
S0->S1->S2->S4->S6->S8->S10->S26->S27->S29->S30->S32->S33->S34->S36->S37,L0->L2->L3,1,16,0,0.0,8.451906538817494e-05
S0->S1->S2->S4->S6->S8->S10->S26->S29->S30->S32->S33->S34->S35->S37->S38,L0->L2->L3,1,16,0,0.0,8.451906538817494e-05
S0->S1->S2->S4->S6->S8->S10->S26->S29->S30->S32->S33->S34->S36->S37->S38,L0->L2->L3,1,16,0,0.0,8.451906538817494e-05
S12->S13->S15->S17->S19->S20->S21->S29->S30->S31->S33->S34->S35,L0->L3,1,13,0,0.0,8.451906538817494e-05
S12->S13->S15->S17->S19->S20->S21->S29->S30->S31->S33->S34->S35->S38,L0->L3,1,14,0,0.0,8.451906538817494e-05
S12->S13->S15->S17->S19->S20->S21->S29->S30->S32->S33->S34->S36->S37->S38,L0->L3,1,15,0,0.0,8.451906538817494e-05
S12->S13->S15->S17->S19->S20->S21->S29->S30->S32->S34->S36->S37->S38,L0->L3,1,14,0,0.0,8.451906538817494e-05
S0->S1->S2->S4->S6->S8->S10->S25->S26->S27->S29->S30->S33->S34->S35->S37,L0->L1->L2->L3,1,16,0,0.0,8.451906538817494e-05
S0->S1->S2->S5->S6->S8->S11->S24->S29->S30->S32->S33->S34->S36->S37,L0->L1->L3,1,15,0,0.0,8.451906538817494e-05
S0->S1->S2->S5->S6->S8->S11->S25->S26->S29->S30->S32->S35->S37,L0->L1->L2->L3,1,14,0,0.0,8.451906538817494e-05
S0->S1->S2->S5->S6->S8->S11->S25->S26->S29->S30->S33->S34->S36->S37,L0->L1->L2->L3,1,15,0,0.0,8.451906538817494e-05
S0->S1->S2->S5->S6->S8->S11->S25->S26->S43->S45->S47->S48->S50->S51,L0->L1->L2->L3,1,15,0,0.0,8.451906538817494e-05
S0->S1->S2->S5->S6->S8->S11->S25->S26->S47->S48->S49->S51,L0->L1->L2->L3,1,13,0,0.0,8.451906538817494e-05
S0->S1->S3->S4->S7->S8->S9->S10->S27->S29->S30->S31->S33->S34->S36->S37,L0->L2->L3,1,16,0,0.0,8.451906538817494e-05
S0->S1->S3->S4->S7->S8->S9->S10->S27->S29->S30->S33->S34->S36->S37,L0->L2->L3,1,15,0,0.0,8.451906538817494e-05
S0->S1->S3->S4->S7->S8->S9->S10->S38,L0->L3,1,9,0,0.0,8.451906538817494e-05
S0->S1->S3->S4->S7->S8->S9->S10->S39->S40->S41->S43->S45->S47->S48->S49->S51,L0->L3,1,17,0,0.0,8.451906538817494e-05
S0->S1->S3->S4->S7->S8->S9->S10->S39->S40->S41->S44->S45->S47->S48->S50->S51,L0->L3,1,17,0,0.0,8.451906538817494e-05
S0->S1->S3->S4->S7->S8->S9->S11->S12->S13->S14->S16->S19->S20->S21->S29->S30->S33->S34->S36->S37,L0->L3,1,21,0,0.0,8.451906538817494e-05
S0->S1->S3->S4->S6->S8->S9->S12->S13->S14->S16->S18->S20->S23->S29->S30->S31->S33->S34->S35->S37,L0->L3,1,21,0,0.0,8.451906538817494e-05
S0->S1->S3->S4->S6->S8->S9->S12->S13->S14->S16->S18->S20->S23->S29->S30->S33->S34->S36->S37,L0->L3,1,20,0,0.0,8.451906538817494e-05
S0->S1->S3->S4->S6->S8->S9->S12->S13->S14->S16->S19->S20->S22->S27->S29->S30->S33->S34->S36->S37,L0->L2->L3,1,21,0,0.0,8.451906538817494e-05
S0->S1->S3->S4->S6->S8->S9->S12->S13->S14->S16->S19->S20->S22->S29->S30->S33->S34->S36->S37,L0->L3,1,20,0,0.0,8.451906538817494e-05
S0->S1->S3->S4->S6->S8->S9->S12->S13->S14->S16->S19->S20->S23->S27->S29->S30->S33->S34->S36->S37,L0->L2->L3,1,21,0,0.0,8.451906538817494e-05
S0->S1->S2->S4->S7->S8->S11->S24->S26->S39->S40->S41->S43->S45->S47->S48->S50->S51,L0->L1->L2->L3,1,18,0,0.0,8.451906538817494e-05
S0->S1->S2->S4->S7->S8->S11->S24->S26->S39->S40->S41->S44->S45->S47->S48->S50->S51,L0->L1->L2->L3,1,18,0,0.0,8.451906538817494e-05
S0->S1->S2->S4->S7->S8->S11->S24->S26->S47->S48->S50->S51,L0->L1->L2->L3,1,13,0,0.0,8.451906538817494e-05
S12->S13->S15->S17->S19->S20->S22->S24->S26->S39->S40->S41->S44->S45->S47->S48->S50->S51,L0->L1->L2->L3,1,18,0,0.0,8.451906538817494e-05
S12->S13->S15->S17->S19->S20->S22->S24->S27->S39->S40->S41->S44->S45->S47->S48->S50->S51,L0->L1->L2->L3,1,18,0,0.0,8.451906538817494e-05
S12->S13->S15->S17->S19->S20->S22->S24->S27->S47->S48->S49->S51,L0->L1->L2->L3,1,13,0,0.0,8.451906538817494e-05
S12->S13->S15->S17->S19->S20->S22->S25->S26->S29->S30->S33->S34->S35->S37,L0->L1->L2->L3,1,15,0,0.0,8.451906538817494e-05
S12->S13->S15->S17->S19->S20->S22->S25->S27->S29->S30->S33->S34->S36->S37,L0->L1->L2->L3,1,15,0,0.0,8.451906538817494e-05
S12->S13->S15->S17->S19->S20->S22->S25->S29->S30->S33->S34->S35->S37,L0->L1->L3,1,14,0,0.0,8.451906538817494e-05
S12->S13->S15->S17->S19->S20->S22->S26->S27->S29->S30->S32->S33->S34->S35->S37,L0->L2->L3,1,16,0,0.0,8.451906538817494e-05
S12->S13->S15->S17->S19->S20->S21->S29->S30->S33->S35->S37->S38,L0->L3,1,13,0,0.0,8.451906538817494e-05
S12->S13->S15->S17->S19->S20->S21->S29->S31->S33->S34->S36->S37,L0->L3,1,13,0,0.0,8.451906538817494e-05
S12->S13->S15->S17->S19->S20->S21->S29->S33->S34->S35->S37,L0->L3,1,12,0,0.0,8.451906538817494e-05
S12->S13->S15->S17->S19->S20->S21->S39->S40->S41->S43->S44->S45->S47->S48->S49->S51,L0->L3,1,17,0,0.0,8.451906538817494e-05
S12->S13->S15->S17->S19->S20->S21->S39->S40->S41->S44->S45->S47->S48->S50,L0->L3,1,15,0,0.0,8.451906538817494e-05
S12->S13->S15->S17->S19->S20->S22->S23->S27->S29->S30->S33->S34->S36->S37,L0->L2->L3,1,15,0,0.0,8.451906538817494e-05
S12->S13->S15->S17->S19->S20->S22->S26->S30->S33->S34->S36->S37,L0->L2->L3,1,13,0,0.0,8.451906538817494e-05
S12->S13->S15->S17->S19->S20->S22->S26->S33->S34->S35->S37,L0->L2->L3,1,12,0,0.0,8.451906538817494e-05
S12->S13->S15->S17->S19->S20->S22->S24->S26->S39->S40->S41->S43->S45->S47->S48->S49->S51,L0->L1->L2->L3,1,18,0,0.0,8.451906538817494e-05
S12->S13->S15->S17->S19->S20->S22->S24->S26->S39->S40->S41->S43->S45->S47->S48->S50->S51,L0->L1->L2->L3,1,18,0,0.0,8.451906538817494e-05
S12->S13->S15->S17->S19->S20->S22->S24->S26->S39->S40->S41->S44->S45->S47->S48->S49->S51,L0->L1->L2->L3,1,18,0,0.0,8.451906538817494e-05
S0->S1->S3->S4->S6->S8->S9->S12->S13->S14->S17->S18->S20->S23->S29->S30->S33->S34->S36->S37,L0->L3,1,20,0,0.0,8.451906538817494e-05
S0->S1->S3->S4->S6->S8->S9->S12->S13->S14->S17->S19->S20->S23->S29->S30->S33->S34->S36->S37,L0->L3,1,20,0,0.0,8.451906538817494e-05
S0->S1->S3->S4->S6->S8->S9->S12->S13->S15->S16->S18->S20->S21->S29->S30->S33->S34->S35->S37,L0->L3,1,20,1,1.0,8.451906538817494e-05
S0->S1->S3->S4->S6->S8->S9->S12->S13->S15->S16->S18->S20->S21->S29->S30->S33->S34->S36->S37,L0->L3,1,20,0,0.0,8.451906538817494e-05
S0->S1->S3->S4->S6->S8->S9->S12->S13->S15->S16->S19->S20->S21->S29->S30->S31->S33->S34->S35->S37,L0->L3,1,21,0,0.0,8.451906538817494e-05
S0->S1->S3->S4->S6->S8->S9->S12->S13->S15->S16->S19->S20->S22->S29->S30->S33->S34->S36->S37,L0->L3,1,20,0,0.0,8.451906538817494e-05
S0->S1->S3->S4->S7->S8->S11->S29->S30->S33->S34->S35->S36->S37,L0->L3,1,14,0,0.0,8.451906538817494e-05
S0->S1->S3->S4->S7->S8->S11->S29->S30->S33->S36->S37->S38,L0->L3,1,13,0,0.0,8.451906538817494e-05
S0->S1->S3->S4->S7->S8->S11->S29->S31->S33->S34->S35->S37,L0->L3,1,13,0,0.0,8.451906538817494e-05
S0->S1->S3->S4->S7->S8->S11->S39->S40->S41->S43->S45->S47->S50->S51,L0->L3,1,15,0,0.0,8.451906538817494e-05
S0->S1->S2->S4->S7->S8->S11->S24->S26->S39->S40->S41->S43->S45->S47->S48->S49->S51,L0->L1->L2->L3,1,18,0,0.0,8.451906538817494e-05
S12->S13->S15->S17->S19->S20->S22->S29->S30->S31->S32->S34->S35->S37,L0->L3,1,14,0,0.0,8.451906538817494e-05
S0->S1->S2->S4->S6->S8->S10->S24->S26->S39->S40->S41->S44->S45->S47->S48->S50->S51,L0->L1->L2->L3,1,18,0,0.0,8.451906538817494e-05
S0->S1->S2->S4->S6->S8->S10->S24->S27->S29->S30->S32->S34->S35->S37,L0->L1->L2->L3,1,15,0,0.0,8.451906538817494e-05
S0->S1->S2->S4->S7->S8->S11->S24->S27->S30->S33->S34->S36->S37,L0->L1->L2->L3,1,14,0,0.0,8.451906538817494e-05
S0->S1->S2->S4->S7->S8->S11->S24->S27->S33->S34->S36->S37,L0->L1->L2->L3,1,13,0,0.0,8.451906538817494e-05
S0->S1->S2->S4->S7->S8->S11->S24->S27->S39->S40->S41->S43->S45->S47->S48->S50->S51,L0->L1->L2->L3,1,18,0,0.0,8.451906538817494e-05
S0->S1->S3->S4->S7->S8->S11->S28->S39->S40->S41->S43->S45->S47->S48->S49->S51,L0->L2->L3,1,17,0,0.0,8.451906538817494e-05
S0->S1->S3->S4->S7->S8->S11->S28->S39->S40->S41->S44->S45->S47->S48->S49->S51,L0->L2->L3,1,17,0,0.0,8.451906538817494e-05
S0->S1->S3->S4->S6->S8->S9->S12->S13->S15->S17->S18->S20->S21->S29->S30->S33->S34->S35->S37,L0->L3,1,20,0,0.0,8.451906538817494e-05
S0->S1->S3->S4->S6->S8->S9->S12->S13->S15->S17->S18->S20->S21->S29->S30->S33->S34->S36->S37,L0->L3,1,20,0,0.0,8.451906538817494e-05
S0->S1->S3->S4->S6->S8->S9->S12->S13->S15->S17->S18->S20->S22->S29->S30->S31->S33->S34->S35->S37,L0->L3,1,21,0,0.0,8.451906538817494e-05
S0->S1->S3->S4->S6->S8->S9->S12->S13->S15->S17->S18->S20->S22->S29->S30->S33->S34->S35->S37,L0->L3,1,20,0,0.0,8.451906538817494e-05
S0->S1->S3->S4->S6->S8->S9->S12->S13->S15->S17->S18->S20->S23->S29->S30->S33->S34->S36->S37,L0->L3,1,20,0,0.0,8.451906538817494e-05
S12->S13->S15->S17->S19->S20->S22->S26->S29->S30->S32->S34->S36->S37,L0->L2->L3,1,14,0,0.0,8.451906538817494e-05
S12->S13->S15->S17->S19->S20->S22->S26->S29->S30->S32->S36->S37,L0->L2->L3,1,13,0,0.0,8.451906538817494e-05
S12->S13->S15->S17->S19->S20->S22->S26->S29->S33->S34->S35->S37,L0->L2->L3,1,13,0,0.0,8.451906538817494e-05
S0->S1->S2->S5->S6->S8->S11->S12->S13->S15->S16->S18->S20->S22->S29->S30->S33->S34->S36->S37,L0->L3,1,20,0,0.0,8.451906538817494e-05
S0->S1->S2->S5->S6->S8->S11->S12->S13->S15->S16->S19->S20->S21->S29->S30->S33->S34->S35->S37,L0->L3,1,20,0,0.0,8.451906538817494e-05
S0->S1->S2->S5->S6->S8->S11->S12->S13->S15->S16->S19->S20->S22->S29->S30->S33->S34->S35->S37,L0->L3,1,20,0,0.0,8.451906538817494e-05
S0->S1->S2->S5->S6->S8->S11->S12->S13->S15->S16->S19->S20->S22->S29->S30->S33->S34->S36->S37,L0->L3,1,20,0,0.0,8.451906538817494e-05
S0->S1->S2->S5->S6->S8->S11->S12->S13->S15->S16->S19->S20->S23->S29->S30->S33->S34->S36->S37,L0->L3,1,20,0,0.0,8.451906538817494e-05
S0->S1->S2->S5->S6->S8->S11->S12->S13->S15->S17->S18->S20->S23->S29->S30->S33->S34->S35->S37,L0->L3,1,20,0,0.0,8.451906538817494e-05
S0->S1->S2->S5->S6->S8->S11->S12->S13->S15->S17->S19->S20->S21->S29->S30->S33->S34->S35->S37,L0->L3,1,20,0,0.0,8.451906538817494e-05
S0->S1->S2->S5->S6->S8->S11->S12->S13->S15->S17->S19->S20->S23->S29->S30->S33->S34->S35->S37,L0->L3,1,20,0,0.0,8.451906538817494e-05
S0->S1->S2->S5->S6->S8->S11->S24->S26->S39->S40->S41->S43->S45->S47->S48->S50->S51,L0->L1->L2->L3,1,18,0,0.0,8.451906538817494e-05
S0->S1->S2->S5->S6->S8->S10->S39->S40->S41->S43->S45->S47->S48->S50,L0->L3,1,15,0,0.0,8.451906538817494e-05
S0->S1->S2->S5->S6->S8->S10->S39->S40->S41->S43->S45->S47->S48->S51,L0->L3,1,15,0,0.0,8.451906538817494e-05
S12->S13->S15->S17->S19->S20->S22->S27->S38,L0->L2->L3,1,9,0,0.0,8.451906538817494e-05
S12->S13->S15->S17->S19->S20->S22->S27->S39->S40->S41->S43->S45->S47->S48->S50->S51,L0->L2->L3,1,17,0,0.0,8.451906538817494e-05
S12->S13->S15->S17->S19->S20->S22->S27->S39->S40->S41->S44->S45->S47->S48->S49->S51,L0->L2->L3,1,17,1,1.0,8.451906538817494e-05
S12->S13->S15->S17->S19->S20->S22->S28->S29->S30->S32->S33->S34->S35->S37,L0->L2->L3,1,15,0,0.0,8.451906538817494e-05
S12->S13->S15->S17->S19->S20->S22->S28->S29->S30->S33->S34->S35->S37->S38,L0->L2->L3,1,15,0,0.0,8.451906538817494e-05
S0->S1->S2->S4->S6->S8->S10->S24->S27->S47->S48->S50->S51,L0->L1->L2->L3,1,13,0,0.0,8.451906538817494e-05
S0->S1->S3->S4->S6->S8->S9->S12->S13->S15->S17->S19->S20->S23->S29->S30->S33->S34->S36->S37->S38,L0->L3,1,21,0,0.0,8.451906538817494e-05
S0->S1->S3->S4->S6->S8->S9->S24->S26->S39->S40->S41->S44->S45->S47->S48->S49->S51,L0->L1->L2->L3,1,18,0,0.0,8.451906538817494e-05
S0->S1->S3->S4->S6->S8->S9->S12->S13->S14->S16->S18->S20->S22->S29->S30->S33->S34->S36->S37,L0->L3,1,20,0,0.0,8.451906538817494e-05
S0->S1->S3->S4->S6->S8->S9->S12->S13->S14->S16->S18->S20->S23->S26->S29->S30->S33->S34->S35->S37,L0->L2->L3,1,21,0,0.0,8.451906538817494e-05
S0->S1->S3->S4->S7->S8->S11->S29->S30->S31->S32->S33->S34->S35->S37->S38,L0->L3,1,16,0,0.0,8.451906538817494e-05
S0->S1->S3->S4->S7->S8->S11->S29->S30->S31->S32->S36->S37->S38,L0->L3,1,14,0,0.0,8.451906538817494e-05
S0->S1->S3->S4->S7->S8->S11->S29->S30->S31->S33->S34->S35,L0->L3,1,13,0,0.0,8.451906538817494e-05
S0->S1->S3->S4->S7->S8->S11->S29->S30->S31->S33->S34->S36,L0->L3,1,13,0,0.0,8.451906538817494e-05
S0->S1->S3->S4->S7->S8->S11->S29->S30->S32->S33->S34->S35->S37->S38,L0->L3,1,15,0,0.0,8.451906538817494e-05
S0->S1->S2->S4->S6->S8->S10->S24->S29->S30->S32->S33->S34->S36->S37,L0->L1->L3,1,15,0,0.0,8.451906538817494e-05
S0->S1->S2->S4->S6->S8->S10->S24->S29->S30->S32->S36->S37,L0->L1->L3,1,13,0,0.0,8.451906538817494e-05
S0->S1->S2->S4->S6->S8->S10->S24->S29->S30->S33->S34->S35->S37->S38,L0->L1->L3,1,15,0,0.0,8.451906538817494e-05
S12->S13->S15->S17->S19->S20->S22->S29->S30->S31->S32->S35->S37->S38,L0->L3,1,14,0,0.0,8.451906538817494e-05
S12->S13->S15->S17->S19->S20->S22->S27->S29->S30->S32->S36->S37,L0->L2->L3,1,13,1,1.0,8.451906538817494e-05
S0->S1->S2->S5->S6->S8->S11->S12->S13->S14->S17->S19->S20->S22->S29->S30->S33->S34->S35->S37,L0->L3,1,20,0,0.0,8.451906538817494e-05
S12->S13->S15->S17->S19->S20->S23->S26->S27->S29->S30->S32->S33->S34->S35->S37->S38,L0->L2->L3,1,17,0,0.0,8.451906538817494e-05
S12->S13->S15->S17->S19->S20->S23->S26->S28->S29->S30->S33->S34->S36->S37,L0->L2->L3,1,15,0,0.0,8.451906538817494e-05
S12->S13->S15->S17->S19->S20->S23->S26->S29->S30->S31->S33->S34->S35->S37->S38,L0->L2->L3,1,16,0,0.0,8.451906538817494e-05
S12->S13->S15->S17->S19->S20->S22->S29->S32->S33->S34->S36->S37,L0->L3,1,13,0,0.0,8.451906538817494e-05
S12->S13->S15->S17->S19->S20->S22->S39->S40->S41->S42->S43->S45->S47->S48->S49->S51,L0->L3,1,17,0,0.0,8.451906538817494e-05
S12->S13->S15->S17->S19->S20->S22->S39->S40->S41->S43->S45->S47->S48->S49->S50->S51,L0->L3,1,17,0,0.0,8.451906538817494e-05
S12->S13->S15->S17->S19->S20->S22->S39->S40->S41->S43->S45->S47->S48->S50,L0->L3,1,15,0,0.0,8.451906538817494e-05
S12->S13->S15->S17->S19->S20->S22->S39->S40->S41->S44->S45->S48->S49->S51,L0->L3,1,15,0,0.0,8.451906538817494e-05
S12->S13->S15->S17->S19->S20->S23->S24->S26->S29->S30->S32->S33->S34->S35->S37,L0->L1->L2->L3,1,16,0,0.0,8.451906538817494e-05
S12->S13->S15->S17->S19->S20->S22->S29->S30->S31->S33->S36->S37,L0->L3,1,13,0,0.0,8.451906538817494e-05
S12->S13->S15->S17->S19->S20->S22->S29->S30->S32->S33->S34->S36->S37->S38,L0->L3,1,15,0,0.0,8.451906538817494e-05
S12->S13->S15->S17->S19->S20->S22->S29->S30->S32->S37,L0->L3,1,11,0,0.0,8.451906538817494e-05
S12->S13->S15->S17->S19->S20->S22->S29->S31->S33->S34->S36->S37,L0->L3,1,13,0,0.0,8.451906538817494e-05
S0->S1->S2->S4->S6->S8->S10->S24->S27->S29->S30->S33->S34->S36->S37->S38,L0->L1->L2->L3,1,16,0,0.0,8.451906538817494e-05
S0->S1->S2->S4->S6->S8->S10->S24->S27->S33->S34->S36->S37,L0->L1->L2->L3,1,13,0,0.0,8.451906538817494e-05
S0->S1->S2->S4->S6->S8->S10->S24->S27->S39->S40->S41->S44->S45->S47->S48->S49->S51,L0->L1->L2->L3,1,18,0,0.0,8.451906538817494e-05
S0->S1->S2->S5->S6->S11->S26->S29->S30->S33->S34->S35->S37,L0->L2->L3,1,13,0,0.0,8.451906538817494e-05
S12->S13->S15->S17->S19->S20->S23->S24->S29->S30->S32->S33->S34->S35->S37,L0->L1->L3,1,15,0,0.0,8.451906538817494e-05
S12->S13->S15->S17->S19->S20->S23->S25->S26->S29->S30->S33->S34->S35->S37,L0->L1->L2->L3,1,15,0,0.0,8.451906538817494e-05
S12->S13->S15->S17->S19->S20->S23->S25->S26->S29->S30->S33->S34->S36->S37,L0->L1->L2->L3,1,15,0,0.0,8.451906538817494e-05
S12->S13->S15->S17->S19->S20->S23->S26->S27->S29->S30->S32->S33->S34->S35->S37,L0->L2->L3,1,16,0,0.0,8.451906538817494e-05
S0->S1->S3->S4->S7->S8->S11->S27->S29->S30->S33->S34->S36,L0->L2->L3,1,13,0,0.0,8.451906538817494e-05
S0->S1->S3->S4->S7->S8->S11->S27->S29->S32->S33->S34->S36->S37,L0->L2->L3,1,14,0,0.0,8.451906538817494e-05
S0->S1->S3->S4->S7->S8->S11->S27->S29->S33->S34->S35->S37,L0->L2->L3,1,13,0,0.0,8.451906538817494e-05
S0->S1->S3->S4->S7->S8->S11->S28->S29->S30->S31->S32->S33->S34->S36->S37,L0->L2->L3,1,16,0,0.0,8.451906538817494e-05
S0->S1->S3->S4->S7->S8->S11->S28->S29->S30->S32->S33->S34->S35->S37,L0->L2->L3,1,15,0,0.0,8.451906538817494e-05
S0->S1->S3->S4->S7->S8->S11->S28->S29->S30->S32->S33->S34->S36->S37,L0->L2->L3,1,15,0,0.0,8.451906538817494e-05
S0->S1->S3->S4->S7->S8->S11->S28->S29->S30->S32->S35->S37,L0->L2->L3,1,13,0,0.0,8.451906538817494e-05
S0->S1->S3->S4->S7->S8->S11->S28->S29->S30->S33->S34->S36->S37->S38,L0->L2->L3,1,15,0,0.0,8.451906538817494e-05
S0->S1->S3->S4->S7->S8->S11->S26->S29->S33->S34->S36->S37,L0->L2->L3,1,13,0,0.0,8.451906538817494e-05
S0->S1->S3->S4->S7->S8->S11->S26->S32->S33->S34->S36->S37,L0->L2->L3,1,13,0,0.0,8.451906538817494e-05
S0->S1->S3->S4->S7->S8->S11->S27->S29->S30->S32->S33->S34->S36->S37->S38,L0->L2->L3,1,16,0,0.0,8.451906538817494e-05
S12->S13->S15->S17->S19->S20->S23->S27->S29->S30->S32->S33->S34->S36->S37,L0->L2->L3,1,15,0,0.0,8.451906538817494e-05
S12->S13->S15->S17->S19->S20->S23->S24->S26->S39->S40->S41->S43->S45->S47->S48->S49->S51,L0->L1->L2->L3,1,18,0,0.0,8.451906538817494e-05
S0->S1->S2->S5->S6->S8->S10->S39->S40->S41->S43->S45->S47->S49->S51,L0->L3,1,15,0,0.0,8.451906538817494e-05
S0->S1->S2->S5->S6->S8->S10->S39->S40->S41->S43->S45->S47->S50->S51,L0->L3,1,15,0,0.0,8.451906538817494e-05
S0->S1->S2->S5->S6->S8->S10->S39->S40->S41->S43->S45->S48->S49->S51,L0->L3,1,15,0,0.0,8.451906538817494e-05
S0->S1->S2->S5->S6->S8->S10->S39->S40->S41->S44->S45->S47->S49->S51,L0->L3,1,15,0,0.0,8.451906538817494e-05
S0->S1->S2->S5->S6->S8->S10->S39->S40->S41->S44->S45->S48->S49->S51,L0->L3,1,15,0,0.0,8.451906538817494e-05
S0->S1->S2->S5->S6->S8->S10->S39->S40->S44->S45->S47->S48->S49->S51,L0->L3,1,15,0,0.0,8.451906538817494e-05
S0->S1->S2->S5->S6->S8->S10->S39->S40->S44->S45->S47->S48->S50->S51,L0->L3,1,15,0,0.0,8.451906538817494e-05
S0->S1->S2->S5->S6->S8->S10->S40->S41->S44->S45->S47->S48->S49->S51,L0->L3,1,15,0,0.0,8.451906538817494e-05
S0->S1->S2->S5->S6->S8->S11->S12->S13->S14->S16->S18->S20->S22->S29->S30->S33->S34->S35->S37,L0->L3,1,20,0,0.0,8.451906538817494e-05
S0->S1->S2->S5->S6->S8->S11->S12->S13->S14->S16->S18->S20->S23->S29->S30->S33->S34->S35->S37,L0->L3,1,20,0,0.0,8.451906538817494e-05
S0->S1->S2->S5->S6->S8->S11->S12->S13->S14->S16->S19->S20->S21->S29->S30->S33->S34->S36->S37,L0->L3,1,20,0,0.0,8.451906538817494e-05
S0->S1->S2->S5->S6->S8->S11->S12->S13->S14->S16->S19->S20->S23->S29->S30->S33->S34->S36->S37,L0->L3,1,20,0,0.0,8.451906538817494e-05
S0->S1->S2->S5->S6->S8->S11->S12->S13->S14->S17->S18->S20->S21->S29->S30->S33->S34->S35->S37,L0->L3,1,20,0,0.0,8.451906538817494e-05
S0->S1->S2->S5->S6->S8->S11->S12->S13->S14->S17->S18->S20->S21->S29->S30->S33->S34->S36->S37,L0->L3,1,20,0,0.0,8.451906538817494e-05
S12->S13->S15->S17->S19->S20->S23->S28->S29->S30->S31->S33->S34->S36->S37,L0->L2->L3,1,15,0,0.0,8.451906538817494e-05
S12->S13->S15->S17->S19->S20->S23->S28->S29->S30->S32->S33->S34->S36->S37,L0->L2->L3,1,15,0,0.0,8.451906538817494e-05
S0->S1->S2->S4->S6->S8->S10->S12->S13->S15->S16->S19->S20->S22->S27->S29->S30->S33->S34->S36->S37,L0->L2->L3,1,21,0,0.0,8.451906538817494e-05
S0->S1->S2->S4->S6->S8->S10->S12->S13->S15->S16->S19->S20->S22->S29->S30->S33->S34->S35->S37,L0->L3,1,20,0,0.0,8.451906538817494e-05
S0->S1->S2->S4->S6->S8->S10->S12->S13->S15->S17->S18->S20->S21->S29->S30->S33->S34->S36->S37,L0->L3,1,20,0,0.0,8.451906538817494e-05
S12->S13->S15->S17->S19->S20->S23->S26->S29->S30->S32->S34->S36->S37,L0->L2->L3,1,14,0,0.0,8.451906538817494e-05
S12->S13->S15->S17->S19->S20->S23->S26->S29->S30->S32->S36->S37->S38,L0->L2->L3,1,14,0,0.0,8.451906538817494e-05
S12->S13->S15->S17->S19->S20->S23->S26->S29->S30->S33->S34->S35,L0->L2->L3,1,13,0,0.0,8.451906538817494e-05
S12->S13->S15->S17->S19->S20->S23->S26->S29->S30->S33->S34->S35->S37->S38,L0->L2->L3,1,15,0,0.0,8.451906538817494e-05
S12->S13->S15->S17->S19->S20->S23->S26->S29->S30->S33->S34->S36->S37->S38,L0->L2->L3,1,15,0,0.0,8.451906538817494e-05
S12->S13->S15->S17->S19->S20->S23->S26->S29->S33->S34->S35->S37,L0->L2->L3,1,13,0,0.0,8.451906538817494e-05
S12->S13->S15->S17->S19->S20->S23->S26->S30->S33->S34->S36->S37,L0->L2->L3,1,13,0,0.0,8.451906538817494e-05
S12->S13->S15->S17->S19->S20->S23->S26->S32->S33->S34->S36->S37,L0->L2->L3,1,13,0,0.0,8.451906538817494e-05
S12->S13->S15->S17->S19->S20->S23->S26->S38,L0->L2->L3,1,9,0,0.0,8.451906538817494e-05
S12->S13->S15->S17->S19->S20->S23->S26->S39->S40->S41->S43->S45->S47->S48->S49->S51,L0->L2->L3,1,17,0,0.0,8.451906538817494e-05
S12->S13->S15->S17->S19->S20->S23->S27->S29->S30->S31->S32->S33->S34->S35->S37,L0->L2->L3,1,16,0,0.0,8.451906538817494e-05
S0->S1->S2->S4->S6->S8->S10->S24->S26->S39->S40->S41->S43->S45->S47->S48->S50->S51,L0->L1->L2->L3,1,18,0,0.0,8.451906538817494e-05
S12->S13->S15->S17->S19->S20->S23->S28->S39->S40->S41->S43->S45->S47->S48->S49->S51,L0->L2->L3,1,17,0,0.0,8.451906538817494e-05
S12->S13->S15->S17->S19->S20->S23->S27->S29->S30->S33->S34->S35,L0->L2->L3,1,13,0,0.0,8.451906538817494e-05
S12->S13->S15->S17->S19->S20->S23->S27->S29->S33->S34->S35->S37,L0->L2->L3,1,13,0,0.0,8.451906538817494e-05
S12->S13->S15->S17->S19->S20->S23->S27->S38,L0->L2->L3,1,9,0,0.0,8.451906538817494e-05
S0->S1->S2->S4->S7->S8->S11->S25->S27->S29->S30->S32->S33->S34->S36->S37,L0->L1->L2->L3,1,16,0,0.0,8.451906538817494e-05
S0->S1->S3->S4->S6->S8->S9->S24->S29->S30->S32->S33->S34->S35->S37,L0->L1->L3,1,15,0,0.0,8.451906538817494e-05
S0->S1->S3->S4->S6->S8->S9->S24->S29->S30->S33->S34->S35->S37->S38,L0->L1->L3,1,15,0,0.0,8.451906538817494e-05
S0->S1->S3->S4->S6->S8->S9->S25->S27->S29->S30->S32->S33->S34->S36->S37,L0->L1->L2->L3,1,16,0,0.0,8.451906538817494e-05
S0->S1->S3->S4->S6->S8->S9->S25->S28->S29->S30->S33->S34->S36->S37,L0->L1->L2->L3,1,15,0,0.0,8.451906538817494e-05
S0->S1->S3->S4->S6->S8->S9->S26->S27->S29->S30->S32->S33->S34->S35->S37,L0->L2->L3,1,16,0,0.0,8.451906538817494e-05
S0->S1->S3->S4->S6->S8->S9->S26->S29->S30->S31->S32->S34->S36->S37,L0->L2->L3,1,15,0,0.0,8.451906538817494e-05
S0->S1->S3->S4->S6->S8->S9->S12->S13->S15->S16->S19->S20->S23->S39->S40->S41->S44->S45->S47->S48->S49->S51,L0->L3,1,23,0,0.0,8.451906538817494e-05
S12->S13->S15->S17->S19->S20->S23->S27->S39->S40->S41->S43->S45->S47->S48->S49->S51,L0->L2->L3,1,17,0,0.0,8.451906538817494e-05
S12->S13->S15->S17->S19->S20->S23->S27->S39->S40->S41->S43->S45->S47->S48->S50->S51,L0->L2->L3,1,17,0,0.0,8.451906538817494e-05
S12->S13->S15->S17->S19->S20->S23->S27->S39->S40->S41->S44->S45->S47->S48->S50->S51,L0->L2->L3,1,17,0,0.0,8.451906538817494e-05
S0->S1->S2->S4->S7->S8->S11->S25->S27->S29->S30->S33->S34->S36->S37->S38,L0->L1->L2->L3,1,16,0,0.0,8.451906538817494e-05
S0->S1->S2->S4->S7->S8->S11->S25->S28->S29->S30->S33->S34->S35->S37,L0->L1->L2->L3,1,15,0,0.0,8.451906538817494e-05
S0->S1->S2->S4->S7->S8->S11->S25->S29->S30->S33->S34->S36->S37,L0->L1->L3,1,14,0,0.0,8.451906538817494e-05
S0->S1->S2->S4->S7->S8->S11->S26->S27->S29->S30->S32->S33->S34->S35->S37,L0->L2->L3,1,16,0,0.0,8.451906538817494e-05
S0->S1->S3->S4->S7->S8->S11->S26->S29->S30->S32->S35->S37->S38,L0->L2->L3,1,14,0,0.0,8.451906538817494e-05
S0->S1->S3->S4->S7->S8->S11->S25->S29->S30->S33->S34->S36->S37,L0->L1->L3,1,14,0,0.0,8.451906538817494e-05
S0->S1->S3->S4->S7->S8->S11->S26->S27->S29->S30->S32->S33->S34->S36->S37,L0->L2->L3,1,16,0,0.0,8.451906538817494e-05
S0->S1->S3->S4->S7->S8->S11->S26->S27->S39->S40->S41->S43->S45->S47->S48->S50->S51,L0->L2->L3,1,18,0,0.0,8.451906538817494e-05
S0->S1->S3->S4->S7->S8->S11->S26->S29->S30->S31->S33->S34->S35->S37->S38,L0->L2->L3,1,16,0,0.0,8.451906538817494e-05
S0->S1->S2->S4->S6->S8->S10->S12->S13->S15->S17->S18->S20->S23->S27->S29->S30->S33->S34->S36->S37,L0->L2->L3,1,21,0,0.0,8.451906538817494e-05
S0->S1->S2->S4->S6->S8->S10->S12->S13->S15->S17->S19->S20->S23->S27->S29->S30->S33->S34->S35->S37,L0->L2->L3,1,21,0,0.0,8.451906538817494e-05
S0->S1->S2->S4->S6->S8->S10->S12->S13->S15->S17->S19->S20->S23->S29->S30->S33->S34->S36->S37,L0->L3,1,20,0,0.0,8.451906538817494e-05
S0->S1->S2->S4->S6->S8->S10->S20->S21->S39->S40->S41->S44->S45->S47->S48->S50->S51,L0->L3,1,18,0,0.0,8.451906538817494e-05
S0->S1->S2->S4->S6->S8->S10->S24->S26->S29->S30->S32->S35->S37,L0->L1->L2->L3,1,14,0,0.0,8.451906538817494e-05
S0->S1->S2->S4->S6->S8->S10->S24->S26->S29->S30->S33->S34->S36->S37->S38,L0->L1->L2->L3,1,16,0,0.0,8.451906538817494e-05
S0->S1->S2->S4->S6->S8->S10->S24->S26->S33->S34->S35->S37,L0->L1->L2->L3,1,13,0,0.0,8.451906538817494e-05
S0->S1->S2->S4->S7->S8->S11->S24->S33->S34->S36->S37,L0->L1->L3,1,12,0,0.0,8.451906538817494e-05
S0->S1->S2->S4->S7->S8->S11->S25->S26->S29->S30->S32->S33->S34->S35->S37,L0->L1->L2->L3,1,16,0,0.0,8.451906538817494e-05
S0->S1->S2->S4->S7->S8->S11->S25->S26->S29->S30->S33->S34->S36->S37,L0->L1->L2->L3,1,15,0,0.0,8.451906538817494e-05
S0->S1->S3->S4->S7->S8->S11->S24->S27->S33->S34->S36->S37,L0->L1->L2->L3,1,13,0,0.0,8.451906538817494e-05
S0->S1->S3->S4->S6->S8->S9->S26->S29->S30->S32->S36->S37->S38,L0->L2->L3,1,14,0,0.0,8.451906538817494e-05
S0->S1->S3->S4->S6->S8->S9->S26->S29->S30->S33->S34->S35,L0->L2->L3,1,13,0,0.0,8.451906538817494e-05
S0->S1->S3->S4->S6->S8->S9->S26->S29->S30->S33->S34->S36,L0->L2->L3,1,13,0,0.0,8.451906538817494e-05
S0->S1->S2->S5->S6->S11->S29->S30->S32->S33->S34->S36->S37,L0->L3,1,13,0,0.0,8.451906538817494e-05
S0->S1->S2->S5->S6->S11->S29->S30->S33->S34->S35->S37->S38,L0->L3,1,13,0,0.0,8.451906538817494e-05
S0->S1->S2->S5->S6->S7->S8->S10->S29->S30->S31->S33->S34->S35->S37,L0->L3,1,15,0,0.0,8.451906538817494e-05
S0->S1->S2->S5->S6->S8->S10->S11->S12->S13->S14->S17->S18->S20->S21->S29->S30->S33->S34->S35->S37,L0->L3,1,21,0,0.0,8.451906538817494e-05
S12->S13->S15->S17->S19->S20->S23->S29->S30->S31->S32->S35->S37,L0->L3,1,13,0,0.0,8.451906538817494e-05
S12->S13->S15->S17->S19->S20->S23->S29->S30->S31->S32->S36->S37,L0->L3,1,13,0,0.0,8.451906538817494e-05
S12->S13->S15->S17->S19->S20->S23->S29->S30->S31->S33->S35->S37,L0->L3,1,13,0,0.0,8.451906538817494e-05
S12->S13->S15->S17->S19->S20->S23->S29->S30->S32->S33->S34->S36->S37->S38,L0->L3,1,15,0,0.0,8.451906538817494e-05
S0->S1->S3->S4->S6->S8->S9->S12->S13->S15->S17->S18->S20->S21->S26->S29->S30->S33->S34->S36->S37,L0->L2->L3,1,21,0,0.0,8.451906538817494e-05
S12->S13->S16->S18->S20->S22->S39->S40->S41->S43->S45->S47->S48->S50->S51,L0->L3,1,15,0,0.0,8.451906538817494e-05
S12->S13->S16->S18->S20->S23->S29->S30->S33->S34->S35->S37,L0->L3,1,12,0,0.0,8.451906538817494e-05
S12->S13->S16->S18->S20->S23->S39->S40->S41->S43->S45->S47->S48->S50->S51,L0->L3,1,15,0,0.0,8.451906538817494e-05
S12->S13->S16->S18->S20->S23->S39->S40->S41->S44->S45->S47->S48->S50->S51,L0->L3,1,15,0,0.0,8.451906538817494e-05
S12->S13->S16->S19->S20->S21->S27->S29->S30->S33->S34->S35->S37,L0->L2->L3,1,13,0,0.0,8.451906538817494e-05
S12->S13->S15->S17->S19->S20->S23->S29->S30->S33->S34->S35,L0->L3,1,12,0,0.0,8.451906538817494e-05
S12->S13->S15->S17->S19->S20->S23->S29->S31->S33->S34->S35->S37,L0->L3,1,13,0,0.0,8.451906538817494e-05
S12->S13->S15->S17->S19->S20->S23->S29->S31->S33->S34->S36->S37,L0->L3,1,13,0,0.0,8.451906538817494e-05
S12->S13->S15->S17->S19->S20->S23->S39->S40->S41->S43->S44->S45->S47->S48->S50->S51,L0->L3,1,17,0,0.0,8.451906538817494e-05
S12->S13->S15->S17->S19->S20->S23->S39->S40->S41->S44->S45->S47->S48->S50,L0->L3,1,15,0,0.0,8.451906538817494e-05
S12->S13->S15->S17->S19->S20->S23->S39->S40->S41->S44->S45->S47->S50->S51,L0->L3,1,15,0,0.0,8.451906538817494e-05
S12->S13->S15->S17->S19->S20->S23->S40->S41->S43->S45->S47->S48->S49->S51,L0->L3,1,15,0,0.0,8.451906538817494e-05
S12->S13->S15->S17->S19->S20->S23->S40->S41->S43->S45->S47->S48->S50->S51,L0->L3,1,15,1,1.0,8.451906538817494e-05
S12->S13->S15->S17->S19->S20->S23->S29->S30->S31->S32->S34->S36->S37,L0->L3,1,14,0,0.0,8.451906538817494e-05
S0->S1->S2->S5->S6->S11->S26->S29->S30->S33->S34->S35->S37->S38,L0->L2->L3,1,14,0,0.0,8.451906538817494e-05
S0->S1->S3->S4->S7->S8->S11->S26->S29->S30->S32->S34->S36->S37->S38,L0->L2->L3,1,15,0,0.0,8.451906538817494e-05
S0->S1->S3->S4->S7->S8->S11->S12->S13->S15->S16->S19->S20->S21->S29->S30->S33->S34->S36->S37,L0->L3,1,20,0,0.0,8.451906538817494e-05
S12->S13->S16->S19->S20->S22->S26->S29->S30->S33->S34->S35->S37,L0->L2->L3,1,13,0,0.0,8.451906538817494e-05
S12->S13->S16->S19->S20->S22->S29->S30->S31->S33->S34->S36->S37,L0->L3,1,13,1,1.0,8.451906538817494e-05
S12->S13->S16->S19->S20->S22->S29->S30->S31->S33->S34->S36->S37->S38,L0->L3,1,14,0,0.0,8.451906538817494e-05
S12->S13->S16->S19->S20->S23->S27->S29->S30->S33->S34->S36->S37,L0->L2->L3,1,13,0,0.0,8.451906538817494e-05
S12->S13->S16->S19->S20->S23->S39->S40->S41->S44->S45->S47->S48->S50->S51,L0->L3,1,15,0,0.0,8.451906538817494e-05
S12->S13->S17->S18->S20->S21->S27->S29->S30->S33->S34->S35->S37,L0->L2->L3,1,13,0,0.0,8.451906538817494e-05
S12->S13->S17->S18->S20->S21->S27->S29->S30->S33->S34->S36->S37,L0->L2->L3,1,13,0,0.0,8.451906538817494e-05
S12->S13->S17->S18->S20->S21->S29->S30->S33->S34->S35->S37,L0->L3,1,12,0,0.0,8.451906538817494e-05
S12->S13->S17->S18->S20->S21->S39->S40->S41->S44->S45->S47->S48->S49->S51,L0->L3,1,15,0,0.0,8.451906538817494e-05
S12->S13->S15->S18->S20->S23->S27->S39->S40->S41->S44->S45->S47->S48->S50->S51,L0->L2->L3,1,16,0,0.0,8.451906538817494e-05
S12->S13->S16->S18->S20->S21->S27->S29->S30->S33->S34->S35->S37,L0->L2->L3,1,13,0,0.0,8.451906538817494e-05
S12->S13->S16->S18->S20->S21->S29->S30->S33->S34->S35->S37->S38,L0->L3,1,13,0,0.0,8.451906538817494e-05
S12->S13->S16->S18->S20->S22->S27->S29->S30->S33->S34->S35->S37,L0->L2->L3,1,13,0,0.0,8.451906538817494e-05
S12->S13->S16->S18->S20->S22->S29->S30->S31->S33->S34->S36->S37,L0->L3,1,13,0,0.0,8.451906538817494e-05
S12->S13->S16->S18->S20->S22->S29->S30->S32->S33->S34->S35->S37,L0->L3,1,13,0,0.0,8.451906538817494e-05
S12->S13->S17->S19->S20->S22->S26->S29->S30->S33->S34->S35->S37,L0->L2->L3,1,13,0,0.0,8.451906538817494e-05
S12->S13->S17->S19->S20->S22->S38,L0->L3,1,7,0,0.0,8.451906538817494e-05
S12->S13->S17->S19->S20->S23->S27->S29->S30->S33->S34->S36->S37,L0->L2->L3,1,13,0,0.0,8.451906538817494e-05
S12->S13->S16->S19->S20->S21->S29->S30->S31->S33->S34->S36->S37,L0->L3,1,13,0,0.0,8.451906538817494e-05
S0->S1->S3->S4->S6->S8->S9->S26->S29->S33->S34->S36->S37,L0->L2->L3,1,13,0,0.0,8.451906538817494e-05
S0->S1->S3->S4->S6->S8->S9->S26->S39->S40->S41->S43->S44->S45->S47->S48->S50->S51,L0->L2->L3,1,18,0,0.0,8.451906538817494e-05
S0->S1->S3->S4->S6->S8->S9->S24->S27->S29->S30->S33->S34->S36->S37->S38,L0->L1->L2->L3,1,16,0,0.0,8.451906538817494e-05
S0->S1->S3->S4->S7->S8->S11->S24->S29->S30->S32->S33->S34->S36->S37,L0->L1->L3,1,15,0,0.0,8.451906538817494e-05
S0->S1->S3->S4->S7->S8->S11->S24->S29->S30->S32->S35->S37,L0->L1->L3,1,13,0,0.0,8.451906538817494e-05
S0->S1->S3->S4->S7->S8->S11->S24->S29->S30->S32->S35->S37->S38,L0->L1->L3,1,14,0,0.0,8.451906538817494e-05
S0->S1->S3->S4->S7->S8->S11->S25->S26->S29->S30->S32->S33->S34->S36->S37,L0->L1->L2->L3,1,16,0,0.0,8.451906538817494e-05
S0->S1->S3->S4->S7->S8->S11->S25->S26->S29->S30->S33->S34->S35->S37,L0->L1->L2->L3,1,15,0,0.0,8.451906538817494e-05
S0->S1->S3->S4->S7->S8->S11->S25->S26->S38,L0->L1->L2->L3,1,10,0,0.0,8.451906538817494e-05
S0->S1->S3->S4->S7->S8->S11->S25->S26->S47->S48->S49->S51,L0->L1->L2->L3,1,13,0,0.0,8.451906538817494e-05
S0->S1->S3->S4->S7->S8->S11->S25->S27->S29->S30->S33->S34->S35->S37,L0->L1->L2->L3,1,15,0,0.0,8.451906538817494e-05
S0->S1->S3->S4->S7->S8->S11->S25->S29->S30->S33->S34->S35->S37,L0->L1->L3,1,14,0,0.0,8.451906538817494e-05
S13->S15->S17->S19->S20->S22->S29->S30->S33->S34->S35->S37,L0->L3,1,12,0,0.0,8.451906538817494e-05
S14->S16->S18->S20->S23->S29->S30->S33->S34->S36->S37,L0->L3,1,11,0,0.0,8.451906538817494e-05
S14->S17->S19->S20->S22->S29->S30->S33->S34->S35->S37,L0->L3,1,11,0,0.0,8.451906538817494e-05
S15->S16->S18->S20->S21->S29->S30->S33->S34->S35->S37,L0->L3,1,11,0,0.0,8.451906538817494e-05
S15->S16->S18->S20->S22->S29->S30->S33->S34->S35->S37,L0->L3,1,11,0,0.0,8.451906538817494e-05
S15->S17->S18->S20->S23->S29->S30->S33->S34->S35->S37,L0->L3,1,11,0,0.0,8.451906538817494e-05
S15->S17->S19->S20->S23->S29->S30->S33->S34->S35->S37,L0->L3,1,11,0,0.0,8.451906538817494e-05
S16->S18->S20->S23->S29->S30->S33->S34->S35->S37,L0->L3,1,10,0,0.0,8.451906538817494e-05
S16->S18->S20->S23->S29->S30->S33->S34->S36->S37,L0->L3,1,10,0,0.0,8.451906538817494e-05
S16->S18->S20->S23->S29->S30->S33->S34->S36->S37->S38,L0->L3,1,11,0,0.0,8.451906538817494e-05
S12->S13->S17->S18->S20->S23->S27->S29->S30->S33->S34->S35->S37,L0->L2->L3,1,13,0,0.0,8.451906538817494e-05
S12->S13->S17->S18->S20->S23->S29->S30->S31->S33->S34->S35->S37,L0->L3,1,13,0,0.0,8.451906538817494e-05
S12->S13->S17->S18->S20->S23->S29->S30->S33->S34->S36->S37,L0->L3,1,12,0,0.0,8.451906538817494e-05
S12->S13->S17->S19->S20->S21->S27->S29->S30->S33->S34->S36->S37,L0->L2->L3,1,13,0,0.0,8.451906538817494e-05
S12->S13->S17->S19->S20->S21->S29->S30->S33->S34->S35->S37,L0->L3,1,12,0,0.0,8.451906538817494e-05
S12->S13->S17->S19->S20->S21->S39->S40->S41->S44->S45->S47->S48->S49->S51,L0->L3,1,15,0,0.0,8.451906538817494e-05
S13->S14->S16->S19->S20->S21->S29->S30->S33->S34->S36->S37,L0->L3,1,12,0,0.0,8.451906538817494e-05
S13->S14->S17->S19->S20->S22->S29->S30->S33->S34->S36->S37,L0->L3,1,12,0,0.0,8.451906538817494e-05
S0->S1->S3->S4->S7->S8->S11->S12->S13->S15->S16->S19->S20->S22->S29->S30->S32->S33->S34->S35->S37,L0->L3,1,21,0,0.0,8.451906538817494e-05
S0->S1->S3->S4->S7->S8->S11->S12->S13->S15->S16->S19->S20->S22->S29->S30->S33->S34->S36->S37,L0->L3,1,20,0,0.0,8.451906538817494e-05
S0->S1->S3->S4->S7->S8->S11->S12->S13->S15->S17->S18->S20->S21->S29->S30->S33->S34->S35->S37,L0->L3,1,20,0,0.0,8.451906538817494e-05
S0->S1->S3->S4->S7->S8->S11->S12->S13->S15->S17->S19->S20->S21->S29->S30->S33->S34->S36->S37,L0->L3,1,20,0,0.0,8.451906538817494e-05
S0->S1->S3->S4->S7->S8->S11->S12->S13->S15->S17->S19->S20->S22->S29->S30->S33->S34->S35->S37,L0->L3,1,20,0,0.0,8.451906538817494e-05
S0->S1->S3->S4->S7->S8->S11->S12->S13->S15->S17->S19->S20->S23->S29->S30->S33->S34->S36->S37,L0->L3,1,20,0,0.0,8.451906538817494e-05
S0->S1->S3->S4->S7->S8->S11->S24->S26->S33->S34->S35->S37,L0->L1->L2->L3,1,13,0,0.0,8.451906538817494e-05
S0->S1->S3->S4->S7->S8->S11->S24->S26->S39->S40->S41->S43->S45->S47->S48->S50->S51,L0->L1->L2->L3,1,18,0,0.0,8.451906538817494e-05
S0->S1->S3->S4->S7->S8->S11->S24->S27->S29->S30->S33->S34->S35->S37->S38,L0->L1->L2->L3,1,16,0,0.0,8.451906538817494e-05
S0->S1->S3->S4->S7->S8->S11->S12->S13->S14->S16->S18->S20->S23->S26->S29->S30->S33->S34->S35->S37,L0->L2->L3,1,21,0,0.0,8.451906538817494e-05
S0->S1->S3->S4->S7->S8->S11->S12->S13->S14->S16->S18->S20->S23->S29->S30->S33->S34->S35->S37,L0->L3,1,20,0,0.0,8.451906538817494e-05
S0->S1->S3->S4->S7->S8->S11->S12->S13->S14->S16->S18->S20->S23->S29->S30->S33->S34->S36->S37,L0->L3,1,20,0,0.0,8.451906538817494e-05
S0->S1->S3->S4->S7->S8->S11->S12->S13->S14->S16->S19->S20->S21->S29->S30->S33->S34->S36->S37,L0->L3,1,20,0,0.0,8.451906538817494e-05
S13->S15->S16->S18->S20->S21->S29->S30->S32->S33->S34->S35->S37,L0->L3,1,13,0,0.0,8.451906538817494e-05
S20->S23->S29->S30->S33->S34->S36->S37,L0->L3,1,8,0,0.0,8.451906538817494e-05
S21->S29->S30->S33->S34->S35->S37,L0->L3,1,7,0,0.0,8.451906538817494e-05
S21->S29->S30->S33->S34->S36->S37,L0->L3,1,7,0,0.0,8.451906538817494e-05
S22->S29->S30->S33->S34->S35->S37,L0->L3,1,7,0,0.0,8.451906538817494e-05
S24->S25->S26->S27->S29->S30->S32->S33->S34->S35,L1->L2->L3,1,10,0,0.0,8.451906538817494e-05
S24->S25->S26->S27->S29->S30->S32->S33->S34->S35->S37,L1->L2->L3,1,11,0,0.0,8.451906538817494e-05
S17->S18->S20->S21->S29->S30->S32->S33->S34->S36->S37,L0->L3,1,11,0,0.0,8.451906538817494e-05
S17->S18->S20->S21->S29->S30->S33->S34->S35->S37,L0->L3,1,10,0,0.0,8.451906538817494e-05
S17->S18->S20->S23->S29->S30->S33->S34->S35->S37,L0->L3,1,10,0,0.0,8.451906538817494e-05
S17->S19->S20->S21->S29->S30->S33->S34->S35->S37,L0->L3,1,10,0,0.0,8.451906538817494e-05
S17->S19->S20->S22->S29->S30->S32->S36->S37,L0->L3,1,9,0,0.0,8.451906538817494e-05
S17->S19->S20->S22->S29->S30->S33->S34->S35->S37,L0->L3,1,10,0,0.0,8.451906538817494e-05
S17->S19->S20->S23->S29->S30->S33->S34->S36->S37,L0->L3,1,10,0,0.0,8.451906538817494e-05
S18->S20->S23->S29->S30->S33->S34->S35->S37,L0->L3,1,9,0,0.0,8.451906538817494e-05
S19->S20->S21->S29->S30->S32->S33->S34->S36->S37,L0->L3,1,10,0,0.0,8.451906538817494e-05
S12->S13->S17->S19->S20->S23->S29->S30->S33->S34->S36->S37,L0->L3,1,12,0,0.0,8.451906538817494e-05
S0->S1->S3->S4->S7->S8->S11->S12->S13->S14->S17->S18->S20->S21->S29->S30->S33->S34->S36->S37,L0->L3,1,20,0,0.0,8.451906538817494e-05
S0->S1->S3->S4->S7->S8->S11->S12->S13->S14->S17->S18->S20->S23->S29->S30->S32->S33->S34->S35->S37,L0->L3,1,21,0,0.0,8.451906538817494e-05
S0->S1->S3->S4->S7->S8->S11->S12->S13->S14->S17->S19->S20->S21->S29->S30->S33->S34->S36->S37,L0->L3,1,20,0,0.0,8.451906538817494e-05
S0->S1->S3->S4->S7->S8->S11->S12->S13->S14->S17->S19->S20->S23->S29->S30->S31->S33->S34->S36->S37,L0->L3,1,21,0,0.0,8.451906538817494e-05
S0->S1->S3->S4->S7->S8->S11->S12->S13->S14->S17->S19->S20->S23->S29->S30->S33->S34->S35->S37,L0->L3,1,20,0,0.0,8.451906538817494e-05
S0->S1->S3->S4->S7->S8->S11->S12->S13->S15->S16->S18->S20->S23->S29->S30->S31->S33->S34->S35->S37,L0->L3,1,21,0,0.0,8.451906538817494e-05
S0->S1->S3->S4->S7->S8->S11->S12->S13->S15->S16->S18->S20->S23->S39->S40->S41->S43->S45->S47->S48->S49->S51,L0->L3,1,23,0,0.0,8.451906538817494e-05
S0->S1->S3->S4->S7->S8->S10->S29->S30->S33->S34->S35->S36->S37,L0->L3,1,14,0,0.0,8.451906538817494e-05
S0->S1->S3->S4->S7->S8->S10->S29->S30->S33->S34->S37,L0->L3,1,12,0,0.0,8.451906538817494e-05
S0->S1->S3->S4->S7->S8->S10->S29->S31->S33->S34->S36->S37,L0->L3,1,13,0,0.0,8.451906538817494e-05
S0->S1->S3->S4->S7->S8->S10->S29->S32->S33->S34->S36->S37,L0->L3,1,13,0,0.0,8.451906538817494e-05
S2->S4->S6->S8->S11->S29->S30->S33->S34->S36->S37,L0->L3,1,11,0,0.0,8.451906538817494e-05
S2->S4->S7->S8->S11->S29->S30->S33->S34->S36->S37,L0->L3,1,11,0,0.0,8.451906538817494e-05
S2->S5->S7->S8->S11->S29->S30->S33->S34->S36->S37,L0->L3,1,11,0,0.0,8.451906538817494e-05
S20->S21->S29->S33->S34->S36->S37,L0->L3,1,7,0,0.0,8.451906538817494e-05
S20->S22->S29->S30->S33->S34->S35->S37,L0->L3,1,8,0,0.0,8.451906538817494e-05
S24->S25->S39->S40->S41->S43->S45->S47->S48->S49->S51,L1->L3,1,11,0,0.0,8.451906538817494e-05
S24->S25->S39->S40->S41->S44->S45->S47->S48->S49->S51,L1->L3,1,11,0,0.0,8.451906538817494e-05
S0->S1->S2->S4->S6->S8->S10->S11->S29->S30->S33->S34->S36->S37->S38,L0->L3,1,15,0,0.0,8.451906538817494e-05
S0->S1->S2->S4->S6->S8->S10->S11->S29->S30->S33->S35->S37,L0->L3,1,13,0,0.0,8.451906538817494e-05
S0->S1->S2->S4->S6->S8->S10->S11->S29->S33->S34->S35->S37,L0->L3,1,13,0,0.0,8.451906538817494e-05
S0->S1->S2->S4->S6->S8->S10->S11->S39->S40->S41->S44->S45->S47->S48->S50->S51,L0->L3,1,17,0,0.0,8.451906538817494e-05
S24->S25->S26->S27->S29->S30->S32->S33->S34->S36->S37->S38,L1->L2->L3,1,12,0,0.0,8.451906538817494e-05
S24->S25->S26->S27->S30->S32->S33->S34->S36->S37,L1->L2->L3,1,10,0,0.0,8.451906538817494e-05
S24->S25->S26->S29->S30->S32->S33->S34->S36->S37->S38,L1->L2->L3,1,11,0,0.0,8.451906538817494e-05
S24->S25->S27->S29->S30->S32->S33->S34->S36->S37->S38,L1->L2->L3,1,11,0,0.0,8.451906538817494e-05
S24->S25->S27->S29->S30->S32->S34->S36->S37,L1->L2->L3,1,9,0,0.0,8.451906538817494e-05
S19->S20->S21->S29->S30->S33->S34->S35->S37,L0->L3,1,9,0,0.0,8.451906538817494e-05
S2->S4->S6->S8->S10->S29->S30->S33->S34->S35->S37,L0->L3,1,11,0,0.0,8.451906538817494e-05
S0->S1->S3->S4->S7->S8->S11->S12->S13->S14->S16->S19->S20->S22->S29->S30->S33->S34->S35->S37,L0->L3,1,20,0,0.0,8.451906538817494e-05
S0->S1->S3->S4->S7->S8->S11->S12->S13->S14->S16->S19->S20->S22->S29->S30->S33->S34->S36->S37,L0->L3,1,20,0,0.0,8.451906538817494e-05
S0->S1->S3->S4->S7->S8->S11->S12->S13->S14->S17->S18->S20->S21->S26->S29->S30->S33->S34->S35->S37,L0->L2->L3,1,21,0,0.0,8.451906538817494e-05
S0->S1->S2->S4->S7->S8->S11->S29->S30->S31->S32->S35->S37,L0->L3,1,13,0,0.0,8.451906538817494e-05
S0->S1->S2->S5->S6->S10->S29->S30->S33->S34->S35->S37->S38,L0->L3,1,13,0,0.0,8.451906538817494e-05
S0->S1->S2->S4->S6->S8->S10->S12->S13->S14->S16->S19->S20->S21->S27->S29->S30->S33->S34->S35->S37,L0->L2->L3,1,21,0,0.0,8.451906538817494e-05
S0->S1->S2->S4->S6->S8->S10->S12->S13->S14->S16->S19->S20->S21->S39->S40->S41->S43->S45->S47->S48->S49->S51,L0->L3,1,23,0,0.0,8.451906538817494e-05
S0->S1->S2->S4->S6->S8->S10->S12->S13->S14->S16->S19->S20->S23->S29->S30->S33->S34->S36->S37,L0->L3,1,20,0,0.0,8.451906538817494e-05
S0->S1->S2->S4->S6->S8->S10->S12->S13->S14->S17->S18->S20->S21->S29->S30->S33->S34->S36->S37,L0->L3,1,20,0,0.0,8.451906538817494e-05
S0->S1->S2->S4->S6->S8->S10->S12->S13->S14->S17->S18->S20->S23->S29->S30->S33->S34->S35->S37,L0->L3,1,20,0,0.0,8.451906538817494e-05
S0->S1->S2->S4->S6->S8->S10->S12->S13->S14->S17->S18->S20->S23->S29->S30->S33->S34->S36->S37,L0->L3,1,20,0,0.0,8.451906538817494e-05
S0->S1->S2->S4->S6->S8->S10->S12->S13->S14->S17->S19->S20->S23->S39->S40->S41->S43->S45->S47->S48->S49->S51,L0->L3,1,23,0,0.0,8.451906538817494e-05
S0->S1->S2->S4->S6->S8->S10->S12->S13->S15->S16->S18->S20->S21->S29->S30->S33->S34->S35->S37,L0->L3,1,20,0,0.0,8.451906538817494e-05
S0->S1->S2->S4->S6->S8->S10->S12->S13->S15->S16->S18->S20->S23->S29->S30->S33->S34->S36->S37,L0->L3,1,20,0,0.0,8.451906538817494e-05
S24->S26->S27->S29->S30->S32->S37,L1->L2->L3,1,7,0,0.0,8.451906538817494e-05
S24->S26->S27->S29->S32->S33->S34->S36->S37,L1->L2->L3,1,9,0,0.0,8.451906538817494e-05
S24->S25->S27->S39->S40->S41->S43->S45->S47->S48->S49->S51,L1->L2->L3,1,12,0,0.0,8.451906538817494e-05
S24->S25->S27->S39->S40->S41->S43->S45->S47->S48->S50->S51,L1->L2->L3,1,12,0,0.0,8.451906538817494e-05
S24->S25->S27->S39->S40->S41->S44->S45->S47->S48->S49->S51,L1->L2->L3,1,12,0,0.0,8.451906538817494e-05
S24->S26->S29->S30->S32->S33->S35->S37,L1->L2->L3,1,8,0,0.0,8.451906538817494e-05
S24->S26->S29->S30->S33->S34->S35->S38,L1->L2->L3,1,8,0,0.0,8.451906538817494e-05
S0->S1->S2->S4->S6->S8->S10->S12->S13->S14->S16->S19->S20->S21->S26->S29->S30->S33->S34->S35->S37,L0->L2->L3,1,21,0,0.0,8.451906538817494e-05
S0->S1->S2->S5->S6->S8->S10->S29->S30->S32->S37->S38,L0->L3,1,12,0,0.0,8.451906538817494e-05
S0->S1->S2->S5->S6->S8->S10->S29->S30->S33->S35->S37->S38,L0->L3,1,13,0,0.0,8.451906538817494e-05
S0->S1->S3->S4->S7->S8->S10->S39->S40->S41->S43->S44->S45->S47->S48->S50->S51,L0->L3,1,17,0,0.0,8.451906538817494e-05
S0->S1->S3->S4->S7->S8->S10->S39->S40->S41->S43->S45->S48->S49->S51,L0->L3,1,15,0,0.0,8.451906538817494e-05
S0->S1->S3->S4->S7->S8->S10->S39->S40->S43->S45->S47->S48->S49->S51,L0->L3,1,15,0,0.0,8.451906538817494e-05
S0->S1->S3->S4->S7->S8->S10->S39->S40->S43->S45->S47->S48->S50->S51,L0->L3,1,15,0,0.0,8.451906538817494e-05
S0->S1->S3->S4->S7->S8->S10->S40->S41->S44->S45->S47->S48->S50->S51,L0->L3,1,15,0,0.0,8.451906538817494e-05
S0->S1->S3->S4->S7->S8->S11->S12->S13->S14->S16->S18->S20->S21->S29->S30->S33->S34->S35->S37,L0->L3,1,20,0,0.0,8.451906538817494e-05
S0->S1->S3->S4->S7->S8->S11->S12->S13->S14->S16->S18->S20->S21->S29->S30->S33->S34->S36->S37,L0->L3,1,20,0,0.0,8.451906538817494e-05
S0->S1->S2->S4->S7->S8->S11->S28->S29->S30->S32->S33->S34->S35->S37,L0->L2->L3,1,15,0,0.0,8.451906538817494e-05
S0->S1->S2->S4->S7->S8->S11->S28->S29->S30->S33->S34->S36->S37->S38,L0->L2->L3,1,15,0,0.0,8.451906538817494e-05
S0->S1->S2->S4->S7->S8->S11->S28->S39->S40->S41->S44->S45->S47->S48->S49->S51,L0->L2->L3,1,17,0,0.0,8.451906538817494e-05
S0->S1->S2->S4->S7->S8->S11->S29->S30->S31->S32->S34->S35->S37,L0->L3,1,14,0,0.0,8.451906538817494e-05
S0->S1->S3->S4->S6->S8->S9->S27->S29->S30->S33->S34->S36,L0->L2->L3,1,13,0,0.0,8.451906538817494e-05
S0->S1->S3->S4->S6->S8->S9->S27->S29->S33->S34->S36->S37,L0->L2->L3,1,13,0,0.0,8.451906538817494e-05
S0->S1->S3->S4->S6->S8->S9->S27->S33->S34->S35->S37,L0->L2->L3,1,12,0,0.0,8.451906538817494e-05
S0->S1->S3->S4->S6->S8->S9->S27->S38,L0->L2->L3,1,9,0,0.0,8.451906538817494e-05
S0->S1->S3->S4->S7->S8->S10->S27->S29->S33->S34->S35->S37,L0->L2->L3,1,13,0,0.0,8.451906538817494e-05
S0->S1->S2->S4->S7->S8->S11->S29->S30->S31->S33->S35->S37,L0->L3,1,13,0,0.0,8.451906538817494e-05
S0->S1->S3->S4->S6->S8->S9->S26->S29->S30->S31->S32->S36->S37->S38,L0->L2->L3,1,15,0,0.0,8.451906538817494e-05
S0->S1->S2->S4->S7->S8->S11->S26->S29->S30->S32->S35->S37->S38,L0->L2->L3,1,14,0,0.0,8.451906538817494e-05
S0->S1->S2->S4->S7->S8->S11->S26->S29->S33->S34->S35->S37,L0->L2->L3,1,13,0,0.0,8.451906538817494e-05
S0->S1->S3->S4->S7->S8->S10->S29->S30->S32->S34->S36->S37->S38,L0->L3,1,14,0,0.0,8.451906538817494e-05
S0->S1->S3->S4->S7->S8->S10->S29->S30->S32->S35->S37->S38,L0->L3,1,13,0,0.0,8.451906538817494e-05
S0->S1->S3->S4->S7->S8->S10->S28->S29->S30->S33->S34->S35->S37->S38,L0->L2->L3,1,15,0,0.0,8.451906538817494e-05
S0->S1->S3->S4->S7->S8->S10->S28->S29->S33->S34->S35->S37,L0->L2->L3,1,13,0,0.0,8.451906538817494e-05
S0->S1->S3->S4->S7->S8->S10->S28->S39->S40->S41->S43->S45->S47->S48->S49->S51,L0->L2->L3,1,17,0,0.0,8.451906538817494e-05
S24->S26->S29->S32->S35->S37,L1->L2->L3,1,6,1,1.0,8.451906538817494e-05
S24->S26->S27->S39->S40->S41->S43->S45->S47->S48->S50->S51,L1->L2->L3,1,12,0,0.0,8.451906538817494e-05
S0->S1->S2->S5->S6->S8->S10->S11->S29->S30->S32->S36->S37,L0->L3,1,13,0,0.0,8.451906538817494e-05
S24->S26->S33->S34->S36->S37->S38,L1->L2->L3,1,7,0,0.0,8.451906538817494e-05
S24->S26->S39->S40->S41->S43->S44->S45->S47->S48->S49->S51,L1->L2->L3,1,12,0,0.0,8.451906538817494e-05
S24->S26->S39->S40->S41->S43->S45->S48->S50->S51,L1->L2->L3,1,10,0,0.0,8.451906538817494e-05
S24->S26->S39->S40->S41->S44->S45->S48->S49->S51,L1->L2->L3,1,10,0,0.0,8.451906538817494e-05
S24->S26->S39->S40->S41->S44->S47->S48->S49->S51,L1->L2->L3,1,10,0,0.0,8.451906538817494e-05
S24->S26->S39->S40->S44->S45->S47->S48->S50->S51,L1->L2->L3,1,10,0,0.0,8.451906538817494e-05
S0->S1->S2->S4->S6->S11->S29->S30->S33->S34->S36->S37->S38,L0->L3,1,13,0,0.0,8.451906538817494e-05
S0->S1->S2->S4->S6->S11->S39->S40->S41->S43->S45->S47->S48->S50->S51,L0->L3,1,15,0,0.0,8.451906538817494e-05
S0->S1->S2->S4->S6->S29->S30->S33->S34->S36->S37,L0->L3,1,11,0,0.0,8.451906538817494e-05
S0->S1->S2->S4->S6->S8->S10->S11->S12->S13->S15->S16->S18->S20->S21->S29->S30->S33->S34->S36->S37,L0->L3,1,21,0,0.0,8.451906538817494e-05
S0->S1->S2->S4->S6->S8->S10->S11->S27->S29->S30->S33->S34->S35->S37,L0->L2->L3,1,15,0,0.0,8.451906538817494e-05
S24->S26->S29->S32->S33->S34->S35->S37,L1->L2->L3,1,8,0,0.0,8.451906538817494e-05
S0->S1->S3->S4->S7->S8->S10->S28->S39->S40->S41->S43->S45->S47->S48->S50->S51,L0->L2->L3,1,17,0,0.0,8.451906538817494e-05
S0->S1->S3->S4->S7->S8->S10->S29->S30->S32->S33->S34->S36,L0->L3,1,13,0,0.0,8.451906538817494e-05
S0->S1->S3->S4->S7->S8->S10->S27->S29->S30->S32->S36->S37->S38,L0->L2->L3,1,14,0,0.0,8.451906538817494e-05
S0->S1->S2->S5->S6->S8->S10->S29->S30->S31->S32->S34->S35->S37,L0->L3,1,14,0,0.0,8.451906538817494e-05
S0->S1->S3->S4->S7->S8->S10->S27->S38,L0->L2->L3,1,9,0,0.0,8.451906538817494e-05
S0->S1->S3->S4->S7->S8->S10->S28->S29->S30->S31->S33->S34->S36->S37->S38,L0->L2->L3,1,16,0,0.0,8.451906538817494e-05
S0->S1->S3->S4->S7->S8->S10->S28->S29->S30->S32->S33->S34->S35->S37,L0->L2->L3,1,15,0,0.0,8.451906538817494e-05
S0->S1->S3->S4->S7->S8->S10->S28->S29->S30->S32->S33->S34->S36->S37,L0->L2->L3,1,15,0,0.0,8.451906538817494e-05
S0->S1->S3->S4->S7->S8->S10->S28->S29->S30->S32->S34->S35->S37->S38,L0->L2->L3,1,15,0,0.0,8.451906538817494e-05
S0->S1->S3->S4->S7->S8->S10->S26->S29->S30->S32->S36->S37,L0->L2->L3,1,13,0,0.0,8.451906538817494e-05
S0->S1->S3->S4->S7->S8->S10->S26->S29->S30->S33->S34->S35,L0->L2->L3,1,13,0,0.0,8.451906538817494e-05
S0->S1->S3->S4->S6->S8->S9->S28->S29->S30->S32->S33->S34->S35->S37,L0->L2->L3,1,15,1,1.0,8.451906538817494e-05
S0->S1->S3->S4->S6->S8->S9->S28->S29->S30->S32->S35->S37,L0->L2->L3,1,13,0,0.0,8.451906538817494e-05
S0->S1->S3->S4->S6->S8->S9->S28->S29->S30->S33->S34->S36->S37->S38,L0->L2->L3,1,15,0,0.0,8.451906538817494e-05
S0->S1->S3->S4->S6->S8->S9->S28->S29->S31->S33->S34->S35->S37,L0->L2->L3,1,14,0,0.0,8.451906538817494e-05
S0->S1->S3->S4->S6->S8->S9->S29->S30->S31->S32->S33->S34->S35->S37->S38,L0->L3,1,16,0,0.0,8.451906538817494e-05
S0->S1->S3->S4->S6->S8->S9->S29->S30->S31->S32->S36->S37,L0->L3,1,13,0,0.0,8.451906538817494e-05
S0->S1->S2->S5->S6->S8->S10->S29->S30->S31->S32->S36->S37->S38,L0->L3,1,14,0,0.0,8.451906538817494e-05
S0->S1->S2->S5->S6->S8->S10->S29->S30->S31->S33->S35->S37,L0->L3,1,13,0,0.0,8.451906538817494e-05
S0->S1->S2->S4->S6->S11->S27->S29->S30->S33->S34->S35->S37,L0->L2->L3,1,13,0,0.0,8.451906538817494e-05
S0->S1->S2->S4->S6->S11->S28->S29->S30->S33->S34->S35->S37,L0->L2->L3,1,13,0,0.0,8.451906538817494e-05
S0->S1->S2->S4->S6->S11->S29->S30->S31->S33->S34->S36->S37,L0->L3,1,13,0,0.0,8.451906538817494e-05
S24->S27->S29->S30->S32->S36->S38,L1->L2->L3,1,7,0,0.0,8.451906538817494e-05
S24->S26->S39->S41->S43->S45->S47->S48->S50->S51,L1->L2->L3,1,10,0,0.0,8.451906538817494e-05
S24->S26->S40->S41->S43->S45->S47->S48->S49->S51,L1->L2->L3,1,10,0,0.0,8.451906538817494e-05
S24->S26->S40->S41->S44->S45->S47->S48->S50->S51,L1->L2->L3,1,10,0,0.0,8.451906538817494e-05
S24->S26->S44->S47->S48->S49->S51,L1->L2->L3,1,7,0,0.0,8.451906538817494e-05
S24->S26->S47->S48->S49->S51,L1->L2->L3,1,6,0,0.0,8.451906538817494e-05
S24->S27->S29->S30->S32->S34->S35->S37->S38,L1->L2->L3,1,9,0,0.0,8.451906538817494e-05
S24->S27->S29->S30->S32->S34->S36->S37->S38,L1->L2->L3,1,9,0,0.0,8.451906538817494e-05
S0->S1->S2->S4->S5->S7->S8->S9->S27->S29->S30->S32->S33->S34->S35->S37,L0->L2->L3,1,16,0,0.0,8.451906538817494e-05
S0->S1->S2->S4->S5->S7->S8->S9->S27->S29->S30->S33->S34->S35->S37,L0->L2->L3,1,15,0,0.0,8.451906538817494e-05
S24->S26->S29->S32->S35->S37->S38,L1->L2->L3,1,7,0,0.0,8.451906538817494e-05
S24->S26->S29->S33->S34->S36->S37->S38,L1->L2->L3,1,8,0,0.0,8.451906538817494e-05
S0->S1->S2->S5->S6->S8->S10->S28->S39->S40->S41->S44->S45->S47->S48->S49->S51,L0->L2->L3,1,17,0,0.0,8.451906538817494e-05
S0->S1->S2->S5->S6->S8->S10->S12->S13->S14->S16->S18->S20->S21->S29->S30->S33->S34->S35->S37,L0->L3,1,20,0,0.0,8.451906538817494e-05
S0->S1->S2->S5->S6->S8->S10->S12->S13->S14->S16->S18->S20->S21->S29->S30->S33->S34->S36->S37,L0->L3,1,20,0,0.0,8.451906538817494e-05
S0->S1->S2->S5->S6->S8->S10->S12->S13->S14->S16->S18->S20->S22->S29->S30->S33->S34->S36->S37,L0->L3,1,20,0,0.0,8.451906538817494e-05
S0->S1->S2->S5->S6->S8->S10->S12->S13->S14->S16->S18->S20->S23->S29->S30->S32->S33->S34->S35->S37->S38,L0->L3,1,22,0,0.0,8.451906538817494e-05
S0->S1->S2->S5->S6->S8->S10->S12->S13->S14->S16->S18->S20->S23->S29->S30->S33->S34->S35->S37,L0->L3,1,20,0,0.0,8.451906538817494e-05
S0->S1->S2->S5->S6->S8->S10->S27->S29->S30->S32->S34->S35->S37->S38,L0->L2->L3,1,15,0,0.0,8.451906538817494e-05
S24->S27->S29->S32->S33->S34->S36->S37,L1->L2->L3,1,8,0,0.0,8.451906538817494e-05
S24->S27->S29->S33->S34->S35,L1->L2->L3,1,6,0,0.0,8.451906538817494e-05
S24->S27->S30->S31->S33->S34->S36->S37,L1->L2->L3,1,8,0,0.0,8.451906538817494e-05
S24->S27->S30->S32->S36->S37,L1->L2->L3,1,6,0,0.0,8.451906538817494e-05
S24->S27->S34->S35->S37,L1->L2->L3,1,5,0,0.0,8.451906538817494e-05
S0->S1->S2->S4->S5->S7->S8->S9->S39->S40->S41->S44->S45->S47->S48->S50->S51,L0->L3,1,17,0,0.0,8.451906538817494e-05
S0->S1->S2->S4->S6->S10->S26->S29->S30->S33->S34->S36->S37,L0->L2->L3,1,13,0,0.0,8.451906538817494e-05
S0->S1->S2->S4->S6->S10->S39->S40->S41->S44->S45->S47->S48->S49->S51,L0->L3,1,15,0,0.0,8.451906538817494e-05
S0->S1->S2->S4->S6->S10->S39->S40->S41->S44->S45->S47->S48->S50->S51,L0->L3,1,15,0,0.0,8.451906538817494e-05
S0->S1->S2->S4->S6->S11->S26->S29->S30->S33->S34->S35->S37,L0->L2->L3,1,13,0,0.0,8.451906538817494e-05
S0->S1->S2->S4->S5->S6->S8->S11->S26->S29->S30->S33->S34->S35->S37,L0->L2->L3,1,15,0,0.0,8.451906538817494e-05
S0->S1->S2->S4->S5->S6->S8->S11->S27->S29->S30->S33->S34->S36->S37,L0->L2->L3,1,15,0,0.0,8.451906538817494e-05
S0->S1->S2->S5->S6->S8->S10->S11->S39->S40->S41->S43->S45->S47->S48->S49->S51,L0->L3,1,17,0,0.0,8.451906538817494e-05
S0->S1->S2->S5->S6->S8->S10->S11->S39->S40->S41->S43->S45->S47->S48->S50->S51,L0->L3,1,17,0,0.0,8.451906538817494e-05
S0->S1->S2->S5->S6->S8->S10->S11->S39->S40->S41->S44->S45->S47->S48->S49->S51,L0->L3,1,17,0,0.0,8.451906538817494e-05
S0->S1->S3->S4->S6->S8->S9->S27->S29->S30->S31->S32->S33->S34->S36->S37,L0->L2->L3,1,16,0,0.0,8.451906538817494e-05
S0->S1->S3->S4->S7->S8->S10->S26->S29->S30->S33->S34->S36,L0->L2->L3,1,13,0,0.0,8.451906538817494e-05
S0->S1->S3->S4->S7->S8->S10->S26->S29->S33->S34->S36->S37,L0->L2->L3,1,13,0,0.0,8.451906538817494e-05
S0->S1->S3->S4->S7->S8->S10->S26->S30->S33->S34->S35->S37,L0->L2->L3,1,13,0,0.0,8.451906538817494e-05
S0->S1->S3->S4->S7->S8->S10->S27->S29->S30->S32->S34->S35->S37,L0->L2->L3,1,14,1,1.0,8.451906538817494e-05
S0->S1->S3->S4->S7->S8->S10->S27->S29->S30->S32->S35->S37,L0->L2->L3,1,13,1,1.0,8.451906538817494e-05
S0->S1->S3->S4->S6->S8->S9->S29->S30->S32->S34->S35->S37->S38,L0->L3,1,14,0,0.0,8.451906538817494e-05
S0->S1->S2->S4->S7->S8->S11->S27->S29->S30->S32->S36->S37,L0->L2->L3,1,13,1,1.0,8.451906538817494e-05
S0->S1->S2->S4->S7->S8->S11->S27->S29->S30->S32->S36->S37->S38,L0->L2->L3,1,14,0,0.0,8.451906538817494e-05
S0->S1->S2->S4->S7->S8->S11->S27->S29->S30->S32->S37,L0->L2->L3,1,12,0,0.0,8.451906538817494e-05
S0->S1->S2->S4->S7->S8->S11->S27->S29->S30->S33->S34->S35,L0->L2->L3,1,13,0,0.0,8.451906538817494e-05
S24->S27->S39->S40->S41->S43->S47->S48->S50->S51,L1->L2->L3,1,10,0,0.0,8.451906538817494e-05
S24->S27->S39->S40->S41->S44->S45->S48->S49->S51,L1->L2->L3,1,10,0,0.0,8.451906538817494e-05
S0->S1->S2->S4->S7->S8->S11->S27->S33->S34->S35->S37,L0->L2->L3,1,12,0,0.0,8.451906538817494e-05
S0->S1->S2->S4->S7->S8->S11->S27->S38,L0->L2->L3,1,9,0,0.0,8.451906538817494e-05
S0->S1->S2->S4->S7->S8->S11->S27->S28->S29->S30->S32->S34->S35->S37,L0->L2->L3,1,15,0,0.0,8.451906538817494e-05
S0->S1->S2->S4->S7->S8->S11->S27->S29->S30->S32->S33->S34->S36->S37->S38,L0->L2->L3,1,16,0,0.0,8.451906538817494e-05
S0->S1->S2->S4->S7->S8->S11->S27->S29->S30->S32->S34->S35->S37,L0->L2->L3,1,14,0,0.0,8.451906538817494e-05
S0->S1->S2->S4->S7->S8->S11->S27->S29->S30->S32->S35->S37,L0->L2->L3,1,13,0,0.0,8.451906538817494e-05
S0->S1->S3->S4->S7->S8->S10->S26->S29->S30->S32->S34->S35->S37,L0->L2->L3,1,14,0,0.0,8.451906538817494e-05
S0->S1->S3->S4->S6->S8->S9->S29->S30->S33->S34,L0->L3,1,11,0,0.0,8.451906538817494e-05
S0->S1->S3->S4->S6->S8->S9->S29->S30->S33->S34->S35->S38,L0->L3,1,13,0,0.0,8.451906538817494e-05
S0->S1->S3->S4->S6->S8->S9->S29->S30->S33->S34->S37,L0->L3,1,12,0,0.0,8.451906538817494e-05
S0->S1->S3->S4->S6->S8->S9->S29->S30->S33->S36->S37->S38,L0->L3,1,13,0,0.0,8.451906538817494e-05
S24->S27->S39->S41->S44->S45->S47->S48->S50->S51,L1->L2->L3,1,10,0,0.0,8.451906538817494e-05
S24->S27->S43->S45->S47->S48->S49->S51,L1->L2->L3,1,8,0,0.0,8.451906538817494e-05
S24->S27->S47->S48->S50->S51,L1->L2->L3,1,6,0,0.0,8.451906538817494e-05
S0->S1->S3->S4->S6->S8->S9->S29->S30->S32->S33->S36->S37,L0->L3,1,13,0,0.0,8.451906538817494e-05
S0->S1->S3->S4->S7->S8->S10->S26->S27->S29->S30->S32->S33->S34->S35->S37->S38,L0->L2->L3,1,17,0,0.0,8.451906538817494e-05
S0->S1->S3->S4->S7->S8->S10->S26->S27->S29->S30->S32->S33->S34->S36->S37,L0->L2->L3,1,16,0,0.0,8.451906538817494e-05
S0->S1->S3->S4->S7->S8->S10->S26->S27->S29->S30->S32->S34->S36->S37,L0->L2->L3,1,15,1,1.0,8.451906538817494e-05
S0->S1->S3->S4->S7->S8->S10->S26->S27->S29->S30->S32->S34->S36->S37->S38,L0->L2->L3,1,16,0,0.0,8.451906538817494e-05
S0->S1->S3->S4->S7->S8->S10->S26->S27->S29->S30->S33->S34->S35->S37->S38,L0->L2->L3,1,16,0,0.0,8.451906538817494e-05
S0->S1->S3->S4->S7->S8->S10->S26->S29->S30->S31->S32->S33->S34->S35->S37,L0->L2->L3,1,16,0,0.0,8.451906538817494e-05
S0->S1->S3->S4->S7->S8->S10->S26->S29->S30->S32->S33->S34->S35->S37->S38,L0->L2->L3,1,16,0,0.0,8.451906538817494e-05
S0->S1->S2->S4->S7->S8->S11->S26->S29->S33->S34->S36->S37,L0->L2->L3,1,13,0,0.0,8.451906538817494e-05
S0->S1->S2->S4->S7->S8->S11->S26->S30->S33->S34->S35->S37,L0->L2->L3,1,13,0,0.0,8.451906538817494e-05
S0->S1->S2->S4->S7->S8->S11->S26->S39->S40->S41->S43->S44->S45->S47->S48->S49->S51,L0->L2->L3,1,18,0,0.0,8.451906538817494e-05
S0->S1->S2->S5->S6->S8->S10->S26->S29->S30->S33->S34->S35,L0->L2->L3,1,13,0,0.0,8.451906538817494e-05
S0->S1->S2->S5->S6->S8->S10->S26->S29->S33->S34->S35->S37,L0->L2->L3,1,13,0,0.0,8.451906538817494e-05
S0->S1->S2->S4->S5->S6->S8->S9->S27->S29->S30->S33->S34->S36->S37,L0->L2->L3,1,15,0,0.0,8.451906538817494e-05
S0->S1->S2->S4->S5->S7->S11->S29->S30->S33->S34->S35->S37,L0->L3,1,13,0,0.0,8.451906538817494e-05
S24->S27->S39->S40->S41->S43->S45->S47->S48->S50,L1->L2->L3,1,10,0,0.0,8.451906538817494e-05
S24->S29->S33->S34->S36->S37->S38,L1->L3,1,7,0,0.0,8.451906538817494e-05
S24->S30->S32->S33->S34->S35->S37,L1->L3,1,7,0,0.0,8.451906538817494e-05
S24->S30->S32->S37,L1->L3,1,4,0,0.0,8.451906538817494e-05
S24->S33->S34->S35->S37,L1->L3,1,5,0,0.0,8.451906538817494e-05
S24->S28->S29->S32->S33->S34->S36->S37,L1->L2->L3,1,8,0,0.0,8.451906538817494e-05
S24->S28->S30->S31->S32->S33->S34->S35->S37,L1->L2->L3,1,9,0,0.0,8.451906538817494e-05
S24->S28->S30->S32->S36->S37,L1->L2->L3,1,6,1,1.0,8.451906538817494e-05
S0->S1->S2->S4->S5->S6->S8->S11->S29->S30->S33->S34->S36->S37,L0->L3,1,14,0,0.0,8.451906538817494e-05
S0->S1->S2->S5->S6->S8->S10->S27->S29->S30->S32->S35->S37,L0->L2->L3,1,13,0,0.0,8.451906538817494e-05
S0->S1->S2->S5->S6->S8->S10->S27->S29->S30->S32->S35->S37->S38,L0->L2->L3,1,14,0,0.0,8.451906538817494e-05
S0->S1->S2->S5->S6->S8->S10->S27->S29->S30->S33->S34->S35,L0->L2->L3,1,13,0,0.0,8.451906538817494e-05
S0->S1->S2->S5->S6->S8->S10->S27->S29->S33->S34->S35->S37,L0->L2->L3,1,13,0,0.0,8.451906538817494e-05
S0->S1->S2->S5->S6->S8->S10->S27->S29->S33->S34->S36->S37,L0->L2->L3,1,13,0,0.0,8.451906538817494e-05
S0->S1->S2->S5->S6->S8->S10->S27->S32->S33->S34->S35->S37,L0->L2->L3,1,13,0,0.0,8.451906538817494e-05
S0->S1->S2->S5->S6->S8->S10->S27->S38,L0->L2->L3,1,9,0,0.0,8.451906538817494e-05
S0->S1->S3->S4->S6->S8->S9->S29->S31->S33->S34->S35->S37,L0->L3,1,13,0,0.0,8.451906538817494e-05
S0->S1->S2->S3->S5->S7->S8->S11->S29->S30->S32->S33->S34->S36->S37,L0->L3,1,15,0,0.0,8.451906538817494e-05
S0->S1->S2->S3->S5->S7->S8->S11->S29->S30->S32->S35->S37,L0->L3,1,13,1,1.0,8.451906538817494e-05
S0->S1->S2->S3->S5->S7->S8->S11->S29->S30->S33->S34->S35->S37->S38,L0->L3,1,15,0,0.0,8.451906538817494e-05
S24->S29->S30->S32->S35->S38,L1->L3,1,6,0,0.0,8.451906538817494e-05
S24->S29->S30->S32->S36->S37->S38,L1->L3,1,7,0,0.0,8.451906538817494e-05
S0->S1->S2->S5->S6->S8->S10->S26->S29->S33->S34->S36->S37,L0->L2->L3,1,13,0,0.0,8.451906538817494e-05
S0->S1->S2->S5->S6->S8->S10->S26->S30->S33->S34->S36->S37,L0->L2->L3,1,13,0,0.0,8.451906538817494e-05
S0->S1->S2->S5->S6->S8->S10->S26->S30->S33->S34->S36->S37->S38,L0->L2->L3,1,14,0,0.0,8.451906538817494e-05
S0->S1->S2->S5->S6->S8->S10->S27->S29->S30->S31->S32->S33->S34->S35->S37,L0->L2->L3,1,16,0,0.0,8.451906538817494e-05
S0->S1->S2->S5->S6->S8->S10->S27->S29->S30->S31->S33->S34->S35->S37,L0->L2->L3,1,15,0,0.0,8.451906538817494e-05
S0->S1->S2->S5->S6->S8->S10->S25->S27->S29->S30->S33->S34->S36->S37,L0->L1->L2->L3,1,15,0,0.0,8.451906538817494e-05
S0->S1->S2->S5->S6->S8->S10->S25->S28->S29->S30->S33->S34->S35->S37,L0->L1->L2->L3,1,15,0,0.0,8.451906538817494e-05
S24->S29->S30->S33->S34->S35->S36->S37->S38,L1->L3,1,9,0,0.0,8.451906538817494e-05
S24->S29->S30->S33->S34->S36,L1->L3,1,6,0,0.0,8.451906538817494e-05
S24->S29->S30->S33->S34->S37,L1->L3,1,6,0,0.0,8.451906538817494e-05
S24->S29->S33->S34->S35->S37->S38,L1->L3,1,7,0,0.0,8.451906538817494e-05
S24->S39->S40->S41->S43->S44->S45->S47->S48->S50->S51,L1->L3,1,11,0,0.0,8.451906538817494e-05
S24->S39->S41->S43->S44->S45->S47->S48->S49->S51,L1->L3,1,10,0,0.0,8.451906538817494e-05
S0->S1->S3->S4->S7->S8->S10->S24->S27->S30->S33->S34->S35->S37,L0->L1->L2->L3,1,14,0,0.0,8.451906538817494e-05
S0->S1->S3->S4->S7->S8->S10->S24->S27->S33->S34->S36->S37,L0->L1->L2->L3,1,13,0,0.0,8.451906538817494e-05
S0->S1->S3->S4->S7->S8->S10->S24->S27->S39->S40->S41->S44->S45->S47->S48->S50->S51,L0->L1->L2->L3,1,18,0,0.0,8.451906538817494e-05
S0->S1->S3->S4->S7->S8->S10->S24->S29->S30->S32->S33->S34->S36->S37,L0->L1->L3,1,15,0,0.0,8.451906538817494e-05
S0->S1->S3->S4->S7->S8->S10->S24->S47->S48->S49->S51,L0->L1->L3,1,12,0,0.0,8.451906538817494e-05
S0->S1->S3->S4->S7->S8->S10->S25->S27->S29->S30->S32->S33->S34->S35->S37,L0->L1->L2->L3,1,16,0,0.0,8.451906538817494e-05
S0->S1->S3->S4->S7->S8->S10->S25->S27->S29->S30->S32->S37,L0->L1->L2->L3,1,13,0,0.0,8.451906538817494e-05
S0->S1->S3->S4->S7->S8->S10->S25->S28->S29->S30->S33->S34->S35->S37,L0->L1->L2->L3,1,15,0,0.0,8.451906538817494e-05
S0->S1->S3->S4->S7->S8->S10->S25->S29->S30->S33->S34->S35->S37,L0->L1->L3,1,14,0,0.0,8.451906538817494e-05
S0->S1->S3->S4->S7->S8->S10->S12->S13->S15->S16->S19->S20->S23->S29->S30->S33->S34->S35->S37,L0->L3,1,20,1,1.0,8.451906538817494e-05
S0->S1->S3->S4->S7->S8->S10->S12->S13->S15->S16->S19->S20->S23->S29->S30->S33->S34->S36->S37,L0->L3,1,20,0,0.0,8.451906538817494e-05
S24->S39->S41->S44->S45->S47->S48->S49->S51,L1->L3,1,9,0,0.0,8.451906538817494e-05
S25->S26->S27->S29->S30->S32->S33->S34->S35->S37->S38,L1->L2->L3,1,11,0,0.0,8.451906538817494e-05
S25->S26->S27->S29->S30->S32->S34->S35->S37,L1->L2->L3,1,9,0,0.0,8.451906538817494e-05
S0->S1->S3->S4->S7->S8->S10->S12->S13->S14->S16->S19->S20->S23->S29->S30->S31->S33->S34->S36->S37,L0->L3,1,21,0,0.0,8.451906538817494e-05
S0->S1->S3->S4->S7->S8->S10->S12->S13->S14->S17->S18->S20->S21->S29->S30->S33->S34->S35->S37,L0->L3,1,20,0,0.0,8.451906538817494e-05
S0->S1->S2->S5->S6->S8->S10->S26->S29->S30->S32->S33->S34->S35->S37->S38,L0->L2->L3,1,16,0,0.0,8.451906538817494e-05
S25->S26->S29->S30->S32->S33->S35->S37,L1->L2->L3,1,8,0,0.0,8.451906538817494e-05
S25->S26->S29->S30->S32->S37,L1->L2->L3,1,6,0,0.0,8.451906538817494e-05
S25->S26->S29->S30->S33->S34->S37,L1->L2->L3,1,7,0,0.0,8.451906538817494e-05
S25->S26->S29->S32->S35->S37,L1->L2->L3,1,6,0,0.0,8.451906538817494e-05
S0->S1->S2->S3->S5->S6->S8->S9->S27->S29->S30->S33->S34->S36->S37,L0->L2->L3,1,15,0,0.0,8.451906538817494e-05
S0->S1->S2->S3->S5->S6->S8->S9->S29->S30->S31->S33->S34->S35->S37,L0->L3,1,15,0,0.0,8.451906538817494e-05
S0->S1->S2->S3->S5->S7->S8->S9->S26->S39->S40->S41->S43->S45->S47->S48->S50->S51,L0->L2->L3,1,18,0,0.0,8.451906538817494e-05
S0->S1->S2->S3->S5->S7->S8->S9->S27->S29->S30->S33->S34->S35->S37,L0->L2->L3,1,15,0,0.0,8.451906538817494e-05
S0->S1->S2->S3->S5->S7->S8->S9->S39->S40->S41->S43->S45->S47->S48->S50->S51,L0->L3,1,17,0,0.0,8.451906538817494e-05
S0->S1->S2->S4->S5->S6->S8->S10->S29->S30->S33->S34->S35->S37,L0->L3,1,14,0,0.0,8.451906538817494e-05
S0->S1->S2->S4->S5->S6->S8->S10->S29->S30->S33->S34->S36->S37->S38,L0->L3,1,15,0,0.0,8.451906538817494e-05
S25->S26->S27->S32->S33->S34->S35->S37,L1->L2->L3,1,8,0,0.0,8.451906538817494e-05
S25->S26->S27->S39->S40->S41->S43->S45->S47->S48->S49->S51,L1->L2->L3,1,12,0,0.0,8.451906538817494e-05
S0->S1->S2->S5->S6->S8->S10->S25->S29->S30->S33->S34->S35->S37->S38,L0->L1->L3,1,15,0,0.0,8.451906538817494e-05
S0->S1->S2->S5->S6->S8->S10->S25->S38,L0->L1->L3,1,9,1,1.0,8.451906538817494e-05
S0->S1->S2->S5->S6->S8->S10->S26->S27->S29->S30->S32->S33->S34->S36->S37,L0->L2->L3,1,16,0,0.0,8.451906538817494e-05
S0->S1->S3->S4->S7->S8->S10->S12->S13->S15->S17->S18->S20->S21->S26->S29->S30->S33->S34->S36->S37,L0->L2->L3,1,21,0,0.0,8.451906538817494e-05
S0->S1->S3->S4->S7->S8->S10->S12->S13->S15->S17->S18->S20->S21->S29->S30->S33->S34->S35->S37,L0->L3,1,20,0,0.0,8.451906538817494e-05
S0->S1->S3->S4->S7->S8->S10->S12->S13->S15->S17->S18->S20->S22->S29->S30->S33->S34->S35->S37,L0->L3,1,20,0,0.0,8.451906538817494e-05
S0->S1->S3->S4->S7->S8->S10->S12->S13->S15->S17->S18->S20->S23->S27->S29->S30->S33->S34->S36->S37,L0->L2->L3,1,21,0,0.0,8.451906538817494e-05
S0->S1->S3->S4->S7->S8->S10->S12->S13->S15->S17->S18->S20->S23->S29->S30->S33->S34->S35->S37,L0->L3,1,20,0,0.0,8.451906538817494e-05
S0->S1->S3->S4->S7->S8->S10->S12->S13->S15->S17->S18->S20->S23->S29->S30->S33->S34->S36->S37,L0->L3,1,20,0,0.0,8.451906538817494e-05
S0->S1->S3->S4->S7->S8->S10->S12->S13->S15->S17->S19->S20->S22->S29->S30->S33->S34->S36->S37,L0->L3,1,20,0,0.0,8.451906538817494e-05
S0->S1->S3->S4->S7->S8->S10->S12->S13->S15->S17->S19->S20->S23->S29->S30->S33->S34->S36->S37,L0->L3,1,20,0,0.0,8.451906538817494e-05
S0->S1->S3->S4->S7->S8->S10->S17->S19->S20->S23->S39->S40->S41->S43->S45->S47->S48->S50->S51,L0->L3,1,20,0,0.0,8.451906538817494e-05
S0->S1->S3->S4->S7->S8->S10->S24->S26->S27->S29->S30->S32->S33->S34->S36->S37,L0->L1->L2->L3,1,17,0,0.0,8.451906538817494e-05
S0->S1->S3->S4->S7->S8->S10->S24->S26->S39->S40->S41->S44->S45->S47->S48->S49->S51,L0->L1->L2->L3,1,18,0,0.0,8.451906538817494e-05
S0->S1->S3->S4->S7->S8->S10->S12->S13->S14->S16->S19->S20->S22->S27->S29->S30->S33->S34->S35->S37,L0->L2->L3,1,21,0,0.0,8.451906538817494e-05
S0->S1->S3->S4->S7->S8->S10->S12->S13->S14->S16->S19->S20->S23->S26->S29->S30->S33->S34->S35->S37,L0->L2->L3,1,21,0,0.0,8.451906538817494e-05
S25->S27->S28->S29->S30->S32->S34->S36->S37,L1->L2->L3,1,9,1,1.0,8.451906538817494e-05
S25->S27->S28->S29->S30->S32->S34->S36->S37->S38,L1->L2->L3,1,10,0,0.0,8.451906538817494e-05
S25->S27->S28->S29->S30->S33->S34->S36->S37,L1->L2->L3,1,9,0,0.0,8.451906538817494e-05
S0->S1->S2->S3->S5->S6->S8->S9->S29->S30->S31->S33->S34->S36->S37,L0->L3,1,15,0,0.0,8.451906538817494e-05
S0->S1->S2->S3->S5->S7->S8->S10->S26->S29->S30->S33->S34->S35->S37,L0->L2->L3,1,15,0,0.0,8.451906538817494e-05
S0->S1->S2->S3->S5->S7->S8->S10->S26->S29->S30->S33->S34->S36->S37,L0->L2->L3,1,15,0,0.0,8.451906538817494e-05
S0->S1->S2->S3->S5->S7->S8->S10->S27->S29->S30->S33->S34->S36->S37,L0->L2->L3,1,15,0,0.0,8.451906538817494e-05
S0->S1->S2->S3->S5->S7->S8->S10->S29->S30->S31->S32->S33->S34->S36->S37,L0->L3,1,16,0,0.0,8.451906538817494e-05
S0->S1->S2->S3->S5->S7->S8->S10->S29->S30->S32->S34->S35->S37,L0->L3,1,14,0,0.0,8.451906538817494e-05
S0->S1->S2->S3->S5->S7->S8->S10->S29->S30->S32->S35->S37->S38,L0->L3,1,14,0,0.0,8.451906538817494e-05
S0->S1->S2->S3->S5->S7->S8->S11->S26->S29->S30->S33->S34->S36->S37,L0->L2->L3,1,15,0,0.0,8.451906538817494e-05
S0->S1->S2->S3->S5->S7->S8->S11->S29->S30->S32->S33->S34->S35->S37,L0->L3,1,15,0,0.0,8.451906538817494e-05
S25->S26->S30->S33->S34->S35->S37->S38,L1->L2->L3,1,8,0,0.0,8.451906538817494e-05
S25->S26->S28->S29->S30->S32->S33->S34->S36->S37,L1->L2->L3,1,10,1,1.0,8.451906538817494e-05
S25->S26->S28->S29->S30->S32->S34->S35->S37,L1->L2->L3,1,9,0,0.0,8.451906538817494e-05
S0->S1->S2->S5->S6->S8->S10->S25->S29->S30->S33->S34->S35->S37,L0->L1->L3,1,14,0,0.0,8.451906538817494e-05
S0->S1->S2->S5->S6->S8->S10->S24->S29->S30->S32->S33->S34->S36->S37,L0->L1->L3,1,15,0,0.0,8.451906538817494e-05
S0->S1->S2->S5->S6->S8->S10->S24->S29->S30->S33->S34->S36->S37->S38,L0->L1->L3,1,15,0,0.0,8.451906538817494e-05
S0->S1->S2->S5->S6->S8->S10->S12->S13->S14->S17->S19->S20->S23->S29->S30->S33->S34->S35->S37,L0->L3,1,20,0,0.0,8.451906538817494e-05
S0->S1->S2->S5->S6->S8->S10->S12->S13->S15->S16->S18->S20->S21->S29->S30->S33->S34->S36->S37,L0->L3,1,20,0,0.0,8.451906538817494e-05
S25->S27->S29->S30->S32->S34->S35->S37->S38,L1->L2->L3,1,9,0,0.0,8.451906538817494e-05
S25->S27->S29->S30->S33->S34->S35->S36->S37,L1->L2->L3,1,9,0,0.0,8.451906538817494e-05
S25->S27->S29->S32->S33->S34->S35->S37,L1->L2->L3,1,8,0,0.0,8.451906538817494e-05
S25->S27->S29->S33->S34->S35->S37->S38,L1->L2->L3,1,8,0,0.0,8.451906538817494e-05
S25->S27->S30->S32->S33->S34->S36->S37,L1->L2->L3,1,8,0,0.0,8.451906538817494e-05
S0->S1->S2->S3->S5->S6->S8->S10->S26->S29->S30->S33->S34->S36->S37->S38,L0->L2->L3,1,16,0,0.0,8.451906538817494e-05
S0->S1->S2->S3->S5->S6->S8->S10->S27->S29->S30->S33->S34->S36->S37->S38,L0->L2->L3,1,16,0,0.0,8.451906538817494e-05
S25->S26->S33->S34->S35->S37,L1->L2->L3,1,6,0,0.0,8.451906538817494e-05
S25->S26->S33->S34->S36->S37,L1->L2->L3,1,6,0,0.0,8.451906538817494e-05
S25->S26->S39->S40->S41->S43->S45->S48->S50->S51,L1->L2->L3,1,10,0,0.0,8.451906538817494e-05
S25->S26->S39->S40->S41->S43->S47->S48->S49->S51,L1->L2->L3,1,10,0,0.0,8.451906538817494e-05
S25->S26->S39->S40->S41->S44->S45->S47->S48->S49->S50->S51,L1->L2->L3,1,12,0,0.0,8.451906538817494e-05
S0->S1->S3->S4->S7->S8->S10->S11->S26->S29->S30->S33->S34->S36->S37,L0->L2->L3,1,15,0,0.0,8.451906538817494e-05
S0->S1->S3->S4->S7->S8->S10->S11->S28->S29->S30->S33->S34->S35->S37,L0->L2->L3,1,15,0,0.0,8.451906538817494e-05
S0->S1->S3->S4->S7->S8->S10->S11->S28->S29->S30->S33->S34->S36->S37,L0->L2->L3,1,15,0,0.0,8.451906538817494e-05
S0->S1->S2->S3->S5->S6->S8->S11->S26->S29->S30->S33->S34->S36->S37,L0->L2->L3,1,15,0,0.0,8.451906538817494e-05
S0->S1->S2->S3->S5->S6->S8->S11->S27->S29->S30->S32->S33->S34->S36->S37,L0->L2->L3,1,16,0,0.0,8.451906538817494e-05
S0->S1->S2->S3->S5->S6->S8->S11->S27->S29->S30->S33->S34->S35->S37,L0->L2->L3,1,15,0,0.0,8.451906538817494e-05
S0->S1->S2->S3->S5->S6->S8->S11->S29->S30->S32->S33->S34->S35->S37,L0->L3,1,15,0,0.0,8.451906538817494e-05
S0->S1->S2->S3->S5->S6->S8->S11->S29->S30->S33->S35->S37,L0->L3,1,13,0,0.0,8.451906538817494e-05
S0->S1->S2->S3->S5->S6->S8->S11->S39->S40->S41->S44->S45->S47->S48->S50->S51,L0->L3,1,17,0,0.0,8.451906538817494e-05
S0->S1->S2->S3->S5->S6->S8->S9->S26->S29->S30->S33->S34->S35->S37,L0->L2->L3,1,15,1,1.0,8.451906538817494e-05
S25->S27->S30->S33->S34->S36->S37->S38,L1->L2->L3,1,8,0,0.0,8.451906538817494e-05
S25->S27->S29->S30->S32->S33->S34->S36->S37->S38,L1->L2->L3,1,10,0,0.0,8.451906538817494e-05
S0->S1->S2->S5->S6->S8->S10->S24->S27->S29->S30->S33->S34->S36->S37->S38,L0->L1->L2->L3,1,16,0,0.0,8.451906538817494e-05
S0->S1->S2->S5->S6->S8->S10->S24->S27->S33->S34->S36->S37,L0->L1->L2->L3,1,13,0,0.0,8.451906538817494e-05
S0->S1->S2->S5->S6->S8->S10->S24->S27->S39->S40->S41->S43->S45->S47->S48->S50->S51,L0->L1->L2->L3,1,18,0,0.0,8.451906538817494e-05
S0->S1->S2->S5->S6->S8->S10->S24->S28->S29->S30->S33->S34->S35->S37->S38,L0->L1->L2->L3,1,16,0,0.0,8.451906538817494e-05
S25->S28->S29->S30->S33->S34->S35,L1->L2->L3,1,7,0,0.0,8.451906538817494e-05
S25->S28->S29->S30->S33->S34->S36,L1->L2->L3,1,7,0,0.0,8.451906538817494e-05
S0->S1->S2->S3->S5->S6->S8->S10->S29->S30->S31->S33->S34->S36->S37,L0->L3,1,15,0,0.0,8.451906538817494e-05
S0->S1->S2->S3->S5->S6->S8->S10->S39->S40->S41->S44->S45->S47->S48->S50->S51,L0->L3,1,17,0,0.0,8.451906538817494e-05
S0->S1->S3->S4->S7->S8->S10->S12->S13->S14->S17->S18->S20->S22->S26->S29->S30->S33->S34->S36->S37,L0->L2->L3,1,21,0,0.0,8.451906538817494e-05
S0->S1->S3->S4->S7->S8->S10->S12->S13->S14->S17->S18->S20->S23->S29->S30->S33->S34->S35->S37,L0->L3,1,20,0,0.0,8.451906538817494e-05
S0->S1->S3->S4->S7->S8->S10->S12->S13->S14->S17->S19->S20->S21->S29->S30->S33->S34->S35->S37,L0->L3,1,20,0,0.0,8.451906538817494e-05
S0->S1->S3->S4->S7->S8->S10->S12->S13->S14->S17->S19->S20->S22->S29->S30->S33->S34->S35->S37,L0->L3,1,20,0,0.0,8.451906538817494e-05
S0->S1->S3->S4->S7->S8->S10->S12->S13->S15->S16->S18->S20->S21->S29->S30->S33->S34->S35->S37,L0->L3,1,20,0,0.0,8.451906538817494e-05
S0->S1->S3->S4->S7->S8->S10->S12->S13->S15->S16->S18->S20->S22->S29->S30->S33->S34->S35->S37,L0->L3,1,20,0,0.0,8.451906538817494e-05
S0->S1->S3->S4->S7->S8->S10->S12->S13->S15->S16->S18->S20->S22->S29->S30->S33->S34->S36->S37,L0->L3,1,20,0,0.0,8.451906538817494e-05
S0->S1->S3->S4->S7->S8->S10->S12->S13->S15->S16->S18->S20->S23->S29->S30->S33->S34->S36->S37,L0->L3,1,20,0,0.0,8.451906538817494e-05
S0->S1->S3->S4->S7->S8->S10->S12->S13->S15->S16->S19->S20->S21->S26->S29->S30->S33->S34->S36->S37,L0->L2->L3,1,21,0,0.0,8.451906538817494e-05
S0->S1->S3->S4->S7->S8->S10->S12->S13->S15->S16->S19->S20->S21->S27->S29->S30->S33->S34->S36->S37,L0->L2->L3,1,21,0,0.0,8.451906538817494e-05
S0->S1->S3->S4->S7->S8->S10->S12->S13->S15->S16->S19->S20->S22->S29->S30->S33->S34->S36->S37,L0->L3,1,20,0,0.0,8.451906538817494e-05
S0->S1->S3->S4->S7->S11->S39->S40->S41->S44->S45->S47->S48->S50->S51,L0->L3,1,15,0,0.0,8.451906538817494e-05
S0->S1->S2->S5->S6->S8->S10->S24->S26->S39->S40->S41->S43->S45->S47->S48->S49->S51,L0->L1->L2->L3,1,18,0,0.0,8.451906538817494e-05
S25->S28->S39->S40->S41->S43->S44->S45->S47->S48->S50->S51,L1->L2->L3,1,12,0,0.0,8.451906538817494e-05
S25->S29->S30->S32->S33->S34->S35->S37->S38,L1->L3,1,9,0,0.0,8.451906538817494e-05
S25->S29->S30->S32->S34->S36->S37->S38,L1->L3,1,8,0,0.0,8.451906538817494e-05
S0->S1->S2->S3->S4->S7->S8->S11->S26->S29->S30->S33->S34->S36->S37,L0->L2->L3,1,15,0,0.0,8.451906538817494e-05
S0->S1->S2->S3->S4->S7->S8->S11->S28->S29->S30->S33->S34->S36->S37,L0->L2->L3,1,15,0,0.0,8.451906538817494e-05
S0->S1->S2->S3->S4->S7->S8->S11->S29->S30->S31->S33->S34->S36->S37,L0->L3,1,15,0,0.0,8.451906538817494e-05
S25->S27->S32->S33->S34->S35->S37,L1->L2->L3,1,7,0,0.0,8.451906538817494e-05
S25->S27->S33->S34->S36->S37,L1->L2->L3,1,6,0,0.0,8.451906538817494e-05
S25->S27->S39->S40->S41->S43->S44->S45->S47->S48->S49->S51,L1->L2->L3,1,12,0,0.0,8.451906538817494e-05
S25->S27->S39->S40->S41->S43->S47->S48->S50->S51,L1->L2->L3,1,10,0,0.0,8.451906538817494e-05
S25->S27->S39->S40->S41->S44->S45->S48->S50->S51,L1->L2->L3,1,10,0,0.0,8.451906538817494e-05
S25->S27->S39->S41->S43->S45->S47->S48->S49->S51,L1->L2->L3,1,10,0,0.0,8.451906538817494e-05
S25->S27->S39->S41->S43->S45->S47->S48->S50->S51,L1->L2->L3,1,10,0,0.0,8.451906538817494e-05
S25->S28->S29->S30->S32->S36->S37,L1->L2->L3,1,7,1,1.0,8.451906538817494e-05
S25->S28->S29->S30->S32->S37,L1->L2->L3,1,6,0,0.0,8.451906538817494e-05
S0->S1->S2->S5->S6->S8->S10->S12->S13->S15->S16->S19->S20->S22->S26->S29->S30->S33->S34->S36->S37,L0->L2->L3,1,21,0,0.0,8.451906538817494e-05
S0->S1->S3->S4->S7->S8->S10->S11->S29->S30->S31->S33->S34->S36->S37,L0->L3,1,15,0,0.0,8.451906538817494e-05
S0->S1->S3->S4->S7->S8->S10->S11->S29->S30->S31->S33->S34->S36->S37->S38,L0->L3,1,16,0,0.0,8.451906538817494e-05
S0->S1->S3->S4->S7->S8->S10->S11->S29->S30->S32->S33->S34->S35->S37,L0->L3,1,15,0,0.0,8.451906538817494e-05
S0->S1->S3->S4->S7->S8->S10->S11->S29->S30->S33->S34->S35,L0->L3,1,13,0,0.0,8.451906538817494e-05
S0->S1->S3->S4->S7->S8->S10->S11->S39->S40->S41->S44->S45->S47->S48->S50->S51,L0->L3,1,17,0,0.0,8.451906538817494e-05
S0->S1->S3->S4->S7->S8->S10->S12->S13->S14->S16->S18->S20->S22->S29->S30->S33->S34->S35->S37,L0->L3,1,20,0,0.0,8.451906538817494e-05
S0->S1->S3->S4->S7->S8->S10->S12->S13->S14->S16->S18->S20->S23->S29->S30->S32->S33->S34->S35->S37,L0->L3,1,21,0,0.0,8.451906538817494e-05
S0->S1->S3->S4->S7->S8->S10->S12->S13->S14->S16->S19->S20->S21->S29->S30->S33->S34->S35->S37,L0->L3,1,20,0,0.0,8.451906538817494e-05
S0->S1->S3->S4->S7->S8->S10->S12->S13->S14->S16->S19->S20->S21->S29->S30->S33->S34->S36->S37,L0->L3,1,20,0,0.0,8.451906538817494e-05
S0->S1->S3->S4->S7->S10->S29->S30->S31->S33->S34->S35->S37,L0->L3,1,13,0,0.0,8.451906538817494e-05
S0->S1->S3->S4->S6->S8->S9->S39->S40->S41->S43->S45->S47->S50->S51,L0->L3,1,15,0,0.0,8.451906538817494e-05
S0->S1->S3->S4->S6->S8->S9->S39->S40->S41->S44->S45->S47->S50->S51,L0->L3,1,15,0,0.0,8.451906538817494e-05
S0->S1->S3->S4->S6->S8->S9->S39->S40->S41->S44->S45->S48->S50->S51,L0->L3,1,15,0,0.0,8.451906538817494e-05
S0->S1->S2->S5->S6->S8->S10->S12->S13->S15->S17->S18->S20->S23->S29->S30->S33->S34->S35->S37,L0->L3,1,20,0,0.0,8.451906538817494e-05
S0->S1->S2->S5->S6->S8->S10->S12->S13->S15->S17->S19->S20->S22->S29->S30->S33->S34->S36->S37,L0->L3,1,20,0,0.0,8.451906538817494e-05
S0->S1->S3->S4->S6->S9->S39->S40->S41->S43->S45->S47->S48->S49->S51,L0->L3,1,15,0,0.0,8.451906538817494e-05
S0->S1->S3->S4->S6->S9->S39->S40->S41->S44->S45->S47->S48->S49->S51,L0->L3,1,15,0,0.0,8.451906538817494e-05
S0->S1->S3->S4->S7->S10->S39->S40->S41->S43->S45->S47->S48->S49->S51,L0->L3,1,15,0,0.0,8.451906538817494e-05
S0->S1->S3->S4->S7->S10->S39->S40->S41->S43->S45->S47->S48->S50->S51,L0->L3,1,15,0,0.0,8.451906538817494e-05
S0->S1->S3->S4->S7->S10->S39->S40->S41->S44->S45->S47->S48->S49->S51,L0->L3,1,15,0,0.0,8.451906538817494e-05
S0->S1->S3->S4->S7->S11->S24->S26->S39->S40->S41->S44->S45->S47->S48->S50->S51,L0->L1->L2->L3,1,17,0,0.0,8.451906538817494e-05
S0->S1->S3->S4->S7->S11->S26->S29->S30->S33->S34->S35->S37,L0->L2->L3,1,13,0,0.0,8.451906538817494e-05
S0->S1->S3->S4->S7->S11->S26->S29->S30->S33->S34->S36->S37,L0->L2->L3,1,13,0,0.0,8.451906538817494e-05
S0->S1->S3->S4->S7->S11->S27->S29->S30->S33->S34->S35->S37,L0->L2->L3,1,13,0,0.0,8.451906538817494e-05
S0->S1->S2->S3->S4->S7->S8->S9->S39->S40->S41->S43->S45->S47->S48->S50->S51,L0->L3,1,17,0,0.0,8.451906538817494e-05
S0->S1->S2->S3->S5->S6->S8->S10->S26->S29->S30->S33->S34->S36->S37,L0->L2->L3,1,15,0,0.0,8.451906538817494e-05
S25->S30->S32->S33->S34->S36->S37,L1->L3,1,7,0,0.0,8.451906538817494e-05
S0->S1->S2->S5->S6->S8->S10->S12->S13->S15->S16->S18->S20->S22->S29->S30->S33->S34->S36->S37,L0->L3,1,20,0,0.0,8.451906538817494e-05
S0->S1->S2->S5->S6->S8->S10->S12->S13->S15->S16->S18->S20->S23->S29->S30->S33->S34->S36->S37,L0->L3,1,20,0,0.0,8.451906538817494e-05
S0->S1->S2->S5->S6->S8->S10->S12->S13->S15->S16->S18->S20->S23->S39->S40->S41->S43->S45->S47->S48->S49->S51,L0->L3,1,23,0,0.0,8.451906538817494e-05
S0->S1->S2->S5->S6->S8->S10->S12->S13->S15->S16->S19->S20->S21->S29->S30->S33->S34->S36->S37,L0->L3,1,20,0,0.0,8.451906538817494e-05
S27->S29->S33->S34->S35->S37,L2->L3,1,6,0,0.0,8.451906538817494e-05
S28->S29->S30->S32->S33->S34->S35->S37,L2->L3,1,8,0,0.0,8.451906538817494e-05
S28->S29->S30->S32->S35->S37,L2->L3,1,6,0,0.0,8.451906538817494e-05
S28->S29->S30->S32->S35->S37->S38,L2->L3,1,7,0,0.0,8.451906538817494e-05
S28->S29->S30->S33->S34->S36->S37->S38,L2->L3,1,8,0,0.0,8.451906538817494e-05
S25->S33->S34->S36->S37,L1->L3,1,5,0,0.0,8.451906538817494e-05
S25->S39->S40->S41->S43->S45->S48->S50->S51,L1->L3,1,9,0,0.0,8.451906538817494e-05
S25->S39->S40->S41->S44->S47->S48->S50->S51,L1->L3,1,9,0,0.0,8.451906538817494e-05
S25->S39->S41->S44->S45->S47->S48->S49->S51,L1->L3,1,9,0,0.0,8.451906538817494e-05
S25->S39->S41->S44->S45->S47->S48->S50->S51,L1->L3,1,9,0,0.0,8.451906538817494e-05
S26->S29->S30->S32->S36->S37,L2->L3,1,6,0,0.0,8.451906538817494e-05
S0->S1->S2->S3->S4->S7->S8->S11->S29->S30->S32->S33->S34->S35->S37,L0->L3,1,15,0,0.0,8.451906538817494e-05
S0->S1->S2->S3->S4->S7->S8->S11->S39->S40->S41->S43->S45->S47->S48->S49->S51,L0->L3,1,17,0,0.0,8.451906538817494e-05
S0->S1->S2->S3->S4->S7->S8->S9->S29->S30->S31->S33->S34->S35->S37,L0->L3,1,15,0,0.0,8.451906538817494e-05
S0->S1->S2->S3->S4->S7->S8->S9->S29->S30->S31->S33->S34->S36->S37,L0->L3,1,15,0,0.0,8.451906538817494e-05
S0->S1->S3->S4->S6->S9->S29->S30->S33->S34->S35->S37->S38,L0->L3,1,13,0,0.0,8.451906538817494e-05
S4->S7->S8->S11->S29->S30->S33->S34->S35->S37,L0->L3,1,10,0,0.0,8.451906538817494e-05
S0->S1->S2->S5->S6->S8->S10->S12->S13->S14->S16->S19->S20->S22->S29->S30->S33->S34->S36->S37,L0->L3,1,20,0,0.0,8.451906538817494e-05
S4->S7->S8->S9->S29->S30->S33->S34->S36->S37,L0->L3,1,10,0,0.0,8.451906538817494e-05
S0->S1->S2->S5->S6->S8->S10->S12->S13->S14->S17->S18->S20->S23->S29->S30->S33->S34->S36->S37,L0->L3,1,20,0,0.0,8.451906538817494e-05
S0->S1->S2->S5->S6->S8->S10->S12->S13->S14->S17->S19->S20->S21->S26->S29->S30->S33->S34->S35->S37,L0->L2->L3,1,21,0,0.0,8.451906538817494e-05
S0->S1->S2->S5->S6->S8->S10->S12->S13->S14->S17->S19->S20->S21->S26->S29->S30->S33->S34->S36->S37,L0->L2->L3,1,21,1,1.0,8.451906538817494e-05
S29->S30->S34->S36->S37,L3,1,5,0,0.0,8.451906538817494e-05
S29->S30->S36,L3,1,3,0,0.0,8.451906538817494e-05
S29->S30->S35->S37,L3,1,4,0,0.0,8.451906538817494e-05
S29->S33->S34->S36->S37,L3,1,5,0,0.0,8.451906538817494e-05
S29->S38,L3,1,2,0,0.0,8.451906538817494e-05
S3->S5->S6->S8->S9->S29->S30->S33->S34->S35->S37,L0->L3,1,11,0,0.0,8.451906538817494e-05
S30->S33->S34->S36->S37,L3,1,5,0,0.0,8.451906538817494e-05
S30->S33->S35->S37,L3,1,4,0,0.0,8.451906538817494e-05
S5->S7->S8->S9->S29->S30->S33->S34->S35->S37,L0->L3,1,10,0,0.0,8.451906538817494e-05
S29->S30->S33->S34->S37,L3,1,5,0,0.0,8.451906538817494e-05
S0->S1->S2->S3->S4->S7->S8->S10->S29->S30->S33->S34->S36->S37->S38,L0->L3,1,15,0,0.0,8.451906538817494e-05
S0->S1->S2->S3->S4->S7->S8->S11->S26->S29->S30->S33->S34->S35->S37,L0->L2->L3,1,15,0,0.0,8.451906538817494e-05
S29->S30->S33->S35->S37->S38,L3,1,6,0,0.0,8.451906538817494e-05
S29->S30->S33->S36,L3,1,4,0,0.0,8.451906538817494e-05
S0->S1->S2->S3->S4->S6->S8->S11->S39->S40->S41->S43->S45->S47->S48->S50->S51,L0->L3,1,17,0,0.0,8.451906538817494e-05
S39->S40->S41->S42->S43->S45->S47->S48->S49->S51,L3,1,10,0,0.0,8.451906538817494e-05
S39->S40->S41->S44->S45->S47->S50->S51,L3,1,8,0,0.0,8.451906538817494e-05
S39->S40->S41->S44->S47->S48->S50->S51,L3,1,8,0,0.0,8.451906538817494e-05
S4->S6->S8->S11->S29->S30->S33->S34->S36->S37,L0->L3,1,10,0,0.0,8.451906538817494e-05
S4->S6->S8->S9->S29->S30->S33->S34->S35->S37,L0->L3,1,10,0,0.0,8.451906538817494e-05
S0->S1->S2->S5->S6->S8->S10->S12->S13->S14->S16->S18->S20->S23->S29->S30->S33->S34->S36->S37,L0->L3,1,20,0,0.0,8.451906538817494e-05
S5->S6->S8->S9->S29->S30->S33->S34->S35->S37,L0->L3,1,10,0,0.0,8.451906538817494e-05
S4->S7->S8->S10->S29->S30->S33->S34->S36->S37,L0->L3,1,10,0,0.0,8.451906538817494e-05
S0->S1->S2->S5->S6->S8->S10->S12->S13->S14->S16->S19->S20->S21->S29->S30->S33->S34->S36->S37,L0->L3,1,20,0,0.0,8.451906538817494e-05
S0->S1->S2->S5->S6->S8->S10->S12->S13->S14->S16->S19->S20->S21->S29->S30->S33->S34->S35->S37,L0->L3,1,20,0,0.0,8.451906538817494e-05
S0->S1->S2->S3->S4->S7->S8->S10->S29->S30->S33->S34->S35->S37->S38,L0->L3,1,15,0,0.0,8.451906538817494e-05
